 FRESCO - FRES 3.4: Coupled Reaction Channels
 Assuming NAMELIST input.

 16N(d,d) @ 40AMeV Haixia (d)                                                    

   0.050  25.000   0.500   0.200   5.000   0.800   0.000   0.000   0.000   0.000

 Centre-of-mass Range is    502 * 0.0500 fm., Maximum at  25.00 fm., Interpolating NL forms every  0.50 fm.
 Non - locality width is     26 * 0.2000 fm., Maximum of   5.00 fm., Centred at  0.80 fm.
 2-Nucleon Separation of      0 * 0.5000 fm., Maximum of   0.00 fm., Minimum at  0.00 fm.
 Maximum single particle bins of 25.0000 fm.
               M,Mint =          501         501


 Range of total J is     0.0 <= J <=    40.0 (at least     0.0) and Absorbtion =>    -0.1000 mb.
 Dry Run = F, CC set limits =  0  0, Relativistic kinematics =  , Both/Far/Near Analyses =  1                     

 Cross Sections (and up to T0 for 0=projectile) for Theta from   0.0 to 180.0 in steps of  2.0 degrees, DGAM=0,  Coordinates = 0 (Mads)

 Lower Radial Cutoff = maximum of -1.60*L*h &       0.0 fm.,  Lower Cutoff for Couplings =   0.0  fm.


 Iterate Couplings between   0 and   1 times, to  0.000 % if sooner.                                          
  Block solved exactly =   0 chs., with Pade = 0 & Isocen =  =0, NOSOL = F, initwf =  0
  NL quadrature with   18 Gaussian points, Calculate multipoles up to    46 from   0
  M-transfers for lp+lt greater than or equal to  6, Angular Integration Cutoff below  2.7778 %


 Trace switches are :  CHANS =  1, LISTCC =  0, TRENEG =  0, CDETR =  0, SMATS =  2, XSTABL =  1, NLPL =  0

                       WAVES =  0, LAMPL =  0, VEFF =  0, KFUS =  0, WDISK =  0, BPM =  0, MELFIL =  0

                       CDCC =  0, NFUS =  0

 Using unit mass = 1.000000 amu and 1/fine-structure constant = 137.03599 ( 1.000000 * true ) with hc = 197.32705 MeV.fm,
  thus 2*amu/hbar^2 = 0.0478450 = 1/20.9008 and Coulomb constant = 0.1574855 so e^2 = 1.43997, and nuclear magneton= 0.1261183

 Now pre-scan input and save to file 3



 *********** PARTITION NUMBER  1 ******************************************************************************************

   PROJ=d          MASS=  2.0136 Z=   1.0,        # STATES=    1T, TARG=16N      MASS= 16.0023 Z=   7.0,     Q-VALUE =   0.0000 MEV.

     1:  J= 1.0+ (B# 1), E=  0.0000, K= 0.0              Potl#  1       J= 2.0- (B#-1), E=  0.0000, K= 0.0    


 ************************************************************************************************************************************

 The following POTENTIALS are defined :

  KP#       TYPE      IT    SHAPE      at     V1        r1        a1        V2        r2        a2        A-in     A-used


                                            A#1       A#2        r0c       ac                                                h @ 1
    1    0=Coulomb       0=CHARGE (WS)  1    16.000     0.000    1.3030    0.0000    0.0000    0.0000     0.000    16.000   0.05000

    1    1=Volume        0=Woods-Saxon  2   74.4494    1.1489    0.7508    6.0800    1.3446    0.6030     0.000    16.000

    1    2=Surface       0=Woods-Saxon  3    0.0000    0.0000    0.0000    8.3820    1.3943    0.6872     0.000    16.000

    1    3=Projtl S.O.   0=Woods-Saxon  4    1.7785    0.9720    1.0110    0.0000    0.0000    0.0000     0.000    16.000

 Incoming partition  1 in excitation state # 1,   Laboratory Energy given for partition  1 Nucleus 1 in Excitation pair 1

0Lab. ENERGY ranges :

   from    80.0000     to   0.00000     in     0 intervals
   from    0.00000     to   0.00000     in     0 intervals
   from    0.00000     to   0.00000     in     0 intervals

 Largest real,imaginary parts of any form factor at R=   24.50 are   5.88E-02  1.83E-12 MeV
 Finished all Couplings @    5.56999934E-04           4

 Symmetric Hamiltonian
1***********************************************************************************************************************************
************************************************************************************************************************************

        INCOMING d        ;    LABORATORY d        ENERGY =   80.000     MeV.

 ***********************************************************************************************************************************
 ***********************************************************************************************************************************

 Allocate arrays for            3  channels, of which            2  need wfs.

 ######################################################################################################################
 #                                                                                                                    #
 # Total SPIN and PARITY =     0.0 +,      2 channels,    0 in 1st block.  Rmin & Coul turning =    0.0    0.1 fm.  #
 #                                                                                                                    #
 ######################################################################################################################



    C Projectl Target   #   EX.   (L  Proj) J  + Targ = Jtotal     E-cm      Re K     Re Eta     RM*K            CH
    1 d        16N      #    1: I   1 1.0    2.0  2.0     0.0    71.05873   2.46588   0.17489   61.6471  -0.17886  -0.46775 1 1 1   1
    2 d        16N      #    1: I   3 1.0    2.0  2.0     0.0    71.05873   2.46588   0.17489   61.6471   0.06920   0.49631 1 1 1   1
   S-matrix    1 =    0.21835   0.18292 for L=    1, J=    2.0 channel on core I =   2.0 from L=    1,  Acc. loss =  0.0 D.
 Elastic phase shift   1 =   19.977  35.977 deg. for the L =    1, J =    2.0 channel.
       0.0  0.21834769  0.18291584i: elastic S-matrix  @@      0.00  0   0 F  0
 Reaction Xsec     0.0+/ 1 @ 1 =   0.316 , Out:   0.000#

   S-matrix    2 =    0.23797  -0.12919 for L=    3, J=    2.0 channel on core I =   2.0 from L=    3,  Acc. loss =  0.0 D.
 Elastic phase shift   2 =  -14.248  37.427 deg. for the L =    3, J =    2.0 channel.
       0.0  0.23797099 -0.12919009i: elastic S-matrix  @@      0.00  0   0 F  0
 Reaction Xsec     0.0+/ 3 @ 2 =   0.319 , Out:   0.000#


 Total SPIN, PARITY =     0.0 -,      1 chs,      0 cc.  Rmin & Coul turning =    0.0    0.1
   S-matrix    1 =    0.27651   0.04229 for L=    2, J=    2.0 channel on core I =   2.0 from L=    2,  Acc. loss =  0.0 D.
 Elastic phase shift   1 =    4.348  36.496 deg. for the L =    2, J =    2.0 channel.
       0.0  0.27651089  0.04229130i: elastic S-matrix  @@      0.00  0   0 F  0
 Reaction Xsec     0.0-/ 2 @ 1 =   0.317 , Out:   0.000#

 Allocate arrays for            4  channels, of which            4  need wfs.

 Total SPIN, PARITY =     1.0 +,      4 chs,      0 cc.  Rmin & Coul turning =    0.1    0.6
   S-matrix    1 =    0.24795   0.13661 for L=    1, J=    1.0 channel on core I =   2.0 from L=    1,  Acc. loss =  0.0 D.
 Elastic phase shift   1 =   14.427  36.153 deg. for the L =    1, J =    1.0 channel.
       1.0  0.24794990  0.13661429i: elastic S-matrix  @@      0.00  0   0 F  0
 Reaction Xsec     1.0+/ 1 @ 1 =   0.951 , Out:   0.000#

   S-matrix    2 =    0.21835   0.18292 for L=    1, J=    2.0 channel on core I =   2.0 from L=    1,  Acc. loss =  0.0 D.
 Elastic phase shift   2 =   19.977  35.977 deg. for the L =    1, J =    2.0 channel.
       1.0  0.21834769  0.18291584i: elastic S-matrix  @@      0.00  0   0 F  0
 Reaction Xsec     1.0+/ 1 @ 2 =   0.949 , Out:   0.000#

   S-matrix    3 =    0.23797  -0.12919 for L=    3, J=    2.0 channel on core I =   2.0 from L=    3,  Acc. loss =  0.0 D.
 Elastic phase shift   3 =  -14.248  37.427 deg. for the L =    3, J =    2.0 channel.
       1.0  0.23797099 -0.12919009i: elastic S-matrix  @@      0.00  0   0 F  0
 Reaction Xsec     1.0+/ 3 @ 3 =   0.958 , Out:   0.000#

   S-matrix    4 =    0.26582  -0.06400 for L=    3, J=    3.0 channel on core I =   2.0 from L=    3,  Acc. loss =  0.0 D.
 Elastic phase shift   4 =   -6.768  37.149 deg. for the L =    3, J =    3.0 channel.
       1.0  0.26582252 -0.06399764i: elastic S-matrix  @@      0.00  0   0 F  0
 Reaction Xsec     1.0+/ 3 @ 4 =   0.956 , Out:   0.000#

 Allocate arrays for            5  channels, of which            5  need wfs.

 Total SPIN, PARITY =     1.0 -,      5 chs,      0 cc.  Rmin & Coul turning =    0.1    0.6
   S-matrix    1 =    0.14514   0.24673 for L=    0, J=    1.0 channel on core I =   2.0 from L=    0,  Acc. loss =  0.0 D.
 Elastic phase shift   1 =   29.767  35.835 deg. for the L =    0, J =    1.0 channel.
       1.0  0.14514134  0.24672589i: elastic S-matrix  @@      0.00  0   0 F  0
 Reaction Xsec     1.0-/ 0 @ 1 =   0.949 , Out:   0.000#

   S-matrix    2 =    0.27789  -0.00842 for L=    2, J=    1.0 channel on core I =   2.0 from L=    2,  Acc. loss =  0.0 D.
 Elastic phase shift   2 =   -0.868  36.671 deg. for the L =    2, J =    1.0 channel.
       1.0  0.27788965 -0.00841818i: elastic S-matrix  @@      0.00  0   0 F  0
 Reaction Xsec     1.0-/ 2 @ 2 =   0.953 , Out:   0.000#

   S-matrix    3 =    0.27651   0.04229 for L=    2, J=    2.0 channel on core I =   2.0 from L=    2,  Acc. loss =  0.0 D.
 Elastic phase shift   3 =    4.348  36.496 deg. for the L =    2, J =    2.0 channel.
       1.0  0.27651089  0.04229130i: elastic S-matrix  @@      0.00  0   0 F  0
 Reaction Xsec     1.0-/ 2 @ 3 =   0.952 , Out:   0.000#

   S-matrix    4 =    0.25732   0.11596 for L=    2, J=    3.0 channel on core I =   2.0 from L=    2,  Acc. loss =  0.0 D.
 Elastic phase shift   4 =   12.129  36.239 deg. for the L =    2, J =    3.0 channel.
       1.0  0.25732459  0.11596336i: elastic S-matrix  @@      0.00  0   0 F  0
 Reaction Xsec     1.0-/ 2 @ 4 =   0.951 , Out:   0.000#

   S-matrix    5 =    0.13427  -0.22515 for L=    4, J=    3.0 channel on core I =   2.0 from L=    4,  Acc. loss =  0.0 D.
 Elastic phase shift   5 =  -29.595  38.355 deg. for the L =    4, J =    3.0 channel.
       1.0  0.13426686 -0.22514997i: elastic S-matrix  @@      0.00  0   0 F  0
 Reaction Xsec     1.0-/ 4 @ 5 =   0.962 , Out:   0.000#

 Allocate arrays for            7  channels, of which            7  need wfs.

 Total SPIN, PARITY =     2.0 +,      7 chs,      0 cc.  Rmin & Coul turning =    0.2    1.1
   S-matrix    1 =    0.25923   0.11156 for L=    1, J=    0.0 channel on core I =   2.0 from L=    1,  Acc. loss =  0.0 D.
 Elastic phase shift   1 =   11.642  36.242 deg. for the L =    1, J =    0.0 channel.
       2.0  0.25923271  0.11155991i: elastic S-matrix  @@      0.00  0   0 F  0
 Reaction Xsec     2.0+/ 1 @ 1 =   1.585 , Out:   0.000#

   S-matrix    2 =    0.24795   0.13661 for L=    1, J=    1.0 channel on core I =   2.0 from L=    1,  Acc. loss =  0.0 D.
 Elastic phase shift   2 =   14.427  36.153 deg. for the L =    1, J =    1.0 channel.
       2.0  0.24794990  0.13661429i: elastic S-matrix  @@      0.00  0   0 F  0
 Reaction Xsec     2.0+/ 1 @ 2 =   1.584 , Out:   0.000#

   S-matrix    3 =    0.21835   0.18292 for L=    1, J=    2.0 channel on core I =   2.0 from L=    1,  Acc. loss =  0.0 D.
 Elastic phase shift   3 =   19.977  35.977 deg. for the L =    1, J =    2.0 channel.
       2.0  0.21834769  0.18291584i: elastic S-matrix  @@      0.00  0   0 F  0
 Reaction Xsec     2.0+/ 1 @ 3 =   1.582 , Out:   0.000#

   S-matrix    4 =    0.23797  -0.12919 for L=    3, J=    2.0 channel on core I =   2.0 from L=    3,  Acc. loss =  0.0 D.
 Elastic phase shift   4 =  -14.248  37.427 deg. for the L =    3, J =    2.0 channel.
       2.0  0.23797099 -0.12919009i: elastic S-matrix  @@      0.00  0   0 F  0
 Reaction Xsec     2.0+/ 3 @ 4 =   1.596 , Out:   0.000#

   S-matrix    5 =    0.26582  -0.06400 for L=    3, J=    3.0 channel on core I =   2.0 from L=    3,  Acc. loss =  0.0 D.
 Elastic phase shift   5 =   -6.768  37.149 deg. for the L =    3, J =    3.0 channel.
       2.0  0.26582252 -0.06399764i: elastic S-matrix  @@      0.00  0   0 F  0
 Reaction Xsec     2.0+/ 3 @ 5 =   1.593 , Out:   0.000#

   S-matrix    6 =    0.27525   0.03019 for L=    3, J=    4.0 channel on core I =   2.0 from L=    3,  Acc. loss =  0.0 D.
 Elastic phase shift   6 =    3.130  36.786 deg. for the L =    3, J =    4.0 channel.
       2.0  0.27525152  0.03019386i: elastic S-matrix  @@      0.00  0   0 F  0
 Reaction Xsec     2.0+/ 3 @ 6 =   1.590 , Out:   0.000#

   S-matrix    7 =   -0.01911  -0.24839 for L=    5, J=    4.0 channel on core I =   2.0 from L=    5,  Acc. loss =  0.0 D.
 Elastic phase shift   7 =  -47.199  39.815 deg. for the L =    5, J =    4.0 channel.
       2.0 -0.01910567 -0.24839184i: elastic S-matrix  @@      0.00  0   0 F  0
 Reaction Xsec     2.0+/ 5 @ 7 =   1.615 , Out:   0.000#


 Total SPIN, PARITY =     2.0 -,      6 chs,      0 cc.  Rmin & Coul turning =    0.2    1.1
   S-matrix    1 =    0.14514   0.24673 for L=    0, J=    1.0 channel on core I =   2.0 from L=    0,  Acc. loss =  0.0 D.
 Elastic phase shift   1 =   29.767  35.835 deg. for the L =    0, J =    1.0 channel.
       2.0  0.14514134  0.24672589i: elastic S-matrix  @@      0.00  0   0 F  0
 Reaction Xsec     2.0-/ 0 @ 1 =   1.581 , Out:   0.000#

   S-matrix    2 =    0.27789  -0.00842 for L=    2, J=    1.0 channel on core I =   2.0 from L=    2,  Acc. loss =  0.0 D.
 Elastic phase shift   2 =   -0.868  36.671 deg. for the L =    2, J =    1.0 channel.
       2.0  0.27788965 -0.00841818i: elastic S-matrix  @@      0.00  0   0 F  0
 Reaction Xsec     2.0-/ 2 @ 2 =   1.589 , Out:   0.000#

   S-matrix    3 =    0.27651   0.04229 for L=    2, J=    2.0 channel on core I =   2.0 from L=    2,  Acc. loss =  0.0 D.
 Elastic phase shift   3 =    4.348  36.496 deg. for the L =    2, J =    2.0 channel.
       2.0  0.27651089  0.04229130i: elastic S-matrix  @@      0.00  0   0 F  0
 Reaction Xsec     2.0-/ 2 @ 3 =   1.587 , Out:   0.000#

   S-matrix    4 =    0.25732   0.11596 for L=    2, J=    3.0 channel on core I =   2.0 from L=    2,  Acc. loss =  0.0 D.
 Elastic phase shift   4 =   12.129  36.239 deg. for the L =    2, J =    3.0 channel.
       2.0  0.25732459  0.11596336i: elastic S-matrix  @@      0.00  0   0 F  0
 Reaction Xsec     2.0-/ 2 @ 4 =   1.585 , Out:   0.000#

   S-matrix    5 =    0.13427  -0.22515 for L=    4, J=    3.0 channel on core I =   2.0 from L=    4,  Acc. loss =  0.0 D.
 Elastic phase shift   5 =  -29.595  38.355 deg. for the L =    4, J =    3.0 channel.
       2.0  0.13426686 -0.22514997i: elastic S-matrix  @@      0.00  0   0 F  0
 Reaction Xsec     2.0-/ 4 @ 5 =   1.604 , Out:   0.000#

   S-matrix    6 =    0.20307  -0.17110 for L=    4, J=    4.0 channel on core I =   2.0 from L=    4,  Acc. loss =  0.0 D.
 Elastic phase shift   6 =  -20.059  37.987 deg. for the L =    4, J =    4.0 channel.
       2.0  0.20306506 -0.17110376i: elastic S-matrix  @@      0.00  0   0 F  0
 Reaction Xsec     2.0-/ 4 @ 6 =   1.601 , Out:   0.000#


 Total SPIN, PARITY =     3.0 +,      7 chs,      0 cc.  Rmin & Coul turning =    0.2    1.5
   S-matrix    1 =    0.24795   0.13661 for L=    1, J=    1.0 channel on core I =   2.0 from L=    1,  Acc. loss =  0.0 D.
 Elastic phase shift   1 =   14.427  36.153 deg. for the L =    1, J =    1.0 channel.
       3.0  0.24794990  0.13661429i: elastic S-matrix  @@      0.00  0   0 F  0
 Reaction Xsec     3.0+/ 1 @ 1 =   2.218 , Out:   0.000#

   S-matrix    2 =    0.21835   0.18292 for L=    1, J=    2.0 channel on core I =   2.0 from L=    1,  Acc. loss =  0.0 D.
 Elastic phase shift   2 =   19.977  35.977 deg. for the L =    1, J =    2.0 channel.
       3.0  0.21834769  0.18291584i: elastic S-matrix  @@      0.00  0   0 F  0
 Reaction Xsec     3.0+/ 1 @ 2 =   2.215 , Out:   0.000#

   S-matrix    3 =    0.23797  -0.12919 for L=    3, J=    2.0 channel on core I =   2.0 from L=    3,  Acc. loss =  0.0 D.
 Elastic phase shift   3 =  -14.248  37.427 deg. for the L =    3, J =    2.0 channel.
       3.0  0.23797099 -0.12919009i: elastic S-matrix  @@      0.00  0   0 F  0
 Reaction Xsec     3.0+/ 3 @ 3 =   2.234 , Out:   0.000#

   S-matrix    4 =    0.26582  -0.06400 for L=    3, J=    3.0 channel on core I =   2.0 from L=    3,  Acc. loss =  0.0 D.
 Elastic phase shift   4 =   -6.768  37.149 deg. for the L =    3, J =    3.0 channel.
       3.0  0.26582252 -0.06399764i: elastic S-matrix  @@      0.00  0   0 F  0
 Reaction Xsec     3.0+/ 3 @ 4 =   2.231 , Out:   0.000#

   S-matrix    5 =    0.27525   0.03019 for L=    3, J=    4.0 channel on core I =   2.0 from L=    3,  Acc. loss =  0.0 D.
 Elastic phase shift   5 =    3.130  36.786 deg. for the L =    3, J =    4.0 channel.
       3.0  0.27525152  0.03019386i: elastic S-matrix  @@      0.00  0   0 F  0
 Reaction Xsec     3.0+/ 3 @ 5 =   2.226 , Out:   0.000#

   S-matrix    6 =   -0.01911  -0.24839 for L=    5, J=    4.0 channel on core I =   2.0 from L=    5,  Acc. loss =  0.0 D.
 Elastic phase shift   6 =  -47.199  39.815 deg. for the L =    5, J =    4.0 channel.
       3.0 -0.01910567 -0.24839184i: elastic S-matrix  @@      0.00  0   0 F  0
 Reaction Xsec     3.0+/ 5 @ 6 =   2.261 , Out:   0.000#

   S-matrix    7 =    0.08000  -0.24089 for L=    5, J=    5.0 channel on core I =   2.0 from L=    5,  Acc. loss =  0.0 D.
 Elastic phase shift   7 =  -35.814  39.280 deg. for the L =    5, J =    5.0 channel.
       3.0  0.08000012 -0.24088720i: elastic S-matrix  @@      0.00  0   0 F  0
 Reaction Xsec     3.0+/ 5 @ 7 =   2.256 , Out:   0.000#

 Allocate arrays for            8  channels, of which            8  need wfs.

 Total SPIN, PARITY =     3.0 -,      8 chs,      0 cc.  Rmin & Coul turning =    0.2    1.5
   S-matrix    1 =    0.14514   0.24673 for L=    0, J=    1.0 channel on core I =   2.0 from L=    0,  Acc. loss =  0.0 D.
 Elastic phase shift   1 =   29.767  35.835 deg. for the L =    0, J =    1.0 channel.
       3.0  0.14514134  0.24672589i: elastic S-matrix  @@      0.00  0   0 F  0
 Reaction Xsec     3.0-/ 0 @ 1 =   2.214 , Out:   0.000#

   S-matrix    2 =    0.27789  -0.00842 for L=    2, J=    1.0 channel on core I =   2.0 from L=    2,  Acc. loss =  0.0 D.
 Elastic phase shift   2 =   -0.868  36.671 deg. for the L =    2, J =    1.0 channel.
       3.0  0.27788965 -0.00841818i: elastic S-matrix  @@      0.00  0   0 F  0
 Reaction Xsec     3.0-/ 2 @ 2 =   2.225 , Out:   0.000#

   S-matrix    3 =    0.27651   0.04229 for L=    2, J=    2.0 channel on core I =   2.0 from L=    2,  Acc. loss =  0.0 D.
 Elastic phase shift   3 =    4.348  36.496 deg. for the L =    2, J =    2.0 channel.
       3.0  0.27651089  0.04229130i: elastic S-matrix  @@      0.00  0   0 F  0
 Reaction Xsec     3.0-/ 2 @ 3 =   2.222 , Out:   0.000#

   S-matrix    4 =    0.25732   0.11596 for L=    2, J=    3.0 channel on core I =   2.0 from L=    2,  Acc. loss =  0.0 D.
 Elastic phase shift   4 =   12.129  36.239 deg. for the L =    2, J =    3.0 channel.
       3.0  0.25732459  0.11596336i: elastic S-matrix  @@      0.00  0   0 F  0
 Reaction Xsec     3.0-/ 2 @ 4 =   2.219 , Out:   0.000#

   S-matrix    5 =    0.13427  -0.22515 for L=    4, J=    3.0 channel on core I =   2.0 from L=    4,  Acc. loss =  0.0 D.
 Elastic phase shift   5 =  -29.595  38.355 deg. for the L =    4, J =    3.0 channel.
       3.0  0.13426686 -0.22514997i: elastic S-matrix  @@      0.00  0   0 F  0
 Reaction Xsec     3.0-/ 4 @ 5 =   2.245 , Out:   0.000#

   S-matrix    6 =    0.20307  -0.17110 for L=    4, J=    4.0 channel on core I =   2.0 from L=    4,  Acc. loss =  0.0 D.
 Elastic phase shift   6 =  -20.059  37.987 deg. for the L =    4, J =    4.0 channel.
       3.0  0.20306506 -0.17110376i: elastic S-matrix  @@      0.00  0   0 F  0
 Reaction Xsec     3.0-/ 4 @ 6 =   2.241 , Out:   0.000#

   S-matrix    7 =    0.25864  -0.07637 for L=    4, J=    5.0 channel on core I =   2.0 from L=    4,  Acc. loss =  0.0 D.
 Elastic phase shift   7 =   -8.226  37.544 deg. for the L =    4, J =    5.0 channel.
       3.0  0.25863842 -0.07637465i: elastic S-matrix  @@      0.00  0   0 F  0
 Reaction Xsec     3.0-/ 4 @ 7 =   2.236 , Out:   0.000#

   S-matrix    8 =   -0.16804  -0.16357 for L=    6, J=    5.0 channel on core I =   2.0 from L=    6,  Acc. loss =  0.0 D.
 Elastic phase shift   8 =  -67.886  41.547 deg. for the L =    6, J =    5.0 channel.
       3.0 -0.16803863 -0.16357257i: elastic S-matrix  @@      0.00  0   0 F  0
 Reaction Xsec     3.0-/ 6 @ 8 =   2.278 , Out:   0.000#


 Total SPIN, PARITY =     4.0 +,      8 chs,      0 cc.  Rmin & Coul turning =    0.3    1.9
   S-matrix    1 =    0.21835   0.18292 for L=    1, J=    2.0 channel on core I =   2.0 from L=    1,  Acc. loss =  0.0 D.
 Elastic phase shift   1 =   19.977  35.977 deg. for the L =    1, J =    2.0 channel.
       4.0  0.21834769  0.18291584i: elastic S-matrix  @@      0.00  0   0 F  0
 Reaction Xsec     4.0+/ 1 @ 1 =   2.848 , Out:   0.000#

   S-matrix    2 =    0.23797  -0.12919 for L=    3, J=    2.0 channel on core I =   2.0 from L=    3,  Acc. loss =  0.0 D.
 Elastic phase shift   2 =  -14.248  37.427 deg. for the L =    3, J =    2.0 channel.
       4.0  0.23797099 -0.12919009i: elastic S-matrix  @@      0.00  0   0 F  0
 Reaction Xsec     4.0+/ 3 @ 2 =   2.873 , Out:   0.000#

   S-matrix    3 =    0.26582  -0.06400 for L=    3, J=    3.0 channel on core I =   2.0 from L=    3,  Acc. loss =  0.0 D.
 Elastic phase shift   3 =   -6.768  37.149 deg. for the L =    3, J =    3.0 channel.
       4.0  0.26582252 -0.06399764i: elastic S-matrix  @@      0.00  0   0 F  0
 Reaction Xsec     4.0+/ 3 @ 3 =   2.868 , Out:   0.000#

   S-matrix    4 =    0.27525   0.03019 for L=    3, J=    4.0 channel on core I =   2.0 from L=    3,  Acc. loss =  0.0 D.
 Elastic phase shift   4 =    3.130  36.786 deg. for the L =    3, J =    4.0 channel.
       4.0  0.27525152  0.03019386i: elastic S-matrix  @@      0.00  0   0 F  0
 Reaction Xsec     4.0+/ 3 @ 4 =   2.862 , Out:   0.000#

   S-matrix    5 =   -0.01911  -0.24839 for L=    5, J=    4.0 channel on core I =   2.0 from L=    5,  Acc. loss =  0.0 D.
 Elastic phase shift   5 =  -47.199  39.815 deg. for the L =    5, J =    4.0 channel.
       4.0 -0.01910567 -0.24839184i: elastic S-matrix  @@      0.00  0   0 F  0
 Reaction Xsec     4.0+/ 5 @ 5 =   2.908 , Out:   0.000#

   S-matrix    6 =    0.08000  -0.24089 for L=    5, J=    5.0 channel on core I =   2.0 from L=    5,  Acc. loss =  0.0 D.
 Elastic phase shift   6 =  -35.814  39.280 deg. for the L =    5, J =    5.0 channel.
       4.0  0.08000012 -0.24088720i: elastic S-matrix  @@      0.00  0   0 F  0
 Reaction Xsec     4.0+/ 5 @ 6 =   2.900 , Out:   0.000#

   S-matrix    7 =    0.18487  -0.18190 for L=    5, J=    6.0 channel on core I =   2.0 from L=    5,  Acc. loss =  0.0 D.
 Elastic phase shift   7 =  -22.268  38.662 deg. for the L =    5, J =    6.0 channel.
       4.0  0.18486746 -0.18190141i: elastic S-matrix  @@      0.00  0   0 F  0
 Reaction Xsec     4.0+/ 5 @ 7 =   2.891 , Out:   0.000#

   S-matrix    8 =   -0.21784   0.00378 for L=    7, J=    6.0 channel on core I =   2.0 from L=    7,  Acc. loss =  0.0 D.
 Elastic phase shift   8 =   89.502  43.655 deg. for the L =    7, J =    6.0 channel.
       4.0 -0.21783629  0.00378491i: elastic S-matrix  @@      0.00  0   0 F  0
 Reaction Xsec     4.0+/ 7 @ 8 =   2.953 , Out:   0.000#


 Total SPIN, PARITY =     4.0 -,      7 chs,      0 cc.  Rmin & Coul turning =    0.3    1.9
   S-matrix    1 =    0.27651   0.04229 for L=    2, J=    2.0 channel on core I =   2.0 from L=    2,  Acc. loss =  0.0 D.
 Elastic phase shift   1 =    4.348  36.496 deg. for the L =    2, J =    2.0 channel.
       4.0  0.27651089  0.04229130i: elastic S-matrix  @@      0.00  0   0 F  0
 Reaction Xsec     4.0-/ 2 @ 1 =   2.857 , Out:   0.000#

   S-matrix    2 =    0.25732   0.11596 for L=    2, J=    3.0 channel on core I =   2.0 from L=    2,  Acc. loss =  0.0 D.
 Elastic phase shift   2 =   12.129  36.239 deg. for the L =    2, J =    3.0 channel.
       4.0  0.25732459  0.11596336i: elastic S-matrix  @@      0.00  0   0 F  0
 Reaction Xsec     4.0-/ 2 @ 2 =   2.853 , Out:   0.000#

   S-matrix    3 =    0.13427  -0.22515 for L=    4, J=    3.0 channel on core I =   2.0 from L=    4,  Acc. loss =  0.0 D.
 Elastic phase shift   3 =  -29.595  38.355 deg. for the L =    4, J =    3.0 channel.
       4.0  0.13426686 -0.22514997i: elastic S-matrix  @@      0.00  0   0 F  0
 Reaction Xsec     4.0-/ 4 @ 3 =   2.887 , Out:   0.000#

   S-matrix    4 =    0.20307  -0.17110 for L=    4, J=    4.0 channel on core I =   2.0 from L=    4,  Acc. loss =  0.0 D.
 Elastic phase shift   4 =  -20.059  37.987 deg. for the L =    4, J =    4.0 channel.
       4.0  0.20306506 -0.17110376i: elastic S-matrix  @@      0.00  0   0 F  0
 Reaction Xsec     4.0-/ 4 @ 4 =   2.881 , Out:   0.000#

   S-matrix    5 =    0.25864  -0.07637 for L=    4, J=    5.0 channel on core I =   2.0 from L=    4,  Acc. loss =  0.0 D.
 Elastic phase shift   5 =   -8.226  37.544 deg. for the L =    4, J =    5.0 channel.
       4.0  0.25863842 -0.07637465i: elastic S-matrix  @@      0.00  0   0 F  0
 Reaction Xsec     4.0-/ 4 @ 5 =   2.875 , Out:   0.000#

   S-matrix    6 =   -0.16804  -0.16357 for L=    6, J=    5.0 channel on core I =   2.0 from L=    6,  Acc. loss =  0.0 D.
 Elastic phase shift   6 =  -67.886  41.547 deg. for the L =    6, J =    5.0 channel.
       4.0 -0.16803863 -0.16357257i: elastic S-matrix  @@      0.00  0   0 F  0
 Reaction Xsec     4.0-/ 6 @ 6 =   2.929 , Out:   0.000#

   S-matrix    7 =   -0.08176  -0.22458 for L=    6, J=    6.0 channel on core I =   2.0 from L=    6,  Acc. loss =  0.0 D.
 Elastic phase shift   7 =  -55.002  41.004 deg. for the L =    6, J =    6.0 channel.
       4.0 -0.08175713 -0.22458073i: elastic S-matrix  @@      0.00  0   0 F  0
 Reaction Xsec     4.0-/ 6 @ 7 =   2.923 , Out:   0.000#


 Total SPIN, PARITY =     5.0 +,      7 chs,      0 cc.  Rmin & Coul turning =    0.4    2.3
   S-matrix    1 =    0.26582  -0.06400 for L=    3, J=    3.0 channel on core I =   2.0 from L=    3,  Acc. loss =  0.0 D.
 Elastic phase shift   1 =   -6.768  37.149 deg. for the L =    3, J =    3.0 channel.
       5.0  0.26582252 -0.06399764i: elastic S-matrix  @@      0.00  0   0 F  0
 Reaction Xsec     5.0+/ 3 @ 1 =   3.506 , Out:   0.000#

   S-matrix    2 =    0.27525   0.03019 for L=    3, J=    4.0 channel on core I =   2.0 from L=    3,  Acc. loss =  0.0 D.
 Elastic phase shift   2 =    3.130  36.786 deg. for the L =    3, J =    4.0 channel.
       5.0  0.27525152  0.03019386i: elastic S-matrix  @@      0.00  0   0 F  0
 Reaction Xsec     5.0+/ 3 @ 2 =   3.498 , Out:   0.000#

   S-matrix    3 =   -0.01911  -0.24839 for L=    5, J=    4.0 channel on core I =   2.0 from L=    5,  Acc. loss =  0.0 D.
 Elastic phase shift   3 =  -47.199  39.815 deg. for the L =    5, J =    4.0 channel.
       5.0 -0.01910567 -0.24839184i: elastic S-matrix  @@      0.00  0   0 F  0
 Reaction Xsec     5.0+/ 5 @ 3 =   3.554 , Out:   0.000#

   S-matrix    4 =    0.08000  -0.24089 for L=    5, J=    5.0 channel on core I =   2.0 from L=    5,  Acc. loss =  0.0 D.
 Elastic phase shift   4 =  -35.814  39.280 deg. for the L =    5, J =    5.0 channel.
       5.0  0.08000012 -0.24088720i: elastic S-matrix  @@      0.00  0   0 F  0
 Reaction Xsec     5.0+/ 5 @ 4 =   3.545 , Out:   0.000#

   S-matrix    5 =    0.18487  -0.18190 for L=    5, J=    6.0 channel on core I =   2.0 from L=    5,  Acc. loss =  0.0 D.
 Elastic phase shift   5 =  -22.268  38.662 deg. for the L =    5, J =    6.0 channel.
       5.0  0.18486746 -0.18190141i: elastic S-matrix  @@      0.00  0   0 F  0
 Reaction Xsec     5.0+/ 5 @ 5 =   3.534 , Out:   0.000#

   S-matrix    6 =   -0.21784   0.00378 for L=    7, J=    6.0 channel on core I =   2.0 from L=    7,  Acc. loss =  0.0 D.
 Elastic phase shift   6 =   89.502  43.655 deg. for the L =    7, J =    6.0 channel.
       5.0 -0.21783629  0.00378491i: elastic S-matrix  @@      0.00  0   0 F  0
 Reaction Xsec     5.0+/ 7 @ 6 =   3.609 , Out:   0.000#

   S-matrix    7 =   -0.20096  -0.09875 for L=    7, J=    7.0 channel on core I =   2.0 from L=    7,  Acc. loss =  0.0 D.
 Elastic phase shift   7 =  -76.916  42.872 deg. for the L =    7, J =    7.0 channel.
       5.0 -0.20096173 -0.09874748i: elastic S-matrix  @@      0.00  0   0 F  0
 Reaction Xsec     5.0+/ 7 @ 7 =   3.599 , Out:   0.000#


 Total SPIN, PARITY =     5.0 -,      8 chs,      0 cc.  Rmin & Coul turning =    0.4    2.3
   S-matrix    1 =    0.25732   0.11596 for L=    2, J=    3.0 channel on core I =   2.0 from L=    2,  Acc. loss =  0.0 D.
 Elastic phase shift   1 =   12.129  36.239 deg. for the L =    2, J =    3.0 channel.
       5.0  0.25732459  0.11596336i: elastic S-matrix  @@      0.00  0   0 F  0
 Reaction Xsec     5.0-/ 2 @ 1 =   3.487 , Out:   0.000#

   S-matrix    2 =    0.13427  -0.22515 for L=    4, J=    3.0 channel on core I =   2.0 from L=    4,  Acc. loss =  0.0 D.
 Elastic phase shift   2 =  -29.595  38.355 deg. for the L =    4, J =    3.0 channel.
       5.0  0.13426686 -0.22514997i: elastic S-matrix  @@      0.00  0   0 F  0
 Reaction Xsec     5.0-/ 4 @ 2 =   3.528 , Out:   0.000#

   S-matrix    3 =    0.20307  -0.17110 for L=    4, J=    4.0 channel on core I =   2.0 from L=    4,  Acc. loss =  0.0 D.
 Elastic phase shift   3 =  -20.059  37.987 deg. for the L =    4, J =    4.0 channel.
       5.0  0.20306506 -0.17110376i: elastic S-matrix  @@      0.00  0   0 F  0
 Reaction Xsec     5.0-/ 4 @ 3 =   3.522 , Out:   0.000#

   S-matrix    4 =    0.25864  -0.07637 for L=    4, J=    5.0 channel on core I =   2.0 from L=    4,  Acc. loss =  0.0 D.
 Elastic phase shift   4 =   -8.226  37.544 deg. for the L =    4, J =    5.0 channel.
       5.0  0.25863842 -0.07637465i: elastic S-matrix  @@      0.00  0   0 F  0
 Reaction Xsec     5.0-/ 4 @ 4 =   3.513 , Out:   0.000#

   S-matrix    5 =   -0.16804  -0.16357 for L=    6, J=    5.0 channel on core I =   2.0 from L=    6,  Acc. loss =  0.0 D.
 Elastic phase shift   5 =  -67.886  41.547 deg. for the L =    6, J =    5.0 channel.
       5.0 -0.16803863 -0.16357257i: elastic S-matrix  @@      0.00  0   0 F  0
 Reaction Xsec     5.0-/ 6 @ 5 =   3.580 , Out:   0.000#

   S-matrix    6 =   -0.08176  -0.22458 for L=    6, J=    6.0 channel on core I =   2.0 from L=    6,  Acc. loss =  0.0 D.
 Elastic phase shift   6 =  -55.002  41.004 deg. for the L =    6, J =    6.0 channel.
       5.0 -0.08175713 -0.22458073i: elastic S-matrix  @@      0.00  0   0 F  0
 Reaction Xsec     5.0-/ 6 @ 6 =   3.572 , Out:   0.000#

   S-matrix    7 =    0.04264  -0.24073 for L=    6, J=    7.0 channel on core I =   2.0 from L=    6,  Acc. loss =  0.0 D.
 Elastic phase shift   7 =  -39.978  40.355 deg. for the L =    6, J =    7.0 channel.
       5.0  0.04263957 -0.24072578i: elastic S-matrix  @@      0.00  0   0 F  0
 Reaction Xsec     5.0-/ 6 @ 7 =   3.562 , Out:   0.000#

   S-matrix    8 =   -0.11626   0.16138 for L=    8, J=    7.0 channel on core I =   2.0 from L=    8,  Acc. loss =  0.0 D.
 Elastic phase shift   8 =   62.885  46.265 deg. for the L =    8, J =    7.0 channel.
       5.0 -0.11626282  0.16137865i: elastic S-matrix  @@      0.00  0   0 F  0
 Reaction Xsec     5.0-/ 8 @ 8 =   3.639 , Out:   0.000#


 Total SPIN, PARITY =     6.0 +,      8 chs,      0 cc.  Rmin & Coul turning =    0.5    2.7
   S-matrix    1 =    0.27525   0.03019 for L=    3, J=    4.0 channel on core I =   2.0 from L=    3,  Acc. loss =  0.0 D.
 Elastic phase shift   1 =    3.130  36.786 deg. for the L =    3, J =    4.0 channel.
       6.0  0.27525152  0.03019386i: elastic S-matrix  @@      0.00  0   0 F  0
 Reaction Xsec     6.0+/ 3 @ 1 =   4.134 , Out:   0.000#

   S-matrix    2 =   -0.01911  -0.24839 for L=    5, J=    4.0 channel on core I =   2.0 from L=    5,  Acc. loss =  0.0 D.
 Elastic phase shift   2 =  -47.199  39.815 deg. for the L =    5, J =    4.0 channel.
       6.0 -0.01910567 -0.24839184i: elastic S-matrix  @@      0.00  0   0 F  0
 Reaction Xsec     6.0+/ 5 @ 2 =   4.200 , Out:   0.000#

   S-matrix    3 =    0.08000  -0.24089 for L=    5, J=    5.0 channel on core I =   2.0 from L=    5,  Acc. loss =  0.0 D.
 Elastic phase shift   3 =  -35.814  39.280 deg. for the L =    5, J =    5.0 channel.
       6.0  0.08000012 -0.24088720i: elastic S-matrix  @@      0.00  0   0 F  0
 Reaction Xsec     6.0+/ 5 @ 3 =   4.189 , Out:   0.000#

   S-matrix    4 =    0.18487  -0.18190 for L=    5, J=    6.0 channel on core I =   2.0 from L=    5,  Acc. loss =  0.0 D.
 Elastic phase shift   4 =  -22.268  38.662 deg. for the L =    5, J =    6.0 channel.
       6.0  0.18486746 -0.18190141i: elastic S-matrix  @@      0.00  0   0 F  0
 Reaction Xsec     6.0+/ 5 @ 4 =   4.177 , Out:   0.000#

   S-matrix    5 =   -0.21784   0.00378 for L=    7, J=    6.0 channel on core I =   2.0 from L=    7,  Acc. loss =  0.0 D.
 Elastic phase shift   5 =   89.502  43.655 deg. for the L =    7, J =    6.0 channel.
       6.0 -0.21783629  0.00378491i: elastic S-matrix  @@      0.00  0   0 F  0
 Reaction Xsec     6.0+/ 7 @ 5 =   4.265 , Out:   0.000#

   S-matrix    6 =   -0.20096  -0.09875 for L=    7, J=    7.0 channel on core I =   2.0 from L=    7,  Acc. loss =  0.0 D.
 Elastic phase shift   6 =  -76.916  42.872 deg. for the L =    7, J =    7.0 channel.
       6.0 -0.20096173 -0.09874748i: elastic S-matrix  @@      0.00  0   0 F  0
 Reaction Xsec     6.0+/ 7 @ 6 =   4.253 , Out:   0.000#

   S-matrix    7 =   -0.12399  -0.19415 for L=    7, J=    8.0 channel on core I =   2.0 from L=    7,  Acc. loss =  0.0 D.
 Elastic phase shift   7 =  -61.282  42.058 deg. for the L =    7, J =    8.0 channel.
       6.0 -0.12399238 -0.19414896i: elastic S-matrix  @@      0.00  0   0 F  0
 Reaction Xsec     6.0+/ 7 @ 7 =   4.240 , Out:   0.000#

   S-matrix    8 =    0.09170   0.24412 for L=    9, J=    8.0 channel on core I =   2.0 from L=    9,  Acc. loss =  0.0 D.
 Elastic phase shift   8 =   34.706  38.506 deg. for the L =    9, J =    8.0 channel.
       6.0  0.09169676  0.24411919i: elastic S-matrix  @@      0.00  0   0 F  0
 Reaction Xsec     6.0+/ 9 @ 8 =   4.173 , Out:   0.000#


 Total SPIN, PARITY =     6.0 -,      7 chs,      0 cc.  Rmin & Coul turning =    0.5    2.7
   S-matrix    1 =    0.20307  -0.17110 for L=    4, J=    4.0 channel on core I =   2.0 from L=    4,  Acc. loss =  0.0 D.
 Elastic phase shift   1 =  -20.059  37.987 deg. for the L =    4, J =    4.0 channel.
       6.0  0.20306506 -0.17110376i: elastic S-matrix  @@      0.00  0   0 F  0
 Reaction Xsec     6.0-/ 4 @ 1 =   4.162 , Out:   0.000#

   S-matrix    2 =    0.25864  -0.07637 for L=    4, J=    5.0 channel on core I =   2.0 from L=    4,  Acc. loss =  0.0 D.
 Elastic phase shift   2 =   -8.226  37.544 deg. for the L =    4, J =    5.0 channel.
       6.0  0.25863842 -0.07637465i: elastic S-matrix  @@      0.00  0   0 F  0
 Reaction Xsec     6.0-/ 4 @ 2 =   4.152 , Out:   0.000#

   S-matrix    3 =   -0.16804  -0.16357 for L=    6, J=    5.0 channel on core I =   2.0 from L=    6,  Acc. loss =  0.0 D.
 Elastic phase shift   3 =  -67.886  41.547 deg. for the L =    6, J =    5.0 channel.
       6.0 -0.16803863 -0.16357257i: elastic S-matrix  @@      0.00  0   0 F  0
 Reaction Xsec     6.0-/ 6 @ 3 =   4.231 , Out:   0.000#

   S-matrix    4 =   -0.08176  -0.22458 for L=    6, J=    6.0 channel on core I =   2.0 from L=    6,  Acc. loss =  0.0 D.
 Elastic phase shift   4 =  -55.002  41.004 deg. for the L =    6, J =    6.0 channel.
       6.0 -0.08175713 -0.22458073i: elastic S-matrix  @@      0.00  0   0 F  0
 Reaction Xsec     6.0-/ 6 @ 4 =   4.222 , Out:   0.000#

   S-matrix    5 =    0.04264  -0.24073 for L=    6, J=    7.0 channel on core I =   2.0 from L=    6,  Acc. loss =  0.0 D.
 Elastic phase shift   5 =  -39.978  40.355 deg. for the L =    6, J =    7.0 channel.
       6.0  0.04263957 -0.24072578i: elastic S-matrix  @@      0.00  0   0 F  0
 Reaction Xsec     6.0-/ 6 @ 5 =   4.210 , Out:   0.000#

   S-matrix    6 =   -0.11626   0.16138 for L=    8, J=    7.0 channel on core I =   2.0 from L=    8,  Acc. loss =  0.0 D.
 Elastic phase shift   6 =   62.885  46.265 deg. for the L =    8, J =    7.0 channel.
       6.0 -0.11626282  0.16137865i: elastic S-matrix  @@      0.00  0   0 F  0
 Reaction Xsec     6.0-/ 8 @ 6 =   4.301 , Out:   0.000#

   S-matrix    7 =   -0.18023   0.08505 for L=    8, J=    8.0 channel on core I =   2.0 from L=    8,  Acc. loss =  0.0 D.
 Elastic phase shift   7 =   77.369  46.208 deg. for the L =    8, J =    8.0 channel.
       6.0 -0.18023318  0.08505346i: elastic S-matrix  @@      0.00  0   0 F  0
 Reaction Xsec     6.0-/ 8 @ 7 =   4.300 , Out:   0.000#


 Total SPIN, PARITY =     7.0 +,      7 chs,      0 cc.  Rmin & Coul turning =    0.6    3.1
   S-matrix    1 =    0.08000  -0.24089 for L=    5, J=    5.0 channel on core I =   2.0 from L=    5,  Acc. loss =  0.0 D.
 Elastic phase shift   1 =  -35.814  39.280 deg. for the L =    5, J =    5.0 channel.
       7.0  0.08000012 -0.24088720i: elastic S-matrix  @@      0.00  0   0 F  0
 Reaction Xsec     7.0+/ 5 @ 1 =   4.834 , Out:   0.000#

   S-matrix    2 =    0.18487  -0.18190 for L=    5, J=    6.0 channel on core I =   2.0 from L=    5,  Acc. loss =  0.0 D.
 Elastic phase shift   2 =  -22.268  38.662 deg. for the L =    5, J =    6.0 channel.
       7.0  0.18486746 -0.18190141i: elastic S-matrix  @@      0.00  0   0 F  0
 Reaction Xsec     7.0+/ 5 @ 2 =   4.819 , Out:   0.000#

   S-matrix    3 =   -0.21784   0.00378 for L=    7, J=    6.0 channel on core I =   2.0 from L=    7,  Acc. loss =  0.0 D.
 Elastic phase shift   3 =   89.502  43.655 deg. for the L =    7, J =    6.0 channel.
       7.0 -0.21783629  0.00378491i: elastic S-matrix  @@      0.00  0   0 F  0
 Reaction Xsec     7.0+/ 7 @ 3 =   4.921 , Out:   0.000#

   S-matrix    4 =   -0.20096  -0.09875 for L=    7, J=    7.0 channel on core I =   2.0 from L=    7,  Acc. loss =  0.0 D.
 Elastic phase shift   4 =  -76.916  42.872 deg. for the L =    7, J =    7.0 channel.
       7.0 -0.20096173 -0.09874748i: elastic S-matrix  @@      0.00  0   0 F  0
 Reaction Xsec     7.0+/ 7 @ 4 =   4.908 , Out:   0.000#

   S-matrix    5 =   -0.12399  -0.19415 for L=    7, J=    8.0 channel on core I =   2.0 from L=    7,  Acc. loss =  0.0 D.
 Elastic phase shift   5 =  -61.282  42.058 deg. for the L =    7, J =    8.0 channel.
       7.0 -0.12399238 -0.19414896i: elastic S-matrix  @@      0.00  0   0 F  0
 Reaction Xsec     7.0+/ 7 @ 5 =   4.892 , Out:   0.000#

   S-matrix    6 =    0.09170   0.24412 for L=    9, J=    8.0 channel on core I =   2.0 from L=    9,  Acc. loss =  0.0 D.
 Elastic phase shift   6 =   34.706  38.506 deg. for the L =    9, J =    8.0 channel.
       7.0  0.09169676  0.24411919i: elastic S-matrix  @@      0.00  0   0 F  0
 Reaction Xsec     7.0+/ 9 @ 6 =   4.815 , Out:   0.000#

   S-matrix    7 =   -0.01065   0.23440 for L=    9, J=    9.0 channel on core I =   2.0 from L=    9,  Acc. loss =  0.0 D.
 Elastic phase shift   7 =   46.301  41.531 deg. for the L =    9, J =    9.0 channel.
       7.0 -0.01065263  0.23439786i: elastic S-matrix  @@      0.00  0   0 F  0
 Reaction Xsec     7.0+/ 9 @ 7 =   4.882 , Out:   0.000#


 Total SPIN, PARITY =     7.0 -,      8 chs,      0 cc.  Rmin & Coul turning =    0.6    3.1
   S-matrix    1 =    0.25864  -0.07637 for L=    4, J=    5.0 channel on core I =   2.0 from L=    4,  Acc. loss =  0.0 D.
 Elastic phase shift   1 =   -8.226  37.544 deg. for the L =    4, J =    5.0 channel.
       7.0  0.25863842 -0.07637465i: elastic S-matrix  @@      0.00  0   0 F  0
 Reaction Xsec     7.0-/ 4 @ 1 =   4.791 , Out:   0.000#

   S-matrix    2 =   -0.16804  -0.16357 for L=    6, J=    5.0 channel on core I =   2.0 from L=    6,  Acc. loss =  0.0 D.
 Elastic phase shift   2 =  -67.886  41.547 deg. for the L =    6, J =    5.0 channel.
       7.0 -0.16803863 -0.16357257i: elastic S-matrix  @@      0.00  0   0 F  0
 Reaction Xsec     7.0-/ 6 @ 2 =   4.882 , Out:   0.000#

   S-matrix    3 =   -0.08176  -0.22458 for L=    6, J=    6.0 channel on core I =   2.0 from L=    6,  Acc. loss =  0.0 D.
 Elastic phase shift   3 =  -55.002  41.004 deg. for the L =    6, J =    6.0 channel.
       7.0 -0.08175713 -0.22458073i: elastic S-matrix  @@      0.00  0   0 F  0
 Reaction Xsec     7.0-/ 6 @ 3 =   4.871 , Out:   0.000#

   S-matrix    4 =    0.04264  -0.24073 for L=    6, J=    7.0 channel on core I =   2.0 from L=    6,  Acc. loss =  0.0 D.
 Elastic phase shift   4 =  -39.978  40.355 deg. for the L =    6, J =    7.0 channel.
       7.0  0.04263957 -0.24072578i: elastic S-matrix  @@      0.00  0   0 F  0
 Reaction Xsec     7.0-/ 6 @ 4 =   4.858 , Out:   0.000#

   S-matrix    5 =   -0.11626   0.16138 for L=    8, J=    7.0 channel on core I =   2.0 from L=    8,  Acc. loss =  0.0 D.
 Elastic phase shift   5 =   62.885  46.265 deg. for the L =    8, J =    7.0 channel.
       7.0 -0.11626282  0.16137865i: elastic S-matrix  @@      0.00  0   0 F  0
 Reaction Xsec     7.0-/ 8 @ 5 =   4.962 , Out:   0.000#

   S-matrix    6 =   -0.18023   0.08505 for L=    8, J=    8.0 channel on core I =   2.0 from L=    8,  Acc. loss =  0.0 D.
 Elastic phase shift   6 =   77.369  46.208 deg. for the L =    8, J =    8.0 channel.
       7.0 -0.18023318  0.08505346i: elastic S-matrix  @@      0.00  0   0 F  0
 Reaction Xsec     7.0-/ 8 @ 6 =   4.961 , Out:   0.000#

   S-matrix    7 =   -0.20272  -0.02747 for L=    8, J=    9.0 channel on core I =   2.0 from L=    8,  Acc. loss =  0.0 D.
 Elastic phase shift   7 =  -86.141  45.460 deg. for the L =    8, J =    9.0 channel.
       7.0 -0.20271511 -0.02747335i: elastic S-matrix  @@      0.00  0   0 F  0
 Reaction Xsec     7.0-/ 8 @ 7 =   4.950 , Out:   0.000#

   S-matrix    8 =    0.33241   0.25260 for L=   10, J=    9.0 channel on core I =   2.0 from L=   10,  Acc. loss =  0.0 D.
 Elastic phase shift   8 =   18.616  25.023 deg. for the L =   10, J =    9.0 channel.
       7.0  0.33241330  0.25260036i: elastic S-matrix  @@      0.00  0   0 F  0
 Reaction Xsec     7.0-/10 @ 8 =   4.266 , Out:   0.000#


 Total SPIN, PARITY =     8.0 +,      8 chs,      0 cc.  Rmin & Coul turning =    0.6    3.5
   S-matrix    1 =    0.18487  -0.18190 for L=    5, J=    6.0 channel on core I =   2.0 from L=    5,  Acc. loss =  0.0 D.
 Elastic phase shift   1 =  -22.268  38.662 deg. for the L =    5, J =    6.0 channel.
       8.0  0.18486746 -0.18190141i: elastic S-matrix  @@      0.00  0   0 F  0
 Reaction Xsec     8.0+/ 5 @ 1 =   5.462 , Out:   0.000#

   S-matrix    2 =   -0.21784   0.00378 for L=    7, J=    6.0 channel on core I =   2.0 from L=    7,  Acc. loss =  0.0 D.
 Elastic phase shift   2 =   89.502  43.655 deg. for the L =    7, J =    6.0 channel.
       8.0 -0.21783629  0.00378491i: elastic S-matrix  @@      0.00  0   0 F  0
 Reaction Xsec     8.0+/ 7 @ 2 =   5.578 , Out:   0.000#

   S-matrix    3 =   -0.20096  -0.09875 for L=    7, J=    7.0 channel on core I =   2.0 from L=    7,  Acc. loss =  0.0 D.
 Elastic phase shift   3 =  -76.916  42.872 deg. for the L =    7, J =    7.0 channel.
       8.0 -0.20096173 -0.09874748i: elastic S-matrix  @@      0.00  0   0 F  0
 Reaction Xsec     8.0+/ 7 @ 3 =   5.562 , Out:   0.000#

   S-matrix    4 =   -0.12399  -0.19415 for L=    7, J=    8.0 channel on core I =   2.0 from L=    7,  Acc. loss =  0.0 D.
 Elastic phase shift   4 =  -61.282  42.058 deg. for the L =    7, J =    8.0 channel.
       8.0 -0.12399238 -0.19414896i: elastic S-matrix  @@      0.00  0   0 F  0
 Reaction Xsec     8.0+/ 7 @ 4 =   5.545 , Out:   0.000#

   S-matrix    5 =    0.09170   0.24412 for L=    9, J=    8.0 channel on core I =   2.0 from L=    9,  Acc. loss =  0.0 D.
 Elastic phase shift   5 =   34.706  38.506 deg. for the L =    9, J =    8.0 channel.
       8.0  0.09169676  0.24411919i: elastic S-matrix  @@      0.00  0   0 F  0
 Reaction Xsec     8.0+/ 9 @ 5 =   5.457 , Out:   0.000#

   S-matrix    6 =   -0.01065   0.23440 for L=    9, J=    9.0 channel on core I =   2.0 from L=    9,  Acc. loss =  0.0 D.
 Elastic phase shift   6 =   46.301  41.531 deg. for the L =    9, J =    9.0 channel.
       8.0 -0.01065263  0.23439786i: elastic S-matrix  @@      0.00  0   0 F  0
 Reaction Xsec     8.0+/ 9 @ 6 =   5.533 , Out:   0.000#

   S-matrix    7 =   -0.11128   0.17882 for L=    9, J=   10.0 channel on core I =   2.0 from L=    9,  Acc. loss =  0.0 D.
 Elastic phase shift   7 =   60.946  44.625 deg. for the L =    9, J =   10.0 channel.
       8.0 -0.11127579  0.17882439i: elastic S-matrix  @@      0.00  0   0 F  0
 Reaction Xsec     8.0+/ 9 @ 7 =   5.596 , Out:   0.000#

   S-matrix    8 =    0.55042   0.21322 for L=   11, J=   10.0 channel on core I =   2.0 from L=   11,  Acc. loss =  0.0 D.
 Elastic phase shift   8 =   10.588  15.102 deg. for the L =   11, J =   10.0 channel.
       8.0  0.55041984  0.21321756i: elastic S-matrix  @@      0.00  0   0 F  0
 Reaction Xsec     8.0+/11 @ 8 =   3.815 , Out:   0.000#


 Total SPIN, PARITY =     8.0 -,      7 chs,      0 cc.  Rmin & Coul turning =    0.6    3.5
   S-matrix    1 =   -0.08176  -0.22458 for L=    6, J=    6.0 channel on core I =   2.0 from L=    6,  Acc. loss =  0.0 D.
 Elastic phase shift   1 =  -55.002  41.004 deg. for the L =    6, J =    6.0 channel.
       8.0 -0.08175713 -0.22458073i: elastic S-matrix  @@      0.00  0   0 F  0
 Reaction Xsec     8.0-/ 6 @ 1 =   5.521 , Out:   0.000#

   S-matrix    2 =    0.04264  -0.24073 for L=    6, J=    7.0 channel on core I =   2.0 from L=    6,  Acc. loss =  0.0 D.
 Elastic phase shift   2 =  -39.978  40.355 deg. for the L =    6, J =    7.0 channel.
       8.0  0.04263957 -0.24072578i: elastic S-matrix  @@      0.00  0   0 F  0
 Reaction Xsec     8.0-/ 6 @ 2 =   5.506 , Out:   0.000#

   S-matrix    3 =   -0.11626   0.16138 for L=    8, J=    7.0 channel on core I =   2.0 from L=    8,  Acc. loss =  0.0 D.
 Elastic phase shift   3 =   62.885  46.265 deg. for the L =    8, J =    7.0 channel.
       8.0 -0.11626282  0.16137865i: elastic S-matrix  @@      0.00  0   0 F  0
 Reaction Xsec     8.0-/ 8 @ 3 =   5.624 , Out:   0.000#

   S-matrix    4 =   -0.18023   0.08505 for L=    8, J=    8.0 channel on core I =   2.0 from L=    8,  Acc. loss =  0.0 D.
 Elastic phase shift   4 =   77.369  46.208 deg. for the L =    8, J =    8.0 channel.
       8.0 -0.18023318  0.08505346i: elastic S-matrix  @@      0.00  0   0 F  0
 Reaction Xsec     8.0-/ 8 @ 4 =   5.623 , Out:   0.000#

   S-matrix    5 =   -0.20272  -0.02747 for L=    8, J=    9.0 channel on core I =   2.0 from L=    8,  Acc. loss =  0.0 D.
 Elastic phase shift   5 =  -86.141  45.460 deg. for the L =    8, J =    9.0 channel.
       8.0 -0.20271511 -0.02747335i: elastic S-matrix  @@      0.00  0   0 F  0
 Reaction Xsec     8.0-/ 8 @ 5 =   5.610 , Out:   0.000#

   S-matrix    6 =    0.33241   0.25260 for L=   10, J=    9.0 channel on core I =   2.0 from L=   10,  Acc. loss =  0.0 D.
 Elastic phase shift   6 =   18.616  25.023 deg. for the L =   10, J =    9.0 channel.
       8.0  0.33241330  0.25260036i: elastic S-matrix  @@      0.00  0   0 F  0
 Reaction Xsec     8.0-/10 @ 6 =   4.835 , Out:   0.000#

   S-matrix    7 =    0.23738   0.30128 for L=   10, J=   10.0 channel on core I =   2.0 from L=   10,  Acc. loss =  0.0 D.
 Elastic phase shift   7 =   25.883  27.452 deg. for the L =   10, J =   10.0 channel.
       8.0  0.23737804  0.30127679i: elastic S-matrix  @@      0.00  0   0 F  0
 Reaction Xsec     8.0-/10 @ 7 =   4.994 , Out:   0.000#


 Total SPIN, PARITY =     9.0 +,      7 chs,      0 cc.  Rmin & Coul turning =    0.7    3.9
   S-matrix    1 =   -0.20096  -0.09875 for L=    7, J=    7.0 channel on core I =   2.0 from L=    7,  Acc. loss =  0.0 D.
 Elastic phase shift   1 =  -76.916  42.872 deg. for the L =    7, J =    7.0 channel.
       9.0 -0.20096173 -0.09874748i: elastic S-matrix  @@      0.00  0   0 F  0
 Reaction Xsec     9.0+/ 7 @ 1 =   6.216 , Out:   0.000#

   S-matrix    2 =   -0.12399  -0.19415 for L=    7, J=    8.0 channel on core I =   2.0 from L=    7,  Acc. loss =  0.0 D.
 Elastic phase shift   2 =  -61.282  42.058 deg. for the L =    7, J =    8.0 channel.
       9.0 -0.12399238 -0.19414896i: elastic S-matrix  @@      0.00  0   0 F  0
 Reaction Xsec     9.0+/ 7 @ 2 =   6.197 , Out:   0.000#

   S-matrix    3 =    0.09170   0.24412 for L=    9, J=    8.0 channel on core I =   2.0 from L=    9,  Acc. loss =  0.0 D.
 Elastic phase shift   3 =   34.706  38.506 deg. for the L =    9, J =    8.0 channel.
       9.0  0.09169676  0.24411919i: elastic S-matrix  @@      0.00  0   0 F  0
 Reaction Xsec     9.0+/ 9 @ 3 =   6.099 , Out:   0.000#

   S-matrix    4 =   -0.01065   0.23440 for L=    9, J=    9.0 channel on core I =   2.0 from L=    9,  Acc. loss =  0.0 D.
 Elastic phase shift   4 =   46.301  41.531 deg. for the L =    9, J =    9.0 channel.
       9.0 -0.01065263  0.23439786i: elastic S-matrix  @@      0.00  0   0 F  0
 Reaction Xsec     9.0+/ 9 @ 4 =   6.184 , Out:   0.000#

   S-matrix    5 =   -0.11128   0.17882 for L=    9, J=   10.0 channel on core I =   2.0 from L=    9,  Acc. loss =  0.0 D.
 Elastic phase shift   5 =   60.946  44.625 deg. for the L =    9, J =   10.0 channel.
       9.0 -0.11127579  0.17882439i: elastic S-matrix  @@      0.00  0   0 F  0
 Reaction Xsec     9.0+/ 9 @ 5 =   6.254 , Out:   0.000#

   S-matrix    6 =    0.55042   0.21322 for L=   11, J=   10.0 channel on core I =   2.0 from L=   11,  Acc. loss =  0.0 D.
 Elastic phase shift   6 =   10.588  15.102 deg. for the L =   11, J =   10.0 channel.
       9.0  0.55041984  0.21321756i: elastic S-matrix  @@      0.00  0   0 F  0
 Reaction Xsec     9.0+/11 @ 6 =   4.264 , Out:   0.000#

   S-matrix    7 =    0.48431   0.28995 for L=   11, J=   11.0 channel on core I =   2.0 from L=   11,  Acc. loss =  0.0 D.
 Elastic phase shift   7 =   15.454  16.383 deg. for the L =   11, J =   11.0 channel.
       9.0  0.48430643  0.28995340i: elastic S-matrix  @@      0.00  0   0 F  0
 Reaction Xsec     9.0+/11 @ 7 =   4.459 , Out:   0.000#


 Total SPIN, PARITY =     9.0 -,      8 chs,      0 cc.  Rmin & Coul turning =    0.7    3.9
   S-matrix    1 =    0.04264  -0.24073 for L=    6, J=    7.0 channel on core I =   2.0 from L=    6,  Acc. loss =  0.0 D.
 Elastic phase shift   1 =  -39.978  40.355 deg. for the L =    6, J =    7.0 channel.
       9.0  0.04263957 -0.24072578i: elastic S-matrix  @@      0.00  0   0 F  0
 Reaction Xsec     9.0-/ 6 @ 1 =   6.153 , Out:   0.000#

   S-matrix    2 =   -0.11626   0.16138 for L=    8, J=    7.0 channel on core I =   2.0 from L=    8,  Acc. loss =  0.0 D.
 Elastic phase shift   2 =   62.885  46.265 deg. for the L =    8, J =    7.0 channel.
       9.0 -0.11626282  0.16137865i: elastic S-matrix  @@      0.00  0   0 F  0
 Reaction Xsec     9.0-/ 8 @ 2 =   6.285 , Out:   0.000#

   S-matrix    3 =   -0.18023   0.08505 for L=    8, J=    8.0 channel on core I =   2.0 from L=    8,  Acc. loss =  0.0 D.
 Elastic phase shift   3 =   77.369  46.208 deg. for the L =    8, J =    8.0 channel.
       9.0 -0.18023318  0.08505346i: elastic S-matrix  @@      0.00  0   0 F  0
 Reaction Xsec     9.0-/ 8 @ 3 =   6.284 , Out:   0.000#

   S-matrix    4 =   -0.20272  -0.02747 for L=    8, J=    9.0 channel on core I =   2.0 from L=    8,  Acc. loss =  0.0 D.
 Elastic phase shift   4 =  -86.141  45.460 deg. for the L =    8, J =    9.0 channel.
       9.0 -0.20271511 -0.02747335i: elastic S-matrix  @@      0.00  0   0 F  0
 Reaction Xsec     9.0-/ 8 @ 4 =   6.270 , Out:   0.000#

   S-matrix    5 =    0.33241   0.25260 for L=   10, J=    9.0 channel on core I =   2.0 from L=   10,  Acc. loss =  0.0 D.
 Elastic phase shift   5 =   18.616  25.023 deg. for the L =   10, J =    9.0 channel.
       9.0  0.33241330  0.25260036i: elastic S-matrix  @@      0.00  0   0 F  0
 Reaction Xsec     9.0-/10 @ 5 =   5.404 , Out:   0.000#

   S-matrix    6 =    0.23738   0.30128 for L=   10, J=   10.0 channel on core I =   2.0 from L=   10,  Acc. loss =  0.0 D.
 Elastic phase shift   6 =   25.883  27.452 deg. for the L =   10, J =   10.0 channel.
       9.0  0.23737804  0.30127679i: elastic S-matrix  @@      0.00  0   0 F  0
 Reaction Xsec     9.0-/10 @ 6 =   5.582 , Out:   0.000#

   S-matrix    7 =    0.11981   0.32220 for L=   10, J=   11.0 channel on core I =   2.0 from L=   10,  Acc. loss =  0.0 D.
 Elastic phase shift   7 =   34.801  30.591 deg. for the L =   10, J =   11.0 channel.
       9.0  0.11981136  0.32220177i: elastic S-matrix  @@      0.00  0   0 F  0
 Reaction Xsec     9.0-/10 @ 7 =   5.771 , Out:   0.000#

   S-matrix    8 =    0.71709   0.15544 for L=   12, J=   11.0 channel on core I =   2.0 from L=   12,  Acc. loss =  0.0 D.
 Elastic phase shift   8 =    6.115   8.869 deg. for the L =   12, J =   11.0 channel.
       9.0  0.71709291  0.15544338i: elastic S-matrix  @@      0.00  0   0 F  0
 Reaction Xsec     9.0-/12 @ 8 =   3.021 , Out:   0.000#


 Total SPIN, PARITY =    10.0 +,      8 chs,      0 cc.  Rmin & Coul turning =    0.8    4.3
   S-matrix    1 =   -0.12399  -0.19415 for L=    7, J=    8.0 channel on core I =   2.0 from L=    7,  Acc. loss =  0.0 D.
 Elastic phase shift   1 =  -61.282  42.058 deg. for the L =    7, J =    8.0 channel.
      10.0 -0.12399238 -0.19414896i: elastic S-matrix  @@      0.00  0   0 F  0
 Reaction Xsec    10.0+/ 7 @ 1 =   6.849 , Out:   0.000#

   S-matrix    2 =    0.09170   0.24412 for L=    9, J=    8.0 channel on core I =   2.0 from L=    9,  Acc. loss =  0.0 D.
 Elastic phase shift   2 =   34.706  38.506 deg. for the L =    9, J =    8.0 channel.
      10.0  0.09169676  0.24411919i: elastic S-matrix  @@      0.00  0   0 F  0
 Reaction Xsec    10.0+/ 9 @ 2 =   6.741 , Out:   0.000#

   S-matrix    3 =   -0.01065   0.23440 for L=    9, J=    9.0 channel on core I =   2.0 from L=    9,  Acc. loss =  0.0 D.
 Elastic phase shift   3 =   46.301  41.531 deg. for the L =    9, J =    9.0 channel.
      10.0 -0.01065263  0.23439786i: elastic S-matrix  @@      0.00  0   0 F  0
 Reaction Xsec    10.0+/ 9 @ 3 =   6.835 , Out:   0.000#

   S-matrix    4 =   -0.11128   0.17882 for L=    9, J=   10.0 channel on core I =   2.0 from L=    9,  Acc. loss =  0.0 D.
 Elastic phase shift   4 =   60.946  44.625 deg. for the L =    9, J =   10.0 channel.
      10.0 -0.11127579  0.17882439i: elastic S-matrix  @@      0.00  0   0 F  0
 Reaction Xsec    10.0+/ 9 @ 4 =   6.912 , Out:   0.000#

   S-matrix    5 =    0.55042   0.21322 for L=   11, J=   10.0 channel on core I =   2.0 from L=   11,  Acc. loss =  0.0 D.
 Elastic phase shift   5 =   10.588  15.102 deg. for the L =   11, J =   10.0 channel.
      10.0  0.55041984  0.21321756i: elastic S-matrix  @@      0.00  0   0 F  0
 Reaction Xsec    10.0+/11 @ 5 =   4.713 , Out:   0.000#

   S-matrix    6 =    0.48431   0.28995 for L=   11, J=   11.0 channel on core I =   2.0 from L=   11,  Acc. loss =  0.0 D.
 Elastic phase shift   6 =   15.454  16.383 deg. for the L =   11, J =   11.0 channel.
      10.0  0.48430643  0.28995340i: elastic S-matrix  @@      0.00  0   0 F  0
 Reaction Xsec    10.0+/11 @ 6 =   4.929 , Out:   0.000#

   S-matrix    7 =    0.39369   0.35928 for L=   11, J=   12.0 channel on core I =   2.0 from L=   11,  Acc. loss =  0.0 D.
 Elastic phase shift   7 =   21.192  18.027 deg. for the L =   11, J =   12.0 channel.
      10.0  0.39368859  0.35928265i: elastic S-matrix  @@      0.00  0   0 F  0
 Reaction Xsec    10.0+/11 @ 7 =   5.178 , Out:   0.000#

   S-matrix    8 =    0.82975   0.10136 for L=   13, J=   12.0 channel on core I =   2.0 from L=   13,  Acc. loss =  0.0 D.
 Elastic phase shift   8 =    3.482   5.134 deg. for the L =   13, J =   12.0 channel.
      10.0  0.82974856  0.10135751i: elastic S-matrix  @@      0.00  0   0 F  0
 Reaction Xsec    10.0+/13 @ 8 =   2.179 , Out:   0.000#


 Total SPIN, PARITY =    10.0 -,      7 chs,      0 cc.  Rmin & Coul turning =    0.8    4.3
   S-matrix    1 =   -0.18023   0.08505 for L=    8, J=    8.0 channel on core I =   2.0 from L=    8,  Acc. loss =  0.0 D.
 Elastic phase shift   1 =   77.369  46.208 deg. for the L =    8, J =    8.0 channel.
      10.0 -0.18023318  0.08505346i: elastic S-matrix  @@      0.00  0   0 F  0
 Reaction Xsec    10.0-/ 8 @ 1 =   6.946 , Out:   0.000#

   S-matrix    2 =   -0.20272  -0.02747 for L=    8, J=    9.0 channel on core I =   2.0 from L=    8,  Acc. loss =  0.0 D.
 Elastic phase shift   2 =  -86.141  45.460 deg. for the L =    8, J =    9.0 channel.
      10.0 -0.20271511 -0.02747335i: elastic S-matrix  @@      0.00  0   0 F  0
 Reaction Xsec    10.0-/ 8 @ 2 =   6.931 , Out:   0.000#

   S-matrix    3 =    0.33241   0.25260 for L=   10, J=    9.0 channel on core I =   2.0 from L=   10,  Acc. loss =  0.0 D.
 Elastic phase shift   3 =   18.616  25.023 deg. for the L =   10, J =    9.0 channel.
      10.0  0.33241330  0.25260036i: elastic S-matrix  @@      0.00  0   0 F  0
 Reaction Xsec    10.0-/10 @ 3 =   5.972 , Out:   0.000#

   S-matrix    4 =    0.23738   0.30128 for L=   10, J=   10.0 channel on core I =   2.0 from L=   10,  Acc. loss =  0.0 D.
 Elastic phase shift   4 =   25.883  27.452 deg. for the L =   10, J =   10.0 channel.
      10.0  0.23737804  0.30127679i: elastic S-matrix  @@      0.00  0   0 F  0
 Reaction Xsec    10.0-/10 @ 4 =   6.169 , Out:   0.000#

   S-matrix    5 =    0.11981   0.32220 for L=   10, J=   11.0 channel on core I =   2.0 from L=   10,  Acc. loss =  0.0 D.
 Elastic phase shift   5 =   34.801  30.591 deg. for the L =   10, J =   11.0 channel.
      10.0  0.11981136  0.32220177i: elastic S-matrix  @@      0.00  0   0 F  0
 Reaction Xsec    10.0-/10 @ 5 =   6.378 , Out:   0.000#

   S-matrix    6 =    0.71709   0.15544 for L=   12, J=   11.0 channel on core I =   2.0 from L=   12,  Acc. loss =  0.0 D.
 Elastic phase shift   6 =    6.115   8.869 deg. for the L =   12, J =   11.0 channel.
      10.0  0.71709291  0.15544338i: elastic S-matrix  @@      0.00  0   0 F  0
 Reaction Xsec    10.0-/12 @ 6 =   3.339 , Out:   0.000#

   S-matrix    7 =    0.67943   0.23332 for L=   12, J=   12.0 channel on core I =   2.0 from L=   12,  Acc. loss =  0.0 D.
 Elastic phase shift   7 =    9.476   9.475 deg. for the L =   12, J =   12.0 channel.
      10.0  0.67943484  0.23332464i: elastic S-matrix  @@      0.00  0   0 F  0
 Reaction Xsec    10.0-/12 @ 7 =   3.500 , Out:   0.000#


 Total SPIN, PARITY =    11.0 +,      7 chs,      0 cc.  Rmin & Coul turning =    0.9    4.7
   S-matrix    1 =   -0.01065   0.23440 for L=    9, J=    9.0 channel on core I =   2.0 from L=    9,  Acc. loss =  0.0 D.
 Elastic phase shift   1 =   46.301  41.531 deg. for the L =    9, J =    9.0 channel.
      11.0 -0.01065263  0.23439786i: elastic S-matrix  @@      0.00  0   0 F  0
 Reaction Xsec    11.0+/ 9 @ 1 =   7.486 , Out:   0.000#

   S-matrix    2 =   -0.11128   0.17882 for L=    9, J=   10.0 channel on core I =   2.0 from L=    9,  Acc. loss =  0.0 D.
 Elastic phase shift   2 =   60.946  44.625 deg. for the L =    9, J =   10.0 channel.
      11.0 -0.11127579  0.17882439i: elastic S-matrix  @@      0.00  0   0 F  0
 Reaction Xsec    11.0+/ 9 @ 2 =   7.571 , Out:   0.000#

   S-matrix    3 =    0.55042   0.21322 for L=   11, J=   10.0 channel on core I =   2.0 from L=   11,  Acc. loss =  0.0 D.
 Elastic phase shift   3 =   10.588  15.102 deg. for the L =   11, J =   10.0 channel.
      11.0  0.55041984  0.21321756i: elastic S-matrix  @@      0.00  0   0 F  0
 Reaction Xsec    11.0+/11 @ 3 =   5.162 , Out:   0.000#

   S-matrix    4 =    0.48431   0.28995 for L=   11, J=   11.0 channel on core I =   2.0 from L=   11,  Acc. loss =  0.0 D.
 Elastic phase shift   4 =   15.454  16.383 deg. for the L =   11, J =   11.0 channel.
      11.0  0.48430643  0.28995340i: elastic S-matrix  @@      0.00  0   0 F  0
 Reaction Xsec    11.0+/11 @ 4 =   5.398 , Out:   0.000#

   S-matrix    5 =    0.39369   0.35928 for L=   11, J=   12.0 channel on core I =   2.0 from L=   11,  Acc. loss =  0.0 D.
 Elastic phase shift   5 =   21.192  18.027 deg. for the L =   11, J =   12.0 channel.
      11.0  0.39368859  0.35928265i: elastic S-matrix  @@      0.00  0   0 F  0
 Reaction Xsec    11.0+/11 @ 5 =   5.672 , Out:   0.000#

   S-matrix    6 =    0.82975   0.10136 for L=   13, J=   12.0 channel on core I =   2.0 from L=   13,  Acc. loss =  0.0 D.
 Elastic phase shift   6 =    3.482   5.134 deg. for the L =   13, J =   12.0 channel.
      11.0  0.82974856  0.10135751i: elastic S-matrix  @@      0.00  0   0 F  0
 Reaction Xsec    11.0+/13 @ 6 =   2.386 , Out:   0.000#

   S-matrix    7 =    0.81104   0.16688 for L=   13, J=   13.0 channel on core I =   2.0 from L=   13,  Acc. loss =  0.0 D.
 Elastic phase shift   7 =    5.813   5.406 deg. for the L =   13, J =   13.0 channel.
      11.0  0.81104010  0.16688067i: elastic S-matrix  @@      0.00  0   0 F  0
 Reaction Xsec    11.0+/13 @ 7 =   2.490 , Out:   0.000#


 Total SPIN, PARITY =    11.0 -,      8 chs,      0 cc.  Rmin & Coul turning =    0.9    4.7
   S-matrix    1 =   -0.20272  -0.02747 for L=    8, J=    9.0 channel on core I =   2.0 from L=    8,  Acc. loss =  0.0 D.
 Elastic phase shift   1 =  -86.141  45.460 deg. for the L =    8, J =    9.0 channel.
      11.0 -0.20271511 -0.02747335i: elastic S-matrix  @@      0.00  0   0 F  0
 Reaction Xsec    11.0-/ 8 @ 1 =   7.591 , Out:   0.000#

   S-matrix    2 =    0.33241   0.25260 for L=   10, J=    9.0 channel on core I =   2.0 from L=   10,  Acc. loss =  0.0 D.
 Elastic phase shift   2 =   18.616  25.023 deg. for the L =   10, J =    9.0 channel.
      11.0  0.33241330  0.25260036i: elastic S-matrix  @@      0.00  0   0 F  0
 Reaction Xsec    11.0-/10 @ 2 =   6.541 , Out:   0.000#

   S-matrix    3 =    0.23738   0.30128 for L=   10, J=   10.0 channel on core I =   2.0 from L=   10,  Acc. loss =  0.0 D.
 Elastic phase shift   3 =   25.883  27.452 deg. for the L =   10, J =   10.0 channel.
      11.0  0.23737804  0.30127679i: elastic S-matrix  @@      0.00  0   0 F  0
 Reaction Xsec    11.0-/10 @ 3 =   6.757 , Out:   0.000#

   S-matrix    4 =    0.11981   0.32220 for L=   10, J=   11.0 channel on core I =   2.0 from L=   10,  Acc. loss =  0.0 D.
 Elastic phase shift   4 =   34.801  30.591 deg. for the L =   10, J =   11.0 channel.
      11.0  0.11981136  0.32220177i: elastic S-matrix  @@      0.00  0   0 F  0
 Reaction Xsec    11.0-/10 @ 4 =   6.986 , Out:   0.000#

   S-matrix    5 =    0.71709   0.15544 for L=   12, J=   11.0 channel on core I =   2.0 from L=   12,  Acc. loss =  0.0 D.
 Elastic phase shift   5 =    6.115   8.869 deg. for the L =   12, J =   11.0 channel.
      11.0  0.71709291  0.15544338i: elastic S-matrix  @@      0.00  0   0 F  0
 Reaction Xsec    11.0-/12 @ 5 =   3.657 , Out:   0.000#

   S-matrix    6 =    0.67943   0.23332 for L=   12, J=   12.0 channel on core I =   2.0 from L=   12,  Acc. loss =  0.0 D.
 Elastic phase shift   6 =    9.476   9.475 deg. for the L =   12, J =   12.0 channel.
      11.0  0.67943484  0.23332464i: elastic S-matrix  @@      0.00  0   0 F  0
 Reaction Xsec    11.0-/12 @ 6 =   3.834 , Out:   0.000#

   S-matrix    7 =    0.62523   0.31414 for L=   12, J=   13.0 channel on core I =   2.0 from L=   12,  Acc. loss =  0.0 D.
 Elastic phase shift   7 =   13.339  10.230 deg. for the L =   12, J =   13.0 channel.
      11.0  0.62522557  0.31414493i: elastic S-matrix  @@      0.00  0   0 F  0
 Reaction Xsec    11.0-/12 @ 7 =   4.043 , Out:   0.000#

   S-matrix    8 =    0.90011   0.06064 for L=   14, J=   13.0 channel on core I =   2.0 from L=   14,  Acc. loss =  0.0 D.
 Elastic phase shift   8 =    1.927   2.950 deg. for the L =   14, J =   13.0 channel.
      11.0  0.90010796  0.06063987i: elastic S-matrix  @@      0.00  0   0 F  0
 Reaction Xsec    11.0-/14 @ 8 =   1.475 , Out:   0.000#


 Total SPIN, PARITY =    12.0 +,      8 chs,      0 cc.  Rmin & Coul turning =    1.0    5.1
   S-matrix    1 =   -0.11128   0.17882 for L=    9, J=   10.0 channel on core I =   2.0 from L=    9,  Acc. loss =  0.0 D.
 Elastic phase shift   1 =   60.946  44.625 deg. for the L =    9, J =   10.0 channel.
      12.0 -0.11127579  0.17882439i: elastic S-matrix  @@      0.00  0   0 F  0
 Reaction Xsec    12.0+/ 9 @ 1 =   8.229 , Out:   0.000#

   S-matrix    2 =    0.55042   0.21322 for L=   11, J=   10.0 channel on core I =   2.0 from L=   11,  Acc. loss =  0.0 D.
 Elastic phase shift   2 =   10.588  15.102 deg. for the L =   11, J =   10.0 channel.
      12.0  0.55041984  0.21321756i: elastic S-matrix  @@      0.00  0   0 F  0
 Reaction Xsec    12.0+/11 @ 2 =   5.611 , Out:   0.000#

   S-matrix    3 =    0.48431   0.28995 for L=   11, J=   11.0 channel on core I =   2.0 from L=   11,  Acc. loss =  0.0 D.
 Elastic phase shift   3 =   15.454  16.383 deg. for the L =   11, J =   11.0 channel.
      12.0  0.48430643  0.28995340i: elastic S-matrix  @@      0.00  0   0 F  0
 Reaction Xsec    12.0+/11 @ 3 =   5.867 , Out:   0.000#

   S-matrix    4 =    0.39369   0.35928 for L=   11, J=   12.0 channel on core I =   2.0 from L=   11,  Acc. loss =  0.0 D.
 Elastic phase shift   4 =   21.192  18.027 deg. for the L =   11, J =   12.0 channel.
      12.0  0.39368859  0.35928265i: elastic S-matrix  @@      0.00  0   0 F  0
 Reaction Xsec    12.0+/11 @ 4 =   6.165 , Out:   0.000#

   S-matrix    5 =    0.82975   0.10136 for L=   13, J=   12.0 channel on core I =   2.0 from L=   13,  Acc. loss =  0.0 D.
 Elastic phase shift   5 =    3.482   5.134 deg. for the L =   13, J =   12.0 channel.
      12.0  0.82974856  0.10135751i: elastic S-matrix  @@      0.00  0   0 F  0
 Reaction Xsec    12.0+/13 @ 5 =   2.594 , Out:   0.000#

   S-matrix    6 =    0.81104   0.16688 for L=   13, J=   13.0 channel on core I =   2.0 from L=   13,  Acc. loss =  0.0 D.
 Elastic phase shift   6 =    5.813   5.406 deg. for the L =   13, J =   13.0 channel.
      12.0  0.81104010  0.16688067i: elastic S-matrix  @@      0.00  0   0 F  0
 Reaction Xsec    12.0+/13 @ 6 =   2.707 , Out:   0.000#

   S-matrix    7 =    0.78338   0.23767 for L=   13, J=   14.0 channel on core I =   2.0 from L=   13,  Acc. loss =  0.0 D.
 Elastic phase shift   7 =    8.439   5.733 deg. for the L =   13, J =   14.0 channel.
      12.0  0.78337928  0.23766726i: elastic S-matrix  @@      0.00  0   0 F  0
 Reaction Xsec    12.0+/13 @ 7 =   2.840 , Out:   0.000#

   S-matrix    8 =    0.94215   0.03376 for L=   15, J=   14.0 channel on core I =   2.0 from L=   15,  Acc. loss =  0.0 D.
 Elastic phase shift   8 =    1.026   1.689 deg. for the L =   15, J =   14.0 channel.
      12.0  0.94215368  0.03375524i: elastic S-matrix  @@      0.00  0   0 F  0
 Reaction Xsec    12.0+/15 @ 8 =   0.958 , Out:   0.000#


 Total SPIN, PARITY =    12.0 -,      7 chs,      0 cc.  Rmin & Coul turning =    1.0    5.1
   S-matrix    1 =    0.23738   0.30128 for L=   10, J=   10.0 channel on core I =   2.0 from L=   10,  Acc. loss =  0.0 D.
 Elastic phase shift   1 =   25.883  27.452 deg. for the L =   10, J =   10.0 channel.
      12.0  0.23737804  0.30127679i: elastic S-matrix  @@      0.00  0   0 F  0
 Reaction Xsec    12.0-/10 @ 1 =   7.344 , Out:   0.000#

   S-matrix    2 =    0.11981   0.32220 for L=   10, J=   11.0 channel on core I =   2.0 from L=   10,  Acc. loss =  0.0 D.
 Elastic phase shift   2 =   34.801  30.591 deg. for the L =   10, J =   11.0 channel.
      12.0  0.11981136  0.32220177i: elastic S-matrix  @@      0.00  0   0 F  0
 Reaction Xsec    12.0-/10 @ 2 =   7.593 , Out:   0.000#

   S-matrix    3 =    0.71709   0.15544 for L=   12, J=   11.0 channel on core I =   2.0 from L=   12,  Acc. loss =  0.0 D.
 Elastic phase shift   3 =    6.115   8.869 deg. for the L =   12, J =   11.0 channel.
      12.0  0.71709291  0.15544338i: elastic S-matrix  @@      0.00  0   0 F  0
 Reaction Xsec    12.0-/12 @ 3 =   3.975 , Out:   0.000#

   S-matrix    4 =    0.67943   0.23332 for L=   12, J=   12.0 channel on core I =   2.0 from L=   12,  Acc. loss =  0.0 D.
 Elastic phase shift   4 =    9.476   9.475 deg. for the L =   12, J =   12.0 channel.
      12.0  0.67943484  0.23332464i: elastic S-matrix  @@      0.00  0   0 F  0
 Reaction Xsec    12.0-/12 @ 4 =   4.167 , Out:   0.000#

   S-matrix    5 =    0.62523   0.31414 for L=   12, J=   13.0 channel on core I =   2.0 from L=   12,  Acc. loss =  0.0 D.
 Elastic phase shift   5 =   13.339  10.230 deg. for the L =   12, J =   13.0 channel.
      12.0  0.62522557  0.31414493i: elastic S-matrix  @@      0.00  0   0 F  0
 Reaction Xsec    12.0-/12 @ 5 =   4.395 , Out:   0.000#

   S-matrix    6 =    0.90011   0.06064 for L=   14, J=   13.0 channel on core I =   2.0 from L=   14,  Acc. loss =  0.0 D.
 Elastic phase shift   6 =    1.927   2.950 deg. for the L =   14, J =   13.0 channel.
      12.0  0.90010796  0.06063987i: elastic S-matrix  @@      0.00  0   0 F  0
 Reaction Xsec    12.0-/14 @ 6 =   1.603 , Out:   0.000#

   S-matrix    7 =    0.89159   0.11084 for L=   14, J=   14.0 channel on core I =   2.0 from L=   14,  Acc. loss =  0.0 D.
 Elastic phase shift   7 =    3.543   3.068 deg. for the L =   14, J =   14.0 channel.
      12.0  0.89159064  0.11084308i: elastic S-matrix  @@      0.00  0   0 F  0
 Reaction Xsec    12.0-/14 @ 7 =   1.660 , Out:   0.000#


 Total SPIN, PARITY =    13.0 +,      7 chs,      0 cc.  Rmin & Coul turning =    1.0    5.5
   S-matrix    1 =    0.48431   0.28995 for L=   11, J=   11.0 channel on core I =   2.0 from L=   11,  Acc. loss =  0.0 D.
 Elastic phase shift   1 =   15.454  16.383 deg. for the L =   11, J =   11.0 channel.
      13.0  0.48430643  0.28995340i: elastic S-matrix  @@      0.00  0   0 F  0
 Reaction Xsec    13.0+/11 @ 1 =   6.337 , Out:   0.000#

   S-matrix    2 =    0.39369   0.35928 for L=   11, J=   12.0 channel on core I =   2.0 from L=   11,  Acc. loss =  0.0 D.
 Elastic phase shift   2 =   21.192  18.027 deg. for the L =   11, J =   12.0 channel.
      13.0  0.39368859  0.35928265i: elastic S-matrix  @@      0.00  0   0 F  0
 Reaction Xsec    13.0+/11 @ 2 =   6.658 , Out:   0.000#

   S-matrix    3 =    0.82975   0.10136 for L=   13, J=   12.0 channel on core I =   2.0 from L=   13,  Acc. loss =  0.0 D.
 Elastic phase shift   3 =    3.482   5.134 deg. for the L =   13, J =   12.0 channel.
      13.0  0.82974856  0.10135751i: elastic S-matrix  @@      0.00  0   0 F  0
 Reaction Xsec    13.0+/13 @ 3 =   2.802 , Out:   0.000#

   S-matrix    4 =    0.81104   0.16688 for L=   13, J=   13.0 channel on core I =   2.0 from L=   13,  Acc. loss =  0.0 D.
 Elastic phase shift   4 =    5.813   5.406 deg. for the L =   13, J =   13.0 channel.
      13.0  0.81104010  0.16688067i: elastic S-matrix  @@      0.00  0   0 F  0
 Reaction Xsec    13.0+/13 @ 4 =   2.924 , Out:   0.000#

   S-matrix    5 =    0.78338   0.23767 for L=   13, J=   14.0 channel on core I =   2.0 from L=   13,  Acc. loss =  0.0 D.
 Elastic phase shift   5 =    8.439   5.733 deg. for the L =   13, J =   14.0 channel.
      13.0  0.78337928  0.23766726i: elastic S-matrix  @@      0.00  0   0 F  0
 Reaction Xsec    13.0+/13 @ 5 =   3.067 , Out:   0.000#

   S-matrix    6 =    0.94215   0.03376 for L=   15, J=   14.0 channel on core I =   2.0 from L=   15,  Acc. loss =  0.0 D.
 Elastic phase shift   6 =    1.026   1.689 deg. for the L =   15, J =   14.0 channel.
      13.0  0.94215368  0.03375524i: elastic S-matrix  @@      0.00  0   0 F  0
 Reaction Xsec    13.0+/15 @ 6 =   1.034 , Out:   0.000#

   S-matrix    7 =    0.93848   0.07043 for L=   15, J=   15.0 channel on core I =   2.0 from L=   15,  Acc. loss =  0.0 D.
 Elastic phase shift   7 =    2.146   1.739 deg. for the L =   15, J =   15.0 channel.
      13.0  0.93847989  0.07043418i: elastic S-matrix  @@      0.00  0   0 F  0
 Reaction Xsec    13.0+/15 @ 7 =   1.063 , Out:   0.000#


 Total SPIN, PARITY =    13.0 -,      8 chs,      0 cc.  Rmin & Coul turning =    1.0    5.5
   S-matrix    1 =    0.11981   0.32220 for L=   10, J=   11.0 channel on core I =   2.0 from L=   10,  Acc. loss =  0.0 D.
 Elastic phase shift   1 =   34.801  30.591 deg. for the L =   10, J =   11.0 channel.
      13.0  0.11981136  0.32220177i: elastic S-matrix  @@      0.00  0   0 F  0
 Reaction Xsec    13.0-/10 @ 1 =   8.201 , Out:   0.000#

   S-matrix    2 =    0.71709   0.15544 for L=   12, J=   11.0 channel on core I =   2.0 from L=   12,  Acc. loss =  0.0 D.
 Elastic phase shift   2 =    6.115   8.869 deg. for the L =   12, J =   11.0 channel.
      13.0  0.71709291  0.15544338i: elastic S-matrix  @@      0.00  0   0 F  0
 Reaction Xsec    13.0-/12 @ 2 =   4.293 , Out:   0.000#

   S-matrix    3 =    0.67943   0.23332 for L=   12, J=   12.0 channel on core I =   2.0 from L=   12,  Acc. loss =  0.0 D.
 Elastic phase shift   3 =    9.476   9.475 deg. for the L =   12, J =   12.0 channel.
      13.0  0.67943484  0.23332464i: elastic S-matrix  @@      0.00  0   0 F  0
 Reaction Xsec    13.0-/12 @ 3 =   4.500 , Out:   0.000#

   S-matrix    4 =    0.62523   0.31414 for L=   12, J=   13.0 channel on core I =   2.0 from L=   12,  Acc. loss =  0.0 D.
 Elastic phase shift   4 =   13.339  10.230 deg. for the L =   12, J =   13.0 channel.
      13.0  0.62522557  0.31414493i: elastic S-matrix  @@      0.00  0   0 F  0
 Reaction Xsec    13.0-/12 @ 4 =   4.747 , Out:   0.000#

   S-matrix    5 =    0.90011   0.06064 for L=   14, J=   13.0 channel on core I =   2.0 from L=   14,  Acc. loss =  0.0 D.
 Elastic phase shift   5 =    1.927   2.950 deg. for the L =   14, J =   13.0 channel.
      13.0  0.90010796  0.06063987i: elastic S-matrix  @@      0.00  0   0 F  0
 Reaction Xsec    13.0-/14 @ 5 =   1.731 , Out:   0.000#

   S-matrix    6 =    0.89159   0.11084 for L=   14, J=   14.0 channel on core I =   2.0 from L=   14,  Acc. loss =  0.0 D.
 Elastic phase shift   6 =    3.543   3.068 deg. for the L =   14, J =   14.0 channel.
      13.0  0.89159064  0.11084308i: elastic S-matrix  @@      0.00  0   0 F  0
 Reaction Xsec    13.0-/14 @ 6 =   1.793 , Out:   0.000#

   S-matrix    7 =    0.87871   0.16550 for L=   14, J=   15.0 channel on core I =   2.0 from L=   14,  Acc. loss =  0.0 D.
 Elastic phase shift   7 =    5.333   3.205 deg. for the L =   14, J =   15.0 channel.
      13.0  0.87870965  0.16550103i: elastic S-matrix  @@      0.00  0   0 F  0
 Reaction Xsec    13.0-/14 @ 7 =   1.864 , Out:   0.000#

   S-matrix    8 =    0.96672   0.01747 for L=   16, J=   15.0 channel on core I =   2.0 from L=   16,  Acc. loss =  0.0 D.
 Elastic phase shift   8 =    0.518   0.965 deg. for the L =   16, J =   15.0 channel.
      13.0  0.96672382  0.01746927i: elastic S-matrix  @@      0.00  0   0 F  0
 Reaction Xsec    13.0-/16 @ 8 =   0.606 , Out:   0.000#


 Total SPIN, PARITY =    14.0 +,      8 chs,      0 cc.  Rmin & Coul turning =    1.1    5.9
   S-matrix    1 =    0.39369   0.35928 for L=   11, J=   12.0 channel on core I =   2.0 from L=   11,  Acc. loss =  0.0 D.
 Elastic phase shift   1 =   21.192  18.027 deg. for the L =   11, J =   12.0 channel.
      14.0  0.39368859  0.35928265i: elastic S-matrix  @@      0.00  0   0 F  0
 Reaction Xsec    14.0+/11 @ 1 =   7.151 , Out:   0.000#

   S-matrix    2 =    0.82975   0.10136 for L=   13, J=   12.0 channel on core I =   2.0 from L=   13,  Acc. loss =  0.0 D.
 Elastic phase shift   2 =    3.482   5.134 deg. for the L =   13, J =   12.0 channel.
      14.0  0.82974856  0.10135751i: elastic S-matrix  @@      0.00  0   0 F  0
 Reaction Xsec    14.0+/13 @ 2 =   3.009 , Out:   0.000#

   S-matrix    3 =    0.81104   0.16688 for L=   13, J=   13.0 channel on core I =   2.0 from L=   13,  Acc. loss =  0.0 D.
 Elastic phase shift   3 =    5.813   5.406 deg. for the L =   13, J =   13.0 channel.
      14.0  0.81104010  0.16688067i: elastic S-matrix  @@      0.00  0   0 F  0
 Reaction Xsec    14.0+/13 @ 3 =   3.140 , Out:   0.000#

   S-matrix    4 =    0.78338   0.23767 for L=   13, J=   14.0 channel on core I =   2.0 from L=   13,  Acc. loss =  0.0 D.
 Elastic phase shift   4 =    8.439   5.733 deg. for the L =   13, J =   14.0 channel.
      14.0  0.78337928  0.23766726i: elastic S-matrix  @@      0.00  0   0 F  0
 Reaction Xsec    14.0+/13 @ 4 =   3.295 , Out:   0.000#

   S-matrix    5 =    0.94215   0.03376 for L=   15, J=   14.0 channel on core I =   2.0 from L=   15,  Acc. loss =  0.0 D.
 Elastic phase shift   5 =    1.026   1.689 deg. for the L =   15, J =   14.0 channel.
      14.0  0.94215368  0.03375524i: elastic S-matrix  @@      0.00  0   0 F  0
 Reaction Xsec    14.0+/15 @ 5 =   1.111 , Out:   0.000#

   S-matrix    6 =    0.93848   0.07043 for L=   15, J=   15.0 channel on core I =   2.0 from L=   15,  Acc. loss =  0.0 D.
 Elastic phase shift   6 =    2.146   1.739 deg. for the L =   15, J =   15.0 channel.
      14.0  0.93847989  0.07043418i: elastic S-matrix  @@      0.00  0   0 F  0
 Reaction Xsec    14.0+/15 @ 6 =   1.142 , Out:   0.000#

   S-matrix    7 =    0.93277   0.11023 for L=   15, J=   16.0 channel on core I =   2.0 from L=   15,  Acc. loss =  0.0 D.
 Elastic phase shift   7 =    3.370   1.795 deg. for the L =   15, J =   16.0 channel.
      14.0  0.93276589  0.11023313i: elastic S-matrix  @@      0.00  0   0 F  0
 Reaction Xsec    14.0+/15 @ 7 =   1.177 , Out:   0.000#

   S-matrix    8 =    0.98093   0.00821 for L=   17, J=   16.0 channel on core I =   2.0 from L=   17,  Acc. loss =  0.0 D.
 Elastic phase shift   8 =    0.240   0.551 deg. for the L =   17, J =   16.0 channel.
      14.0  0.98092629  0.00821399i: elastic S-matrix  @@      0.00  0   0 F  0
 Reaction Xsec    14.0+/17 @ 8 =   0.377 , Out:   0.000#


 Total SPIN, PARITY =    14.0 -,      7 chs,      0 cc.  Rmin & Coul turning =    1.1    5.9
   S-matrix    1 =    0.67943   0.23332 for L=   12, J=   12.0 channel on core I =   2.0 from L=   12,  Acc. loss =  0.0 D.
 Elastic phase shift   1 =    9.476   9.475 deg. for the L =   12, J =   12.0 channel.
      14.0  0.67943484  0.23332464i: elastic S-matrix  @@      0.00  0   0 F  0
 Reaction Xsec    14.0-/12 @ 1 =   4.834 , Out:   0.000#

   S-matrix    2 =    0.62523   0.31414 for L=   12, J=   13.0 channel on core I =   2.0 from L=   12,  Acc. loss =  0.0 D.
 Elastic phase shift   2 =   13.339  10.230 deg. for the L =   12, J =   13.0 channel.
      14.0  0.62522557  0.31414493i: elastic S-matrix  @@      0.00  0   0 F  0
 Reaction Xsec    14.0-/12 @ 2 =   5.098 , Out:   0.000#

   S-matrix    3 =    0.90011   0.06064 for L=   14, J=   13.0 channel on core I =   2.0 from L=   14,  Acc. loss =  0.0 D.
 Elastic phase shift   3 =    1.927   2.950 deg. for the L =   14, J =   13.0 channel.
      14.0  0.90010796  0.06063987i: elastic S-matrix  @@      0.00  0   0 F  0
 Reaction Xsec    14.0-/14 @ 3 =   1.859 , Out:   0.000#

   S-matrix    4 =    0.89159   0.11084 for L=   14, J=   14.0 channel on core I =   2.0 from L=   14,  Acc. loss =  0.0 D.
 Elastic phase shift   4 =    3.543   3.068 deg. for the L =   14, J =   14.0 channel.
      14.0  0.89159064  0.11084308i: elastic S-matrix  @@      0.00  0   0 F  0
 Reaction Xsec    14.0-/14 @ 4 =   1.926 , Out:   0.000#

   S-matrix    5 =    0.87871   0.16550 for L=   14, J=   15.0 channel on core I =   2.0 from L=   14,  Acc. loss =  0.0 D.
 Elastic phase shift   5 =    5.333   3.205 deg. for the L =   14, J =   15.0 channel.
      14.0  0.87870965  0.16550103i: elastic S-matrix  @@      0.00  0   0 F  0
 Reaction Xsec    14.0-/14 @ 5 =   2.003 , Out:   0.000#

   S-matrix    6 =    0.96672   0.01747 for L=   16, J=   15.0 channel on core I =   2.0 from L=   16,  Acc. loss =  0.0 D.
 Elastic phase shift   6 =    0.518   0.965 deg. for the L =   16, J =   15.0 channel.
      14.0  0.96672382  0.01746927i: elastic S-matrix  @@      0.00  0   0 F  0
 Reaction Xsec    14.0-/16 @ 6 =   0.651 , Out:   0.000#

   S-matrix    7 =    0.96519   0.04361 for L=   16, J=   16.0 channel on core I =   2.0 from L=   16,  Acc. loss =  0.0 D.
 Elastic phase shift   7 =    1.294   0.986 deg. for the L =   16, J =   16.0 channel.
      14.0  0.96519285  0.04361382i: elastic S-matrix  @@      0.00  0   0 F  0
 Reaction Xsec    14.0-/16 @ 7 =   0.664 , Out:   0.000#


 Total SPIN, PARITY =    15.0 +,      7 chs,      0 cc.  Rmin & Coul turning =    1.2    6.4
   S-matrix    1 =    0.81104   0.16688 for L=   13, J=   13.0 channel on core I =   2.0 from L=   13,  Acc. loss =  0.0 D.
 Elastic phase shift   1 =    5.813   5.406 deg. for the L =   13, J =   13.0 channel.
      15.0  0.81104010  0.16688067i: elastic S-matrix  @@      0.00  0   0 F  0
 Reaction Xsec    15.0+/13 @ 1 =   3.357 , Out:   0.000#

   S-matrix    2 =    0.78338   0.23767 for L=   13, J=   14.0 channel on core I =   2.0 from L=   13,  Acc. loss =  0.0 D.
 Elastic phase shift   2 =    8.439   5.733 deg. for the L =   13, J =   14.0 channel.
      15.0  0.78337928  0.23766726i: elastic S-matrix  @@      0.00  0   0 F  0
 Reaction Xsec    15.0+/13 @ 2 =   3.522 , Out:   0.000#

   S-matrix    3 =    0.94215   0.03376 for L=   15, J=   14.0 channel on core I =   2.0 from L=   15,  Acc. loss =  0.0 D.
 Elastic phase shift   3 =    1.026   1.689 deg. for the L =   15, J =   14.0 channel.
      15.0  0.94215368  0.03375524i: elastic S-matrix  @@      0.00  0   0 F  0
 Reaction Xsec    15.0+/15 @ 3 =   1.187 , Out:   0.000#

   S-matrix    4 =    0.93848   0.07043 for L=   15, J=   15.0 channel on core I =   2.0 from L=   15,  Acc. loss =  0.0 D.
 Elastic phase shift   4 =    2.146   1.739 deg. for the L =   15, J =   15.0 channel.
      15.0  0.93847989  0.07043418i: elastic S-matrix  @@      0.00  0   0 F  0
 Reaction Xsec    15.0+/15 @ 4 =   1.220 , Out:   0.000#

   S-matrix    5 =    0.93277   0.11023 for L=   15, J=   16.0 channel on core I =   2.0 from L=   15,  Acc. loss =  0.0 D.
 Elastic phase shift   5 =    3.370   1.795 deg. for the L =   15, J =   16.0 channel.
      15.0  0.93276589  0.11023313i: elastic S-matrix  @@      0.00  0   0 F  0
 Reaction Xsec    15.0+/15 @ 5 =   1.258 , Out:   0.000#

   S-matrix    6 =    0.98093   0.00821 for L=   17, J=   16.0 channel on core I =   2.0 from L=   17,  Acc. loss =  0.0 D.
 Elastic phase shift   6 =    0.240   0.551 deg. for the L =   17, J =   16.0 channel.
      15.0  0.98092629  0.00821399i: elastic S-matrix  @@      0.00  0   0 F  0
 Reaction Xsec    15.0+/17 @ 6 =   0.403 , Out:   0.000#

   S-matrix    7 =    0.98030   0.02660 for L=   17, J=   17.0 channel on core I =   2.0 from L=   17,  Acc. loss =  0.0 D.
 Elastic phase shift   7 =    0.777   0.559 deg. for the L =   17, J =   17.0 channel.
      15.0  0.98030346  0.02660079i: elastic S-matrix  @@      0.00  0   0 F  0
 Reaction Xsec    15.0+/17 @ 7 =   0.409 , Out:   0.000#


 Total SPIN, PARITY =    15.0 -,      8 chs,      0 cc.  Rmin & Coul turning =    1.2    6.4
   S-matrix    1 =    0.62523   0.31414 for L=   12, J=   13.0 channel on core I =   2.0 from L=   12,  Acc. loss =  0.0 D.
 Elastic phase shift   1 =   13.339  10.230 deg. for the L =   12, J =   13.0 channel.
      15.0  0.62522557  0.31414493i: elastic S-matrix  @@      0.00  0   0 F  0
 Reaction Xsec    15.0-/12 @ 1 =   5.450 , Out:   0.000#

   S-matrix    2 =    0.90011   0.06064 for L=   14, J=   13.0 channel on core I =   2.0 from L=   14,  Acc. loss =  0.0 D.
 Elastic phase shift   2 =    1.927   2.950 deg. for the L =   14, J =   13.0 channel.
      15.0  0.90010796  0.06063987i: elastic S-matrix  @@      0.00  0   0 F  0
 Reaction Xsec    15.0-/14 @ 2 =   1.987 , Out:   0.000#

   S-matrix    3 =    0.89159   0.11084 for L=   14, J=   14.0 channel on core I =   2.0 from L=   14,  Acc. loss =  0.0 D.
 Elastic phase shift   3 =    3.543   3.068 deg. for the L =   14, J =   14.0 channel.
      15.0  0.89159064  0.11084308i: elastic S-matrix  @@      0.00  0   0 F  0
 Reaction Xsec    15.0-/14 @ 3 =   2.058 , Out:   0.000#

   S-matrix    4 =    0.87871   0.16550 for L=   14, J=   15.0 channel on core I =   2.0 from L=   14,  Acc. loss =  0.0 D.
 Elastic phase shift   4 =    5.333   3.205 deg. for the L =   14, J =   15.0 channel.
      15.0  0.87870965  0.16550103i: elastic S-matrix  @@      0.00  0   0 F  0
 Reaction Xsec    15.0-/14 @ 4 =   2.141 , Out:   0.000#

   S-matrix    5 =    0.96672   0.01747 for L=   16, J=   15.0 channel on core I =   2.0 from L=   16,  Acc. loss =  0.0 D.
 Elastic phase shift   5 =    0.518   0.965 deg. for the L =   16, J =   15.0 channel.
      15.0  0.96672382  0.01746927i: elastic S-matrix  @@      0.00  0   0 F  0
 Reaction Xsec    15.0-/16 @ 5 =   0.696 , Out:   0.000#

   S-matrix    6 =    0.96519   0.04361 for L=   16, J=   16.0 channel on core I =   2.0 from L=   16,  Acc. loss =  0.0 D.
 Elastic phase shift   6 =    1.294   0.986 deg. for the L =   16, J =   16.0 channel.
      15.0  0.96519285  0.04361382i: elastic S-matrix  @@      0.00  0   0 F  0
 Reaction Xsec    15.0-/16 @ 6 =   0.710 , Out:   0.000#

   S-matrix    7 =    0.96272   0.07180 for L=   16, J=   17.0 channel on core I =   2.0 from L=   16,  Acc. loss =  0.0 D.
 Elastic phase shift   7 =    2.133   1.009 deg. for the L =   16, J =   17.0 channel.
      15.0  0.96271960  0.07179896i: elastic S-matrix  @@      0.00  0   0 F  0
 Reaction Xsec    15.0-/16 @ 7 =   0.726 , Out:   0.000#

   S-matrix    8 =    0.98909   0.00325 for L=   18, J=   17.0 channel on core I =   2.0 from L=   18,  Acc. loss =  0.0 D.
 Elastic phase shift   8 =    0.094   0.314 deg. for the L =   18, J =   17.0 channel.
      15.0  0.98909110  0.00324836i: elastic S-matrix  @@      0.00  0   0 F  0
 Reaction Xsec    15.0-/18 @ 8 =   0.232 , Out:   0.000#


 Total SPIN, PARITY =    16.0 +,      8 chs,      0 cc.  Rmin & Coul turning =    1.2    6.8
   S-matrix    1 =    0.78338   0.23767 for L=   13, J=   14.0 channel on core I =   2.0 from L=   13,  Acc. loss =  0.0 D.
 Elastic phase shift   1 =    8.439   5.733 deg. for the L =   13, J =   14.0 channel.
      16.0  0.78337928  0.23766726i: elastic S-matrix  @@      0.00  0   0 F  0
 Reaction Xsec    16.0+/13 @ 1 =   3.749 , Out:   0.000#

   S-matrix    2 =    0.94215   0.03376 for L=   15, J=   14.0 channel on core I =   2.0 from L=   15,  Acc. loss =  0.0 D.
 Elastic phase shift   2 =    1.026   1.689 deg. for the L =   15, J =   14.0 channel.
      16.0  0.94215368  0.03375524i: elastic S-matrix  @@      0.00  0   0 F  0
 Reaction Xsec    16.0+/15 @ 2 =   1.264 , Out:   0.000#

   S-matrix    3 =    0.93848   0.07043 for L=   15, J=   15.0 channel on core I =   2.0 from L=   15,  Acc. loss =  0.0 D.
 Elastic phase shift   3 =    2.146   1.739 deg. for the L =   15, J =   15.0 channel.
      16.0  0.93847989  0.07043418i: elastic S-matrix  @@      0.00  0   0 F  0
 Reaction Xsec    16.0+/15 @ 3 =   1.299 , Out:   0.000#

   S-matrix    4 =    0.93277   0.11023 for L=   15, J=   16.0 channel on core I =   2.0 from L=   15,  Acc. loss =  0.0 D.
 Elastic phase shift   4 =    3.370   1.795 deg. for the L =   15, J =   16.0 channel.
      16.0  0.93276589  0.11023313i: elastic S-matrix  @@      0.00  0   0 F  0
 Reaction Xsec    16.0+/15 @ 4 =   1.339 , Out:   0.000#

   S-matrix    5 =    0.98093   0.00821 for L=   17, J=   16.0 channel on core I =   2.0 from L=   17,  Acc. loss =  0.0 D.
 Elastic phase shift   5 =    0.240   0.551 deg. for the L =   17, J =   16.0 channel.
      16.0  0.98092629  0.00821399i: elastic S-matrix  @@      0.00  0   0 F  0
 Reaction Xsec    16.0+/17 @ 5 =   0.429 , Out:   0.000#

   S-matrix    6 =    0.98030   0.02660 for L=   17, J=   17.0 channel on core I =   2.0 from L=   17,  Acc. loss =  0.0 D.
 Elastic phase shift   6 =    0.777   0.559 deg. for the L =   17, J =   17.0 channel.
      16.0  0.98030346  0.02660079i: elastic S-matrix  @@      0.00  0   0 F  0
 Reaction Xsec    16.0+/17 @ 6 =   0.435 , Out:   0.000#

   S-matrix    7 =    0.97925   0.04629 for L=   17, J=   18.0 channel on core I =   2.0 from L=   17,  Acc. loss =  0.0 D.
 Elastic phase shift   7 =    1.353   0.569 deg. for the L =   17, J =   18.0 channel.
      16.0  0.97924565  0.04629076i: elastic S-matrix  @@      0.00  0   0 F  0
 Reaction Xsec    16.0+/17 @ 7 =   0.443 , Out:   0.000#

   S-matrix    8 =    0.99377   0.00076 for L=   19, J=   18.0 channel on core I =   2.0 from L=   19,  Acc. loss =  0.0 D.
 Elastic phase shift   8 =    0.022   0.179 deg. for the L =   19, J =   18.0 channel.
      16.0  0.99377062  0.00075541i: elastic S-matrix  @@      0.00  0   0 F  0
 Reaction Xsec    16.0+/19 @ 8 =   0.141 , Out:   0.000#


 Total SPIN, PARITY =    16.0 -,      7 chs,      0 cc.  Rmin & Coul turning =    1.2    6.8
   S-matrix    1 =    0.89159   0.11084 for L=   14, J=   14.0 channel on core I =   2.0 from L=   14,  Acc. loss =  0.0 D.
 Elastic phase shift   1 =    3.543   3.068 deg. for the L =   14, J =   14.0 channel.
      16.0  0.89159064  0.11084308i: elastic S-matrix  @@      0.00  0   0 F  0
 Reaction Xsec    16.0-/14 @ 1 =   2.191 , Out:   0.000#

   S-matrix    2 =    0.87871   0.16550 for L=   14, J=   15.0 channel on core I =   2.0 from L=   14,  Acc. loss =  0.0 D.
 Elastic phase shift   2 =    5.333   3.205 deg. for the L =   14, J =   15.0 channel.
      16.0  0.87870965  0.16550103i: elastic S-matrix  @@      0.00  0   0 F  0
 Reaction Xsec    16.0-/14 @ 2 =   2.279 , Out:   0.000#

   S-matrix    3 =    0.96672   0.01747 for L=   16, J=   15.0 channel on core I =   2.0 from L=   16,  Acc. loss =  0.0 D.
 Elastic phase shift   3 =    0.518   0.965 deg. for the L =   16, J =   15.0 channel.
      16.0  0.96672382  0.01746927i: elastic S-matrix  @@      0.00  0   0 F  0
 Reaction Xsec    16.0-/16 @ 3 =   0.740 , Out:   0.000#

   S-matrix    4 =    0.96519   0.04361 for L=   16, J=   16.0 channel on core I =   2.0 from L=   16,  Acc. loss =  0.0 D.
 Elastic phase shift   4 =    1.294   0.986 deg. for the L =   16, J =   16.0 channel.
      16.0  0.96519285  0.04361382i: elastic S-matrix  @@      0.00  0   0 F  0
 Reaction Xsec    16.0-/16 @ 4 =   0.756 , Out:   0.000#

   S-matrix    5 =    0.96272   0.07180 for L=   16, J=   17.0 channel on core I =   2.0 from L=   16,  Acc. loss =  0.0 D.
 Elastic phase shift   5 =    2.133   1.009 deg. for the L =   16, J =   17.0 channel.
      16.0  0.96271960  0.07179896i: elastic S-matrix  @@      0.00  0   0 F  0
 Reaction Xsec    16.0-/16 @ 5 =   0.773 , Out:   0.000#

   S-matrix    6 =    0.98909   0.00325 for L=   18, J=   17.0 channel on core I =   2.0 from L=   18,  Acc. loss =  0.0 D.
 Elastic phase shift   6 =    0.094   0.314 deg. for the L =   18, J =   17.0 channel.
      16.0  0.98909110  0.00324836i: elastic S-matrix  @@      0.00  0   0 F  0
 Reaction Xsec    16.0-/18 @ 6 =   0.247 , Out:   0.000#

   S-matrix    7 =    0.98884   0.01608 for L=   18, J=   18.0 channel on core I =   2.0 from L=   18,  Acc. loss =  0.0 D.
 Elastic phase shift   7 =    0.466   0.318 deg. for the L =   18, J =   18.0 channel.
      16.0  0.98884253  0.01607815i: elastic S-matrix  @@      0.00  0   0 F  0
 Reaction Xsec    16.0-/18 @ 7 =   0.249 , Out:   0.000#


 Total SPIN, PARITY =    17.0 +,      7 chs,      0 cc.  Rmin & Coul turning =    1.4    7.2
   S-matrix    1 =    0.93848   0.07043 for L=   15, J=   15.0 channel on core I =   2.0 from L=   15,  Acc. loss =  0.0 D.
 Elastic phase shift   1 =    2.146   1.739 deg. for the L =   15, J =   15.0 channel.
      17.0  0.93847989  0.07043418i: elastic S-matrix  @@      0.00  0   0 F  0
 Reaction Xsec    17.0+/15 @ 1 =   1.378 , Out:   0.000#

   S-matrix    2 =    0.93277   0.11023 for L=   15, J=   16.0 channel on core I =   2.0 from L=   15,  Acc. loss =  0.0 D.
 Elastic phase shift   2 =    3.370   1.795 deg. for the L =   15, J =   16.0 channel.
      17.0  0.93276589  0.11023313i: elastic S-matrix  @@      0.00  0   0 F  0
 Reaction Xsec    17.0+/15 @ 2 =   1.420 , Out:   0.000#

   S-matrix    3 =    0.98093   0.00821 for L=   17, J=   16.0 channel on core I =   2.0 from L=   17,  Acc. loss =  0.0 D.
 Elastic phase shift   3 =    0.240   0.551 deg. for the L =   17, J =   16.0 channel.
      17.0  0.98092629  0.00821399i: elastic S-matrix  @@      0.00  0   0 F  0
 Reaction Xsec    17.0+/17 @ 3 =   0.455 , Out:   0.000#

   S-matrix    4 =    0.98030   0.02660 for L=   17, J=   17.0 channel on core I =   2.0 from L=   17,  Acc. loss =  0.0 D.
 Elastic phase shift   4 =    0.777   0.559 deg. for the L =   17, J =   17.0 channel.
      17.0  0.98030346  0.02660079i: elastic S-matrix  @@      0.00  0   0 F  0
 Reaction Xsec    17.0+/17 @ 4 =   0.462 , Out:   0.000#

   S-matrix    5 =    0.97925   0.04629 for L=   17, J=   18.0 channel on core I =   2.0 from L=   17,  Acc. loss =  0.0 D.
 Elastic phase shift   5 =    1.353   0.569 deg. for the L =   17, J =   18.0 channel.
      17.0  0.97924565  0.04629076i: elastic S-matrix  @@      0.00  0   0 F  0
 Reaction Xsec    17.0+/17 @ 5 =   0.469 , Out:   0.000#

   S-matrix    6 =    0.99377   0.00076 for L=   19, J=   18.0 channel on core I =   2.0 from L=   19,  Acc. loss =  0.0 D.
 Elastic phase shift   6 =    0.022   0.179 deg. for the L =   19, J =   18.0 channel.
      17.0  0.99377062  0.00075541i: elastic S-matrix  @@      0.00  0   0 F  0
 Reaction Xsec    17.0+/19 @ 6 =   0.150 , Out:   0.000#

   S-matrix    7 =    0.99367   0.00966 for L=   19, J=   19.0 channel on core I =   2.0 from L=   19,  Acc. loss =  0.0 D.
 Elastic phase shift   7 =    0.279   0.180 deg. for the L =   19, J =   19.0 channel.
      17.0  0.99367316  0.00966324i: elastic S-matrix  @@      0.00  0   0 F  0
 Reaction Xsec    17.0+/19 @ 7 =   0.151 , Out:   0.000#


 Total SPIN, PARITY =    17.0 -,      8 chs,      0 cc.  Rmin & Coul turning =    1.4    7.2
   S-matrix    1 =    0.87871   0.16550 for L=   14, J=   15.0 channel on core I =   2.0 from L=   14,  Acc. loss =  0.0 D.
 Elastic phase shift   1 =    5.333   3.205 deg. for the L =   14, J =   15.0 channel.
      17.0  0.87870965  0.16550103i: elastic S-matrix  @@      0.00  0   0 F  0
 Reaction Xsec    17.0-/14 @ 1 =   2.417 , Out:   0.000#

   S-matrix    2 =    0.96672   0.01747 for L=   16, J=   15.0 channel on core I =   2.0 from L=   16,  Acc. loss =  0.0 D.
 Elastic phase shift   2 =    0.518   0.965 deg. for the L =   16, J =   15.0 channel.
      17.0  0.96672382  0.01746927i: elastic S-matrix  @@      0.00  0   0 F  0
 Reaction Xsec    17.0-/16 @ 2 =   0.785 , Out:   0.000#

   S-matrix    3 =    0.96519   0.04361 for L=   16, J=   16.0 channel on core I =   2.0 from L=   16,  Acc. loss =  0.0 D.
 Elastic phase shift   3 =    1.294   0.986 deg. for the L =   16, J =   16.0 channel.
      17.0  0.96519285  0.04361382i: elastic S-matrix  @@      0.00  0   0 F  0
 Reaction Xsec    17.0-/16 @ 3 =   0.802 , Out:   0.000#

   S-matrix    4 =    0.96272   0.07180 for L=   16, J=   17.0 channel on core I =   2.0 from L=   16,  Acc. loss =  0.0 D.
 Elastic phase shift   4 =    2.133   1.009 deg. for the L =   16, J =   17.0 channel.
      17.0  0.96271960  0.07179896i: elastic S-matrix  @@      0.00  0   0 F  0
 Reaction Xsec    17.0-/16 @ 4 =   0.820 , Out:   0.000#

   S-matrix    5 =    0.98909   0.00325 for L=   18, J=   17.0 channel on core I =   2.0 from L=   18,  Acc. loss =  0.0 D.
 Elastic phase shift   5 =    0.094   0.314 deg. for the L =   18, J =   17.0 channel.
      17.0  0.98909110  0.00324836i: elastic S-matrix  @@      0.00  0   0 F  0
 Reaction Xsec    17.0-/18 @ 5 =   0.261 , Out:   0.000#

   S-matrix    6 =    0.98884   0.01608 for L=   18, J=   18.0 channel on core I =   2.0 from L=   18,  Acc. loss =  0.0 D.
 Elastic phase shift   6 =    0.466   0.318 deg. for the L =   18, J =   18.0 channel.
      17.0  0.98884253  0.01607815i: elastic S-matrix  @@      0.00  0   0 F  0
 Reaction Xsec    17.0-/18 @ 6 =   0.264 , Out:   0.000#

   S-matrix    7 =    0.98839   0.02974 for L=   18, J=   19.0 channel on core I =   2.0 from L=   18,  Acc. loss =  0.0 D.
 Elastic phase shift   7 =    0.862   0.322 deg. for the L =   18, J =   19.0 channel.
      17.0  0.98839258  0.02973565i: elastic S-matrix  @@      0.00  0   0 F  0
 Reaction Xsec    17.0-/18 @ 7 =   0.268 , Out:   0.000#

   S-matrix    8 =    0.99645  -0.00038 for L=   20, J=   19.0 channel on core I =   2.0 from L=   20,  Acc. loss =  0.0 D.
 Elastic phase shift   8 =   -0.011   0.102 deg. for the L =   20, J =   19.0 channel.
      17.0  0.99644725 -0.00037782i: elastic S-matrix  @@      0.00  0   0 F  0
 Reaction Xsec    17.0-/20 @ 8 =   0.086 , Out:   0.000#


 Total SPIN, PARITY =    18.0 +,      8 chs,      0 cc.  Rmin & Coul turning =    1.4    7.6
   S-matrix    1 =    0.93277   0.11023 for L=   15, J=   16.0 channel on core I =   2.0 from L=   15,  Acc. loss =  0.0 D.
 Elastic phase shift   1 =    3.370   1.795 deg. for the L =   15, J =   16.0 channel.
      18.0  0.93276589  0.11023313i: elastic S-matrix  @@      0.00  0   0 F  0
 Reaction Xsec    18.0+/15 @ 1 =   1.501 , Out:   0.000#

   S-matrix    2 =    0.98093   0.00821 for L=   17, J=   16.0 channel on core I =   2.0 from L=   17,  Acc. loss =  0.0 D.
 Elastic phase shift   2 =    0.240   0.551 deg. for the L =   17, J =   16.0 channel.
      18.0  0.98092629  0.00821399i: elastic S-matrix  @@      0.00  0   0 F  0
 Reaction Xsec    18.0+/17 @ 2 =   0.481 , Out:   0.000#

   S-matrix    3 =    0.98030   0.02660 for L=   17, J=   17.0 channel on core I =   2.0 from L=   17,  Acc. loss =  0.0 D.
 Elastic phase shift   3 =    0.777   0.559 deg. for the L =   17, J =   17.0 channel.
      18.0  0.98030346  0.02660079i: elastic S-matrix  @@      0.00  0   0 F  0
 Reaction Xsec    18.0+/17 @ 3 =   0.488 , Out:   0.000#

   S-matrix    4 =    0.97925   0.04629 for L=   17, J=   18.0 channel on core I =   2.0 from L=   17,  Acc. loss =  0.0 D.
 Elastic phase shift   4 =    1.353   0.569 deg. for the L =   17, J =   18.0 channel.
      18.0  0.97924565  0.04629076i: elastic S-matrix  @@      0.00  0   0 F  0
 Reaction Xsec    18.0+/17 @ 4 =   0.496 , Out:   0.000#

   S-matrix    5 =    0.99377   0.00076 for L=   19, J=   18.0 channel on core I =   2.0 from L=   19,  Acc. loss =  0.0 D.
 Elastic phase shift   5 =    0.022   0.179 deg. for the L =   19, J =   18.0 channel.
      18.0  0.99377062  0.00075541i: elastic S-matrix  @@      0.00  0   0 F  0
 Reaction Xsec    18.0+/19 @ 5 =   0.158 , Out:   0.000#

   S-matrix    6 =    0.99367   0.00966 for L=   19, J=   19.0 channel on core I =   2.0 from L=   19,  Acc. loss =  0.0 D.
 Elastic phase shift   6 =    0.279   0.180 deg. for the L =   19, J =   19.0 channel.
      18.0  0.99367316  0.00966324i: elastic S-matrix  @@      0.00  0   0 F  0
 Reaction Xsec    18.0+/19 @ 6 =   0.160 , Out:   0.000#

   S-matrix    7 =    0.99348   0.01910 for L=   19, J=   20.0 channel on core I =   2.0 from L=   19,  Acc. loss =  0.0 D.
 Elastic phase shift   7 =    0.551   0.182 deg. for the L =   19, J =   20.0 channel.
      18.0  0.99348215  0.01909794i: elastic S-matrix  @@      0.00  0   0 F  0
 Reaction Xsec    18.0+/19 @ 7 =   0.161 , Out:   0.000#

   S-matrix    8 =    0.99798  -0.00080 for L=   21, J=   20.0 channel on core I =   2.0 from L=   21,  Acc. loss =  0.0 D.
 Elastic phase shift   8 =   -0.023   0.058 deg. for the L =   21, J =   20.0 channel.
      18.0  0.99797595 -0.00079943i: elastic S-matrix  @@      0.00  0   0 F  0
 Reaction Xsec    18.0+/21 @ 8 =   0.052 , Out:   0.000#


 Total SPIN, PARITY =    18.0 -,      7 chs,      0 cc.  Rmin & Coul turning =    1.4    7.6
   S-matrix    1 =    0.96519   0.04361 for L=   16, J=   16.0 channel on core I =   2.0 from L=   16,  Acc. loss =  0.0 D.
 Elastic phase shift   1 =    1.294   0.986 deg. for the L =   16, J =   16.0 channel.
      18.0  0.96519285  0.04361382i: elastic S-matrix  @@      0.00  0   0 F  0
 Reaction Xsec    18.0-/16 @ 1 =   0.848 , Out:   0.000#

   S-matrix    2 =    0.96272   0.07180 for L=   16, J=   17.0 channel on core I =   2.0 from L=   16,  Acc. loss =  0.0 D.
 Elastic phase shift   2 =    2.133   1.009 deg. for the L =   16, J =   17.0 channel.
      18.0  0.96271960  0.07179896i: elastic S-matrix  @@      0.00  0   0 F  0
 Reaction Xsec    18.0-/16 @ 2 =   0.867 , Out:   0.000#

   S-matrix    3 =    0.98909   0.00325 for L=   18, J=   17.0 channel on core I =   2.0 from L=   18,  Acc. loss =  0.0 D.
 Elastic phase shift   3 =    0.094   0.314 deg. for the L =   18, J =   17.0 channel.
      18.0  0.98909110  0.00324836i: elastic S-matrix  @@      0.00  0   0 F  0
 Reaction Xsec    18.0-/18 @ 3 =   0.276 , Out:   0.000#

   S-matrix    4 =    0.98884   0.01608 for L=   18, J=   18.0 channel on core I =   2.0 from L=   18,  Acc. loss =  0.0 D.
 Elastic phase shift   4 =    0.466   0.318 deg. for the L =   18, J =   18.0 channel.
      18.0  0.98884253  0.01607815i: elastic S-matrix  @@      0.00  0   0 F  0
 Reaction Xsec    18.0-/18 @ 4 =   0.280 , Out:   0.000#

   S-matrix    5 =    0.98839   0.02974 for L=   18, J=   19.0 channel on core I =   2.0 from L=   18,  Acc. loss =  0.0 D.
 Elastic phase shift   5 =    0.862   0.322 deg. for the L =   18, J =   19.0 channel.
      18.0  0.98839258  0.02973565i: elastic S-matrix  @@      0.00  0   0 F  0
 Reaction Xsec    18.0-/18 @ 5 =   0.283 , Out:   0.000#

   S-matrix    6 =    0.99645  -0.00038 for L=   20, J=   19.0 channel on core I =   2.0 from L=   20,  Acc. loss =  0.0 D.
 Elastic phase shift   6 =   -0.011   0.102 deg. for the L =   20, J =   19.0 channel.
      18.0  0.99644725 -0.00037782i: elastic S-matrix  @@      0.00  0   0 F  0
 Reaction Xsec    18.0-/20 @ 6 =   0.090 , Out:   0.000#

   S-matrix    7 =    0.99641   0.00579 for L=   20, J=   20.0 channel on core I =   2.0 from L=   20,  Acc. loss =  0.0 D.
 Elastic phase shift   7 =    0.166   0.103 deg. for the L =   20, J =   20.0 channel.
      18.0  0.99640975  0.00578591i: elastic S-matrix  @@      0.00  0   0 F  0
 Reaction Xsec    18.0-/20 @ 7 =   0.091 , Out:   0.000#


 Total SPIN, PARITY =    19.0 +,      7 chs,      0 cc.  Rmin & Coul turning =    1.5    8.0
   S-matrix    1 =    0.98030   0.02660 for L=   17, J=   17.0 channel on core I =   2.0 from L=   17,  Acc. loss =  0.0 D.
 Elastic phase shift   1 =    0.777   0.559 deg. for the L =   17, J =   17.0 channel.
      19.0  0.98030346  0.02660079i: elastic S-matrix  @@      0.00  0   0 F  0
 Reaction Xsec    19.0+/17 @ 1 =   0.514 , Out:   0.000#

   S-matrix    2 =    0.97925   0.04629 for L=   17, J=   18.0 channel on core I =   2.0 from L=   17,  Acc. loss =  0.0 D.
 Elastic phase shift   2 =    1.353   0.569 deg. for the L =   17, J =   18.0 channel.
      19.0  0.97924565  0.04629076i: elastic S-matrix  @@      0.00  0   0 F  0
 Reaction Xsec    19.0+/17 @ 2 =   0.523 , Out:   0.000#

   S-matrix    3 =    0.99377   0.00076 for L=   19, J=   18.0 channel on core I =   2.0 from L=   19,  Acc. loss =  0.0 D.
 Elastic phase shift   3 =    0.022   0.179 deg. for the L =   19, J =   18.0 channel.
      19.0  0.99377062  0.00075541i: elastic S-matrix  @@      0.00  0   0 F  0
 Reaction Xsec    19.0+/19 @ 3 =   0.167 , Out:   0.000#

   S-matrix    4 =    0.99367   0.00966 for L=   19, J=   19.0 channel on core I =   2.0 from L=   19,  Acc. loss =  0.0 D.
 Elastic phase shift   4 =    0.279   0.180 deg. for the L =   19, J =   19.0 channel.
      19.0  0.99367316  0.00966324i: elastic S-matrix  @@      0.00  0   0 F  0
 Reaction Xsec    19.0+/19 @ 4 =   0.168 , Out:   0.000#

   S-matrix    5 =    0.99348   0.01910 for L=   19, J=   20.0 channel on core I =   2.0 from L=   19,  Acc. loss =  0.0 D.
 Elastic phase shift   5 =    0.551   0.182 deg. for the L =   19, J =   20.0 channel.
      19.0  0.99348215  0.01909794i: elastic S-matrix  @@      0.00  0   0 F  0
 Reaction Xsec    19.0+/19 @ 5 =   0.170 , Out:   0.000#

   S-matrix    6 =    0.99798  -0.00080 for L=   21, J=   20.0 channel on core I =   2.0 from L=   21,  Acc. loss =  0.0 D.
 Elastic phase shift   6 =   -0.023   0.058 deg. for the L =   21, J =   20.0 channel.
      19.0  0.99797595 -0.00079943i: elastic S-matrix  @@      0.00  0   0 F  0
 Reaction Xsec    19.0+/21 @ 6 =   0.054 , Out:   0.000#

   S-matrix    7 =    0.99796   0.00345 for L=   21, J=   21.0 channel on core I =   2.0 from L=   21,  Acc. loss =  0.0 D.
 Elastic phase shift   7 =    0.099   0.058 deg. for the L =   21, J =   21.0 channel.
      19.0  0.99796183  0.00345488i: elastic S-matrix  @@      0.00  0   0 F  0
 Reaction Xsec    19.0+/21 @ 7 =   0.055 , Out:   0.000#


 Total SPIN, PARITY =    19.0 -,      8 chs,      0 cc.  Rmin & Coul turning =    1.5    8.0
   S-matrix    1 =    0.96272   0.07180 for L=   16, J=   17.0 channel on core I =   2.0 from L=   16,  Acc. loss =  0.0 D.
 Elastic phase shift   1 =    2.133   1.009 deg. for the L =   16, J =   17.0 channel.
      19.0  0.96271960  0.07179896i: elastic S-matrix  @@      0.00  0   0 F  0
 Reaction Xsec    19.0-/16 @ 1 =   0.914 , Out:   0.000#

   S-matrix    2 =    0.98909   0.00325 for L=   18, J=   17.0 channel on core I =   2.0 from L=   18,  Acc. loss =  0.0 D.
 Elastic phase shift   2 =    0.094   0.314 deg. for the L =   18, J =   17.0 channel.
      19.0  0.98909110  0.00324836i: elastic S-matrix  @@      0.00  0   0 F  0
 Reaction Xsec    19.0-/18 @ 2 =   0.291 , Out:   0.000#

   S-matrix    3 =    0.98884   0.01608 for L=   18, J=   18.0 channel on core I =   2.0 from L=   18,  Acc. loss =  0.0 D.
 Elastic phase shift   3 =    0.466   0.318 deg. for the L =   18, J =   18.0 channel.
      19.0  0.98884253  0.01607815i: elastic S-matrix  @@      0.00  0   0 F  0
 Reaction Xsec    19.0-/18 @ 3 =   0.295 , Out:   0.000#

   S-matrix    4 =    0.98839   0.02974 for L=   18, J=   19.0 channel on core I =   2.0 from L=   18,  Acc. loss =  0.0 D.
 Elastic phase shift   4 =    0.862   0.322 deg. for the L =   18, J =   19.0 channel.
      19.0  0.98839258  0.02973565i: elastic S-matrix  @@      0.00  0   0 F  0
 Reaction Xsec    19.0-/18 @ 4 =   0.298 , Out:   0.000#

   S-matrix    5 =    0.99645  -0.00038 for L=   20, J=   19.0 channel on core I =   2.0 from L=   20,  Acc. loss =  0.0 D.
 Elastic phase shift   5 =   -0.011   0.102 deg. for the L =   20, J =   19.0 channel.
      19.0  0.99644725 -0.00037782i: elastic S-matrix  @@      0.00  0   0 F  0
 Reaction Xsec    19.0-/20 @ 5 =   0.095 , Out:   0.000#

   S-matrix    6 =    0.99641   0.00579 for L=   20, J=   20.0 channel on core I =   2.0 from L=   20,  Acc. loss =  0.0 D.
 Elastic phase shift   6 =    0.166   0.103 deg. for the L =   20, J =   20.0 channel.
      19.0  0.99640975  0.00578591i: elastic S-matrix  @@      0.00  0   0 F  0
 Reaction Xsec    19.0-/20 @ 6 =   0.096 , Out:   0.000#

   S-matrix    7 =    0.99633   0.01229 for L=   20, J=   21.0 channel on core I =   2.0 from L=   20,  Acc. loss =  0.0 D.
 Elastic phase shift   7 =    0.353   0.103 deg. for the L =   20, J =   21.0 channel.
      19.0  0.99632868  0.01228665i: elastic S-matrix  @@      0.00  0   0 F  0
 Reaction Xsec    19.0-/20 @ 7 =   0.096 , Out:   0.000#

   S-matrix    8 =    0.99885  -0.00087 for L=   22, J=   21.0 channel on core I =   2.0 from L=   22,  Acc. loss =  0.0 D.
 Elastic phase shift   8 =   -0.025   0.033 deg. for the L =   22, J =   21.0 channel.
      19.0  0.99884795 -0.00087221i: elastic S-matrix  @@      0.00  0   0 F  0
 Reaction Xsec    19.0-/22 @ 8 =   0.031 , Out:   0.000#


 Total SPIN, PARITY =    20.0 +,      8 chs,      0 cc.  Rmin & Coul turning =    1.6    8.4
   S-matrix    1 =    0.97925   0.04629 for L=   17, J=   18.0 channel on core I =   2.0 from L=   17,  Acc. loss =  0.0 D.
 Elastic phase shift   1 =    1.353   0.569 deg. for the L =   17, J =   18.0 channel.
      20.0  0.97924565  0.04629076i: elastic S-matrix  @@      0.00  0   0 F  0
 Reaction Xsec    20.0+/17 @ 1 =   0.550 , Out:   0.000#

   S-matrix    2 =    0.99377   0.00076 for L=   19, J=   18.0 channel on core I =   2.0 from L=   19,  Acc. loss =  0.0 D.
 Elastic phase shift   2 =    0.022   0.179 deg. for the L =   19, J =   18.0 channel.
      20.0  0.99377062  0.00075541i: elastic S-matrix  @@      0.00  0   0 F  0
 Reaction Xsec    20.0+/19 @ 2 =   0.175 , Out:   0.000#

   S-matrix    3 =    0.99367   0.00966 for L=   19, J=   19.0 channel on core I =   2.0 from L=   19,  Acc. loss =  0.0 D.
 Elastic phase shift   3 =    0.279   0.180 deg. for the L =   19, J =   19.0 channel.
      20.0  0.99367316  0.00966324i: elastic S-matrix  @@      0.00  0   0 F  0
 Reaction Xsec    20.0+/19 @ 3 =   0.177 , Out:   0.000#

   S-matrix    4 =    0.99348   0.01910 for L=   19, J=   20.0 channel on core I =   2.0 from L=   19,  Acc. loss =  0.0 D.
 Elastic phase shift   4 =    0.551   0.182 deg. for the L =   19, J =   20.0 channel.
      20.0  0.99348215  0.01909794i: elastic S-matrix  @@      0.00  0   0 F  0
 Reaction Xsec    20.0+/19 @ 4 =   0.178 , Out:   0.000#

   S-matrix    5 =    0.99798  -0.00080 for L=   21, J=   20.0 channel on core I =   2.0 from L=   21,  Acc. loss =  0.0 D.
 Elastic phase shift   5 =   -0.023   0.058 deg. for the L =   21, J =   20.0 channel.
      20.0  0.99797595 -0.00079943i: elastic S-matrix  @@      0.00  0   0 F  0
 Reaction Xsec    20.0+/21 @ 5 =   0.057 , Out:   0.000#

   S-matrix    6 =    0.99796   0.00345 for L=   21, J=   21.0 channel on core I =   2.0 from L=   21,  Acc. loss =  0.0 D.
 Elastic phase shift   6 =    0.099   0.058 deg. for the L =   21, J =   21.0 channel.
      20.0  0.99796183  0.00345488i: elastic S-matrix  @@      0.00  0   0 F  0
 Reaction Xsec    20.0+/21 @ 6 =   0.057 , Out:   0.000#

   S-matrix    7 =    0.99793   0.00793 for L=   21, J=   22.0 channel on core I =   2.0 from L=   21,  Acc. loss =  0.0 D.
 Elastic phase shift   7 =    0.228   0.059 deg. for the L =   21, J =   22.0 channel.
      20.0  0.99792739  0.00792594i: elastic S-matrix  @@      0.00  0   0 F  0
 Reaction Xsec    20.0+/21 @ 7 =   0.058 , Out:   0.000#

   S-matrix    8 =    0.99934  -0.00079 for L=   23, J=   22.0 channel on core I =   2.0 from L=   23,  Acc. loss =  0.0 D.
 Elastic phase shift   8 =   -0.023   0.019 deg. for the L =   23, J =   22.0 channel.
      20.0  0.99934481 -0.00079153i: elastic S-matrix  @@      0.00  0   0 F  0
 Reaction Xsec    20.0+/23 @ 8 =   0.018 , Out:   0.000#


 Total SPIN, PARITY =    20.0 -,      7 chs,      0 cc.  Rmin & Coul turning =    1.6    8.4
   S-matrix    1 =    0.98884   0.01608 for L=   18, J=   18.0 channel on core I =   2.0 from L=   18,  Acc. loss =  0.0 D.
 Elastic phase shift   1 =    0.466   0.318 deg. for the L =   18, J =   18.0 channel.
      20.0  0.98884253  0.01607815i: elastic S-matrix  @@      0.00  0   0 F  0
 Reaction Xsec    20.0-/18 @ 1 =   0.310 , Out:   0.000#

   S-matrix    2 =    0.98839   0.02974 for L=   18, J=   19.0 channel on core I =   2.0 from L=   18,  Acc. loss =  0.0 D.
 Elastic phase shift   2 =    0.862   0.322 deg. for the L =   18, J =   19.0 channel.
      20.0  0.98839258  0.02973565i: elastic S-matrix  @@      0.00  0   0 F  0
 Reaction Xsec    20.0-/18 @ 2 =   0.313 , Out:   0.000#

   S-matrix    3 =    0.99645  -0.00038 for L=   20, J=   19.0 channel on core I =   2.0 from L=   20,  Acc. loss =  0.0 D.
 Elastic phase shift   3 =   -0.011   0.102 deg. for the L =   20, J =   19.0 channel.
      20.0  0.99644725 -0.00037782i: elastic S-matrix  @@      0.00  0   0 F  0
 Reaction Xsec    20.0-/20 @ 3 =   0.100 , Out:   0.000#

   S-matrix    4 =    0.99641   0.00579 for L=   20, J=   20.0 channel on core I =   2.0 from L=   20,  Acc. loss =  0.0 D.
 Elastic phase shift   4 =    0.166   0.103 deg. for the L =   20, J =   20.0 channel.
      20.0  0.99640975  0.00578591i: elastic S-matrix  @@      0.00  0   0 F  0
 Reaction Xsec    20.0-/20 @ 4 =   0.101 , Out:   0.000#

   S-matrix    5 =    0.99633   0.01229 for L=   20, J=   21.0 channel on core I =   2.0 from L=   20,  Acc. loss =  0.0 D.
 Elastic phase shift   5 =    0.353   0.103 deg. for the L =   20, J =   21.0 channel.
      20.0  0.99632868  0.01228665i: elastic S-matrix  @@      0.00  0   0 F  0
 Reaction Xsec    20.0-/20 @ 5 =   0.101 , Out:   0.000#

   S-matrix    6 =    0.99885  -0.00087 for L=   22, J=   21.0 channel on core I =   2.0 from L=   22,  Acc. loss =  0.0 D.
 Elastic phase shift   6 =   -0.025   0.033 deg. for the L =   22, J =   21.0 channel.
      20.0  0.99884795 -0.00087221i: elastic S-matrix  @@      0.00  0   0 F  0
 Reaction Xsec    20.0-/22 @ 6 =   0.033 , Out:   0.000#

   S-matrix    7 =    0.99884   0.00206 for L=   22, J=   22.0 channel on core I =   2.0 from L=   22,  Acc. loss =  0.0 D.
 Elastic phase shift   7 =    0.059   0.033 deg. for the L =   22, J =   22.0 channel.
      20.0  0.99884278  0.00205849i: elastic S-matrix  @@      0.00  0   0 F  0
 Reaction Xsec    20.0-/22 @ 7 =   0.033 , Out:   0.000#


 Total SPIN, PARITY =    21.0 +,      7 chs,      0 cc.  Rmin & Coul turning =    1.7    8.8
   S-matrix    1 =    0.99367   0.00966 for L=   19, J=   19.0 channel on core I =   2.0 from L=   19,  Acc. loss =  0.0 D.
 Elastic phase shift   1 =    0.279   0.180 deg. for the L =   19, J =   19.0 channel.
      21.0  0.99367316  0.00966324i: elastic S-matrix  @@      0.00  0   0 F  0
 Reaction Xsec    21.0+/19 @ 1 =   0.185 , Out:   0.000#

   S-matrix    2 =    0.99348   0.01910 for L=   19, J=   20.0 channel on core I =   2.0 from L=   19,  Acc. loss =  0.0 D.
 Elastic phase shift   2 =    0.551   0.182 deg. for the L =   19, J =   20.0 channel.
      21.0  0.99348215  0.01909794i: elastic S-matrix  @@      0.00  0   0 F  0
 Reaction Xsec    21.0+/19 @ 2 =   0.187 , Out:   0.000#

   S-matrix    3 =    0.99798  -0.00080 for L=   21, J=   20.0 channel on core I =   2.0 from L=   21,  Acc. loss =  0.0 D.
 Elastic phase shift   3 =   -0.023   0.058 deg. for the L =   21, J =   20.0 channel.
      21.0  0.99797595 -0.00079943i: elastic S-matrix  @@      0.00  0   0 F  0
 Reaction Xsec    21.0+/21 @ 3 =   0.060 , Out:   0.000#

   S-matrix    4 =    0.99796   0.00345 for L=   21, J=   21.0 channel on core I =   2.0 from L=   21,  Acc. loss =  0.0 D.
 Elastic phase shift   4 =    0.099   0.058 deg. for the L =   21, J =   21.0 channel.
      21.0  0.99796183  0.00345488i: elastic S-matrix  @@      0.00  0   0 F  0
 Reaction Xsec    21.0+/21 @ 4 =   0.060 , Out:   0.000#

   S-matrix    5 =    0.99793   0.00793 for L=   21, J=   22.0 channel on core I =   2.0 from L=   21,  Acc. loss =  0.0 D.
 Elastic phase shift   5 =    0.228   0.059 deg. for the L =   21, J =   22.0 channel.
      21.0  0.99792739  0.00792594i: elastic S-matrix  @@      0.00  0   0 F  0
 Reaction Xsec    21.0+/21 @ 5 =   0.060 , Out:   0.000#

   S-matrix    6 =    0.99934  -0.00079 for L=   23, J=   22.0 channel on core I =   2.0 from L=   23,  Acc. loss =  0.0 D.
 Elastic phase shift   6 =   -0.023   0.019 deg. for the L =   23, J =   22.0 channel.
      21.0  0.99934481 -0.00079153i: elastic S-matrix  @@      0.00  0   0 F  0
 Reaction Xsec    21.0+/23 @ 6 =   0.019 , Out:   0.000#

   S-matrix    7 =    0.99934   0.00122 for L=   23, J=   23.0 channel on core I =   2.0 from L=   23,  Acc. loss =  0.0 D.
 Elastic phase shift   7 =    0.035   0.019 deg. for the L =   23, J =   23.0 channel.
      21.0  0.99934299  0.00122417i: elastic S-matrix  @@      0.00  0   0 F  0
 Reaction Xsec    21.0+/23 @ 7 =   0.019 , Out:   0.000#


 Total SPIN, PARITY =    21.0 -,      8 chs,      0 cc.  Rmin & Coul turning =    1.7    8.8
   S-matrix    1 =    0.98839   0.02974 for L=   18, J=   19.0 channel on core I =   2.0 from L=   18,  Acc. loss =  0.0 D.
 Elastic phase shift   1 =    0.862   0.322 deg. for the L =   18, J =   19.0 channel.
      21.0  0.98839258  0.02973565i: elastic S-matrix  @@      0.00  0   0 F  0
 Reaction Xsec    21.0-/18 @ 1 =   0.329 , Out:   0.000#

   S-matrix    2 =    0.99645  -0.00038 for L=   20, J=   19.0 channel on core I =   2.0 from L=   20,  Acc. loss =  0.0 D.
 Elastic phase shift   2 =   -0.011   0.102 deg. for the L =   20, J =   19.0 channel.
      21.0  0.99644725 -0.00037782i: elastic S-matrix  @@      0.00  0   0 F  0
 Reaction Xsec    21.0-/20 @ 2 =   0.105 , Out:   0.000#

   S-matrix    3 =    0.99641   0.00579 for L=   20, J=   20.0 channel on core I =   2.0 from L=   20,  Acc. loss =  0.0 D.
 Elastic phase shift   3 =    0.166   0.103 deg. for the L =   20, J =   20.0 channel.
      21.0  0.99640975  0.00578591i: elastic S-matrix  @@      0.00  0   0 F  0
 Reaction Xsec    21.0-/20 @ 3 =   0.106 , Out:   0.000#

   S-matrix    4 =    0.99633   0.01229 for L=   20, J=   21.0 channel on core I =   2.0 from L=   20,  Acc. loss =  0.0 D.
 Elastic phase shift   4 =    0.353   0.103 deg. for the L =   20, J =   21.0 channel.
      21.0  0.99632868  0.01228665i: elastic S-matrix  @@      0.00  0   0 F  0
 Reaction Xsec    21.0-/20 @ 4 =   0.106 , Out:   0.000#

   S-matrix    5 =    0.99885  -0.00087 for L=   22, J=   21.0 channel on core I =   2.0 from L=   22,  Acc. loss =  0.0 D.
 Elastic phase shift   5 =   -0.025   0.033 deg. for the L =   22, J =   21.0 channel.
      21.0  0.99884795 -0.00087221i: elastic S-matrix  @@      0.00  0   0 F  0
 Reaction Xsec    21.0-/22 @ 5 =   0.034 , Out:   0.000#

   S-matrix    6 =    0.99884   0.00206 for L=   22, J=   22.0 channel on core I =   2.0 from L=   22,  Acc. loss =  0.0 D.
 Elastic phase shift   6 =    0.059   0.033 deg. for the L =   22, J =   22.0 channel.
      21.0  0.99884278  0.00205849i: elastic S-matrix  @@      0.00  0   0 F  0
 Reaction Xsec    21.0-/22 @ 6 =   0.034 , Out:   0.000#

   S-matrix    7 =    0.99883   0.00513 for L=   22, J=   23.0 channel on core I =   2.0 from L=   22,  Acc. loss =  0.0 D.
 Elastic phase shift   7 =    0.147   0.033 deg. for the L =   22, J =   23.0 channel.
      21.0  0.99882811  0.00512931i: elastic S-matrix  @@      0.00  0   0 F  0
 Reaction Xsec    21.0-/22 @ 7 =   0.034 , Out:   0.000#

   S-matrix    8 =    0.99963  -0.00066 for L=   24, J=   23.0 channel on core I =   2.0 from L=   24,  Acc. loss =  0.0 D.
 Elastic phase shift   8 =   -0.019   0.011 deg. for the L =   24, J =   23.0 channel.
      21.0  0.99962766 -0.00065780i: elastic S-matrix  @@      0.00  0   0 F  0
 Reaction Xsec    21.0-/24 @ 8 =   0.011 , Out:   0.000#


 Total SPIN, PARITY =    22.0 +,      8 chs,      0 cc.  Rmin & Coul turning =    1.8    9.2
   S-matrix    1 =    0.99348   0.01910 for L=   19, J=   20.0 channel on core I =   2.0 from L=   19,  Acc. loss =  0.0 D.
 Elastic phase shift   1 =    0.551   0.182 deg. for the L =   19, J =   20.0 channel.
      22.0  0.99348215  0.01909794i: elastic S-matrix  @@      0.00  0   0 F  0
 Reaction Xsec    22.0+/19 @ 1 =   0.196 , Out:   0.000#

   S-matrix    2 =    0.99798  -0.00080 for L=   21, J=   20.0 channel on core I =   2.0 from L=   21,  Acc. loss =  0.0 D.
 Elastic phase shift   2 =   -0.023   0.058 deg. for the L =   21, J =   20.0 channel.
      22.0  0.99797595 -0.00079943i: elastic S-matrix  @@      0.00  0   0 F  0
 Reaction Xsec    22.0+/21 @ 2 =   0.063 , Out:   0.000#

   S-matrix    3 =    0.99796   0.00345 for L=   21, J=   21.0 channel on core I =   2.0 from L=   21,  Acc. loss =  0.0 D.
 Elastic phase shift   3 =    0.099   0.058 deg. for the L =   21, J =   21.0 channel.
      22.0  0.99796183  0.00345488i: elastic S-matrix  @@      0.00  0   0 F  0
 Reaction Xsec    22.0+/21 @ 3 =   0.063 , Out:   0.000#

   S-matrix    4 =    0.99793   0.00793 for L=   21, J=   22.0 channel on core I =   2.0 from L=   21,  Acc. loss =  0.0 D.
 Elastic phase shift   4 =    0.228   0.059 deg. for the L =   21, J =   22.0 channel.
      22.0  0.99792739  0.00792594i: elastic S-matrix  @@      0.00  0   0 F  0
 Reaction Xsec    22.0+/21 @ 4 =   0.063 , Out:   0.000#

   S-matrix    5 =    0.99934  -0.00079 for L=   23, J=   22.0 channel on core I =   2.0 from L=   23,  Acc. loss =  0.0 D.
 Elastic phase shift   5 =   -0.023   0.019 deg. for the L =   23, J =   22.0 channel.
      22.0  0.99934481 -0.00079153i: elastic S-matrix  @@      0.00  0   0 F  0
 Reaction Xsec    22.0+/23 @ 5 =   0.020 , Out:   0.000#

   S-matrix    6 =    0.99934   0.00122 for L=   23, J=   23.0 channel on core I =   2.0 from L=   23,  Acc. loss =  0.0 D.
 Elastic phase shift   6 =    0.035   0.019 deg. for the L =   23, J =   23.0 channel.
      22.0  0.99934299  0.00122417i: elastic S-matrix  @@      0.00  0   0 F  0
 Reaction Xsec    22.0+/23 @ 6 =   0.020 , Out:   0.000#

   S-matrix    7 =    0.99934   0.00333 for L=   23, J=   24.0 channel on core I =   2.0 from L=   23,  Acc. loss =  0.0 D.
 Elastic phase shift   7 =    0.095   0.019 deg. for the L =   23, J =   24.0 channel.
      22.0  0.99933673  0.00333087i: elastic S-matrix  @@      0.00  0   0 F  0
 Reaction Xsec    22.0+/23 @ 7 =   0.020 , Out:   0.000#

   S-matrix    8 =    0.99979  -0.00052 for L=   25, J=   24.0 channel on core I =   2.0 from L=   25,  Acc. loss =  0.0 D.
 Elastic phase shift   8 =   -0.015   0.006 deg. for the L =   25, J =   24.0 channel.
      22.0  0.99978853 -0.00051925i: elastic S-matrix  @@      0.00  0   0 F  0
 Reaction Xsec    22.0+/25 @ 8 =   6.551/, Out:   0.000#


 Total SPIN, PARITY =    22.0 -,      7 chs,      0 cc.  Rmin & Coul turning =    1.8    9.2
   S-matrix    1 =    0.99641   0.00579 for L=   20, J=   20.0 channel on core I =   2.0 from L=   20,  Acc. loss =  0.0 D.
 Elastic phase shift   1 =    0.166   0.103 deg. for the L =   20, J =   20.0 channel.
      22.0  0.99640975  0.00578591i: elastic S-matrix  @@      0.00  0   0 F  0
 Reaction Xsec    22.0-/20 @ 1 =   0.111 , Out:   0.000#

   S-matrix    2 =    0.99633   0.01229 for L=   20, J=   21.0 channel on core I =   2.0 from L=   20,  Acc. loss =  0.0 D.
 Elastic phase shift   2 =    0.353   0.103 deg. for the L =   20, J =   21.0 channel.
      22.0  0.99632868  0.01228665i: elastic S-matrix  @@      0.00  0   0 F  0
 Reaction Xsec    22.0-/20 @ 2 =   0.111 , Out:   0.000#

   S-matrix    3 =    0.99885  -0.00087 for L=   22, J=   21.0 channel on core I =   2.0 from L=   22,  Acc. loss =  0.0 D.
 Elastic phase shift   3 =   -0.025   0.033 deg. for the L =   22, J =   21.0 channel.
      22.0  0.99884795 -0.00087221i: elastic S-matrix  @@      0.00  0   0 F  0
 Reaction Xsec    22.0-/22 @ 3 =   0.036 , Out:   0.000#

   S-matrix    4 =    0.99884   0.00206 for L=   22, J=   22.0 channel on core I =   2.0 from L=   22,  Acc. loss =  0.0 D.
 Elastic phase shift   4 =    0.059   0.033 deg. for the L =   22, J =   22.0 channel.
      22.0  0.99884278  0.00205849i: elastic S-matrix  @@      0.00  0   0 F  0
 Reaction Xsec    22.0-/22 @ 4 =   0.036 , Out:   0.000#

   S-matrix    5 =    0.99883   0.00513 for L=   22, J=   23.0 channel on core I =   2.0 from L=   22,  Acc. loss =  0.0 D.
 Elastic phase shift   5 =    0.147   0.033 deg. for the L =   22, J =   23.0 channel.
      22.0  0.99882811  0.00512931i: elastic S-matrix  @@      0.00  0   0 F  0
 Reaction Xsec    22.0-/22 @ 5 =   0.036 , Out:   0.000#

   S-matrix    6 =    0.99963  -0.00066 for L=   24, J=   23.0 channel on core I =   2.0 from L=   24,  Acc. loss =  0.0 D.
 Elastic phase shift   6 =   -0.019   0.011 deg. for the L =   24, J =   23.0 channel.
      22.0  0.99962766 -0.00065780i: elastic S-matrix  @@      0.00  0   0 F  0
 Reaction Xsec    22.0-/24 @ 6 =   0.012 , Out:   0.000#

   S-matrix    7 =    0.99963   0.00073 for L=   24, J=   24.0 channel on core I =   2.0 from L=   24,  Acc. loss =  0.0 D.
 Elastic phase shift   7 =    0.021   0.011 deg. for the L =   24, J =   24.0 channel.
      22.0  0.99962705  0.00072674i: elastic S-matrix  @@      0.00  0   0 F  0
 Reaction Xsec    22.0-/24 @ 7 =   0.012 , Out:   0.000#


 Total SPIN, PARITY =    23.0 +,      7 chs,      0 cc.  Rmin & Coul turning =    1.8    9.6
   S-matrix    1 =    0.99796   0.00345 for L=   21, J=   21.0 channel on core I =   2.0 from L=   21,  Acc. loss =  0.0 D.
 Elastic phase shift   1 =    0.099   0.058 deg. for the L =   21, J =   21.0 channel.
      23.0  0.99796183  0.00345488i: elastic S-matrix  @@      0.00  0   0 F  0
 Reaction Xsec    23.0+/21 @ 1 =   0.066 , Out:   0.000#

   S-matrix    2 =    0.99793   0.00793 for L=   21, J=   22.0 channel on core I =   2.0 from L=   21,  Acc. loss =  0.0 D.
 Elastic phase shift   2 =    0.228   0.059 deg. for the L =   21, J =   22.0 channel.
      23.0  0.99792739  0.00792594i: elastic S-matrix  @@      0.00  0   0 F  0
 Reaction Xsec    23.0+/21 @ 2 =   0.066 , Out:   0.000#

   S-matrix    3 =    0.99934  -0.00079 for L=   23, J=   22.0 channel on core I =   2.0 from L=   23,  Acc. loss =  0.0 D.
 Elastic phase shift   3 =   -0.023   0.019 deg. for the L =   23, J =   22.0 channel.
      23.0  0.99934481 -0.00079153i: elastic S-matrix  @@      0.00  0   0 F  0
 Reaction Xsec    23.0+/23 @ 3 =   0.021 , Out:   0.000#

   S-matrix    4 =    0.99934   0.00122 for L=   23, J=   23.0 channel on core I =   2.0 from L=   23,  Acc. loss =  0.0 D.
 Elastic phase shift   4 =    0.035   0.019 deg. for the L =   23, J =   23.0 channel.
      23.0  0.99934299  0.00122417i: elastic S-matrix  @@      0.00  0   0 F  0
 Reaction Xsec    23.0+/23 @ 4 =   0.021 , Out:   0.000#

   S-matrix    5 =    0.99934   0.00333 for L=   23, J=   24.0 channel on core I =   2.0 from L=   23,  Acc. loss =  0.0 D.
 Elastic phase shift   5 =    0.095   0.019 deg. for the L =   23, J =   24.0 channel.
      23.0  0.99933673  0.00333087i: elastic S-matrix  @@      0.00  0   0 F  0
 Reaction Xsec    23.0+/23 @ 5 =   0.021 , Out:   0.000#

   S-matrix    6 =    0.99979  -0.00052 for L=   25, J=   24.0 channel on core I =   2.0 from L=   25,  Acc. loss =  0.0 D.
 Elastic phase shift   6 =   -0.015   0.006 deg. for the L =   25, J =   24.0 channel.
      23.0  0.99978853 -0.00051925i: elastic S-matrix  @@      0.00  0   0 F  0
 Reaction Xsec    23.0+/25 @ 6 =   6.842/, Out:   0.000#

   S-matrix    7 =    0.99979   0.00043 for L=   25, J=   25.0 channel on core I =   2.0 from L=   25,  Acc. loss =  0.0 D.
 Elastic phase shift   7 =    0.012   0.006 deg. for the L =   25, J =   25.0 channel.
      23.0  0.99978835  0.00043069i: elastic S-matrix  @@      0.00  0   0 F  0
 Reaction Xsec    23.0+/25 @ 7 =   6.849/, Out:   0.000#


 Total SPIN, PARITY =    23.0 -,      8 chs,      0 cc.  Rmin & Coul turning =    1.8    9.6
   S-matrix    1 =    0.99633   0.01229 for L=   20, J=   21.0 channel on core I =   2.0 from L=   20,  Acc. loss =  0.0 D.
 Elastic phase shift   1 =    0.353   0.103 deg. for the L =   20, J =   21.0 channel.
      23.0  0.99632868  0.01228665i: elastic S-matrix  @@      0.00  0   0 F  0
 Reaction Xsec    23.0-/20 @ 1 =   0.116 , Out:   0.000#

   S-matrix    2 =    0.99885  -0.00087 for L=   22, J=   21.0 channel on core I =   2.0 from L=   22,  Acc. loss =  0.0 D.
 Elastic phase shift   2 =   -0.025   0.033 deg. for the L =   22, J =   21.0 channel.
      23.0  0.99884795 -0.00087221i: elastic S-matrix  @@      0.00  0   0 F  0
 Reaction Xsec    23.0-/22 @ 2 =   0.037 , Out:   0.000#

   S-matrix    3 =    0.99884   0.00206 for L=   22, J=   22.0 channel on core I =   2.0 from L=   22,  Acc. loss =  0.0 D.
 Elastic phase shift   3 =    0.059   0.033 deg. for the L =   22, J =   22.0 channel.
      23.0  0.99884278  0.00205849i: elastic S-matrix  @@      0.00  0   0 F  0
 Reaction Xsec    23.0-/22 @ 3 =   0.037 , Out:   0.000#

   S-matrix    4 =    0.99883   0.00513 for L=   22, J=   23.0 channel on core I =   2.0 from L=   22,  Acc. loss =  0.0 D.
 Elastic phase shift   4 =    0.147   0.033 deg. for the L =   22, J =   23.0 channel.
      23.0  0.99882811  0.00512931i: elastic S-matrix  @@      0.00  0   0 F  0
 Reaction Xsec    23.0-/22 @ 4 =   0.037 , Out:   0.000#

   S-matrix    5 =    0.99963  -0.00066 for L=   24, J=   23.0 channel on core I =   2.0 from L=   24,  Acc. loss =  0.0 D.
 Elastic phase shift   5 =   -0.019   0.011 deg. for the L =   24, J =   23.0 channel.
      23.0  0.99962766 -0.00065780i: elastic S-matrix  @@      0.00  0   0 F  0
 Reaction Xsec    23.0-/24 @ 5 =   0.012 , Out:   0.000#

   S-matrix    6 =    0.99963   0.00073 for L=   24, J=   24.0 channel on core I =   2.0 from L=   24,  Acc. loss =  0.0 D.
 Elastic phase shift   6 =    0.021   0.011 deg. for the L =   24, J =   24.0 channel.
      23.0  0.99962705  0.00072674i: elastic S-matrix  @@      0.00  0   0 F  0
 Reaction Xsec    23.0-/24 @ 6 =   0.012 , Out:   0.000#

   S-matrix    7 =    0.99962   0.00217 for L=   24, J=   25.0 channel on core I =   2.0 from L=   24,  Acc. loss =  0.0 D.
 Elastic phase shift   7 =    0.062   0.011 deg. for the L =   24, J =   25.0 channel.
      23.0  0.99962437  0.00217060i: elastic S-matrix  @@      0.00  0   0 F  0
 Reaction Xsec    23.0-/24 @ 7 =   0.012 , Out:   0.000#

   S-matrix    8 =    0.99988  -0.00040 for L=   26, J=   25.0 channel on core I =   2.0 from L=   26,  Acc. loss =  0.0 D.
 Elastic phase shift   8 =   -0.011   0.003 deg. for the L =   26, J =   25.0 channel.
      23.0  0.99987997 -0.00039629i: elastic S-matrix  @@      0.00  0   0 F  0
 Reaction Xsec    23.0-/26 @ 8 =   3.883/, Out:   0.000#


 Total SPIN, PARITY =    24.0 +,      8 chs,      0 cc.  Rmin & Coul turning =    1.9   10.0
   S-matrix    1 =    0.99793   0.00793 for L=   21, J=   22.0 channel on core I =   2.0 from L=   21,  Acc. loss =  0.0 D.
 Elastic phase shift   1 =    0.228   0.059 deg. for the L =   21, J =   22.0 channel.
      24.0  0.99792739  0.00792594i: elastic S-matrix  @@      0.00  0   0 F  0
 Reaction Xsec    24.0+/21 @ 1 =   0.069 , Out:   0.000#

   S-matrix    2 =    0.99934  -0.00079 for L=   23, J=   22.0 channel on core I =   2.0 from L=   23,  Acc. loss =  0.0 D.
 Elastic phase shift   2 =   -0.023   0.019 deg. for the L =   23, J =   22.0 channel.
      24.0  0.99934481 -0.00079153i: elastic S-matrix  @@      0.00  0   0 F  0
 Reaction Xsec    24.0+/23 @ 2 =   0.022 , Out:   0.000#

   S-matrix    3 =    0.99934   0.00122 for L=   23, J=   23.0 channel on core I =   2.0 from L=   23,  Acc. loss =  0.0 D.
 Elastic phase shift   3 =    0.035   0.019 deg. for the L =   23, J =   23.0 channel.
      24.0  0.99934299  0.00122417i: elastic S-matrix  @@      0.00  0   0 F  0
 Reaction Xsec    24.0+/23 @ 3 =   0.022 , Out:   0.000#

   S-matrix    4 =    0.99934   0.00333 for L=   23, J=   24.0 channel on core I =   2.0 from L=   23,  Acc. loss =  0.0 D.
 Elastic phase shift   4 =    0.095   0.019 deg. for the L =   23, J =   24.0 channel.
      24.0  0.99933673  0.00333087i: elastic S-matrix  @@      0.00  0   0 F  0
 Reaction Xsec    24.0+/23 @ 4 =   0.022 , Out:   0.000#

   S-matrix    5 =    0.99979  -0.00052 for L=   25, J=   24.0 channel on core I =   2.0 from L=   25,  Acc. loss =  0.0 D.
 Elastic phase shift   5 =   -0.015   0.006 deg. for the L =   25, J =   24.0 channel.
      24.0  0.99978853 -0.00051925i: elastic S-matrix  @@      0.00  0   0 F  0
 Reaction Xsec    24.0+/25 @ 5 =   7.133/, Out:   0.000#

   S-matrix    6 =    0.99979   0.00043 for L=   25, J=   25.0 channel on core I =   2.0 from L=   25,  Acc. loss =  0.0 D.
 Elastic phase shift   6 =    0.012   0.006 deg. for the L =   25, J =   25.0 channel.
      24.0  0.99978835  0.00043069i: elastic S-matrix  @@      0.00  0   0 F  0
 Reaction Xsec    24.0+/25 @ 6 =   7.140/, Out:   0.000#

   S-matrix    7 =    0.99979   0.00142 for L=   25, J=   26.0 channel on core I =   2.0 from L=   25,  Acc. loss =  0.0 D.
 Elastic phase shift   7 =    0.041   0.006 deg. for the L =   25, J =   26.0 channel.
      24.0  0.99978720  0.00141941i: elastic S-matrix  @@      0.00  0   0 F  0
 Reaction Xsec    24.0+/25 @ 7 =   7.148/, Out:   0.000#

   S-matrix    8 =    0.99993  -0.00030 for L=   27, J=   26.0 channel on core I =   2.0 from L=   27,  Acc. loss =  0.0 D.
 Elastic phase shift   8 =   -0.008   0.002 deg. for the L =   27, J =   26.0 channel.
      24.0  0.99993190 -0.00029539i: elastic S-matrix  @@      0.00  0   0 F  0
 Reaction Xsec    24.0+/27 @ 8 =   2.297/, Out:   0.000#


 Total SPIN, PARITY =    24.0 -,      7 chs,      0 cc.  Rmin & Coul turning =    1.9   10.0
   S-matrix    1 =    0.99884   0.00206 for L=   22, J=   22.0 channel on core I =   2.0 from L=   22,  Acc. loss =  0.0 D.
 Elastic phase shift   1 =    0.059   0.033 deg. for the L =   22, J =   22.0 channel.
      24.0  0.99884278  0.00205849i: elastic S-matrix  @@      0.00  0   0 F  0
 Reaction Xsec    24.0-/22 @ 1 =   0.039 , Out:   0.000#

   S-matrix    2 =    0.99883   0.00513 for L=   22, J=   23.0 channel on core I =   2.0 from L=   22,  Acc. loss =  0.0 D.
 Elastic phase shift   2 =    0.147   0.033 deg. for the L =   22, J =   23.0 channel.
      24.0  0.99882811  0.00512931i: elastic S-matrix  @@      0.00  0   0 F  0
 Reaction Xsec    24.0-/22 @ 2 =   0.039 , Out:   0.000#

   S-matrix    3 =    0.99963  -0.00066 for L=   24, J=   23.0 channel on core I =   2.0 from L=   24,  Acc. loss =  0.0 D.
 Elastic phase shift   3 =   -0.019   0.011 deg. for the L =   24, J =   23.0 channel.
      24.0  0.99962766 -0.00065780i: elastic S-matrix  @@      0.00  0   0 F  0
 Reaction Xsec    24.0-/24 @ 3 =   0.013 , Out:   0.000#

   S-matrix    4 =    0.99963   0.00073 for L=   24, J=   24.0 channel on core I =   2.0 from L=   24,  Acc. loss =  0.0 D.
 Elastic phase shift   4 =    0.021   0.011 deg. for the L =   24, J =   24.0 channel.
      24.0  0.99962705  0.00072674i: elastic S-matrix  @@      0.00  0   0 F  0
 Reaction Xsec    24.0-/24 @ 4 =   0.013 , Out:   0.000#

   S-matrix    5 =    0.99962   0.00217 for L=   24, J=   25.0 channel on core I =   2.0 from L=   24,  Acc. loss =  0.0 D.
 Elastic phase shift   5 =    0.062   0.011 deg. for the L =   24, J =   25.0 channel.
      24.0  0.99962437  0.00217060i: elastic S-matrix  @@      0.00  0   0 F  0
 Reaction Xsec    24.0-/24 @ 5 =   0.013 , Out:   0.000#

   S-matrix    6 =    0.99988  -0.00040 for L=   26, J=   25.0 channel on core I =   2.0 from L=   26,  Acc. loss =  0.0 D.
 Elastic phase shift   6 =   -0.011   0.003 deg. for the L =   26, J =   25.0 channel.
      24.0  0.99987997 -0.00039629i: elastic S-matrix  @@      0.00  0   0 F  0
 Reaction Xsec    24.0-/26 @ 6 =   4.049/, Out:   0.000#

   S-matrix    7 =    0.99988   0.00025 for L=   26, J=   26.0 channel on core I =   2.0 from L=   26,  Acc. loss =  0.0 D.
 Elastic phase shift   7 =    0.007   0.003 deg. for the L =   26, J =   26.0 channel.
      24.0  0.99987993  0.00025480i: elastic S-matrix  @@      0.00  0   0 F  0
 Reaction Xsec    24.0-/26 @ 7 =   4.052/, Out:   0.000#


 Total SPIN, PARITY =    25.0 +,      7 chs,      0 cc.  Rmin & Coul turning =    2.0   10.4
   S-matrix    1 =    0.99934   0.00122 for L=   23, J=   23.0 channel on core I =   2.0 from L=   23,  Acc. loss =  0.0 D.
 Elastic phase shift   1 =    0.035   0.019 deg. for the L =   23, J =   23.0 channel.
      25.0  0.99934299  0.00122417i: elastic S-matrix  @@      0.00  0   0 F  0
 Reaction Xsec    25.0+/23 @ 1 =   0.023 , Out:   0.000#

   S-matrix    2 =    0.99934   0.00333 for L=   23, J=   24.0 channel on core I =   2.0 from L=   23,  Acc. loss =  0.0 D.
 Elastic phase shift   2 =    0.095   0.019 deg. for the L =   23, J =   24.0 channel.
      25.0  0.99933673  0.00333087i: elastic S-matrix  @@      0.00  0   0 F  0
 Reaction Xsec    25.0+/23 @ 2 =   0.023 , Out:   0.000#

   S-matrix    3 =    0.99979  -0.00052 for L=   25, J=   24.0 channel on core I =   2.0 from L=   25,  Acc. loss =  0.0 D.
 Elastic phase shift   3 =   -0.015   0.006 deg. for the L =   25, J =   24.0 channel.
      25.0  0.99978853 -0.00051925i: elastic S-matrix  @@      0.00  0   0 F  0
 Reaction Xsec    25.0+/25 @ 3 =   7.424/, Out:   0.000#

   S-matrix    4 =    0.99979   0.00043 for L=   25, J=   25.0 channel on core I =   2.0 from L=   25,  Acc. loss =  0.0 D.
 Elastic phase shift   4 =    0.012   0.006 deg. for the L =   25, J =   25.0 channel.
      25.0  0.99978835  0.00043069i: elastic S-matrix  @@      0.00  0   0 F  0
 Reaction Xsec    25.0+/25 @ 4 =   7.432/, Out:   0.000#

   S-matrix    5 =    0.99979   0.00142 for L=   25, J=   26.0 channel on core I =   2.0 from L=   25,  Acc. loss =  0.0 D.
 Elastic phase shift   5 =    0.041   0.006 deg. for the L =   25, J =   26.0 channel.
      25.0  0.99978720  0.00141941i: elastic S-matrix  @@      0.00  0   0 F  0
 Reaction Xsec    25.0+/25 @ 5 =   7.440/, Out:   0.000#

   S-matrix    6 =    0.99993  -0.00030 for L=   27, J=   26.0 channel on core I =   2.0 from L=   27,  Acc. loss =  0.0 D.
 Elastic phase shift   6 =   -0.008   0.002 deg. for the L =   27, J =   26.0 channel.
      25.0  0.99993190 -0.00029539i: elastic S-matrix  @@      0.00  0   0 F  0
 Reaction Xsec    25.0+/27 @ 6 =   2.391/, Out:   0.000#

   S-matrix    7 =    0.99993   0.00015 for L=   27, J=   27.0 channel on core I =   2.0 from L=   27,  Acc. loss =  0.0 D.
 Elastic phase shift   7 =    0.004   0.002 deg. for the L =   27, J =   27.0 channel.
      25.0  0.99993190  0.00015048i: elastic S-matrix  @@      0.00  0   0 F  0
 Reaction Xsec    25.0+/27 @ 7 =   2.392/, Out:   0.000#


 Total SPIN, PARITY =    25.0 -,      8 chs,      0 cc.  Rmin & Coul turning =    2.0   10.4
   S-matrix    1 =    0.99883   0.00513 for L=   22, J=   23.0 channel on core I =   2.0 from L=   22,  Acc. loss =  0.0 D.
 Elastic phase shift   1 =    0.147   0.033 deg. for the L =   22, J =   23.0 channel.
      25.0  0.99882811  0.00512931i: elastic S-matrix  @@      0.00  0   0 F  0
 Reaction Xsec    25.0-/22 @ 1 =   0.041 , Out:   0.000#

   S-matrix    2 =    0.99963  -0.00066 for L=   24, J=   23.0 channel on core I =   2.0 from L=   24,  Acc. loss =  0.0 D.
 Elastic phase shift   2 =   -0.019   0.011 deg. for the L =   24, J =   23.0 channel.
      25.0  0.99962766 -0.00065780i: elastic S-matrix  @@      0.00  0   0 F  0
 Reaction Xsec    25.0-/24 @ 2 =   0.013 , Out:   0.000#

   S-matrix    3 =    0.99963   0.00073 for L=   24, J=   24.0 channel on core I =   2.0 from L=   24,  Acc. loss =  0.0 D.
 Elastic phase shift   3 =    0.021   0.011 deg. for the L =   24, J =   24.0 channel.
      25.0  0.99962705  0.00072674i: elastic S-matrix  @@      0.00  0   0 F  0
 Reaction Xsec    25.0-/24 @ 3 =   0.013 , Out:   0.000#

   S-matrix    4 =    0.99962   0.00217 for L=   24, J=   25.0 channel on core I =   2.0 from L=   24,  Acc. loss =  0.0 D.
 Elastic phase shift   4 =    0.062   0.011 deg. for the L =   24, J =   25.0 channel.
      25.0  0.99962437  0.00217060i: elastic S-matrix  @@      0.00  0   0 F  0
 Reaction Xsec    25.0-/24 @ 4 =   0.013 , Out:   0.000#

   S-matrix    5 =    0.99988  -0.00040 for L=   26, J=   25.0 channel on core I =   2.0 from L=   26,  Acc. loss =  0.0 D.
 Elastic phase shift   5 =   -0.011   0.003 deg. for the L =   26, J =   25.0 channel.
      25.0  0.99987997 -0.00039629i: elastic S-matrix  @@      0.00  0   0 F  0
 Reaction Xsec    25.0-/26 @ 5 =   4.214/, Out:   0.000#

   S-matrix    6 =    0.99988   0.00025 for L=   26, J=   26.0 channel on core I =   2.0 from L=   26,  Acc. loss =  0.0 D.
 Elastic phase shift   6 =    0.007   0.003 deg. for the L =   26, J =   26.0 channel.
      25.0  0.99987993  0.00025480i: elastic S-matrix  @@      0.00  0   0 F  0
 Reaction Xsec    25.0-/26 @ 6 =   4.217/, Out:   0.000#

   S-matrix    7 =    0.99988   0.00093 for L=   26, J=   27.0 channel on core I =   2.0 from L=   26,  Acc. loss =  0.0 D.
 Elastic phase shift   7 =    0.027   0.003 deg. for the L =   26, J =   27.0 channel.
      25.0  0.99987943  0.00093132i: elastic S-matrix  @@      0.00  0   0 F  0
 Reaction Xsec    25.0-/26 @ 7 =   4.220/, Out:   0.000#

   S-matrix    8 =    0.99996  -0.00022 for L=   28, J=   27.0 channel on core I =   2.0 from L=   28,  Acc. loss =  0.0 D.
 Elastic phase shift   8 =   -0.006   0.001 deg. for the L =   28, J =   27.0 channel.
      25.0  0.99996139 -0.00021640i: elastic S-matrix  @@      0.00  0   0 F  0
 Reaction Xsec    25.0-/28 @ 8 =   1.356/, Out:   0.000#


 Total SPIN, PARITY =    26.0 +,      8 chs,      0 cc.  Rmin & Coul turning =    2.1   10.8
   S-matrix    1 =    0.99934   0.00333 for L=   23, J=   24.0 channel on core I =   2.0 from L=   23,  Acc. loss =  0.0 D.
 Elastic phase shift   1 =    0.095   0.019 deg. for the L =   23, J =   24.0 channel.
      26.0  0.99933673  0.00333087i: elastic S-matrix  @@      0.00  0   0 F  0
 Reaction Xsec    26.0+/23 @ 1 =   0.024 , Out:   0.000#

   S-matrix    2 =    0.99979  -0.00052 for L=   25, J=   24.0 channel on core I =   2.0 from L=   25,  Acc. loss =  0.0 D.
 Elastic phase shift   2 =   -0.015   0.006 deg. for the L =   25, J =   24.0 channel.
      26.0  0.99978853 -0.00051925i: elastic S-matrix  @@      0.00  0   0 F  0
 Reaction Xsec    26.0+/25 @ 2 =   7.715/, Out:   0.000#

   S-matrix    3 =    0.99979   0.00043 for L=   25, J=   25.0 channel on core I =   2.0 from L=   25,  Acc. loss =  0.0 D.
 Elastic phase shift   3 =    0.012   0.006 deg. for the L =   25, J =   25.0 channel.
      26.0  0.99978835  0.00043069i: elastic S-matrix  @@      0.00  0   0 F  0
 Reaction Xsec    26.0+/25 @ 3 =   7.723/, Out:   0.000#

   S-matrix    4 =    0.99979   0.00142 for L=   25, J=   26.0 channel on core I =   2.0 from L=   25,  Acc. loss =  0.0 D.
 Elastic phase shift   4 =    0.041   0.006 deg. for the L =   25, J =   26.0 channel.
      26.0  0.99978720  0.00141941i: elastic S-matrix  @@      0.00  0   0 F  0
 Reaction Xsec    26.0+/25 @ 4 =   7.732/, Out:   0.000#

   S-matrix    5 =    0.99993  -0.00030 for L=   27, J=   26.0 channel on core I =   2.0 from L=   27,  Acc. loss =  0.0 D.
 Elastic phase shift   5 =   -0.008   0.002 deg. for the L =   27, J =   26.0 channel.
      26.0  0.99993190 -0.00029539i: elastic S-matrix  @@      0.00  0   0 F  0
 Reaction Xsec    26.0+/27 @ 5 =   2.485/, Out:   0.000#

   S-matrix    6 =    0.99993   0.00015 for L=   27, J=   27.0 channel on core I =   2.0 from L=   27,  Acc. loss =  0.0 D.
 Elastic phase shift   6 =    0.004   0.002 deg. for the L =   27, J =   27.0 channel.
      26.0  0.99993190  0.00015048i: elastic S-matrix  @@      0.00  0   0 F  0
 Reaction Xsec    26.0+/27 @ 6 =   2.486/, Out:   0.000#

   S-matrix    7 =    0.99993   0.00061 for L=   27, J=   28.0 channel on core I =   2.0 from L=   27,  Acc. loss =  0.0 D.
 Elastic phase shift   7 =    0.018   0.002 deg. for the L =   27, J =   28.0 channel.
      26.0  0.99993169  0.00061305i: elastic S-matrix  @@      0.00  0   0 F  0
 Reaction Xsec    26.0+/27 @ 7 =   2.487/, Out:   0.000#

   S-matrix    8 =    0.99998  -0.00016 for L=   29, J=   28.0 channel on core I =   2.0 from L=   29,  Acc. loss =  0.0 D.
 Elastic phase shift   8 =   -0.004   0.001 deg. for the L =   29, J =   28.0 channel.
      26.0  0.99997811 -0.00015643i: elastic S-matrix  @@      0.00  0   0 F  0
 Reaction Xsec    26.0+/29 @ 8 =   0.799/, Out:   0.000#


 Total SPIN, PARITY =    26.0 -,      7 chs,      0 cc.  Rmin & Coul turning =    2.1   10.8
   S-matrix    1 =    0.99963   0.00073 for L=   24, J=   24.0 channel on core I =   2.0 from L=   24,  Acc. loss =  0.0 D.
 Elastic phase shift   1 =    0.021   0.011 deg. for the L =   24, J =   24.0 channel.
      26.0  0.99962705  0.00072674i: elastic S-matrix  @@      0.00  0   0 F  0
 Reaction Xsec    26.0-/24 @ 1 =   0.014 , Out:   0.000#

   S-matrix    2 =    0.99962   0.00217 for L=   24, J=   25.0 channel on core I =   2.0 from L=   24,  Acc. loss =  0.0 D.
 Elastic phase shift   2 =    0.062   0.011 deg. for the L =   24, J =   25.0 channel.
      26.0  0.99962437  0.00217060i: elastic S-matrix  @@      0.00  0   0 F  0
 Reaction Xsec    26.0-/24 @ 2 =   0.014 , Out:   0.000#

   S-matrix    3 =    0.99988  -0.00040 for L=   26, J=   25.0 channel on core I =   2.0 from L=   26,  Acc. loss =  0.0 D.
 Elastic phase shift   3 =   -0.011   0.003 deg. for the L =   26, J =   25.0 channel.
      26.0  0.99987997 -0.00039629i: elastic S-matrix  @@      0.00  0   0 F  0
 Reaction Xsec    26.0-/26 @ 3 =   4.379/, Out:   0.000#

   S-matrix    4 =    0.99988   0.00025 for L=   26, J=   26.0 channel on core I =   2.0 from L=   26,  Acc. loss =  0.0 D.
 Elastic phase shift   4 =    0.007   0.003 deg. for the L =   26, J =   26.0 channel.
      26.0  0.99987993  0.00025480i: elastic S-matrix  @@      0.00  0   0 F  0
 Reaction Xsec    26.0-/26 @ 4 =   4.383/, Out:   0.000#

   S-matrix    5 =    0.99988   0.00093 for L=   26, J=   27.0 channel on core I =   2.0 from L=   26,  Acc. loss =  0.0 D.
 Elastic phase shift   5 =    0.027   0.003 deg. for the L =   26, J =   27.0 channel.
      26.0  0.99987943  0.00093132i: elastic S-matrix  @@      0.00  0   0 F  0
 Reaction Xsec    26.0-/26 @ 5 =   4.386/, Out:   0.000#

   S-matrix    6 =    0.99996  -0.00022 for L=   28, J=   27.0 channel on core I =   2.0 from L=   28,  Acc. loss =  0.0 D.
 Elastic phase shift   6 =   -0.006   0.001 deg. for the L =   28, J =   27.0 channel.
      26.0  0.99996139 -0.00021640i: elastic S-matrix  @@      0.00  0   0 F  0
 Reaction Xsec    26.0-/28 @ 6 =   1.409/, Out:   0.000#

   S-matrix    7 =    0.99996   0.00009 for L=   28, J=   28.0 channel on core I =   2.0 from L=   28,  Acc. loss =  0.0 D.
 Elastic phase shift   7 =    0.003   0.001 deg. for the L =   28, J =   28.0 channel.
      26.0  0.99996139  0.00008869i: elastic S-matrix  @@      0.00  0   0 F  0
 Reaction Xsec    26.0-/28 @ 7 =   1.409/, Out:   0.000#


 Total SPIN, PARITY =    27.0 +,      7 chs,      0 cc.  Rmin & Coul turning =    2.1   11.2
   S-matrix    1 =    0.99979   0.00043 for L=   25, J=   25.0 channel on core I =   2.0 from L=   25,  Acc. loss =  0.0 D.
 Elastic phase shift   1 =    0.012   0.006 deg. for the L =   25, J =   25.0 channel.
      27.0  0.99978835  0.00043069i: elastic S-matrix  @@      0.00  0   0 F  0
 Reaction Xsec    27.0+/25 @ 1 =   8.015/, Out:   0.000#

   S-matrix    2 =    0.99979   0.00142 for L=   25, J=   26.0 channel on core I =   2.0 from L=   25,  Acc. loss =  0.0 D.
 Elastic phase shift   2 =    0.041   0.006 deg. for the L =   25, J =   26.0 channel.
      27.0  0.99978720  0.00141941i: elastic S-matrix  @@      0.00  0   0 F  0
 Reaction Xsec    27.0+/25 @ 2 =   8.024/, Out:   0.000#

   S-matrix    3 =    0.99993  -0.00030 for L=   27, J=   26.0 channel on core I =   2.0 from L=   27,  Acc. loss =  0.0 D.
 Elastic phase shift   3 =   -0.008   0.002 deg. for the L =   27, J =   26.0 channel.
      27.0  0.99993190 -0.00029539i: elastic S-matrix  @@      0.00  0   0 F  0
 Reaction Xsec    27.0+/27 @ 3 =   2.578/, Out:   0.000#

   S-matrix    4 =    0.99993   0.00015 for L=   27, J=   27.0 channel on core I =   2.0 from L=   27,  Acc. loss =  0.0 D.
 Elastic phase shift   4 =    0.004   0.002 deg. for the L =   27, J =   27.0 channel.
      27.0  0.99993190  0.00015048i: elastic S-matrix  @@      0.00  0   0 F  0
 Reaction Xsec    27.0+/27 @ 4 =   2.580/, Out:   0.000#

   S-matrix    5 =    0.99993   0.00061 for L=   27, J=   28.0 channel on core I =   2.0 from L=   27,  Acc. loss =  0.0 D.
 Elastic phase shift   5 =    0.018   0.002 deg. for the L =   27, J =   28.0 channel.
      27.0  0.99993169  0.00061305i: elastic S-matrix  @@      0.00  0   0 F  0
 Reaction Xsec    27.0+/27 @ 5 =   2.581/, Out:   0.000#

   S-matrix    6 =    0.99998  -0.00016 for L=   29, J=   28.0 channel on core I =   2.0 from L=   29,  Acc. loss =  0.0 D.
 Elastic phase shift   6 =   -0.004   0.001 deg. for the L =   29, J =   28.0 channel.
      27.0  0.99997811 -0.00015643i: elastic S-matrix  @@      0.00  0   0 F  0
 Reaction Xsec    27.0+/29 @ 6 =   0.829/, Out:   0.000#

   S-matrix    7 =    0.99998   0.00005 for L=   29, J=   29.0 channel on core I =   2.0 from L=   29,  Acc. loss =  0.0 D.
 Elastic phase shift   7 =    0.001   0.001 deg. for the L =   29, J =   29.0 channel.
      27.0  0.99997812  0.00005218i: elastic S-matrix  @@      0.00  0   0 F  0
 Reaction Xsec    27.0+/29 @ 7 =   0.829/, Out:   0.000#


 Total SPIN, PARITY =    27.0 -,      8 chs,      0 cc.  Rmin & Coul turning =    2.1   11.2
   S-matrix    1 =    0.99962   0.00217 for L=   24, J=   25.0 channel on core I =   2.0 from L=   24,  Acc. loss =  0.0 D.
 Elastic phase shift   1 =    0.062   0.011 deg. for the L =   24, J =   25.0 channel.
      27.0  0.99962437  0.00217060i: elastic S-matrix  @@      0.00  0   0 F  0
 Reaction Xsec    27.0-/24 @ 1 =   0.014 , Out:   0.000#

   S-matrix    2 =    0.99988  -0.00040 for L=   26, J=   25.0 channel on core I =   2.0 from L=   26,  Acc. loss =  0.0 D.
 Elastic phase shift   2 =   -0.011   0.003 deg. for the L =   26, J =   25.0 channel.
      27.0  0.99987997 -0.00039629i: elastic S-matrix  @@      0.00  0   0 F  0
 Reaction Xsec    27.0-/26 @ 2 =   4.545/, Out:   0.000#

   S-matrix    3 =    0.99988   0.00025 for L=   26, J=   26.0 channel on core I =   2.0 from L=   26,  Acc. loss =  0.0 D.
 Elastic phase shift   3 =    0.007   0.003 deg. for the L =   26, J =   26.0 channel.
      27.0  0.99987993  0.00025480i: elastic S-matrix  @@      0.00  0   0 F  0
 Reaction Xsec    27.0-/26 @ 3 =   4.548/, Out:   0.000#

   S-matrix    4 =    0.99988   0.00093 for L=   26, J=   27.0 channel on core I =   2.0 from L=   26,  Acc. loss =  0.0 D.
 Elastic phase shift   4 =    0.027   0.003 deg. for the L =   26, J =   27.0 channel.
      27.0  0.99987943  0.00093132i: elastic S-matrix  @@      0.00  0   0 F  0
 Reaction Xsec    27.0-/26 @ 4 =   4.551/, Out:   0.000#

   S-matrix    5 =    0.99996  -0.00022 for L=   28, J=   27.0 channel on core I =   2.0 from L=   28,  Acc. loss =  0.0 D.
 Elastic phase shift   5 =   -0.006   0.001 deg. for the L =   28, J =   27.0 channel.
      27.0  0.99996139 -0.00021640i: elastic S-matrix  @@      0.00  0   0 F  0
 Reaction Xsec    27.0-/28 @ 5 =   1.462/, Out:   0.000#

   S-matrix    6 =    0.99996   0.00009 for L=   28, J=   28.0 channel on core I =   2.0 from L=   28,  Acc. loss =  0.0 D.
 Elastic phase shift   6 =    0.003   0.001 deg. for the L =   28, J =   28.0 channel.
      27.0  0.99996139  0.00008869i: elastic S-matrix  @@      0.00  0   0 F  0
 Reaction Xsec    27.0-/28 @ 6 =   1.463/, Out:   0.000#

   S-matrix    7 =    0.99996   0.00040 for L=   28, J=   29.0 channel on core I =   2.0 from L=   28,  Acc. loss =  0.0 D.
 Elastic phase shift   7 =    0.012   0.001 deg. for the L =   28, J =   29.0 channel.
      27.0  0.99996130  0.00040476i: elastic S-matrix  @@      0.00  0   0 F  0
 Reaction Xsec    27.0-/28 @ 7 =   1.463/, Out:   0.000#

   S-matrix    8 =    0.99999  -0.00011 for L=   30, J=   29.0 channel on core I =   2.0 from L=   30,  Acc. loss =  0.0 D.
 Elastic phase shift   8 =   -0.003   0.000 deg. for the L =   30, J =   29.0 channel.
      27.0  0.99998760 -0.00011191i: elastic S-matrix  @@      0.00  0   0 F  0
 Reaction Xsec    27.0-/30 @ 8 =   0.470/, Out:   0.000#


 Total SPIN, PARITY =    28.0 +,      8 chs,      0 cc.  Rmin & Coul turning =    2.2   11.6
   S-matrix    1 =    0.99979   0.00142 for L=   25, J=   26.0 channel on core I =   2.0 from L=   25,  Acc. loss =  0.0 D.
 Elastic phase shift   1 =    0.041   0.006 deg. for the L =   25, J =   26.0 channel.
      28.0  0.99978720  0.00141941i: elastic S-matrix  @@      0.00  0   0 F  0
 Reaction Xsec    28.0+/25 @ 1 =   8.315/, Out:   0.000#

   S-matrix    2 =    0.99993  -0.00030 for L=   27, J=   26.0 channel on core I =   2.0 from L=   27,  Acc. loss =  0.0 D.
 Elastic phase shift   2 =   -0.008   0.002 deg. for the L =   27, J =   26.0 channel.
      28.0  0.99993190 -0.00029539i: elastic S-matrix  @@      0.00  0   0 F  0
 Reaction Xsec    28.0+/27 @ 2 =   2.672/, Out:   0.000#

   S-matrix    3 =    0.99993   0.00015 for L=   27, J=   27.0 channel on core I =   2.0 from L=   27,  Acc. loss =  0.0 D.
 Elastic phase shift   3 =    0.004   0.002 deg. for the L =   27, J =   27.0 channel.
      28.0  0.99993190  0.00015048i: elastic S-matrix  @@      0.00  0   0 F  0
 Reaction Xsec    28.0+/27 @ 3 =   2.673/, Out:   0.000#

   S-matrix    4 =    0.99993   0.00061 for L=   27, J=   28.0 channel on core I =   2.0 from L=   27,  Acc. loss =  0.0 D.
 Elastic phase shift   4 =    0.018   0.002 deg. for the L =   27, J =   28.0 channel.
      28.0  0.99993169  0.00061305i: elastic S-matrix  @@      0.00  0   0 F  0
 Reaction Xsec    28.0+/27 @ 4 =   2.675/, Out:   0.000#

   S-matrix    5 =    0.99998  -0.00016 for L=   29, J=   28.0 channel on core I =   2.0 from L=   29,  Acc. loss =  0.0 D.
 Elastic phase shift   5 =   -0.004   0.001 deg. for the L =   29, J =   28.0 channel.
      28.0  0.99997811 -0.00015643i: elastic S-matrix  @@      0.00  0   0 F  0
 Reaction Xsec    28.0+/29 @ 5 =   0.859/, Out:   0.000#

   S-matrix    6 =    0.99998   0.00005 for L=   29, J=   29.0 channel on core I =   2.0 from L=   29,  Acc. loss =  0.0 D.
 Elastic phase shift   6 =    0.001   0.001 deg. for the L =   29, J =   29.0 channel.
      28.0  0.99997812  0.00005218i: elastic S-matrix  @@      0.00  0   0 F  0
 Reaction Xsec    28.0+/29 @ 6 =   0.859/, Out:   0.000#

   S-matrix    7 =    0.99998   0.00027 for L=   29, J=   30.0 channel on core I =   2.0 from L=   29,  Acc. loss =  0.0 D.
 Elastic phase shift   7 =    0.008   0.001 deg. for the L =   29, J =   30.0 channel.
      28.0  0.99997808  0.00026802i: elastic S-matrix  @@      0.00  0   0 F  0
 Reaction Xsec    28.0+/29 @ 7 =   0.859/, Out:   0.000#

   S-matrix    8 =    0.99999  -0.00008 for L=   31, J=   30.0 channel on core I =   2.0 from L=   31,  Acc. loss =  0.0 D.
 Elastic phase shift   8 =   -0.002   0.000 deg. for the L =   31, J =   30.0 channel.
      28.0  0.99999298 -0.00007941i: elastic S-matrix  @@      0.00  0   0 F  0
 Reaction Xsec    28.0+/31 @ 8 =   0.276/, Out:   0.000#


 Total SPIN, PARITY =    28.0 -,      7 chs,      0 cc.  Rmin & Coul turning =    2.2   11.6
   S-matrix    1 =    0.99988   0.00025 for L=   26, J=   26.0 channel on core I =   2.0 from L=   26,  Acc. loss =  0.0 D.
 Elastic phase shift   1 =    0.007   0.003 deg. for the L =   26, J =   26.0 channel.
      28.0  0.99987993  0.00025480i: elastic S-matrix  @@      0.00  0   0 F  0
 Reaction Xsec    28.0-/26 @ 1 =   4.713/, Out:   0.000#

   S-matrix    2 =    0.99988   0.00093 for L=   26, J=   27.0 channel on core I =   2.0 from L=   26,  Acc. loss =  0.0 D.
 Elastic phase shift   2 =    0.027   0.003 deg. for the L =   26, J =   27.0 channel.
      28.0  0.99987943  0.00093132i: elastic S-matrix  @@      0.00  0   0 F  0
 Reaction Xsec    28.0-/26 @ 2 =   4.717/, Out:   0.000#

   S-matrix    3 =    0.99996  -0.00022 for L=   28, J=   27.0 channel on core I =   2.0 from L=   28,  Acc. loss =  0.0 D.
 Elastic phase shift   3 =   -0.006   0.001 deg. for the L =   28, J =   27.0 channel.
      28.0  0.99996139 -0.00021640i: elastic S-matrix  @@      0.00  0   0 F  0
 Reaction Xsec    28.0-/28 @ 3 =   1.515/, Out:   0.000#

   S-matrix    4 =    0.99996   0.00009 for L=   28, J=   28.0 channel on core I =   2.0 from L=   28,  Acc. loss =  0.0 D.
 Elastic phase shift   4 =    0.003   0.001 deg. for the L =   28, J =   28.0 channel.
      28.0  0.99996139  0.00008869i: elastic S-matrix  @@      0.00  0   0 F  0
 Reaction Xsec    28.0-/28 @ 4 =   1.516/, Out:   0.000#

   S-matrix    5 =    0.99996   0.00040 for L=   28, J=   29.0 channel on core I =   2.0 from L=   28,  Acc. loss =  0.0 D.
 Elastic phase shift   5 =    0.012   0.001 deg. for the L =   28, J =   29.0 channel.
      28.0  0.99996130  0.00040476i: elastic S-matrix  @@      0.00  0   0 F  0
 Reaction Xsec    28.0-/28 @ 5 =   1.516/, Out:   0.000#

   S-matrix    6 =    0.99999  -0.00011 for L=   30, J=   29.0 channel on core I =   2.0 from L=   30,  Acc. loss =  0.0 D.
 Elastic phase shift   6 =   -0.003   0.000 deg. for the L =   30, J =   29.0 channel.
      28.0  0.99998760 -0.00011191i: elastic S-matrix  @@      0.00  0   0 F  0
 Reaction Xsec    28.0-/30 @ 6 =   0.487/, Out:   0.000#

   S-matrix    7 =    0.99999   0.00003 for L=   30, J=   30.0 channel on core I =   2.0 from L=   30,  Acc. loss =  0.0 D.
 Elastic phase shift   7 =    0.001   0.000 deg. for the L =   30, J =   30.0 channel.
      28.0  0.99998760  0.00003063i: elastic S-matrix  @@      0.00  0   0 F  0
 Reaction Xsec    28.0-/30 @ 7 =   0.487/, Out:   0.000#


 Total SPIN, PARITY =    29.0 +,      7 chs,      0 cc.  Rmin & Coul turning =    2.3   12.0
   S-matrix    1 =    0.99993   0.00015 for L=   27, J=   27.0 channel on core I =   2.0 from L=   27,  Acc. loss =  0.0 D.
 Elastic phase shift   1 =    0.004   0.002 deg. for the L =   27, J =   27.0 channel.
      29.0  0.99993190  0.00015048i: elastic S-matrix  @@      0.00  0   0 F  0
 Reaction Xsec    29.0+/27 @ 1 =   2.767/, Out:   0.000#

   S-matrix    2 =    0.99993   0.00061 for L=   27, J=   28.0 channel on core I =   2.0 from L=   27,  Acc. loss =  0.0 D.
 Elastic phase shift   2 =    0.018   0.002 deg. for the L =   27, J =   28.0 channel.
      29.0  0.99993169  0.00061305i: elastic S-matrix  @@      0.00  0   0 F  0
 Reaction Xsec    29.0+/27 @ 2 =   2.769/, Out:   0.000#

   S-matrix    3 =    0.99998  -0.00016 for L=   29, J=   28.0 channel on core I =   2.0 from L=   29,  Acc. loss =  0.0 D.
 Elastic phase shift   3 =   -0.004   0.001 deg. for the L =   29, J =   28.0 channel.
      29.0  0.99997811 -0.00015643i: elastic S-matrix  @@      0.00  0   0 F  0
 Reaction Xsec    29.0+/29 @ 3 =   0.889/, Out:   0.000#

   S-matrix    4 =    0.99998   0.00005 for L=   29, J=   29.0 channel on core I =   2.0 from L=   29,  Acc. loss =  0.0 D.
 Elastic phase shift   4 =    0.001   0.001 deg. for the L =   29, J =   29.0 channel.
      29.0  0.99997812  0.00005218i: elastic S-matrix  @@      0.00  0   0 F  0
 Reaction Xsec    29.0+/29 @ 4 =   0.889/, Out:   0.000#

   S-matrix    5 =    0.99998   0.00027 for L=   29, J=   30.0 channel on core I =   2.0 from L=   29,  Acc. loss =  0.0 D.
 Elastic phase shift   5 =    0.008   0.001 deg. for the L =   29, J =   30.0 channel.
      29.0  0.99997808  0.00026802i: elastic S-matrix  @@      0.00  0   0 F  0
 Reaction Xsec    29.0+/29 @ 5 =   0.890/, Out:   0.000#

   S-matrix    6 =    0.99999  -0.00008 for L=   31, J=   30.0 channel on core I =   2.0 from L=   31,  Acc. loss =  0.0 D.
 Elastic phase shift   6 =   -0.002   0.000 deg. for the L =   31, J =   30.0 channel.
      29.0  0.99999298 -0.00007941i: elastic S-matrix  @@      0.00  0   0 F  0
 Reaction Xsec    29.0+/31 @ 6 =   0.285/, Out:   0.000#

   S-matrix    7 =    0.99999   0.00002 for L=   31, J=   31.0 channel on core I =   2.0 from L=   31,  Acc. loss =  0.0 D.
 Elastic phase shift   7 =    0.001   0.000 deg. for the L =   31, J =   31.0 channel.
      29.0  0.99999298  0.00001793i: elastic S-matrix  @@      0.00  0   0 F  0
 Reaction Xsec    29.0+/31 @ 7 =   0.285/, Out:   0.000#


 Total SPIN, PARITY =    29.0 -,      8 chs,      0 cc.  Rmin & Coul turning =    2.3   12.0
   S-matrix    1 =    0.99988   0.00093 for L=   26, J=   27.0 channel on core I =   2.0 from L=   26,  Acc. loss =  0.0 D.
 Elastic phase shift   1 =    0.027   0.003 deg. for the L =   26, J =   27.0 channel.
      29.0  0.99987943  0.00093132i: elastic S-matrix  @@      0.00  0   0 F  0
 Reaction Xsec    29.0-/26 @ 1 =   4.882/, Out:   0.000#

   S-matrix    2 =    0.99996  -0.00022 for L=   28, J=   27.0 channel on core I =   2.0 from L=   28,  Acc. loss =  0.0 D.
 Elastic phase shift   2 =   -0.006   0.001 deg. for the L =   28, J =   27.0 channel.
      29.0  0.99996139 -0.00021640i: elastic S-matrix  @@      0.00  0   0 F  0
 Reaction Xsec    29.0-/28 @ 2 =   1.568/, Out:   0.000#

   S-matrix    3 =    0.99996   0.00009 for L=   28, J=   28.0 channel on core I =   2.0 from L=   28,  Acc. loss =  0.0 D.
 Elastic phase shift   3 =    0.003   0.001 deg. for the L =   28, J =   28.0 channel.
      29.0  0.99996139  0.00008869i: elastic S-matrix  @@      0.00  0   0 F  0
 Reaction Xsec    29.0-/28 @ 3 =   1.569/, Out:   0.000#

   S-matrix    4 =    0.99996   0.00040 for L=   28, J=   29.0 channel on core I =   2.0 from L=   28,  Acc. loss =  0.0 D.
 Elastic phase shift   4 =    0.012   0.001 deg. for the L =   28, J =   29.0 channel.
      29.0  0.99996130  0.00040476i: elastic S-matrix  @@      0.00  0   0 F  0
 Reaction Xsec    29.0-/28 @ 4 =   1.570/, Out:   0.000#

   S-matrix    5 =    0.99999  -0.00011 for L=   30, J=   29.0 channel on core I =   2.0 from L=   30,  Acc. loss =  0.0 D.
 Elastic phase shift   5 =   -0.003   0.000 deg. for the L =   30, J =   29.0 channel.
      29.0  0.99998760 -0.00011191i: elastic S-matrix  @@      0.00  0   0 F  0
 Reaction Xsec    29.0-/30 @ 5 =   0.504/, Out:   0.000#

   S-matrix    6 =    0.99999   0.00003 for L=   30, J=   30.0 channel on core I =   2.0 from L=   30,  Acc. loss =  0.0 D.
 Elastic phase shift   6 =    0.001   0.000 deg. for the L =   30, J =   30.0 channel.
      29.0  0.99998760  0.00003063i: elastic S-matrix  @@      0.00  0   0 F  0
 Reaction Xsec    29.0-/30 @ 6 =   0.504/, Out:   0.000#

   S-matrix    7 =    0.99999   0.00018 for L=   30, J=   31.0 channel on core I =   2.0 from L=   30,  Acc. loss =  0.0 D.
 Elastic phase shift   7 =    0.005   0.000 deg. for the L =   30, J =   31.0 channel.
      29.0  0.99998758  0.00017794i: elastic S-matrix  @@      0.00  0   0 F  0
 Reaction Xsec    29.0-/30 @ 7 =   0.504/, Out:   0.000#

   S-matrix    8 =    1.00000  -0.00006 for L=   32, J=   31.0 channel on core I =   2.0 from L=   32,  Acc. loss =  0.0 D.
 Elastic phase shift   8 =   -0.002   0.000 deg. for the L =   32, J =   31.0 channel.
      29.0  0.99999602 -0.00005596i: elastic S-matrix  @@      0.00  0   0 F  0
 Reaction Xsec    29.0-/32 @ 8 =   0.162/, Out:   0.000#


 Total SPIN, PARITY =    30.0 +,      8 chs,      0 cc.  Rmin & Coul turning =    2.4   12.4
   S-matrix    1 =    0.99993   0.00061 for L=   27, J=   28.0 channel on core I =   2.0 from L=   27,  Acc. loss =  0.0 D.
 Elastic phase shift   1 =    0.018   0.002 deg. for the L =   27, J =   28.0 channel.
      30.0  0.99993169  0.00061305i: elastic S-matrix  @@      0.00  0   0 F  0
 Reaction Xsec    30.0+/27 @ 1 =   2.863/, Out:   0.000#

   S-matrix    2 =    0.99998  -0.00016 for L=   29, J=   28.0 channel on core I =   2.0 from L=   29,  Acc. loss =  0.0 D.
 Elastic phase shift   2 =   -0.004   0.001 deg. for the L =   29, J =   28.0 channel.
      30.0  0.99997811 -0.00015643i: elastic S-matrix  @@      0.00  0   0 F  0
 Reaction Xsec    30.0+/29 @ 2 =   0.919/, Out:   0.000#

   S-matrix    3 =    0.99998   0.00005 for L=   29, J=   29.0 channel on core I =   2.0 from L=   29,  Acc. loss =  0.0 D.
 Elastic phase shift   3 =    0.001   0.001 deg. for the L =   29, J =   29.0 channel.
      30.0  0.99997812  0.00005218i: elastic S-matrix  @@      0.00  0   0 F  0
 Reaction Xsec    30.0+/29 @ 3 =   0.919/, Out:   0.000#

   S-matrix    4 =    0.99998   0.00027 for L=   29, J=   30.0 channel on core I =   2.0 from L=   29,  Acc. loss =  0.0 D.
 Elastic phase shift   4 =    0.008   0.001 deg. for the L =   29, J =   30.0 channel.
      30.0  0.99997808  0.00026802i: elastic S-matrix  @@      0.00  0   0 F  0
 Reaction Xsec    30.0+/29 @ 4 =   0.920/, Out:   0.000#

   S-matrix    5 =    0.99999  -0.00008 for L=   31, J=   30.0 channel on core I =   2.0 from L=   31,  Acc. loss =  0.0 D.
 Elastic phase shift   5 =   -0.002   0.000 deg. for the L =   31, J =   30.0 channel.
      30.0  0.99999298 -0.00007941i: elastic S-matrix  @@      0.00  0   0 F  0
 Reaction Xsec    30.0+/31 @ 5 =   0.295/, Out:   0.000#

   S-matrix    6 =    0.99999   0.00002 for L=   31, J=   31.0 channel on core I =   2.0 from L=   31,  Acc. loss =  0.0 D.
 Elastic phase shift   6 =    0.001   0.000 deg. for the L =   31, J =   31.0 channel.
      30.0  0.99999298  0.00001793i: elastic S-matrix  @@      0.00  0   0 F  0
 Reaction Xsec    30.0+/31 @ 6 =   0.295/, Out:   0.000#

   S-matrix    7 =    0.99999   0.00012 for L=   31, J=   32.0 channel on core I =   2.0 from L=   31,  Acc. loss =  0.0 D.
 Elastic phase shift   7 =    0.003   0.000 deg. for the L =   31, J =   32.0 channel.
      30.0  0.99999297  0.00011841i: elastic S-matrix  @@      0.00  0   0 F  0
 Reaction Xsec    30.0+/31 @ 7 =   0.295/, Out:   0.000#

   S-matrix    8 =    1.00000  -0.00004 for L=   33, J=   32.0 channel on core I =   2.0 from L=   33,  Acc. loss =  0.0 D.
 Elastic phase shift   8 =   -0.001   0.000 deg. for the L =   33, J =   32.0 channel.
      30.0  0.99999775 -0.00003920i: elastic S-matrix  @@      0.00  0   0 F  0
 Reaction Xsec    30.0+/33 @ 8 =   0.095/, Out:   0.000#


 Total SPIN, PARITY =    30.0 -,      7 chs,      0 cc.  Rmin & Coul turning =    2.4   12.4
   S-matrix    1 =    0.99996   0.00009 for L=   28, J=   28.0 channel on core I =   2.0 from L=   28,  Acc. loss =  0.0 D.
 Elastic phase shift   1 =    0.003   0.001 deg. for the L =   28, J =   28.0 channel.
      30.0  0.99996139  0.00008869i: elastic S-matrix  @@      0.00  0   0 F  0
 Reaction Xsec    30.0-/28 @ 1 =   1.622/, Out:   0.000#

   S-matrix    2 =    0.99996   0.00040 for L=   28, J=   29.0 channel on core I =   2.0 from L=   28,  Acc. loss =  0.0 D.
 Elastic phase shift   2 =    0.012   0.001 deg. for the L =   28, J =   29.0 channel.
      30.0  0.99996130  0.00040476i: elastic S-matrix  @@      0.00  0   0 F  0
 Reaction Xsec    30.0-/28 @ 2 =   1.623/, Out:   0.000#

   S-matrix    3 =    0.99999  -0.00011 for L=   30, J=   29.0 channel on core I =   2.0 from L=   30,  Acc. loss =  0.0 D.
 Elastic phase shift   3 =   -0.003   0.000 deg. for the L =   30, J =   29.0 channel.
      30.0  0.99998760 -0.00011191i: elastic S-matrix  @@      0.00  0   0 F  0
 Reaction Xsec    30.0-/30 @ 3 =   0.521/, Out:   0.000#

   S-matrix    4 =    0.99999   0.00003 for L=   30, J=   30.0 channel on core I =   2.0 from L=   30,  Acc. loss =  0.0 D.
 Elastic phase shift   4 =    0.001   0.000 deg. for the L =   30, J =   30.0 channel.
      30.0  0.99998760  0.00003063i: elastic S-matrix  @@      0.00  0   0 F  0
 Reaction Xsec    30.0-/30 @ 4 =   0.521/, Out:   0.000#

   S-matrix    5 =    0.99999   0.00018 for L=   30, J=   31.0 channel on core I =   2.0 from L=   30,  Acc. loss =  0.0 D.
 Elastic phase shift   5 =    0.005   0.000 deg. for the L =   30, J =   31.0 channel.
      30.0  0.99998758  0.00017794i: elastic S-matrix  @@      0.00  0   0 F  0
 Reaction Xsec    30.0-/30 @ 5 =   0.521/, Out:   0.000#

   S-matrix    6 =    1.00000  -0.00006 for L=   32, J=   31.0 channel on core I =   2.0 from L=   32,  Acc. loss =  0.0 D.
 Elastic phase shift   6 =   -0.002   0.000 deg. for the L =   32, J =   31.0 channel.
      30.0  0.99999602 -0.00005596i: elastic S-matrix  @@      0.00  0   0 F  0
 Reaction Xsec    30.0-/32 @ 6 =   0.167/, Out:   0.000#

   S-matrix    7 =    1.00000   0.00001 for L=   32, J=   32.0 channel on core I =   2.0 from L=   32,  Acc. loss =  0.0 D.
 Elastic phase shift   7 =    0.000   0.000 deg. for the L =   32, J =   32.0 channel.
      30.0  0.99999602  0.00001048i: elastic S-matrix  @@      0.00  0   0 F  0
 Reaction Xsec    30.0-/32 @ 7 =   0.167/, Out:   0.000#


 Total SPIN, PARITY =    31.0 +,      7 chs,      0 cc.  Rmin & Coul turning =    2.5   12.8
   S-matrix    1 =    0.99998   0.00005 for L=   29, J=   29.0 channel on core I =   2.0 from L=   29,  Acc. loss =  0.0 D.
 Elastic phase shift   1 =    0.001   0.001 deg. for the L =   29, J =   29.0 channel.
      31.0  0.99997812  0.00005218i: elastic S-matrix  @@      0.00  0   0 F  0
 Reaction Xsec    31.0+/29 @ 1 =   0.950/, Out:   0.000#

   S-matrix    2 =    0.99998   0.00027 for L=   29, J=   30.0 channel on core I =   2.0 from L=   29,  Acc. loss =  0.0 D.
 Elastic phase shift   2 =    0.008   0.001 deg. for the L =   29, J =   30.0 channel.
      31.0  0.99997808  0.00026802i: elastic S-matrix  @@      0.00  0   0 F  0
 Reaction Xsec    31.0+/29 @ 2 =   0.950/, Out:   0.000#

   S-matrix    3 =    0.99999  -0.00008 for L=   31, J=   30.0 channel on core I =   2.0 from L=   31,  Acc. loss =  0.0 D.
 Elastic phase shift   3 =   -0.002   0.000 deg. for the L =   31, J =   30.0 channel.
      31.0  0.99999298 -0.00007941i: elastic S-matrix  @@      0.00  0   0 F  0
 Reaction Xsec    31.0+/31 @ 3 =   0.305/, Out:   0.000#

   S-matrix    4 =    0.99999   0.00002 for L=   31, J=   31.0 channel on core I =   2.0 from L=   31,  Acc. loss =  0.0 D.
 Elastic phase shift   4 =    0.001   0.000 deg. for the L =   31, J =   31.0 channel.
      31.0  0.99999298  0.00001793i: elastic S-matrix  @@      0.00  0   0 F  0
 Reaction Xsec    31.0+/31 @ 4 =   0.305/, Out:   0.000#

   S-matrix    5 =    0.99999   0.00012 for L=   31, J=   32.0 channel on core I =   2.0 from L=   31,  Acc. loss =  0.0 D.
 Elastic phase shift   5 =    0.003   0.000 deg. for the L =   31, J =   32.0 channel.
      31.0  0.99999297  0.00011841i: elastic S-matrix  @@      0.00  0   0 F  0
 Reaction Xsec    31.0+/31 @ 5 =   0.305/, Out:   0.000#

   S-matrix    6 =    1.00000  -0.00004 for L=   33, J=   32.0 channel on core I =   2.0 from L=   33,  Acc. loss =  0.0 D.
 Elastic phase shift   6 =   -0.001   0.000 deg. for the L =   33, J =   32.0 channel.
      31.0  0.99999775 -0.00003920i: elastic S-matrix  @@      0.00  0   0 F  0
 Reaction Xsec    31.0+/33 @ 6 =   0.098/, Out:   0.000#

   S-matrix    7 =    1.00000   0.00001 for L=   33, J=   33.0 channel on core I =   2.0 from L=   33,  Acc. loss =  0.0 D.
 Elastic phase shift   7 =    0.000   0.000 deg. for the L =   33, J =   33.0 channel.
      31.0  0.99999775  0.00000611i: elastic S-matrix  @@      0.00  0   0 F  0
 Reaction Xsec    31.0+/33 @ 7 =   0.098/, Out:   0.000#


 Total SPIN, PARITY =    31.0 -,      8 chs,      0 cc.  Rmin & Coul turning =    2.5   12.8
   S-matrix    1 =    0.99996   0.00040 for L=   28, J=   29.0 channel on core I =   2.0 from L=   28,  Acc. loss =  0.0 D.
 Elastic phase shift   1 =    0.012   0.001 deg. for the L =   28, J =   29.0 channel.
      31.0  0.99996130  0.00040476i: elastic S-matrix  @@      0.00  0   0 F  0
 Reaction Xsec    31.0-/28 @ 1 =   1.676/, Out:   0.000#

   S-matrix    2 =    0.99999  -0.00011 for L=   30, J=   29.0 channel on core I =   2.0 from L=   30,  Acc. loss =  0.0 D.
 Elastic phase shift   2 =   -0.003   0.000 deg. for the L =   30, J =   29.0 channel.
      31.0  0.99998760 -0.00011191i: elastic S-matrix  @@      0.00  0   0 F  0
 Reaction Xsec    31.0-/30 @ 2 =   0.538/, Out:   0.000#

   S-matrix    3 =    0.99999   0.00003 for L=   30, J=   30.0 channel on core I =   2.0 from L=   30,  Acc. loss =  0.0 D.
 Elastic phase shift   3 =    0.001   0.000 deg. for the L =   30, J =   30.0 channel.
      31.0  0.99998760  0.00003063i: elastic S-matrix  @@      0.00  0   0 F  0
 Reaction Xsec    31.0-/30 @ 3 =   0.538/, Out:   0.000#

   S-matrix    4 =    0.99999   0.00018 for L=   30, J=   31.0 channel on core I =   2.0 from L=   30,  Acc. loss =  0.0 D.
 Elastic phase shift   4 =    0.005   0.000 deg. for the L =   30, J =   31.0 channel.
      31.0  0.99998758  0.00017794i: elastic S-matrix  @@      0.00  0   0 F  0
 Reaction Xsec    31.0-/30 @ 4 =   0.538/, Out:   0.000#

   S-matrix    5 =    1.00000  -0.00006 for L=   32, J=   31.0 channel on core I =   2.0 from L=   32,  Acc. loss =  0.0 D.
 Elastic phase shift   5 =   -0.002   0.000 deg. for the L =   32, J =   31.0 channel.
      31.0  0.99999602 -0.00005596i: elastic S-matrix  @@      0.00  0   0 F  0
 Reaction Xsec    31.0-/32 @ 5 =   0.173/, Out:   0.000#

   S-matrix    6 =    1.00000   0.00001 for L=   32, J=   32.0 channel on core I =   2.0 from L=   32,  Acc. loss =  0.0 D.
 Elastic phase shift   6 =    0.000   0.000 deg. for the L =   32, J =   32.0 channel.
      31.0  0.99999602  0.00001048i: elastic S-matrix  @@      0.00  0   0 F  0
 Reaction Xsec    31.0-/32 @ 6 =   0.173/, Out:   0.000#

   S-matrix    7 =    1.00000   0.00008 for L=   32, J=   33.0 channel on core I =   2.0 from L=   32,  Acc. loss =  0.0 D.
 Elastic phase shift   7 =    0.002   0.000 deg. for the L =   32, J =   33.0 channel.
      31.0  0.99999602  0.00007899i: elastic S-matrix  @@      0.00  0   0 F  0
 Reaction Xsec    31.0-/32 @ 7 =   0.173/, Out:   0.000#

   S-matrix    8 =    1.00000  -0.00003 for L=   34, J=   33.0 channel on core I =   2.0 from L=   34,  Acc. loss =  0.0 D.
 Elastic phase shift   8 =   -0.001   0.000 deg. for the L =   34, J =   33.0 channel.
      31.0  0.99999873 -0.00002736i: elastic S-matrix  @@      0.00  0   0 F  0
 Reaction Xsec    31.0-/34 @ 8 =   0.055/, Out:   0.000#


 Total SPIN, PARITY =    32.0 +,      8 chs,      0 cc.  Rmin & Coul turning =    2.6   13.2
   S-matrix    1 =    0.99998   0.00027 for L=   29, J=   30.0 channel on core I =   2.0 from L=   29,  Acc. loss =  0.0 D.
 Elastic phase shift   1 =    0.008   0.001 deg. for the L =   29, J =   30.0 channel.
      32.0  0.99997808  0.00026802i: elastic S-matrix  @@      0.00  0   0 F  0
 Reaction Xsec    32.0+/29 @ 1 =   0.980/, Out:   0.000#

   S-matrix    2 =    0.99999  -0.00008 for L=   31, J=   30.0 channel on core I =   2.0 from L=   31,  Acc. loss =  0.0 D.
 Elastic phase shift   2 =   -0.002   0.000 deg. for the L =   31, J =   30.0 channel.
      32.0  0.99999298 -0.00007941i: elastic S-matrix  @@      0.00  0   0 F  0
 Reaction Xsec    32.0+/31 @ 2 =   0.314/, Out:   0.000#

   S-matrix    3 =    0.99999   0.00002 for L=   31, J=   31.0 channel on core I =   2.0 from L=   31,  Acc. loss =  0.0 D.
 Elastic phase shift   3 =    0.001   0.000 deg. for the L =   31, J =   31.0 channel.
      32.0  0.99999298  0.00001793i: elastic S-matrix  @@      0.00  0   0 F  0
 Reaction Xsec    32.0+/31 @ 3 =   0.314/, Out:   0.000#

   S-matrix    4 =    0.99999   0.00012 for L=   31, J=   32.0 channel on core I =   2.0 from L=   31,  Acc. loss =  0.0 D.
 Elastic phase shift   4 =    0.003   0.000 deg. for the L =   31, J =   32.0 channel.
      32.0  0.99999297  0.00011841i: elastic S-matrix  @@      0.00  0   0 F  0
 Reaction Xsec    32.0+/31 @ 4 =   0.314/, Out:   0.000#

   S-matrix    5 =    1.00000  -0.00004 for L=   33, J=   32.0 channel on core I =   2.0 from L=   33,  Acc. loss =  0.0 D.
 Elastic phase shift   5 =   -0.001   0.000 deg. for the L =   33, J =   32.0 channel.
      32.0  0.99999775 -0.00003920i: elastic S-matrix  @@      0.00  0   0 F  0
 Reaction Xsec    32.0+/33 @ 5 =   0.101/, Out:   0.000#

   S-matrix    6 =    1.00000   0.00001 for L=   33, J=   33.0 channel on core I =   2.0 from L=   33,  Acc. loss =  0.0 D.
 Elastic phase shift   6 =    0.000   0.000 deg. for the L =   33, J =   33.0 channel.
      32.0  0.99999775  0.00000611i: elastic S-matrix  @@      0.00  0   0 F  0
 Reaction Xsec    32.0+/33 @ 6 =   0.101/, Out:   0.000#

   S-matrix    7 =    1.00000   0.00005 for L=   33, J=   34.0 channel on core I =   2.0 from L=   33,  Acc. loss =  0.0 D.
 Elastic phase shift   7 =    0.002   0.000 deg. for the L =   33, J =   34.0 channel.
      32.0  0.99999775  0.00005280i: elastic S-matrix  @@      0.00  0   0 F  0
 Reaction Xsec    32.0+/33 @ 7 =   0.101/, Out:   0.000#

   S-matrix    8 =    1.00000  -0.00002 for L=   35, J=   34.0 channel on core I =   2.0 from L=   35,  Acc. loss =  0.0 D.
 Elastic phase shift   8 =   -0.001   0.000 deg. for the L =   35, J =   34.0 channel.
      32.0  0.99999928 -0.00001901i: elastic S-matrix  @@      0.00  0   0 F  0
 Reaction Xsec    32.0+/35 @ 8 =   0.032/, Out:   0.000#


 Total SPIN, PARITY =    32.0 -,      7 chs,      0 cc.  Rmin & Coul turning =    2.6   13.2
   S-matrix    1 =    0.99999   0.00003 for L=   30, J=   30.0 channel on core I =   2.0 from L=   30,  Acc. loss =  0.0 D.
 Elastic phase shift   1 =    0.001   0.000 deg. for the L =   30, J =   30.0 channel.
      32.0  0.99998760  0.00003063i: elastic S-matrix  @@      0.00  0   0 F  0
 Reaction Xsec    32.0-/30 @ 1 =   0.555/, Out:   0.000#

   S-matrix    2 =    0.99999   0.00018 for L=   30, J=   31.0 channel on core I =   2.0 from L=   30,  Acc. loss =  0.0 D.
 Elastic phase shift   2 =    0.005   0.000 deg. for the L =   30, J =   31.0 channel.
      32.0  0.99998758  0.00017794i: elastic S-matrix  @@      0.00  0   0 F  0
 Reaction Xsec    32.0-/30 @ 2 =   0.555/, Out:   0.000#

   S-matrix    3 =    1.00000  -0.00006 for L=   32, J=   31.0 channel on core I =   2.0 from L=   32,  Acc. loss =  0.0 D.
 Elastic phase shift   3 =   -0.002   0.000 deg. for the L =   32, J =   31.0 channel.
      32.0  0.99999602 -0.00005596i: elastic S-matrix  @@      0.00  0   0 F  0
 Reaction Xsec    32.0-/32 @ 3 =   0.178/, Out:   0.000#

   S-matrix    4 =    1.00000   0.00001 for L=   32, J=   32.0 channel on core I =   2.0 from L=   32,  Acc. loss =  0.0 D.
 Elastic phase shift   4 =    0.000   0.000 deg. for the L =   32, J =   32.0 channel.
      32.0  0.99999602  0.00001048i: elastic S-matrix  @@      0.00  0   0 F  0
 Reaction Xsec    32.0-/32 @ 4 =   0.178/, Out:   0.000#

   S-matrix    5 =    1.00000   0.00008 for L=   32, J=   33.0 channel on core I =   2.0 from L=   32,  Acc. loss =  0.0 D.
 Elastic phase shift   5 =    0.002   0.000 deg. for the L =   32, J =   33.0 channel.
      32.0  0.99999602  0.00007899i: elastic S-matrix  @@      0.00  0   0 F  0
 Reaction Xsec    32.0-/32 @ 5 =   0.178/, Out:   0.000#

   S-matrix    6 =    1.00000  -0.00003 for L=   34, J=   33.0 channel on core I =   2.0 from L=   34,  Acc. loss =  0.0 D.
 Elastic phase shift   6 =   -0.001   0.000 deg. for the L =   34, J =   33.0 channel.
      32.0  0.99999873 -0.00002736i: elastic S-matrix  @@      0.00  0   0 F  0
 Reaction Xsec    32.0-/34 @ 6 =   0.057/, Out:   0.000#

   S-matrix    7 =    1.00000   0.00000 for L=   34, J=   34.0 channel on core I =   2.0 from L=   34,  Acc. loss =  0.0 D.
 Elastic phase shift   7 =    0.000   0.000 deg. for the L =   34, J =   34.0 channel.
      32.0  0.99999873  0.00000354i: elastic S-matrix  @@      0.00  0   0 F  0
 Reaction Xsec    32.0-/34 @ 7 =   0.057/, Out:   0.000#


 Total SPIN, PARITY =    33.0 +,      7 chs,      0 cc.  Rmin & Coul turning =    2.6   13.7
   S-matrix    1 =    0.99999   0.00002 for L=   31, J=   31.0 channel on core I =   2.0 from L=   31,  Acc. loss =  0.0 D.
 Elastic phase shift   1 =    0.001   0.000 deg. for the L =   31, J =   31.0 channel.
      33.0  0.99999298  0.00001793i: elastic S-matrix  @@      0.00  0   0 F  0
 Reaction Xsec    33.0+/31 @ 1 =   0.324/, Out:   0.000#

   S-matrix    2 =    0.99999   0.00012 for L=   31, J=   32.0 channel on core I =   2.0 from L=   31,  Acc. loss =  0.0 D.
 Elastic phase shift   2 =    0.003   0.000 deg. for the L =   31, J =   32.0 channel.
      33.0  0.99999297  0.00011841i: elastic S-matrix  @@      0.00  0   0 F  0
 Reaction Xsec    33.0+/31 @ 2 =   0.324/, Out:   0.000#

   S-matrix    3 =    1.00000  -0.00004 for L=   33, J=   32.0 channel on core I =   2.0 from L=   33,  Acc. loss =  0.0 D.
 Elastic phase shift   3 =   -0.001   0.000 deg. for the L =   33, J =   32.0 channel.
      33.0  0.99999775 -0.00003920i: elastic S-matrix  @@      0.00  0   0 F  0
 Reaction Xsec    33.0+/33 @ 3 =   0.104/, Out:   0.000#

   S-matrix    4 =    1.00000   0.00001 for L=   33, J=   33.0 channel on core I =   2.0 from L=   33,  Acc. loss =  0.0 D.
 Elastic phase shift   4 =    0.000   0.000 deg. for the L =   33, J =   33.0 channel.
      33.0  0.99999775  0.00000611i: elastic S-matrix  @@      0.00  0   0 F  0
 Reaction Xsec    33.0+/33 @ 4 =   0.104/, Out:   0.000#

   S-matrix    5 =    1.00000   0.00005 for L=   33, J=   34.0 channel on core I =   2.0 from L=   33,  Acc. loss =  0.0 D.
 Elastic phase shift   5 =    0.002   0.000 deg. for the L =   33, J =   34.0 channel.
      33.0  0.99999775  0.00005280i: elastic S-matrix  @@      0.00  0   0 F  0
 Reaction Xsec    33.0+/33 @ 5 =   0.104/, Out:   0.000#

   S-matrix    6 =    1.00000  -0.00002 for L=   35, J=   34.0 channel on core I =   2.0 from L=   35,  Acc. loss =  0.0 D.
 Elastic phase shift   6 =   -0.001   0.000 deg. for the L =   35, J =   34.0 channel.
      33.0  0.99999928 -0.00001901i: elastic S-matrix  @@      0.00  0   0 F  0
 Reaction Xsec    33.0+/35 @ 6 =   0.033/, Out:   0.000#

   S-matrix    7 =    1.00000   0.00000 for L=   35, J=   35.0 channel on core I =   2.0 from L=   35,  Acc. loss =  0.0 D.
 Elastic phase shift   7 =    0.000   0.000 deg. for the L =   35, J =   35.0 channel.
      33.0  0.99999928  0.00000205i: elastic S-matrix  @@      0.00  0   0 F  0
 Reaction Xsec    33.0+/35 @ 7 =   0.033/, Out:   0.000#


 Total SPIN, PARITY =    33.0 -,      8 chs,      0 cc.  Rmin & Coul turning =    2.6   13.7
   S-matrix    1 =    0.99999   0.00018 for L=   30, J=   31.0 channel on core I =   2.0 from L=   30,  Acc. loss =  0.0 D.
 Elastic phase shift   1 =    0.005   0.000 deg. for the L =   30, J =   31.0 channel.
      33.0  0.99998758  0.00017794i: elastic S-matrix  @@      0.00  0   0 F  0
 Reaction Xsec    33.0-/30 @ 1 =   0.572/, Out:   0.000#

   S-matrix    2 =    1.00000  -0.00006 for L=   32, J=   31.0 channel on core I =   2.0 from L=   32,  Acc. loss =  0.0 D.
 Elastic phase shift   2 =   -0.002   0.000 deg. for the L =   32, J =   31.0 channel.
      33.0  0.99999602 -0.00005596i: elastic S-matrix  @@      0.00  0   0 F  0
 Reaction Xsec    33.0-/32 @ 2 =   0.183/, Out:   0.000#

   S-matrix    3 =    1.00000   0.00001 for L=   32, J=   32.0 channel on core I =   2.0 from L=   32,  Acc. loss =  0.0 D.
 Elastic phase shift   3 =    0.000   0.000 deg. for the L =   32, J =   32.0 channel.
      33.0  0.99999602  0.00001048i: elastic S-matrix  @@      0.00  0   0 F  0
 Reaction Xsec    33.0-/32 @ 3 =   0.184/, Out:   0.000#

   S-matrix    4 =    1.00000   0.00008 for L=   32, J=   33.0 channel on core I =   2.0 from L=   32,  Acc. loss =  0.0 D.
 Elastic phase shift   4 =    0.002   0.000 deg. for the L =   32, J =   33.0 channel.
      33.0  0.99999602  0.00007899i: elastic S-matrix  @@      0.00  0   0 F  0
 Reaction Xsec    33.0-/32 @ 4 =   0.184/, Out:   0.000#

   S-matrix    5 =    1.00000  -0.00003 for L=   34, J=   33.0 channel on core I =   2.0 from L=   34,  Acc. loss =  0.0 D.
 Elastic phase shift   5 =   -0.001   0.000 deg. for the L =   34, J =   33.0 channel.
      33.0  0.99999873 -0.00002736i: elastic S-matrix  @@      0.00  0   0 F  0
 Reaction Xsec    33.0-/34 @ 5 =   0.059/, Out:   0.000#

   S-matrix    6 =    1.00000   0.00000 for L=   34, J=   34.0 channel on core I =   2.0 from L=   34,  Acc. loss =  0.0 D.
 Elastic phase shift   6 =    0.000   0.000 deg. for the L =   34, J =   34.0 channel.
      33.0  0.99999873  0.00000354i: elastic S-matrix  @@      0.00  0   0 F  0
 Reaction Xsec    33.0-/34 @ 6 =   0.059/, Out:   0.000#

   S-matrix    7 =    1.00000   0.00004 for L=   34, J=   35.0 channel on core I =   2.0 from L=   34,  Acc. loss =  0.0 D.
 Elastic phase shift   7 =    0.001   0.000 deg. for the L =   34, J =   35.0 channel.
      33.0  0.99999873  0.00003534i: elastic S-matrix  @@      0.00  0   0 F  0
 Reaction Xsec    33.0-/34 @ 7 =   0.059/, Out:   0.000#

   S-matrix    8 =    1.00000  -0.00001 for L=   36, J=   35.0 channel on core I =   2.0 from L=   36,  Acc. loss =  0.0 D.
 Elastic phase shift   8 =   -0.000   0.000 deg. for the L =   36, J =   35.0 channel.
      33.0  0.99999959 -0.00001315i: elastic S-matrix  @@      0.00  0   0 F  0
 Reaction Xsec    33.0-/36 @ 8 =   0.019/, Out:   0.000#


 Total SPIN, PARITY =    34.0 +,      8 chs,      0 cc.  Rmin & Coul turning =    2.7   14.1
   S-matrix    1 =    0.99999   0.00012 for L=   31, J=   32.0 channel on core I =   2.0 from L=   31,  Acc. loss =  0.0 D.
 Elastic phase shift   1 =    0.003   0.000 deg. for the L =   31, J =   32.0 channel.
      34.0  0.99999297  0.00011841i: elastic S-matrix  @@      0.00  0   0 F  0
 Reaction Xsec    34.0+/31 @ 1 =   0.334/, Out:   0.000#

   S-matrix    2 =    1.00000  -0.00004 for L=   33, J=   32.0 channel on core I =   2.0 from L=   33,  Acc. loss =  0.0 D.
 Elastic phase shift   2 =   -0.001   0.000 deg. for the L =   33, J =   32.0 channel.
      34.0  0.99999775 -0.00003920i: elastic S-matrix  @@      0.00  0   0 F  0
 Reaction Xsec    34.0+/33 @ 2 =   0.107/, Out:   0.000#

   S-matrix    3 =    1.00000   0.00001 for L=   33, J=   33.0 channel on core I =   2.0 from L=   33,  Acc. loss =  0.0 D.
 Elastic phase shift   3 =    0.000   0.000 deg. for the L =   33, J =   33.0 channel.
      34.0  0.99999775  0.00000611i: elastic S-matrix  @@      0.00  0   0 F  0
 Reaction Xsec    34.0+/33 @ 3 =   0.107/, Out:   0.000#

   S-matrix    4 =    1.00000   0.00005 for L=   33, J=   34.0 channel on core I =   2.0 from L=   33,  Acc. loss =  0.0 D.
 Elastic phase shift   4 =    0.002   0.000 deg. for the L =   33, J =   34.0 channel.
      34.0  0.99999775  0.00005280i: elastic S-matrix  @@      0.00  0   0 F  0
 Reaction Xsec    34.0+/33 @ 4 =   0.107/, Out:   0.000#

   S-matrix    5 =    1.00000  -0.00002 for L=   35, J=   34.0 channel on core I =   2.0 from L=   35,  Acc. loss =  0.0 D.
 Elastic phase shift   5 =   -0.001   0.000 deg. for the L =   35, J =   34.0 channel.
      34.0  0.99999928 -0.00001901i: elastic S-matrix  @@      0.00  0   0 F  0
 Reaction Xsec    34.0+/35 @ 5 =   0.034/, Out:   0.000#

   S-matrix    6 =    1.00000   0.00000 for L=   35, J=   35.0 channel on core I =   2.0 from L=   35,  Acc. loss =  0.0 D.
 Elastic phase shift   6 =    0.000   0.000 deg. for the L =   35, J =   35.0 channel.
      34.0  0.99999928  0.00000205i: elastic S-matrix  @@      0.00  0   0 F  0
 Reaction Xsec    34.0+/35 @ 6 =   0.034/, Out:   0.000#

   S-matrix    7 =    1.00000   0.00002 for L=   35, J=   36.0 channel on core I =   2.0 from L=   35,  Acc. loss =  0.0 D.
 Elastic phase shift   7 =    0.001   0.000 deg. for the L =   35, J =   36.0 channel.
      34.0  0.99999928  0.00002370i: elastic S-matrix  @@      0.00  0   0 F  0
 Reaction Xsec    34.0+/35 @ 7 =   0.034/, Out:   0.000#

   S-matrix    8 =    1.00000  -0.00001 for L=   37, J=   36.0 channel on core I =   2.0 from L=   37,  Acc. loss =  0.0 D.
 Elastic phase shift   8 =   -0.000   0.000 deg. for the L =   37, J =   36.0 channel.
      34.0  0.99999977 -0.00000909i: elastic S-matrix  @@      0.00  0   0 F  0
 Reaction Xsec    34.0+/37 @ 8 =   0.011/, Out:   0.000#


 Total SPIN, PARITY =    34.0 -,      7 chs,      0 cc.  Rmin & Coul turning =    2.7   14.1
   S-matrix    1 =    1.00000   0.00001 for L=   32, J=   32.0 channel on core I =   2.0 from L=   32,  Acc. loss =  0.0 D.
 Elastic phase shift   1 =    0.000   0.000 deg. for the L =   32, J =   32.0 channel.
      34.0  0.99999602  0.00001048i: elastic S-matrix  @@      0.00  0   0 F  0
 Reaction Xsec    34.0-/32 @ 1 =   0.189/, Out:   0.000#

   S-matrix    2 =    1.00000   0.00008 for L=   32, J=   33.0 channel on core I =   2.0 from L=   32,  Acc. loss =  0.0 D.
 Elastic phase shift   2 =    0.002   0.000 deg. for the L =   32, J =   33.0 channel.
      34.0  0.99999602  0.00007899i: elastic S-matrix  @@      0.00  0   0 F  0
 Reaction Xsec    34.0-/32 @ 2 =   0.189/, Out:   0.000#

   S-matrix    3 =    1.00000  -0.00003 for L=   34, J=   33.0 channel on core I =   2.0 from L=   34,  Acc. loss =  0.0 D.
 Elastic phase shift   3 =   -0.001   0.000 deg. for the L =   34, J =   33.0 channel.
      34.0  0.99999873 -0.00002736i: elastic S-matrix  @@      0.00  0   0 F  0
 Reaction Xsec    34.0-/34 @ 3 =   0.061/, Out:   0.000#

   S-matrix    4 =    1.00000   0.00000 for L=   34, J=   34.0 channel on core I =   2.0 from L=   34,  Acc. loss =  0.0 D.
 Elastic phase shift   4 =    0.000   0.000 deg. for the L =   34, J =   34.0 channel.
      34.0  0.99999873  0.00000354i: elastic S-matrix  @@      0.00  0   0 F  0
 Reaction Xsec    34.0-/34 @ 4 =   0.061/, Out:   0.000#

   S-matrix    5 =    1.00000   0.00004 for L=   34, J=   35.0 channel on core I =   2.0 from L=   34,  Acc. loss =  0.0 D.
 Elastic phase shift   5 =    0.001   0.000 deg. for the L =   34, J =   35.0 channel.
      34.0  0.99999873  0.00003534i: elastic S-matrix  @@      0.00  0   0 F  0
 Reaction Xsec    34.0-/34 @ 5 =   0.061/, Out:   0.000#

   S-matrix    6 =    1.00000  -0.00001 for L=   36, J=   35.0 channel on core I =   2.0 from L=   36,  Acc. loss =  0.0 D.
 Elastic phase shift   6 =   -0.000   0.000 deg. for the L =   36, J =   35.0 channel.
      34.0  0.99999959 -0.00001315i: elastic S-matrix  @@      0.00  0   0 F  0
 Reaction Xsec    34.0-/36 @ 6 =   0.019/, Out:   0.000#

   S-matrix    7 =    1.00000   0.00000 for L=   36, J=   36.0 channel on core I =   2.0 from L=   36,  Acc. loss =  0.0 D.
 Elastic phase shift   7 =    0.000   0.000 deg. for the L =   36, J =   36.0 channel.
      34.0  0.99999959  0.00000119i: elastic S-matrix  @@      0.00  0   0 F  0
 Reaction Xsec    34.0-/36 @ 7 =   0.019/, Out:   0.000#


 Total SPIN, PARITY =    35.0 +,      7 chs,      0 cc.  Rmin & Coul turning =    2.8   14.5
   S-matrix    1 =    1.00000   0.00001 for L=   33, J=   33.0 channel on core I =   2.0 from L=   33,  Acc. loss =  0.0 D.
 Elastic phase shift   1 =    0.000   0.000 deg. for the L =   33, J =   33.0 channel.
      35.0  0.99999775  0.00000611i: elastic S-matrix  @@      0.00  0   0 F  0
 Reaction Xsec    35.0+/33 @ 1 =   0.110/, Out:   0.000#

   S-matrix    2 =    1.00000   0.00005 for L=   33, J=   34.0 channel on core I =   2.0 from L=   33,  Acc. loss =  0.0 D.
 Elastic phase shift   2 =    0.002   0.000 deg. for the L =   33, J =   34.0 channel.
      35.0  0.99999775  0.00005280i: elastic S-matrix  @@      0.00  0   0 F  0
 Reaction Xsec    35.0+/33 @ 2 =   0.110/, Out:   0.000#

   S-matrix    3 =    1.00000  -0.00002 for L=   35, J=   34.0 channel on core I =   2.0 from L=   35,  Acc. loss =  0.0 D.
 Elastic phase shift   3 =   -0.001   0.000 deg. for the L =   35, J =   34.0 channel.
      35.0  0.99999928 -0.00001901i: elastic S-matrix  @@      0.00  0   0 F  0
 Reaction Xsec    35.0+/35 @ 3 =   0.035/, Out:   0.000#

   S-matrix    4 =    1.00000   0.00000 for L=   35, J=   35.0 channel on core I =   2.0 from L=   35,  Acc. loss =  0.0 D.
 Elastic phase shift   4 =    0.000   0.000 deg. for the L =   35, J =   35.0 channel.
      35.0  0.99999928  0.00000205i: elastic S-matrix  @@      0.00  0   0 F  0
 Reaction Xsec    35.0+/35 @ 4 =   0.035/, Out:   0.000#

   S-matrix    5 =    1.00000   0.00002 for L=   35, J=   36.0 channel on core I =   2.0 from L=   35,  Acc. loss =  0.0 D.
 Elastic phase shift   5 =    0.001   0.000 deg. for the L =   35, J =   36.0 channel.
      35.0  0.99999928  0.00002370i: elastic S-matrix  @@      0.00  0   0 F  0
 Reaction Xsec    35.0+/35 @ 5 =   0.035/, Out:   0.000#

   S-matrix    6 =    1.00000  -0.00001 for L=   37, J=   36.0 channel on core I =   2.0 from L=   37,  Acc. loss =  0.0 D.
 Elastic phase shift   6 =   -0.000   0.000 deg. for the L =   37, J =   36.0 channel.
      35.0  0.99999977 -0.00000909i: elastic S-matrix  @@      0.00  0   0 F  0
 Reaction Xsec    35.0+/37 @ 6 =   0.011/, Out:   0.000#

   S-matrix    7 =    1.00000   0.00000 for L=   37, J=   37.0 channel on core I =   2.0 from L=   37,  Acc. loss =  0.0 D.
 Elastic phase shift   7 =    0.000   0.000 deg. for the L =   37, J =   37.0 channel.
      35.0  0.99999977  0.00000068i: elastic S-matrix  @@      0.00  0   0 F  0
 Reaction Xsec    35.0+/37 @ 7 =   0.011/, Out:   0.000#


 Total SPIN, PARITY =    35.0 -,      8 chs,      0 cc.  Rmin & Coul turning =    2.8   14.5
   S-matrix    1 =    1.00000   0.00008 for L=   32, J=   33.0 channel on core I =   2.0 from L=   32,  Acc. loss =  0.0 D.
 Elastic phase shift   1 =    0.002   0.000 deg. for the L =   32, J =   33.0 channel.
      35.0  0.99999602  0.00007899i: elastic S-matrix  @@      0.00  0   0 F  0
 Reaction Xsec    35.0-/32 @ 1 =   0.194/, Out:   0.000#

   S-matrix    2 =    1.00000  -0.00003 for L=   34, J=   33.0 channel on core I =   2.0 from L=   34,  Acc. loss =  0.0 D.
 Elastic phase shift   2 =   -0.001   0.000 deg. for the L =   34, J =   33.0 channel.
      35.0  0.99999873 -0.00002736i: elastic S-matrix  @@      0.00  0   0 F  0
 Reaction Xsec    35.0-/34 @ 2 =   0.062/, Out:   0.000#

   S-matrix    3 =    1.00000   0.00000 for L=   34, J=   34.0 channel on core I =   2.0 from L=   34,  Acc. loss =  0.0 D.
 Elastic phase shift   3 =    0.000   0.000 deg. for the L =   34, J =   34.0 channel.
      35.0  0.99999873  0.00000354i: elastic S-matrix  @@      0.00  0   0 F  0
 Reaction Xsec    35.0-/34 @ 3 =   0.062/, Out:   0.000#

   S-matrix    4 =    1.00000   0.00004 for L=   34, J=   35.0 channel on core I =   2.0 from L=   34,  Acc. loss =  0.0 D.
 Elastic phase shift   4 =    0.001   0.000 deg. for the L =   34, J =   35.0 channel.
      35.0  0.99999873  0.00003534i: elastic S-matrix  @@      0.00  0   0 F  0
 Reaction Xsec    35.0-/34 @ 4 =   0.062/, Out:   0.000#

   S-matrix    5 =    1.00000  -0.00001 for L=   36, J=   35.0 channel on core I =   2.0 from L=   36,  Acc. loss =  0.0 D.
 Elastic phase shift   5 =   -0.000   0.000 deg. for the L =   36, J =   35.0 channel.
      35.0  0.99999959 -0.00001315i: elastic S-matrix  @@      0.00  0   0 F  0
 Reaction Xsec    35.0-/36 @ 5 =   0.020/, Out:   0.000#

   S-matrix    6 =    1.00000   0.00000 for L=   36, J=   36.0 channel on core I =   2.0 from L=   36,  Acc. loss =  0.0 D.
 Elastic phase shift   6 =    0.000   0.000 deg. for the L =   36, J =   36.0 channel.
      35.0  0.99999959  0.00000119i: elastic S-matrix  @@      0.00  0   0 F  0
 Reaction Xsec    35.0-/36 @ 6 =   0.020/, Out:   0.000#

   S-matrix    7 =    1.00000   0.00002 for L=   36, J=   37.0 channel on core I =   2.0 from L=   36,  Acc. loss =  0.0 D.
 Elastic phase shift   7 =    0.000   0.000 deg. for the L =   36, J =   37.0 channel.
      35.0  0.99999959  0.00001593i: elastic S-matrix  @@      0.00  0   0 F  0
 Reaction Xsec    35.0-/36 @ 7 =   0.020/, Out:   0.000#

   S-matrix    8 =    1.00000  -0.00001 for L=   38, J=   37.0 channel on core I =   2.0 from L=   38,  Acc. loss =  0.0 D.
 Elastic phase shift   8 =   -0.000   0.000 deg. for the L =   38, J =   37.0 channel.
      35.0  0.99999987 -0.00000627i: elastic S-matrix  @@      0.00  0   0 F  0
 Reaction Xsec    35.0-/38 @ 8 =   6.371#, Out:   0.000#


 Total SPIN, PARITY =    36.0 +,      8 chs,      0 cc.  Rmin & Coul turning =    2.9   14.9
   S-matrix    1 =    1.00000   0.00005 for L=   33, J=   34.0 channel on core I =   2.0 from L=   33,  Acc. loss =  0.0 D.
 Elastic phase shift   1 =    0.002   0.000 deg. for the L =   33, J =   34.0 channel.
      36.0  0.99999775  0.00005280i: elastic S-matrix  @@      0.00  0   0 F  0
 Reaction Xsec    36.0+/33 @ 1 =   0.113/, Out:   0.000#

   S-matrix    2 =    1.00000  -0.00002 for L=   35, J=   34.0 channel on core I =   2.0 from L=   35,  Acc. loss =  0.0 D.
 Elastic phase shift   2 =   -0.001   0.000 deg. for the L =   35, J =   34.0 channel.
      36.0  0.99999928 -0.00001901i: elastic S-matrix  @@      0.00  0   0 F  0
 Reaction Xsec    36.0+/35 @ 2 =   0.036/, Out:   0.000#

   S-matrix    3 =    1.00000   0.00000 for L=   35, J=   35.0 channel on core I =   2.0 from L=   35,  Acc. loss =  0.0 D.
 Elastic phase shift   3 =    0.000   0.000 deg. for the L =   35, J =   35.0 channel.
      36.0  0.99999928  0.00000205i: elastic S-matrix  @@      0.00  0   0 F  0
 Reaction Xsec    36.0+/35 @ 3 =   0.036/, Out:   0.000#

   S-matrix    4 =    1.00000   0.00002 for L=   35, J=   36.0 channel on core I =   2.0 from L=   35,  Acc. loss =  0.0 D.
 Elastic phase shift   4 =    0.001   0.000 deg. for the L =   35, J =   36.0 channel.
      36.0  0.99999928  0.00002370i: elastic S-matrix  @@      0.00  0   0 F  0
 Reaction Xsec    36.0+/35 @ 4 =   0.036/, Out:   0.000#

   S-matrix    5 =    1.00000  -0.00001 for L=   37, J=   36.0 channel on core I =   2.0 from L=   37,  Acc. loss =  0.0 D.
 Elastic phase shift   5 =   -0.000   0.000 deg. for the L =   37, J =   36.0 channel.
      36.0  0.99999977 -0.00000909i: elastic S-matrix  @@      0.00  0   0 F  0
 Reaction Xsec    36.0+/37 @ 5 =   0.012/, Out:   0.000#

   S-matrix    6 =    1.00000   0.00000 for L=   37, J=   37.0 channel on core I =   2.0 from L=   37,  Acc. loss =  0.0 D.
 Elastic phase shift   6 =    0.000   0.000 deg. for the L =   37, J =   37.0 channel.
      36.0  0.99999977  0.00000068i: elastic S-matrix  @@      0.00  0   0 F  0
 Reaction Xsec    36.0+/37 @ 6 =   0.012/, Out:   0.000#

   S-matrix    7 =    1.00000   0.00001 for L=   37, J=   38.0 channel on core I =   2.0 from L=   37,  Acc. loss =  0.0 D.
 Elastic phase shift   7 =    0.000   0.000 deg. for the L =   37, J =   38.0 channel.
      36.0  0.99999977  0.00001071i: elastic S-matrix  @@      0.00  0   0 F  0
 Reaction Xsec    36.0+/37 @ 7 =   0.012/, Out:   0.000#

   S-matrix    8 =    1.00000  -0.00000 for L=   39, J=   38.0 channel on core I =   2.0 from L=   39,  Acc. loss =  0.0 D.
 Elastic phase shift   8 =   -0.000   0.000 deg. for the L =   39, J =   38.0 channel.
      36.0  0.99999993 -0.00000430i: elastic S-matrix  @@      0.00  0   0 F  0
 Reaction Xsec    36.0+/39 @ 8 =   3.702#, Out:   0.000#


 Total SPIN, PARITY =    36.0 -,      7 chs,      0 cc.  Rmin & Coul turning =    2.9   14.9
   S-matrix    1 =    1.00000   0.00000 for L=   34, J=   34.0 channel on core I =   2.0 from L=   34,  Acc. loss =  0.0 D.
 Elastic phase shift   1 =    0.000   0.000 deg. for the L =   34, J =   34.0 channel.
      36.0  0.99999873  0.00000354i: elastic S-matrix  @@      0.00  0   0 F  0
 Reaction Xsec    36.0-/34 @ 1 =   0.064/, Out:   0.000#

   S-matrix    2 =    1.00000   0.00004 for L=   34, J=   35.0 channel on core I =   2.0 from L=   34,  Acc. loss =  0.0 D.
 Elastic phase shift   2 =    0.001   0.000 deg. for the L =   34, J =   35.0 channel.
      36.0  0.99999873  0.00003534i: elastic S-matrix  @@      0.00  0   0 F  0
 Reaction Xsec    36.0-/34 @ 2 =   0.064/, Out:   0.000#

   S-matrix    3 =    1.00000  -0.00001 for L=   36, J=   35.0 channel on core I =   2.0 from L=   36,  Acc. loss =  0.0 D.
 Elastic phase shift   3 =   -0.000   0.000 deg. for the L =   36, J =   35.0 channel.
      36.0  0.99999959 -0.00001315i: elastic S-matrix  @@      0.00  0   0 F  0
 Reaction Xsec    36.0-/36 @ 3 =   0.020/, Out:   0.000#

   S-matrix    4 =    1.00000   0.00000 for L=   36, J=   36.0 channel on core I =   2.0 from L=   36,  Acc. loss =  0.0 D.
 Elastic phase shift   4 =    0.000   0.000 deg. for the L =   36, J =   36.0 channel.
      36.0  0.99999959  0.00000119i: elastic S-matrix  @@      0.00  0   0 F  0
 Reaction Xsec    36.0-/36 @ 4 =   0.020/, Out:   0.000#

   S-matrix    5 =    1.00000   0.00002 for L=   36, J=   37.0 channel on core I =   2.0 from L=   36,  Acc. loss =  0.0 D.
 Elastic phase shift   5 =    0.000   0.000 deg. for the L =   36, J =   37.0 channel.
      36.0  0.99999959  0.00001593i: elastic S-matrix  @@      0.00  0   0 F  0
 Reaction Xsec    36.0-/36 @ 5 =   0.020/, Out:   0.000#

   S-matrix    6 =    1.00000  -0.00001 for L=   38, J=   37.0 channel on core I =   2.0 from L=   38,  Acc. loss =  0.0 D.
 Elastic phase shift   6 =   -0.000   0.000 deg. for the L =   38, J =   37.0 channel.
      36.0  0.99999987 -0.00000627i: elastic S-matrix  @@      0.00  0   0 F  0
 Reaction Xsec    36.0-/38 @ 6 =   6.551#, Out:   0.000#

   S-matrix    7 =    1.00000   0.00000 for L=   38, J=   38.0 channel on core I =   2.0 from L=   38,  Acc. loss =  0.0 D.
 Elastic phase shift   7 =    0.000   0.000 deg. for the L =   38, J =   38.0 channel.
      36.0  0.99999987  0.00000038i: elastic S-matrix  @@      0.00  0   0 F  0
 Reaction Xsec    36.0-/38 @ 7 =   6.551#, Out:   0.000#


 Total SPIN, PARITY =    37.0 +,      7 chs,      0 cc.  Rmin & Coul turning =    3.0   15.3
   S-matrix    1 =    1.00000   0.00000 for L=   35, J=   35.0 channel on core I =   2.0 from L=   35,  Acc. loss =  0.0 D.
 Elastic phase shift   1 =    0.000   0.000 deg. for the L =   35, J =   35.0 channel.
      37.0  0.99999928  0.00000205i: elastic S-matrix  @@      0.00  0   0 F  0
 Reaction Xsec    37.0+/35 @ 1 =   0.037/, Out:   0.000#

   S-matrix    2 =    1.00000   0.00002 for L=   35, J=   36.0 channel on core I =   2.0 from L=   35,  Acc. loss =  0.0 D.
 Elastic phase shift   2 =    0.001   0.000 deg. for the L =   35, J =   36.0 channel.
      37.0  0.99999928  0.00002370i: elastic S-matrix  @@      0.00  0   0 F  0
 Reaction Xsec    37.0+/35 @ 2 =   0.037/, Out:   0.000#

   S-matrix    3 =    1.00000  -0.00001 for L=   37, J=   36.0 channel on core I =   2.0 from L=   37,  Acc. loss =  0.0 D.
 Elastic phase shift   3 =   -0.000   0.000 deg. for the L =   37, J =   36.0 channel.
      37.0  0.99999977 -0.00000909i: elastic S-matrix  @@      0.00  0   0 F  0
 Reaction Xsec    37.0+/37 @ 3 =   0.012/, Out:   0.000#

   S-matrix    4 =    1.00000   0.00000 for L=   37, J=   37.0 channel on core I =   2.0 from L=   37,  Acc. loss =  0.0 D.
 Elastic phase shift   4 =    0.000   0.000 deg. for the L =   37, J =   37.0 channel.
      37.0  0.99999977  0.00000068i: elastic S-matrix  @@      0.00  0   0 F  0
 Reaction Xsec    37.0+/37 @ 4 =   0.012/, Out:   0.000#

   S-matrix    5 =    1.00000   0.00001 for L=   37, J=   38.0 channel on core I =   2.0 from L=   37,  Acc. loss =  0.0 D.
 Elastic phase shift   5 =    0.000   0.000 deg. for the L =   37, J =   38.0 channel.
      37.0  0.99999977  0.00001071i: elastic S-matrix  @@      0.00  0   0 F  0
 Reaction Xsec    37.0+/37 @ 5 =   0.012/, Out:   0.000#

   S-matrix    6 =    1.00000  -0.00000 for L=   39, J=   38.0 channel on core I =   2.0 from L=   39,  Acc. loss =  0.0 D.
 Elastic phase shift   6 =   -0.000   0.000 deg. for the L =   39, J =   38.0 channel.
      37.0  0.99999993 -0.00000430i: elastic S-matrix  @@      0.00  0   0 F  0
 Reaction Xsec    37.0+/39 @ 6 =   3.804#, Out:   0.000#

   S-matrix    7 =    1.00000   0.00000 for L=   39, J=   39.0 channel on core I =   2.0 from L=   39,  Acc. loss =  0.0 D.
 Elastic phase shift   7 =    0.000   0.000 deg. for the L =   39, J =   39.0 channel.
      37.0  0.99999993  0.00000022i: elastic S-matrix  @@      0.00  0   0 F  0
 Reaction Xsec    37.0+/39 @ 7 =   3.804#, Out:   0.000#


 Total SPIN, PARITY =    37.0 -,      8 chs,      0 cc.  Rmin & Coul turning =    3.0   15.3
   S-matrix    1 =    1.00000   0.00004 for L=   34, J=   35.0 channel on core I =   2.0 from L=   34,  Acc. loss =  0.0 D.
 Elastic phase shift   1 =    0.001   0.000 deg. for the L =   34, J =   35.0 channel.
      37.0  0.99999873  0.00003534i: elastic S-matrix  @@      0.00  0   0 F  0
 Reaction Xsec    37.0-/34 @ 1 =   0.066/, Out:   0.000#

   S-matrix    2 =    1.00000  -0.00001 for L=   36, J=   35.0 channel on core I =   2.0 from L=   36,  Acc. loss =  0.0 D.
 Elastic phase shift   2 =   -0.000   0.000 deg. for the L =   36, J =   35.0 channel.
      37.0  0.99999959 -0.00001315i: elastic S-matrix  @@      0.00  0   0 F  0
 Reaction Xsec    37.0-/36 @ 2 =   0.021/, Out:   0.000#

   S-matrix    3 =    1.00000   0.00000 for L=   36, J=   36.0 channel on core I =   2.0 from L=   36,  Acc. loss =  0.0 D.
 Elastic phase shift   3 =    0.000   0.000 deg. for the L =   36, J =   36.0 channel.
      37.0  0.99999959  0.00000119i: elastic S-matrix  @@      0.00  0   0 F  0
 Reaction Xsec    37.0-/36 @ 3 =   0.021/, Out:   0.000#

   S-matrix    4 =    1.00000   0.00002 for L=   36, J=   37.0 channel on core I =   2.0 from L=   36,  Acc. loss =  0.0 D.
 Elastic phase shift   4 =    0.000   0.000 deg. for the L =   36, J =   37.0 channel.
      37.0  0.99999959  0.00001593i: elastic S-matrix  @@      0.00  0   0 F  0
 Reaction Xsec    37.0-/36 @ 4 =   0.021/, Out:   0.000#

   S-matrix    5 =    1.00000  -0.00001 for L=   38, J=   37.0 channel on core I =   2.0 from L=   38,  Acc. loss =  0.0 D.
 Elastic phase shift   5 =   -0.000   0.000 deg. for the L =   38, J =   37.0 channel.
      37.0  0.99999987 -0.00000627i: elastic S-matrix  @@      0.00  0   0 F  0
 Reaction Xsec    37.0-/38 @ 5 =   6.730#, Out:   0.000#

   S-matrix    6 =    1.00000   0.00000 for L=   38, J=   38.0 channel on core I =   2.0 from L=   38,  Acc. loss =  0.0 D.
 Elastic phase shift   6 =    0.000   0.000 deg. for the L =   38, J =   38.0 channel.
      37.0  0.99999987  0.00000038i: elastic S-matrix  @@      0.00  0   0 F  0
 Reaction Xsec    37.0-/38 @ 6 =   6.730#, Out:   0.000#

   S-matrix    7 =    1.00000   0.00001 for L=   38, J=   39.0 channel on core I =   2.0 from L=   38,  Acc. loss =  0.0 D.
 Elastic phase shift   7 =    0.000   0.000 deg. for the L =   38, J =   39.0 channel.
      37.0  0.99999987  0.00000720i: elastic S-matrix  @@      0.00  0   0 F  0
 Reaction Xsec    37.0-/38 @ 7 =   6.730#, Out:   0.000#

   S-matrix    8 =    1.00000  -0.00000 for L=   40, J=   39.0 channel on core I =   2.0 from L=   40,  Acc. loss =  0.0 D.
 Elastic phase shift   8 =   -0.000   0.000 deg. for the L =   40, J =   39.0 channel.
      37.0  0.99999996 -0.00000295i: elastic S-matrix  @@      0.00  0   0 F  0
 Reaction Xsec    37.0-/40 @ 8 =   2.149#, Out:   0.000#


 Total SPIN, PARITY =    38.0 +,      8 chs,      0 cc.  Rmin & Coul turning =    3.0   15.7
   S-matrix    1 =    1.00000   0.00002 for L=   35, J=   36.0 channel on core I =   2.0 from L=   35,  Acc. loss =  0.0 D.
 Elastic phase shift   1 =    0.001   0.000 deg. for the L =   35, J =   36.0 channel.
      38.0  0.99999928  0.00002370i: elastic S-matrix  @@      0.00  0   0 F  0
 Reaction Xsec    38.0+/35 @ 1 =   0.038/, Out:   0.000#

   S-matrix    2 =    1.00000  -0.00001 for L=   37, J=   36.0 channel on core I =   2.0 from L=   37,  Acc. loss =  0.0 D.
 Elastic phase shift   2 =   -0.000   0.000 deg. for the L =   37, J =   36.0 channel.
      38.0  0.99999977 -0.00000909i: elastic S-matrix  @@      0.00  0   0 F  0
 Reaction Xsec    38.0+/37 @ 2 =   0.012/, Out:   0.000#

   S-matrix    3 =    1.00000   0.00000 for L=   37, J=   37.0 channel on core I =   2.0 from L=   37,  Acc. loss =  0.0 D.
 Elastic phase shift   3 =    0.000   0.000 deg. for the L =   37, J =   37.0 channel.
      38.0  0.99999977  0.00000068i: elastic S-matrix  @@      0.00  0   0 F  0
 Reaction Xsec    38.0+/37 @ 3 =   0.012/, Out:   0.000#

   S-matrix    4 =    1.00000   0.00001 for L=   37, J=   38.0 channel on core I =   2.0 from L=   37,  Acc. loss =  0.0 D.
 Elastic phase shift   4 =    0.000   0.000 deg. for the L =   37, J =   38.0 channel.
      38.0  0.99999977  0.00001071i: elastic S-matrix  @@      0.00  0   0 F  0
 Reaction Xsec    38.0+/37 @ 4 =   0.012/, Out:   0.000#

   S-matrix    5 =    1.00000  -0.00000 for L=   39, J=   38.0 channel on core I =   2.0 from L=   39,  Acc. loss =  0.0 D.
 Elastic phase shift   5 =   -0.000   0.000 deg. for the L =   39, J =   38.0 channel.
      38.0  0.99999993 -0.00000430i: elastic S-matrix  @@      0.00  0   0 F  0
 Reaction Xsec    38.0+/39 @ 5 =   3.905#, Out:   0.000#

   S-matrix    6 =    1.00000   0.00000 for L=   39, J=   39.0 channel on core I =   2.0 from L=   39,  Acc. loss =  0.0 D.
 Elastic phase shift   6 =    0.000   0.000 deg. for the L =   39, J =   39.0 channel.
      38.0  0.99999993  0.00000022i: elastic S-matrix  @@      0.00  0   0 F  0
 Reaction Xsec    38.0+/39 @ 6 =   3.905#, Out:   0.000#

   S-matrix    7 =    1.00000   0.00000 for L=   39, J=   40.0 channel on core I =   2.0 from L=   39,  Acc. loss =  0.0 D.
 Elastic phase shift   7 =    0.000   0.000 deg. for the L =   39, J =   40.0 channel.
      38.0  0.99999993  0.00000486i: elastic S-matrix  @@      0.00  0   0 F  0
 Reaction Xsec    38.0+/39 @ 7 =   3.905#, Out:   0.000#

   S-matrix    8 =    1.00000  -0.00000 for L=   41, J=   40.0 channel on core I =   2.0 from L=   41,  Acc. loss =  0.0 D.
 Elastic phase shift   8 =   -0.000   0.000 deg. for the L =   41, J =   40.0 channel.
      38.0  0.99999998 -0.00000203i: elastic S-matrix  @@      0.00  0   0 F  0
 Reaction Xsec    38.0+/41 @ 8 =   1.247#, Out:   0.000#


 Total SPIN, PARITY =    38.0 -,      7 chs,      0 cc.  Rmin & Coul turning =    3.0   15.7
   S-matrix    1 =    1.00000   0.00000 for L=   36, J=   36.0 channel on core I =   2.0 from L=   36,  Acc. loss =  0.0 D.
 Elastic phase shift   1 =    0.000   0.000 deg. for the L =   36, J =   36.0 channel.
      38.0  0.99999959  0.00000119i: elastic S-matrix  @@      0.00  0   0 F  0
 Reaction Xsec    38.0-/36 @ 1 =   0.022/, Out:   0.000#

   S-matrix    2 =    1.00000   0.00002 for L=   36, J=   37.0 channel on core I =   2.0 from L=   36,  Acc. loss =  0.0 D.
 Elastic phase shift   2 =    0.000   0.000 deg. for the L =   36, J =   37.0 channel.
      38.0  0.99999959  0.00001593i: elastic S-matrix  @@      0.00  0   0 F  0
 Reaction Xsec    38.0-/36 @ 2 =   0.022/, Out:   0.000#

   S-matrix    3 =    1.00000  -0.00001 for L=   38, J=   37.0 channel on core I =   2.0 from L=   38,  Acc. loss =  0.0 D.
 Elastic phase shift   3 =   -0.000   0.000 deg. for the L =   38, J =   37.0 channel.
      38.0  0.99999987 -0.00000627i: elastic S-matrix  @@      0.00  0   0 F  0
 Reaction Xsec    38.0-/38 @ 3 =   6.910#, Out:   0.000#

   S-matrix    4 =    1.00000   0.00000 for L=   38, J=   38.0 channel on core I =   2.0 from L=   38,  Acc. loss =  0.0 D.
 Elastic phase shift   4 =    0.000   0.000 deg. for the L =   38, J =   38.0 channel.
      38.0  0.99999987  0.00000038i: elastic S-matrix  @@      0.00  0   0 F  0
 Reaction Xsec    38.0-/38 @ 4 =   6.910#, Out:   0.000#

   S-matrix    5 =    1.00000   0.00001 for L=   38, J=   39.0 channel on core I =   2.0 from L=   38,  Acc. loss =  0.0 D.
 Elastic phase shift   5 =    0.000   0.000 deg. for the L =   38, J =   39.0 channel.
      38.0  0.99999987  0.00000720i: elastic S-matrix  @@      0.00  0   0 F  0
 Reaction Xsec    38.0-/38 @ 5 =   6.910#, Out:   0.000#

   S-matrix    6 =    1.00000  -0.00000 for L=   40, J=   39.0 channel on core I =   2.0 from L=   40,  Acc. loss =  0.0 D.
 Elastic phase shift   6 =   -0.000   0.000 deg. for the L =   40, J =   39.0 channel.
      38.0  0.99999996 -0.00000295i: elastic S-matrix  @@      0.00  0   0 F  0
 Reaction Xsec    38.0-/40 @ 6 =   2.207#, Out:   0.000#

   S-matrix    7 =    1.00000   0.00000 for L=   40, J=   40.0 channel on core I =   2.0 from L=   40,  Acc. loss =  0.0 D.
 Elastic phase shift   7 =    0.000   0.000 deg. for the L =   40, J =   40.0 channel.
      38.0  0.99999996  0.00000013i: elastic S-matrix  @@      0.00  0   0 F  0
 Reaction Xsec    38.0-/40 @ 7 =   2.207#, Out:   0.000#


 Total SPIN, PARITY =    39.0 +,      7 chs,      0 cc.  Rmin & Coul turning =    3.1   16.1
   S-matrix    1 =    1.00000   0.00000 for L=   37, J=   37.0 channel on core I =   2.0 from L=   37,  Acc. loss =  0.0 D.
 Elastic phase shift   1 =    0.000   0.000 deg. for the L =   37, J =   37.0 channel.
      39.0  0.99999977  0.00000068i: elastic S-matrix  @@      0.00  0   0 F  0
 Reaction Xsec    39.0+/37 @ 1 =   0.013/, Out:   0.000#

   S-matrix    2 =    1.00000   0.00001 for L=   37, J=   38.0 channel on core I =   2.0 from L=   37,  Acc. loss =  0.0 D.
 Elastic phase shift   2 =    0.000   0.000 deg. for the L =   37, J =   38.0 channel.
      39.0  0.99999977  0.00001071i: elastic S-matrix  @@      0.00  0   0 F  0
 Reaction Xsec    39.0+/37 @ 2 =   0.013/, Out:   0.000#

   S-matrix    3 =    1.00000  -0.00000 for L=   39, J=   38.0 channel on core I =   2.0 from L=   39,  Acc. loss =  0.0 D.
 Elastic phase shift   3 =   -0.000   0.000 deg. for the L =   39, J =   38.0 channel.
      39.0  0.99999993 -0.00000430i: elastic S-matrix  @@      0.00  0   0 F  0
 Reaction Xsec    39.0+/39 @ 3 =   4.007#, Out:   0.000#

   S-matrix    4 =    1.00000   0.00000 for L=   39, J=   39.0 channel on core I =   2.0 from L=   39,  Acc. loss =  0.0 D.
 Elastic phase shift   4 =    0.000   0.000 deg. for the L =   39, J =   39.0 channel.
      39.0  0.99999993  0.00000022i: elastic S-matrix  @@      0.00  0   0 F  0
 Reaction Xsec    39.0+/39 @ 4 =   4.007#, Out:   0.000#

   S-matrix    5 =    1.00000   0.00000 for L=   39, J=   40.0 channel on core I =   2.0 from L=   39,  Acc. loss =  0.0 D.
 Elastic phase shift   5 =    0.000   0.000 deg. for the L =   39, J =   40.0 channel.
      39.0  0.99999993  0.00000486i: elastic S-matrix  @@      0.00  0   0 F  0
 Reaction Xsec    39.0+/39 @ 5 =   4.007#, Out:   0.000#

   S-matrix    6 =    1.00000  -0.00000 for L=   41, J=   40.0 channel on core I =   2.0 from L=   41,  Acc. loss =  0.0 D.
 Elastic phase shift   6 =   -0.000   0.000 deg. for the L =   41, J =   40.0 channel.
      39.0  0.99999998 -0.00000203i: elastic S-matrix  @@      0.00  0   0 F  0
 Reaction Xsec    39.0+/41 @ 6 =   1.279#, Out:   0.000#

   S-matrix    7 =    1.00000   0.00000 for L=   41, J=   41.0 channel on core I =   2.0 from L=   41,  Acc. loss =  0.0 D.
 Elastic phase shift   7 =    0.000   0.000 deg. for the L =   41, J =   41.0 channel.
      39.0  0.99999998  0.00000006i: elastic S-matrix  @@      0.00  0   0 F  0
 Reaction Xsec    39.0+/41 @ 7 =   1.279#, Out:   0.000#


 Total SPIN, PARITY =    39.0 -,      8 chs,      0 cc.  Rmin & Coul turning =    3.1   16.1
   S-matrix    1 =    1.00000   0.00002 for L=   36, J=   37.0 channel on core I =   2.0 from L=   36,  Acc. loss =  0.0 D.
 Elastic phase shift   1 =    0.000   0.000 deg. for the L =   36, J =   37.0 channel.
      39.0  0.99999959  0.00001593i: elastic S-matrix  @@      0.00  0   0 F  0
 Reaction Xsec    39.0-/36 @ 1 =   0.022/, Out:   0.000#

   S-matrix    2 =    1.00000  -0.00001 for L=   38, J=   37.0 channel on core I =   2.0 from L=   38,  Acc. loss =  0.0 D.
 Elastic phase shift   2 =   -0.000   0.000 deg. for the L =   38, J =   37.0 channel.
      39.0  0.99999987 -0.00000627i: elastic S-matrix  @@      0.00  0   0 F  0
 Reaction Xsec    39.0-/38 @ 2 =   7.089#, Out:   0.000#

   S-matrix    3 =    1.00000   0.00000 for L=   38, J=   38.0 channel on core I =   2.0 from L=   38,  Acc. loss =  0.0 D.
 Elastic phase shift   3 =    0.000   0.000 deg. for the L =   38, J =   38.0 channel.
      39.0  0.99999987  0.00000038i: elastic S-matrix  @@      0.00  0   0 F  0
 Reaction Xsec    39.0-/38 @ 3 =   7.089#, Out:   0.000#

   S-matrix    4 =    1.00000   0.00001 for L=   38, J=   39.0 channel on core I =   2.0 from L=   38,  Acc. loss =  0.0 D.
 Elastic phase shift   4 =    0.000   0.000 deg. for the L =   38, J =   39.0 channel.
      39.0  0.99999987  0.00000720i: elastic S-matrix  @@      0.00  0   0 F  0
 Reaction Xsec    39.0-/38 @ 4 =   7.089#, Out:   0.000#

   S-matrix    5 =    1.00000  -0.00000 for L=   40, J=   39.0 channel on core I =   2.0 from L=   40,  Acc. loss =  0.0 D.
 Elastic phase shift   5 =   -0.000   0.000 deg. for the L =   40, J =   39.0 channel.
      39.0  0.99999996 -0.00000295i: elastic S-matrix  @@      0.00  0   0 F  0
 Reaction Xsec    39.0-/40 @ 5 =   2.264#, Out:   0.000#

   S-matrix    6 =    1.00000   0.00000 for L=   40, J=   40.0 channel on core I =   2.0 from L=   40,  Acc. loss =  0.0 D.
 Elastic phase shift   6 =    0.000   0.000 deg. for the L =   40, J =   40.0 channel.
      39.0  0.99999996  0.00000013i: elastic S-matrix  @@      0.00  0   0 F  0
 Reaction Xsec    39.0-/40 @ 6 =   2.264#, Out:   0.000#

   S-matrix    7 =    1.00000   0.00000 for L=   40, J=   41.0 channel on core I =   2.0 from L=   40,  Acc. loss =  0.0 D.
 Elastic phase shift   7 =    0.000   0.000 deg. for the L =   40, J =   41.0 channel.
      39.0  0.99999996  0.00000328i: elastic S-matrix  @@      0.00  0   0 F  0
 Reaction Xsec    39.0-/40 @ 7 =   2.264#, Out:   0.000#

   S-matrix    8 =    1.00000  -0.00000 for L=   42, J=   41.0 channel on core I =   2.0 from L=   42,  Acc. loss =  0.0 D.
 Elastic phase shift   8 =   -0.000   0.000 deg. for the L =   42, J =   41.0 channel.
      39.0  0.99999999 -0.00000140i: elastic S-matrix  @@      0.00  0   0 F  0
 Reaction Xsec    39.0-/42 @ 8 =   0.722#, Out:   0.000#


 Total SPIN, PARITY =    40.0 +,      8 chs,      0 cc.  Rmin & Coul turning =    3.2   16.5
   S-matrix    1 =    1.00000   0.00001 for L=   37, J=   38.0 channel on core I =   2.0 from L=   37,  Acc. loss =  0.0 D.
 Elastic phase shift   1 =    0.000   0.000 deg. for the L =   37, J =   38.0 channel.
      40.0  0.99999977  0.00001071i: elastic S-matrix  @@      0.00  0   0 F  0
 Reaction Xsec    40.0+/37 @ 1 =   0.013/, Out:   0.000#

   S-matrix    2 =    1.00000  -0.00000 for L=   39, J=   38.0 channel on core I =   2.0 from L=   39,  Acc. loss =  0.0 D.
 Elastic phase shift   2 =   -0.000   0.000 deg. for the L =   39, J =   38.0 channel.
      40.0  0.99999993 -0.00000430i: elastic S-matrix  @@      0.00  0   0 F  0
 Reaction Xsec    40.0+/39 @ 2 =   4.108#, Out:   0.000#

   S-matrix    3 =    1.00000   0.00000 for L=   39, J=   39.0 channel on core I =   2.0 from L=   39,  Acc. loss =  0.0 D.
 Elastic phase shift   3 =    0.000   0.000 deg. for the L =   39, J =   39.0 channel.
      40.0  0.99999993  0.00000022i: elastic S-matrix  @@      0.00  0   0 F  0
 Reaction Xsec    40.0+/39 @ 3 =   4.108#, Out:   0.000#

   S-matrix    4 =    1.00000   0.00000 for L=   39, J=   40.0 channel on core I =   2.0 from L=   39,  Acc. loss =  0.0 D.
 Elastic phase shift   4 =    0.000   0.000 deg. for the L =   39, J =   40.0 channel.
      40.0  0.99999993  0.00000486i: elastic S-matrix  @@      0.00  0   0 F  0
 Reaction Xsec    40.0+/39 @ 4 =   4.108#, Out:   0.000#

   S-matrix    5 =    1.00000  -0.00000 for L=   41, J=   40.0 channel on core I =   2.0 from L=   41,  Acc. loss =  0.0 D.
 Elastic phase shift   5 =   -0.000   0.000 deg. for the L =   41, J =   40.0 channel.
      40.0  0.99999998 -0.00000203i: elastic S-matrix  @@      0.00  0   0 F  0
 Reaction Xsec    40.0+/41 @ 5 =   1.311#, Out:   0.000#

   S-matrix    6 =    1.00000   0.00000 for L=   41, J=   41.0 channel on core I =   2.0 from L=   41,  Acc. loss =  0.0 D.
 Elastic phase shift   6 =    0.000   0.000 deg. for the L =   41, J =   41.0 channel.
      40.0  0.99999998  0.00000006i: elastic S-matrix  @@      0.00  0   0 F  0
 Reaction Xsec    40.0+/41 @ 6 =   1.311#, Out:   0.000#

   S-matrix    7 =    1.00000   0.00000 for L=   41, J=   42.0 channel on core I =   2.0 from L=   41,  Acc. loss =  0.0 D.
 Elastic phase shift   7 =    0.000   0.000 deg. for the L =   41, J =   42.0 channel.
      40.0  0.99999998  0.00000220i: elastic S-matrix  @@      0.00  0   0 F  0
 Reaction Xsec    40.0+/41 @ 7 =   1.311#, Out:   0.000#

   S-matrix    8 =    1.00000  -0.00000 for L=   43, J=   42.0 channel on core I =   2.0 from L=   43,  Acc. loss =  0.0 D.
 Elastic phase shift   8 =   -0.000   0.000 deg. for the L =   43, J =   42.0 channel.
      40.0  0.99999999 -0.00000095i: elastic S-matrix  @@      0.00  0   0 F  0
 Reaction Xsec    40.0+/43 @ 8 =   0.418#, Out:   0.000#


 Total SPIN, PARITY =    40.0 -,      7 chs,      0 cc.  Rmin & Coul turning =    3.2   16.5
   S-matrix    1 =    1.00000   0.00000 for L=   38, J=   38.0 channel on core I =   2.0 from L=   38,  Acc. loss =  0.0 D.
 Elastic phase shift   1 =    0.000   0.000 deg. for the L =   38, J =   38.0 channel.
      40.0  0.99999987  0.00000038i: elastic S-matrix  @@      0.00  0   0 F  0
 Reaction Xsec    40.0-/38 @ 1 =   7.269#, Out:   0.000#

   S-matrix    2 =    1.00000   0.00001 for L=   38, J=   39.0 channel on core I =   2.0 from L=   38,  Acc. loss =  0.0 D.
 Elastic phase shift   2 =    0.000   0.000 deg. for the L =   38, J =   39.0 channel.
      40.0  0.99999987  0.00000720i: elastic S-matrix  @@      0.00  0   0 F  0
 Reaction Xsec    40.0-/38 @ 2 =   7.269#, Out:   0.000#

   S-matrix    3 =    1.00000  -0.00000 for L=   40, J=   39.0 channel on core I =   2.0 from L=   40,  Acc. loss =  0.0 D.
 Elastic phase shift   3 =   -0.000   0.000 deg. for the L =   40, J =   39.0 channel.
      40.0  0.99999996 -0.00000295i: elastic S-matrix  @@      0.00  0   0 F  0
 Reaction Xsec    40.0-/40 @ 3 =   2.321#, Out:   0.000#

   S-matrix    4 =    1.00000   0.00000 for L=   40, J=   40.0 channel on core I =   2.0 from L=   40,  Acc. loss =  0.0 D.
 Elastic phase shift   4 =    0.000   0.000 deg. for the L =   40, J =   40.0 channel.
      40.0  0.99999996  0.00000013i: elastic S-matrix  @@      0.00  0   0 F  0
 Reaction Xsec    40.0-/40 @ 4 =   2.321#, Out:   0.000#

   S-matrix    5 =    1.00000   0.00000 for L=   40, J=   41.0 channel on core I =   2.0 from L=   40,  Acc. loss =  0.0 D.
 Elastic phase shift   5 =    0.000   0.000 deg. for the L =   40, J =   41.0 channel.
      40.0  0.99999996  0.00000328i: elastic S-matrix  @@      0.00  0   0 F  0
 Reaction Xsec    40.0-/40 @ 5 =   2.321#, Out:   0.000#

   S-matrix    6 =    1.00000  -0.00000 for L=   42, J=   41.0 channel on core I =   2.0 from L=   42,  Acc. loss =  0.0 D.
 Elastic phase shift   6 =   -0.000   0.000 deg. for the L =   42, J =   41.0 channel.
      40.0  0.99999999 -0.00000140i: elastic S-matrix  @@      0.00  0   0 F  0
 Reaction Xsec    40.0-/42 @ 6 =   0.741#, Out:   0.000#

   S-matrix    7 =    1.00000   0.00000 for L=   42, J=   42.0 channel on core I =   2.0 from L=   42,  Acc. loss =  0.0 D.
 Elastic phase shift   7 =    0.000   0.000 deg. for the L =   42, J =   42.0 channel.
      40.0  0.99999999  0.00000002i: elastic S-matrix  @@      0.00  0   0 F  0
 Reaction Xsec    40.0-/42 @ 7 =   0.741#, Out:   0.000#

 Finished all CC sets @    2.75899991E-02
0CUMULATIVE REACTION cross section                 =  843.68032  <L> =     9.09  <L**2> =     97.5
0CUMULATIVE outgoing cross sections in partition 1 :    0.00000
0Cumulative ABSORBTION by Imaginary Potentials     =  843.68032  <L> =     9.09  <L**2> =     97.5
   Fusion for specific d        M-states :  854.075434  854.051162  854.075434
0CUMULATIVE OUTGOING cross section                 =    0.00000
 To convert to S-factors (MeV.mb = keV.b),  multiply by  2.1324E+02


 CROSS SECTIONS FOR OUTGOING d        & 16N      in state #   1 with spins & parities 1.0  + &  2.0  -;  0

     0.01 deg.: X-S =   2.1685E+14 mb/sr,
+                                         /R =   9.9999E-01
     2.00 deg.: X-S =   9.9668E+04 mb/sr,
+                                         /R =   7.3525E-01
     4.00 deg.: X-S =  9621.536244 mb/sr,
+                                         /R =   1.1349E+00
     6.00 deg.: X-S =  5954.563380 mb/sr,
+                                         /R =   3.5523E+00
     8.00 deg.: X-S =  3983.284368 mb/sr,
+                                         /R =   7.4995E+00
    10.00 deg.: X-S =  2290.501930 mb/sr,
+                                         /R =   1.0509E+01
    12.00 deg.: X-S =  1078.344991 mb/sr,
+                                         /R =   1.0236E+01
    14.00 deg.: X-S =   390.177825 mb/sr,
+                                         /R =   6.8438E+00
    16.00 deg.: X-S =   110.330508 mb/sr,
+                                         /R =   3.2913E+00
    18.00 deg.: X-S =    67.202968 mb/sr,
+                                         /R =   3.2002E+00
    20.00 deg.: X-S =   112.588601 mb/sr,
+                                         /R =   8.1401E+00
    22.00 deg.: X-S =   156.590963 mb/sr,
+                                         /R =   1.6505E+01
    24.00 deg.: X-S =   165.842668 mb/sr,
+                                         /R =   2.4641E+01
    26.00 deg.: X-S =   143.249172 mb/sr,
+                                         /R =   2.9167E+01
    28.00 deg.: X-S =   105.771481 mb/sr,
+                                         /R =   2.8809E+01
    30.00 deg.: X-S =    69.312129 mb/sr,
+                                         /R =   2.4731E+01
    32.00 deg.: X-S =    42.470725 mb/sr,
+                                         /R =   1.9494E+01
    34.00 deg.: X-S =    26.687617 mb/sr,
+                                         /R =   1.5506E+01
    36.00 deg.: X-S =    19.214201 mb/sr,
+                                         /R =   1.3932E+01
    38.00 deg.: X-S =    16.198660 mb/sr,
+                                         /R =   1.4471E+01
    40.00 deg.: X-S =    14.606954 mb/sr,
+                                         /R =   1.5894E+01
    42.00 deg.: X-S =    12.847046 mb/sr,
+                                         /R =   1.6849E+01
    44.00 deg.: X-S =    10.538164 mb/sr,
+                                         /R =   1.6501E+01
    46.00 deg.: X-S =     7.959322 mb/sr,
+                                         /R =   1.4752E+01
    48.00 deg.: X-S =     5.550639 mb/sr,
+                                         /R =   1.2080E+01
    50.00 deg.: X-S =     3.624341 mb/sr,
+                                         /R =   9.1934E+00
    52.00 deg.: X-S =     2.281116 mb/sr,
+                                         /R =   6.6984E+00
    54.00 deg.: X-S =     1.453644 mb/sr,
+                                         /R =   4.9102E+00
    56.00 deg.: X-S =     0.994010 mb/sr,
+                                         /R =   3.8396E+00
    58.00 deg.: X-S =     0.749748 mb/sr,
+                                         /R =   3.2935E+00
    60.00 deg.: X-S =     0.606360 mb/sr,
+                                         /R =   3.0135E+00
    62.00 deg.: X-S =     0.497832 mb/sr,
+                                         /R =   2.7854E+00
    64.00 deg.: X-S =     0.397433 mb/sr,
+                                         /R =   2.4921E+00
    66.00 deg.: X-S =     0.301726 mb/sr,
+                                         /R =   2.1111E+00
    68.00 deg.: X-S =     0.216316 mb/sr,
+                                         /R =   1.6819E+00
    70.00 deg.: X-S =     0.146915 mb/sr,
+                                         /R =   1.2644E+00
    72.00 deg.: X-S =     0.095693 mb/sr,
+                                         /R =   9.0825E-01
    74.00 deg.: X-S =     0.061180 mb/sr,
+                                         /R =   6.3814E-01
    76.00 deg.: X-S =     0.039753 mb/sr,
+                                         /R =   4.5414E-01
    78.00 deg.: X-S =     0.027259 mb/sr,
+                                         /R =   3.3998E-01
    80.00 deg.: X-S =     0.020131 mb/sr,
+                                         /R =   2.7326E-01
    82.00 deg.: X-S =     0.015841 mb/sr,
+                                         /R =   2.3336E-01
    84.00 deg.: X-S =     0.012890 mb/sr,
+                                         /R =   2.0547E-01
    86.00 deg.: X-S =     0.010537 mb/sr,
+                                         /R =   1.8126E-01
    88.00 deg.: X-S =     0.008498 mb/sr,
+                                         /R =   1.5735E-01
    90.00 deg.: X-S =     0.006709 mb/sr,
+                                         /R =   1.3336E-01
    92.00 deg.: X-S =     0.005173 mb/sr,
+                                         /R =   1.1014E-01
    94.00 deg.: X-S =     0.003899 mb/sr,
+                                         /R =   8.8707E-02
    96.00 deg.: X-S =     0.002877 mb/sr,
+                                         /R =   6.9764E-02
    98.00 deg.: X-S =     0.002080 mb/sr,
+                                         /R =   5.3666E-02
   100.00 deg.: X-S =     0.001480 mb/sr,
+                                         /R =   4.0517E-02
   102.00 deg.: X-S =     0.001044 mb/sr,
+                                         /R =   3.0278E-02
   104.00 deg.: X-S =     0.000743 mb/sr,
+                                         /R =   2.2790E-02
   106.00 deg.: X-S =     0.000550 mb/sr,
+                                         /R =   1.7777E-02
   108.00 deg.: X-S =     0.000436 mb/sr,
+                                         /R =   1.4841E-02
   110.00 deg.: X-S =     0.000377 mb/sr,
+                                         /R =   1.3492E-02
   112.00 deg.: X-S =     0.000351 mb/sr,
+                                         /R =   1.3177E-02
   114.00 deg.: X-S =     0.000340 mb/sr,
+                                         /R =   1.3356E-02
   116.00 deg.: X-S =     0.000330 mb/sr,
+                                         /R =   1.3577E-02
   118.00 deg.: X-S =     0.000315 mb/sr,
+                                         /R =   1.3525E-02
   120.00 deg.: X-S =     0.000291 mb/sr,
+                                         /R =   1.3038E-02
   122.00 deg.: X-S =     0.000260 mb/sr,
+                                         /R =   1.2093E-02
   124.00 deg.: X-S =     0.000223 mb/sr,
+                                         /R =   1.0776E-02
   126.00 deg.: X-S =     0.000184 mb/sr,
+                                         /R =   9.2414E-03
   128.00 deg.: X-S =     0.000148 mb/sr,
+                                         /R =   7.6575E-03
   130.00 deg.: X-S =     0.000115 mb/sr,
+                                         /R =   6.1721E-03
   132.00 deg.: X-S =   8.8336E-05 mb/sr,
+                                         /R =   4.8923E-03
   134.00 deg.: X-S =   6.7910E-05 mb/sr,
+                                         /R =   3.8770E-03
   136.00 deg.: X-S =   5.3370E-05 mb/sr,
+                                         /R =   3.1363E-03
   138.00 deg.: X-S =   4.3721E-05 mb/sr,
+                                         /R =   2.6409E-03
   140.00 deg.: X-S =   3.7721E-05 mb/sr,
+                                         /R =   2.3387E-03
   142.00 deg.: X-S =   3.4160E-05 mb/sr,
+                                         /R =   2.1709E-03
   144.00 deg.: X-S =   3.2003E-05 mb/sr,
+                                         /R =   2.0820E-03
   146.00 deg.: X-S =   3.0453E-05 mb/sr,
+                                         /R =   2.0252E-03
   148.00 deg.: X-S =   2.8978E-05 mb/sr,
+                                         /R =   1.9674E-03
   150.00 deg.: X-S =   2.7309E-05 mb/sr,
+                                         /R =   1.8903E-03
   152.00 deg.: X-S =   2.5379E-05 mb/sr,
+                                         /R =   1.7888E-03
   154.00 deg.: X-S =   2.3236E-05 mb/sr,
+                                         /R =   1.6654E-03
   156.00 deg.: X-S =   2.0975E-05 mb/sr,
+                                         /R =   1.5268E-03
   158.00 deg.: X-S =   1.8709E-05 mb/sr,
+                                         /R =   1.3813E-03
   160.00 deg.: X-S =   1.6520E-05 mb/sr,
+                                         /R =   1.2356E-03
   162.00 deg.: X-S =   1.4428E-05 mb/sr,
+                                         /R =   1.0918E-03
   164.00 deg.: X-S =   1.2417E-05 mb/sr,
+                                         /R =   9.4948E-04
   166.00 deg.: X-S =   1.0490E-05 mb/sr,
+                                         /R =   8.0956E-04
   168.00 deg.: X-S =   8.6724E-06 mb/sr,
+                                         /R =   6.7461E-04
   170.00 deg.: X-S =   6.9765E-06 mb/sr,
+                                         /R =   5.4635E-04
   172.00 deg.: X-S =   5.4162E-06 mb/sr,
+                                         /R =   4.2650E-04
   174.00 deg.: X-S =   4.0524E-06 mb/sr,
+                                         /R =   3.2047E-04
   176.00 deg.: X-S =   2.9947E-06 mb/sr,
+                                         /R =   2.3754E-04
   178.00 deg.: X-S =   2.3373E-06 mb/sr,
+                                         /R =   1.8574E-04
   179.99 deg.: X-S =   2.1165E-06 mb/sr,
+                                         /R =   1.6830E-04
                                           Integrated********** mb, over [   0.000, 180.000] at    80.0000 MeV 
 Finished all xsecs @    4.97509986E-02

  The following files have been created:
   3:local copy of User input.            6:standard output.                   
   7:elastic  S-matrix elements.         13:total cross sections/state.        
  16:tables of cross sections.           38:cross sections for each J/pi.      
  39:cross sections for each Ecm.        40:all cross sectns. for each Elab.   
  45:scat phase shift as E functions.    56:Fusion for each Jtotal.            
 201:Separate cross sections.           

 PARAMETERS : MAXQRN   MFNL   MLOC  LMAX1 MCLIST
    ALLOWED :      1     64      4     60      6
    REQUIRED:      0      0      4     44      4


 ACCURACY ANALYSIS at    80.000 MeV :

  Elastic h*k = 0.123 so OK       compared with 0.200

   Real(S-el) > 0.01 first at J =       1.0
   Real(S-el) > 0.10 first at J =       1.0
   Real(S-el) > 0.50 first at J =       8.0
   Real(S-el) > 0.90 first at J =      11.0
   Real(S-el) > 0.99 first at J =      16.0
   R-turn =    16.49 fm    at J =      40.0

 Forward-angle excitation cut off below   0.495 deg by max JT =      40.0
                              and below   0.325 deg by max R.

 Total CPU  0 time =       0.05 seconds
