 FRESCO - FRES 3.4: Coupled Reaction Channels
 Assuming NAMELIST input.

 8Li(d,3He)7He @ 45 AMeV Haixia OMP (d) + HT1p OMP (3He) and Ex = 17 MeV         

   0.050  25.000   0.500   0.200   5.000   0.900   0.000   0.000   0.000   0.000

 Centre-of-mass Range is    502 * 0.0500 fm., Maximum at  25.00 fm., Interpolating NL forms every  0.50 fm.
 Non - locality width is     26 * 0.2000 fm., Maximum of   5.00 fm., Centred at  0.80 fm.
 2-Nucleon Separation of      0 * 0.5000 fm., Maximum of   0.00 fm., Minimum at  0.00 fm.
 Maximum single particle bins of 25.0000 fm.
               M,Mint =          501         501


 Range of total J is     0.0 <= J <=    40.0 (at least     0.0) and Absorbtion =>    -0.1000 mb.
 Dry Run = F, CC set limits =  0  0, Relativistic kinematics =  , Both/Far/Near Analyses =  1                     

 Cross Sections (and up to T0 for 0=projectile) for Theta from   0.0 to 180.0 in steps of  1.0 degrees, DGAM=0,  Coordinates = 0 (Mads)

 Lower Radial Cutoff = maximum of -1.60*L*h &       0.0 fm.,  Lower Cutoff for Couplings =   0.0  fm.


 Iterate Couplings between   0 and   1 times, to  0.000 % if sooner.                                          
  Block solved exactly =   0 chs., with Pade = 0 & Isocen =  =0, NOSOL = F, initwf =  0
  NL quadrature with   18 Gaussian points, Calculate multipoles up to    46 from   0
  M-transfers for lp+lt greater than or equal to  6, Angular Integration Cutoff below  2.7778 %


 Trace switches are :  CHANS =  1, LISTCC =  0, TRENEG =  0, CDETR =  0, SMATS =  2, XSTABL =  1, NLPL =  0

                       WAVES =  0, LAMPL =  0, VEFF =  0, KFUS =  0, WDISK =  0, BPM =  0, MELFIL =  0

                       CDCC =  0, NFUS =  0

 Using unit mass = 1.000000 amu and 1/fine-structure constant = 137.03599 ( 1.000000 * true ) with hc = 197.32705 MeV.fm,
  thus 2*amu/hbar^2 = 0.0478450 = 1/20.9008 and Coulomb constant = 0.1574855 so e^2 = 1.43997, and nuclear magneton= 0.1261183

 Now pre-scan input and save to file 3



 *********** PARTITION NUMBER  1 ******************************************************************************************

   PROJ=d          MASS=  2.0136 Z=   1.0,        # STATES=    1T, TARG=8Li      MASS=  8.0208 Z=   3.0,     Q-VALUE =   0.0000 MEV.

     1:  J= 1.0+ (B# 1), E=  0.0000, K= 0.0              Potl#  1       J= 2.0+ (B# 1), E=  0.0000, K= 0.0    


 *********** PARTITION NUMBER  2 ******************************************************************************************

   PROJ=3He        MASS=  3.0149 Z=   2.0,        # STATES=    1T, TARG=7He      MASS=  7.0269 Z=   2.0,     Q-VALUE =  -6.9227 MEV.

     1:  J= 0.5+ (B# 1), E=  0.0000, K= 0.5              Potl#  2       J= 1.5+ (B# 1), E= 17.0000, K= 0.5    


 ************************************************************************************************************************************

 The following POTENTIALS are defined :

  KP#       TYPE      IT    SHAPE      at     V1        r1        a1        V2        r2        a2        A-in     A-used


                                            A#1       A#2        r0c       ac                                                h @ 1
    1    0=Coulomb       0=CHARGE (WS)  1     8.000     0.000    1.3030    0.0000    0.0000    0.0000     0.000     8.000   0.05000

    1    1=Volume        0=Woods-Saxon  2   71.3345    1.1481    0.7442    6.7020    1.3548    0.6550     0.000     8.000

    1    2=Surface       0=Woods-Saxon  3    0.0000    0.0000    0.0000    8.0760    1.4100    0.6550     0.000     8.000

    1    3=Projtl S.O.   0=Woods-Saxon  4    1.7785    0.9720    1.0110    0.0000    0.0000    0.0000     0.000     8.000
   --------------------------------------------------------------------------------------------------------------------

                                            A#1       A#2        r0c       ac                                                h @ 2
    2    0=Coulomb       0=CHARGE (WS)  5     7.000     0.000    1.3000    0.0000    0.0000    0.0000     0.000     7.000   0.05000

    2    1=Volume        0=Woods-Saxon  6  110.6432    1.0827    0.7920    4.9944    1.3464    0.8010     0.000     7.000

    2    2=Surface       0=Woods-Saxon  7    0.0000    0.0000    0.0000   11.4872    1.3464    0.8010     0.000     7.000
   --------------------------------------------------------------------------------------------------------------------

                                            A#1       A#2        r0c       ac                                                h @ 0
    3    0=Coulomb       0=CHARGE (WS)  8     1.000     0.000    2.0000    0.0000    0.0000    0.0000     0.000     1.000   0.05000

    3    1=Volume        0=Woods-Saxon  9  179.9400    0.5400    0.6800    0.0000    0.0000    0.0000     0.000     1.000

    3    1=Volume        2=Gaussian    10 -203.3300    0.0000    0.6400    0.0000    0.0000    0.0000     0.000     1.000
   --------------------------------------------------------------------------------------------------------------------

                                            A#1       A#2        r0c       ac                                                h @ 0
    4    0=Coulomb       0=CHARGE (WS) 11     7.000     0.000    1.2500    0.0000    0.0000    0.0000     0.000     7.000   0.05000

    4    1=Volume        0=Woods-Saxon 12   60.0000    1.2500    0.6500    0.0000    0.0000    0.0000     0.000     7.000

    4    3=Projtl S.O.   0=Woods-Saxon 13    6.0000    1.1000    0.6500    0.0000    0.0000    0.0000     0.000     7.000


 ************************************************************************************************************************************

 The following SINGLE-PARTICLE FORM FACTORS are constructed :


 No.   P1 P2 IN KIND T N  L  S1 IA J/S  IB BIND XFER  BE    SC PC FIL AFRAC Adjust  to  Z  Mass   K     Norm    rms      D0     D   ANC/Gsp

    Parameters      Mismatch   Nodes -> 1 in ch  1

      1.000000     0.00133953     1    57
      0.999412     0.00000126     1    57

 No.   P1 P2 IN KIND T N  L  S1 IA J/S  IB BIND XFER  BE    SC PC FIL AFRAC Adjust  to  Z  Mass   K     Norm    rms      D0     D   ANC/Gsp

    1:  1  2  1  0     1  0 0.5  1 0.5   0   3   0   5.4936  1  4  0 1.0000 VR  0.9994; 1. 1.007 0.4201 1.0000  2.785 -163.9 -171.0  1.8330

    Parameters      Mismatch   Nodes -> 1 in ch  1

      1.000000    -0.47615298     1    48
      1.113229     0.14433057     1    48
      1.093341     0.00810001     1    48
      1.092089     0.00002795     1    48

 No.   P1 P2 IN KIND T N  L  S1 IA J/S  IB BIND XFER  BE    SC PC FIL AFRAC Adjust  to  Z  Mass   K     Norm    rms      D0     D   ANC/Gsp

    2:  2  1  2  0     1  0 0.5  1 0.5   0   4   0  29.4163  1  4  0 1.0000 VR  1.0921; 1. 1.026 1.1223 1.0000  1.857 -394.7 -843.6 12.7143

 ************************************************************************************************************************************

 TWO-way COUPLING # 1 for partitions  2 <-  1 of KIND  7,   1  0  0 -1 -1 & P1,P2 =    0.0000   0.0000 : for J <=    40.5 & R <  25.0 fm.


 data =  1  1  1  1  1.1446,  so  < [3He      #  1] / [d        #  1]  * Eigen-form #  1>  =   1.1446            BE =  5.494     1

 data = -2  1  1  2  1.0000,  so  < [8Li      #  1] / [7He      #  1]  * Eigen-form #  2>  =   1.0000            BE = 29.416     2
 KNT =   2, KNP =   1: NK,NG,loc=   1   1   1  14  T  T  F

     So FINITE-RANGE TRANSFER : IP1 = 1 (PRIOR   ), IP2= 0 =NONE        ,  for   1 pairs of bound states summed into   1 pairs
      The main coupling potential is that binding the transferred particle to the d        core.

   A real*8 is            8  bytes
   NLL,NLN,NLO =          51          51          26
0File  11 needs RL =    1326    REAL*8 numbers, and NR =    48. i.e.     0.51 Megabytes
   File           11  RECL =       10400
0RECOMMENDED NON-LOCAL WIDTH IS GREATER THAN    2.60 FM.,  RECOMMENDED CENTRATION   0.10, after    0.00 secs.
0Relative non-local usages (rms) are
    0.008   0.037   0.259   0.955   3.229  16.516  35.918  74.771  80.442  85.701 100.000  77.065  36.168  13.223   4.325
    1.273   0.324   0.064   0.027   0.025   0.019   0.013   0.008   0.005   0.004   0.002

 Incoming partition  1 in excitation state # 1,   Laboratory Energy given for partition  1 Nucleus 1 in Excitation pair 1

0Lab. ENERGY ranges :

   from    90.0000     to   0.00000     in     0 intervals
   from    0.00000     to   0.00000     in     0 intervals
   from    0.00000     to   0.00000     in     0 intervals

 Largest real,imaginary parts of any form factor at R=   24.50 are   5.88E-02  5.96E-11 MeV
 Finished all Couplings @    4.19999985E-03          13

 Symmetric Hamiltonian
1***********************************************************************************************************************************
************************************************************************************************************************************

        INCOMING d        ;    LABORATORY d        ENERGY =   90.000     MeV.

 ***********************************************************************************************************************************
 ***********************************************************************************************************************************

 Allocate arrays for            3  channels, of which            2  need wfs.

 ######################################################################################################################
 #                                                                                                                    #
 # Total SPIN and PARITY =     0.0 +,      2 channels,    0 in 1st block.  Rmin & Coul turning =    0.0    0.1 fm.  #
 #                                                                                                                    #
 ######################################################################################################################



    C Projectl Target   #   EX.   (L  Proj) J  + Targ = Jtotal     E-cm      Re K     Re Eta     RM*K            CH
    1 d        8Li      #    1: I   2 1.0    2.0  2.0     0.0    71.94014   2.35369   0.07067   58.8424   0.43871   0.24093 1 1 1   1
    2 3He      7He      #    1:     2 0.5    1.5  1.5     0.0    48.01744   2.20157   0.13204   55.0392  -0.46460   0.18709 2 1 2   1
   S-matrix    1 =   -0.10122  -0.31812 for L=    2, J=    2.0 channel on core I =   2.0 from L=    2,  Acc. loss =  0.0 D.
 Elastic phase shift   1 =  -53.825  31.430 deg. for the L =    2, J =    2.0 channel.
       0.0 -0.10121710 -0.31812114i: elastic S-matrix  @@      0.00  0   0 F  0
 Reaction Xsec     0.0+/ 2 @ 1 =   0.336 , Out:   0.000#   3.495/   0.332f

 Allocate arrays for            3  channels, of which            3  need wfs.

 Total SPIN, PARITY =     0.0 -,      3 chs,      0 cc.  Rmin & Coul turning =    0.0    0.1
   S-matrix    1 =    0.06573  -0.33541 for L=    1, J=    2.0 channel on core I =   2.0 from L=    1,  Acc. loss =  0.0 D.
 Elastic phase shift   1 =  -39.456  30.755 deg. for the L =    1, J =    2.0 channel.
       0.0  0.06573348 -0.33541373i: elastic S-matrix  @@      0.00  0   0 F  0
 Reaction Xsec     0.0-/ 1 @ 1 =   0.334 , Out:   0.000#   5.533/   0.328f

   S-matrix    2 =   -0.26119  -0.18606 for L=    3, J=    2.0 channel on core I =   2.0 from L=    3,  Acc. loss =  0.0 D.
 Elastic phase shift   2 =  -72.268  32.581 deg. for the L =    3, J =    2.0 channel.
       0.0 -0.26119027 -0.18605800i: elastic S-matrix  @@      0.00  0   0 F  0
 Reaction Xsec     0.0-/ 3 @ 2 =   0.339 , Out:   0.000#   0.000#   0.339f

 Allocate arrays for            8  channels, of which            8  need wfs.

 Total SPIN, PARITY =     1.0 +,      8 chs,      0 cc.  Rmin & Coul turning =    0.1    0.6
   S-matrix    1 =    0.11825  -0.32343 for L=    0, J=    1.0 channel on core I =   2.0 from L=    0,  Acc. loss =  0.0 D.
 Elastic phase shift   1 =  -34.958  30.540 deg. for the L =    0, J =    1.0 channel.
       1.0  0.11825287 -0.32342926i: elastic S-matrix  @@      0.00  0   0 F  0
 Reaction Xsec     1.0+/ 0 @ 1 =   1.000 , Out:   0.000#   0.012    0.988f

   S-matrix    2 =   -0.15764  -0.29182 for L=    2, J=    1.0 channel on core I =   2.0 from L=    2,  Acc. loss =  0.0 D.
 Elastic phase shift   2 =  -59.188  31.616 deg. for the L =    2, J =    1.0 channel.
       1.0 -0.15763536 -0.29182181i: elastic S-matrix  @@      0.00  0   0 F  0
 Reaction Xsec     1.0+/ 2 @ 2 =   1.009 , Out:   0.000#   1.652/   1.008f

   S-matrix    3 =   -0.10122  -0.31812 for L=    2, J=    2.0 channel on core I =   2.0 from L=    2,  Acc. loss =  0.0 D.
 Elastic phase shift   3 =  -53.825  31.430 deg. for the L =    2, J =    2.0 channel.
       1.0 -0.10121710 -0.31812114i: elastic S-matrix  @@      0.00  0   0 F  0
 Reaction Xsec     1.0+/ 2 @ 3 =   1.008 , Out:   0.000#   9.948/   0.998f

   S-matrix    4 =   -0.00961  -0.33688 for L=    2, J=    3.0 channel on core I =   2.0 from L=    2,  Acc. loss =  0.0 D.
 Elastic phase shift   4 =  -45.817  31.158 deg. for the L =    2, J =    3.0 channel.
       1.0 -0.00960876 -0.33688358i: elastic S-matrix  @@      0.00  0   0 F  0
 Reaction Xsec     1.0+/ 2 @ 4 =   1.005 , Out:   0.000#   0.018    0.988f

   S-matrix    5 =   -0.30777  -0.01835 for L=    4, J=    3.0 channel on core I =   2.0 from L=    4,  Acc. loss =  0.0 D.
 Elastic phase shift   5 =  -88.294  33.708 deg. for the L =    4, J =    3.0 channel.
       1.0 -0.30776720 -0.01834934i: elastic S-matrix  @@      0.00  0   0 F  0
 Reaction Xsec     1.0+/ 4 @ 5 =   1.026 , Out:   0.000#   0.000#   1.026f


 Total SPIN, PARITY =     1.0 -,      7 chs,      0 cc.  Rmin & Coul turning =    0.1    0.6
   S-matrix    1 =   -0.00421  -0.33943 for L=    1, J=    1.0 channel on core I =   2.0 from L=    1,  Acc. loss =  0.0 D.
 Elastic phase shift   1 =  -45.356  30.952 deg. for the L =    1, J =    1.0 channel.
       1.0 -0.00421239 -0.33942632i: elastic S-matrix  @@      0.00  0   0 F  0
 Reaction Xsec     1.0-/ 1 @ 1 =   1.003 , Out:   0.000#   0.011    0.993f

   S-matrix    2 =    0.06573  -0.33541 for L=    1, J=    2.0 channel on core I =   2.0 from L=    1,  Acc. loss =  0.0 D.
 Elastic phase shift   2 =  -39.456  30.755 deg. for the L =    1, J =    2.0 channel.
       1.0  0.06573348 -0.33541373i: elastic S-matrix  @@      0.00  0   0 F  0
 Reaction Xsec     1.0-/ 1 @ 2 =   1.002 , Out:   0.000#   0.015    0.987f

   S-matrix    3 =   -0.26119  -0.18606 for L=    3, J=    2.0 channel on core I =   2.0 from L=    3,  Acc. loss =  0.0 D.
 Elastic phase shift   3 =  -72.268  32.581 deg. for the L =    3, J =    2.0 channel.
       1.0 -0.26119027 -0.18605800i: elastic S-matrix  @@      0.00  0   0 F  0
 Reaction Xsec     1.0-/ 3 @ 3 =   1.018 , Out:   0.000#   1.021/   1.017f

   S-matrix    4 =   -0.20702  -0.24933 for L=    3, J=    3.0 channel on core I =   2.0 from L=    3,  Acc. loss =  0.0 D.
 Elastic phase shift   4 =  -64.852  32.281 deg. for the L =    3, J =    3.0 channel.
       1.0 -0.20701686 -0.24932691i: elastic S-matrix  @@      0.00  0   0 F  0
 Reaction Xsec     1.0-/ 3 @ 4 =   1.015 , Out:   0.000#   8.827/   1.006f

 Allocate arrays for           10  channels, of which           10  need wfs.

 Total SPIN, PARITY =     2.0 +,     10 chs,      0 cc.  Rmin & Coul turning =    0.2    1.1
   S-matrix    1 =    0.11825  -0.32343 for L=    0, J=    1.0 channel on core I =   2.0 from L=    0,  Acc. loss =  0.0 D.
 Elastic phase shift   1 =  -34.958  30.540 deg. for the L =    0, J =    1.0 channel.
       2.0  0.11825287 -0.32342926i: elastic S-matrix  @@      0.00  0   0 F  0
 Reaction Xsec     2.0+/ 0 @ 1 =   1.666 , Out:   0.000#   0.011    1.655f

   S-matrix    2 =   -0.15764  -0.29182 for L=    2, J=    1.0 channel on core I =   2.0 from L=    2,  Acc. loss =  0.0 D.
 Elastic phase shift   2 =  -59.188  31.616 deg. for the L =    2, J =    1.0 channel.
       2.0 -0.15763536 -0.29182181i: elastic S-matrix  @@      0.00  0   0 F  0
 Reaction Xsec     2.0+/ 2 @ 2 =   1.682 , Out:   0.000#   8.293/   1.674f

   S-matrix    3 =   -0.10122  -0.31812 for L=    2, J=    2.0 channel on core I =   2.0 from L=    2,  Acc. loss =  0.0 D.
 Elastic phase shift   3 =  -53.825  31.430 deg. for the L =    2, J =    2.0 channel.
       2.0 -0.10121710 -0.31812114i: elastic S-matrix  @@      0.00  0   0 F  0
 Reaction Xsec     2.0+/ 2 @ 3 =   1.680 , Out:   0.000#   0.015    1.665f

   S-matrix    4 =   -0.00961  -0.33688 for L=    2, J=    3.0 channel on core I =   2.0 from L=    2,  Acc. loss =  0.0 D.
 Elastic phase shift   4 =  -45.817  31.158 deg. for the L =    2, J =    3.0 channel.
       2.0 -0.00960876 -0.33688358i: elastic S-matrix  @@      0.00  0   0 F  0
 Reaction Xsec     2.0+/ 2 @ 4 =   1.676 , Out:   0.000#   0.025    1.650f

   S-matrix    5 =   -0.30777  -0.01835 for L=    4, J=    3.0 channel on core I =   2.0 from L=    4,  Acc. loss =  0.0 D.
 Elastic phase shift   5 =  -88.294  33.708 deg. for the L =    4, J =    3.0 channel.
       2.0 -0.30776720 -0.01834934i: elastic S-matrix  @@      0.00  0   0 F  0
 Reaction Xsec     2.0+/ 4 @ 5 =   1.711 , Out:   0.000#   2.226/   1.708f

   S-matrix    6 =   -0.29021  -0.11457 for L=    4, J=    4.0 channel on core I =   2.0 from L=    4,  Acc. loss =  0.0 D.
 Elastic phase shift   6 =  -79.229  33.367 deg. for the L =    4, J =    4.0 channel.
       2.0 -0.29020729 -0.11456744i: elastic S-matrix  @@      0.00  0   0 F  0
 Reaction Xsec     2.0+/ 4 @ 6 =   1.706 , Out:   0.000#   0.012    1.694f

 Allocate arrays for           11  channels, of which           11  need wfs.

 Total SPIN, PARITY =     2.0 -,     11 chs,      0 cc.  Rmin & Coul turning =    0.2    1.1
   S-matrix    1 =   -0.03907  -0.33601 for L=    1, J=    0.0 channel on core I =   2.0 from L=    1,  Acc. loss =  0.0 D.
 Elastic phase shift   1 =  -48.316  31.051 deg. for the L =    1, J =    0.0 channel.
       2.0 -0.03907103 -0.33601073i: elastic S-matrix  @@      0.00  0   0 F  0
 Reaction Xsec     2.0-/ 1 @ 1 =   1.674 , Out:   0.000#   0.010    1.664f

   S-matrix    2 =   -0.00421  -0.33943 for L=    1, J=    1.0 channel on core I =   2.0 from L=    1,  Acc. loss =  0.0 D.
 Elastic phase shift   2 =  -45.356  30.952 deg. for the L =    1, J =    1.0 channel.
       2.0 -0.00421239 -0.33942632i: elastic S-matrix  @@      0.00  0   0 F  0
 Reaction Xsec     2.0-/ 1 @ 2 =   1.672 , Out:   0.000#   0.013    1.659f

   S-matrix    3 =    0.06573  -0.33541 for L=    1, J=    2.0 channel on core I =   2.0 from L=    1,  Acc. loss =  0.0 D.
 Elastic phase shift   3 =  -39.456  30.755 deg. for the L =    1, J =    2.0 channel.
       2.0  0.06573348 -0.33541373i: elastic S-matrix  @@      0.00  0   0 F  0
 Reaction Xsec     2.0-/ 1 @ 3 =   1.669 , Out:   0.000#   0.020    1.650f

   S-matrix    4 =   -0.26119  -0.18606 for L=    3, J=    2.0 channel on core I =   2.0 from L=    3,  Acc. loss =  0.0 D.
 Elastic phase shift   4 =  -72.268  32.581 deg. for the L =    3, J =    2.0 channel.
       2.0 -0.26119027 -0.18605800i: elastic S-matrix  @@      0.00  0   0 F  0
 Reaction Xsec     2.0-/ 3 @ 4 =   1.696 , Out:   0.000#   5.103/   1.691f

   S-matrix    5 =   -0.20702  -0.24933 for L=    3, J=    3.0 channel on core I =   2.0 from L=    3,  Acc. loss =  0.0 D.
 Elastic phase shift   5 =  -64.852  32.281 deg. for the L =    3, J =    3.0 channel.
       2.0 -0.20701686 -0.24932691i: elastic S-matrix  @@      0.00  0   0 F  0
 Reaction Xsec     2.0-/ 3 @ 5 =   1.692 , Out:   0.000#   0.014    1.678f

   S-matrix    6 =   -0.11256  -0.30864 for L=    3, J=    4.0 channel on core I =   2.0 from L=    3,  Acc. loss =  0.0 D.
 Elastic phase shift   6 =  -55.019  31.889 deg. for the L =    3, J =    4.0 channel.
       2.0 -0.11256410 -0.30863670i: elastic S-matrix  @@      0.00  0   0 F  0
 Reaction Xsec     2.0-/ 3 @ 6 =   1.686 , Out:   0.000#   0.027    1.659f

   S-matrix    7 =   -0.24651   0.16016 for L=    5, J=    4.0 channel on core I =   2.0 from L=    5,  Acc. loss =  0.0 D.
 Elastic phase shift   7 =   73.494  35.073 deg. for the L =    5, J =    4.0 channel.
       2.0 -0.24650663  0.16016079i: elastic S-matrix  @@      0.00  0   0 F  0
 Reaction Xsec     2.0-/ 5 @ 7 =   1.727 , Out:   0.000#   0.000#   1.727f

 Allocate arrays for           12  channels, of which           12  need wfs.

 Total SPIN, PARITY =     3.0 +,     12 chs,      0 cc.  Rmin & Coul turning =    0.2    1.5
   S-matrix    1 =    0.11825  -0.32343 for L=    0, J=    1.0 channel on core I =   2.0 from L=    0,  Acc. loss =  0.0 D.
 Elastic phase shift   1 =  -34.958  30.540 deg. for the L =    0, J =    1.0 channel.
       3.0  0.11825287 -0.32342926i: elastic S-matrix  @@      0.00  0   0 F  0
 Reaction Xsec     3.0+/ 0 @ 1 =   2.333 , Out:   0.000#   0.000#   2.333f

   S-matrix    2 =   -0.15764  -0.29182 for L=    2, J=    1.0 channel on core I =   2.0 from L=    2,  Acc. loss =  0.0 D.
 Elastic phase shift   2 =  -59.188  31.616 deg. for the L =    2, J =    1.0 channel.
       3.0 -0.15763536 -0.29182181i: elastic S-matrix  @@      0.00  0   0 F  0
 Reaction Xsec     3.0+/ 2 @ 2 =   2.355 , Out:   0.000#   0.023    2.332f

   S-matrix    3 =   -0.10122  -0.31812 for L=    2, J=    2.0 channel on core I =   2.0 from L=    2,  Acc. loss =  0.0 D.
 Elastic phase shift   3 =  -53.825  31.430 deg. for the L =    2, J =    2.0 channel.
       3.0 -0.10121710 -0.31812114i: elastic S-matrix  @@      0.00  0   0 F  0
 Reaction Xsec     3.0+/ 2 @ 3 =   2.351 , Out:   0.000#   0.016    2.335f

   S-matrix    4 =   -0.00961  -0.33688 for L=    2, J=    3.0 channel on core I =   2.0 from L=    2,  Acc. loss =  0.0 D.
 Elastic phase shift   4 =  -45.817  31.158 deg. for the L =    2, J =    3.0 channel.
       3.0 -0.00960876 -0.33688358i: elastic S-matrix  @@      0.00  0   0 F  0
 Reaction Xsec     3.0+/ 2 @ 4 =   2.346 , Out:   0.000#   0.027    2.319f

   S-matrix    5 =   -0.30777  -0.01835 for L=    4, J=    3.0 channel on core I =   2.0 from L=    4,  Acc. loss =  0.0 D.
 Elastic phase shift   5 =  -88.294  33.708 deg. for the L =    4, J =    3.0 channel.
       3.0 -0.30776720 -0.01834934i: elastic S-matrix  @@      0.00  0   0 F  0
 Reaction Xsec     3.0+/ 4 @ 5 =   2.395 , Out:   0.000#   7.792/   2.387f

   S-matrix    6 =   -0.29021  -0.11457 for L=    4, J=    4.0 channel on core I =   2.0 from L=    4,  Acc. loss =  0.0 D.
 Elastic phase shift   6 =  -79.229  33.367 deg. for the L =    4, J =    4.0 channel.
       3.0 -0.29020729 -0.11456744i: elastic S-matrix  @@      0.00  0   0 F  0
 Reaction Xsec     3.0+/ 4 @ 6 =   2.389 , Out:   0.000#   0.016    2.373f

   S-matrix    7 =   -0.22708  -0.22071 for L=    4, J=    5.0 channel on core I =   2.0 from L=    4,  Acc. loss =  0.0 D.
 Elastic phase shift   7 =  -67.908  32.942 deg. for the L =    4, J =    5.0 channel.
       3.0 -0.22707982 -0.22070811i: elastic S-matrix  @@      0.00  0   0 F  0
 Reaction Xsec     3.0+/ 4 @ 7 =   2.381 , Out:   0.000#   0.032    2.349f

   S-matrix    8 =   -0.07031   0.27756 for L=    6, J=    5.0 channel on core I =   2.0 from L=    6,  Acc. loss =  0.0 D.
 Elastic phase shift   8 =   52.107  35.827 deg. for the L =    6, J =    5.0 channel.
       3.0 -0.07030695  0.27756370i: elastic S-matrix  @@      0.00  0   0 F  0
 Reaction Xsec     3.0+/ 6 @ 8 =   2.429 , Out:   0.000#   0.000#   2.429f


 Total SPIN, PARITY =     3.0 -,     11 chs,      0 cc.  Rmin & Coul turning =    0.2    1.5
   S-matrix    1 =   -0.00421  -0.33943 for L=    1, J=    1.0 channel on core I =   2.0 from L=    1,  Acc. loss =  0.0 D.
 Elastic phase shift   1 =  -45.356  30.952 deg. for the L =    1, J =    1.0 channel.
       3.0 -0.00421239 -0.33942632i: elastic S-matrix  @@      0.00  0   0 F  0
 Reaction Xsec     3.0-/ 1 @ 1 =   2.341 , Out:   0.000#   7.304/   2.334f

   S-matrix    2 =    0.06573  -0.33541 for L=    1, J=    2.0 channel on core I =   2.0 from L=    1,  Acc. loss =  0.0 D.
 Elastic phase shift   2 =  -39.456  30.755 deg. for the L =    1, J =    2.0 channel.
       3.0  0.06573348 -0.33541373i: elastic S-matrix  @@      0.00  0   0 F  0
 Reaction Xsec     3.0-/ 1 @ 2 =   2.337 , Out:   0.000#   0.016    2.322f

   S-matrix    3 =   -0.26119  -0.18606 for L=    3, J=    2.0 channel on core I =   2.0 from L=    3,  Acc. loss =  0.0 D.
 Elastic phase shift   3 =  -72.268  32.581 deg. for the L =    3, J =    2.0 channel.
       3.0 -0.26119027 -0.18605800i: elastic S-matrix  @@      0.00  0   0 F  0
 Reaction Xsec     3.0-/ 3 @ 3 =   2.374 , Out:   0.000#   0.014    2.360f

   S-matrix    4 =   -0.20702  -0.24933 for L=    3, J=    3.0 channel on core I =   2.0 from L=    3,  Acc. loss =  0.0 D.
 Elastic phase shift   4 =  -64.852  32.281 deg. for the L =    3, J =    3.0 channel.
       3.0 -0.20701686 -0.24932691i: elastic S-matrix  @@      0.00  0   0 F  0
 Reaction Xsec     3.0-/ 3 @ 4 =   2.368 , Out:   0.000#   0.017    2.351f

   S-matrix    5 =   -0.11256  -0.30864 for L=    3, J=    4.0 channel on core I =   2.0 from L=    3,  Acc. loss =  0.0 D.
 Elastic phase shift   5 =  -55.019  31.889 deg. for the L =    3, J =    4.0 channel.
       3.0 -0.11256410 -0.30863670i: elastic S-matrix  @@      0.00  0   0 F  0
 Reaction Xsec     3.0-/ 3 @ 5 =   2.361 , Out:   0.000#   0.031    2.329f

   S-matrix    6 =   -0.24651   0.16016 for L=    5, J=    4.0 channel on core I =   2.0 from L=    5,  Acc. loss =  0.0 D.
 Elastic phase shift   6 =   73.494  35.073 deg. for the L =    5, J =    4.0 channel.
       3.0 -0.24650663  0.16016079i: elastic S-matrix  @@      0.00  0   0 F  0
 Reaction Xsec     3.0-/ 5 @ 6 =   2.418 , Out:   0.000#   3.018/   2.415f

   S-matrix    7 =   -0.29126   0.06632 for L=    5, J=    5.0 channel on core I =   2.0 from L=    5,  Acc. loss =  0.0 D.
 Elastic phase shift   7 =   83.587  34.615 deg. for the L =    5, J =    5.0 channel.
       3.0 -0.29125654  0.06631584i: elastic S-matrix  @@      0.00  0   0 F  0
 Reaction Xsec     3.0-/ 5 @ 7 =   2.410 , Out:   0.000#   0.013    2.397f


 Total SPIN, PARITY =     4.0 +,     11 chs,      0 cc.  Rmin & Coul turning =    0.3    1.9
   S-matrix    1 =   -0.10122  -0.31812 for L=    2, J=    2.0 channel on core I =   2.0 from L=    2,  Acc. loss =  0.0 D.
 Elastic phase shift   1 =  -53.825  31.430 deg. for the L =    2, J =    2.0 channel.
       4.0 -0.10121710 -0.31812114i: elastic S-matrix  @@      0.00  0   0 F  0
 Reaction Xsec     4.0+/ 2 @ 1 =   3.023 , Out:   0.000#   0.014    3.009f

   S-matrix    2 =   -0.00961  -0.33688 for L=    2, J=    3.0 channel on core I =   2.0 from L=    2,  Acc. loss =  0.0 D.
 Elastic phase shift   2 =  -45.817  31.158 deg. for the L =    2, J =    3.0 channel.
       4.0 -0.00960876 -0.33688358i: elastic S-matrix  @@      0.00  0   0 F  0
 Reaction Xsec     4.0+/ 2 @ 2 =   3.016 , Out:   0.000#   0.019    2.997f

   S-matrix    3 =   -0.30777  -0.01835 for L=    4, J=    3.0 channel on core I =   2.0 from L=    4,  Acc. loss =  0.0 D.
 Elastic phase shift   3 =  -88.294  33.708 deg. for the L =    4, J =    3.0 channel.
       4.0 -0.30776720 -0.01834934i: elastic S-matrix  @@      0.00  0   0 F  0
 Reaction Xsec     4.0+/ 4 @ 3 =   3.079 , Out:   0.000#   0.018    3.061f

   S-matrix    4 =   -0.29021  -0.11457 for L=    4, J=    4.0 channel on core I =   2.0 from L=    4,  Acc. loss =  0.0 D.
 Elastic phase shift   4 =  -79.229  33.367 deg. for the L =    4, J =    4.0 channel.
       4.0 -0.29020729 -0.11456744i: elastic S-matrix  @@      0.00  0   0 F  0
 Reaction Xsec     4.0+/ 4 @ 4 =   3.071 , Out:   0.000#   0.019    3.053f

   S-matrix    5 =   -0.22708  -0.22071 for L=    4, J=    5.0 channel on core I =   2.0 from L=    4,  Acc. loss =  0.0 D.
 Elastic phase shift   5 =  -67.908  32.942 deg. for the L =    4, J =    5.0 channel.
       4.0 -0.22707982 -0.22070811i: elastic S-matrix  @@      0.00  0   0 F  0
 Reaction Xsec     4.0+/ 4 @ 5 =   3.061 , Out:   0.000#   0.034    3.027f

   S-matrix    6 =   -0.07031   0.27756 for L=    6, J=    5.0 channel on core I =   2.0 from L=    6,  Acc. loss =  0.0 D.
 Elastic phase shift   6 =   52.107  35.827 deg. for the L =    6, J =    5.0 channel.
       4.0 -0.07030695  0.27756370i: elastic S-matrix  @@      0.00  0   0 F  0
 Reaction Xsec     4.0+/ 6 @ 6 =   3.124 , Out:   0.000#   3.476/   3.120f

   S-matrix    7 =   -0.16624   0.23191 for L=    6, J=    6.0 channel on core I =   2.0 from L=    6,  Acc. loss =  0.0 D.
 Elastic phase shift   7 =   62.817  35.927 deg. for the L =    6, J =    6.0 channel.
       4.0 -0.16623809  0.23191207i: elastic S-matrix  @@      0.00  0   0 F  0
 Reaction Xsec     4.0+/ 6 @ 7 =   3.125 , Out:   0.000#   0.013    3.113f


 Total SPIN, PARITY =     4.0 -,     12 chs,      0 cc.  Rmin & Coul turning =    0.3    1.9
   S-matrix    1 =    0.06573  -0.33541 for L=    1, J=    2.0 channel on core I =   2.0 from L=    1,  Acc. loss =  0.0 D.
 Elastic phase shift   1 =  -39.456  30.755 deg. for the L =    1, J =    2.0 channel.
       4.0  0.06573348 -0.33541373i: elastic S-matrix  @@      0.00  0   0 F  0
 Reaction Xsec     4.0-/ 1 @ 1 =   3.005 , Out:   0.000#   0.000#   3.005f

   S-matrix    2 =   -0.26119  -0.18606 for L=    3, J=    2.0 channel on core I =   2.0 from L=    3,  Acc. loss =  0.0 D.
 Elastic phase shift   2 =  -72.268  32.581 deg. for the L =    3, J =    2.0 channel.
       4.0 -0.26119027 -0.18605800i: elastic S-matrix  @@      0.00  0   0 F  0
 Reaction Xsec     4.0-/ 3 @ 2 =   3.053 , Out:   0.000#   0.031    3.022f

   S-matrix    3 =   -0.20702  -0.24933 for L=    3, J=    3.0 channel on core I =   2.0 from L=    3,  Acc. loss =  0.0 D.
 Elastic phase shift   3 =  -64.852  32.281 deg. for the L =    3, J =    3.0 channel.
       4.0 -0.20701686 -0.24932691i: elastic S-matrix  @@      0.00  0   0 F  0
 Reaction Xsec     4.0-/ 3 @ 3 =   3.045 , Out:   0.000#   0.019    3.026f

   S-matrix    4 =   -0.11256  -0.30864 for L=    3, J=    4.0 channel on core I =   2.0 from L=    3,  Acc. loss =  0.0 D.
 Elastic phase shift   4 =  -55.019  31.889 deg. for the L =    3, J =    4.0 channel.
       4.0 -0.11256410 -0.30863670i: elastic S-matrix  @@      0.00  0   0 F  0
 Reaction Xsec     4.0-/ 3 @ 4 =   3.035 , Out:   0.000#   0.030    3.006f

   S-matrix    5 =   -0.24651   0.16016 for L=    5, J=    4.0 channel on core I =   2.0 from L=    5,  Acc. loss =  0.0 D.
 Elastic phase shift   5 =   73.494  35.073 deg. for the L =    5, J =    4.0 channel.
       4.0 -0.24650663  0.16016079i: elastic S-matrix  @@      0.00  0   0 F  0
 Reaction Xsec     4.0-/ 5 @ 5 =   3.108 , Out:   0.000#   9.053/   3.099f

   S-matrix    6 =   -0.29126   0.06632 for L=    5, J=    5.0 channel on core I =   2.0 from L=    5,  Acc. loss =  0.0 D.
 Elastic phase shift   6 =   83.587  34.615 deg. for the L =    5, J =    5.0 channel.
       4.0 -0.29125654  0.06631584i: elastic S-matrix  @@      0.00  0   0 F  0
 Reaction Xsec     4.0-/ 5 @ 6 =   3.099 , Out:   0.000#   0.016    3.083f

   S-matrix    7 =   -0.29824  -0.06070 for L=    5, J=    6.0 channel on core I =   2.0 from L=    5,  Acc. loss =  0.0 D.
 Elastic phase shift   7 =  -84.248  34.079 deg. for the L =    5, J =    6.0 channel.
       4.0 -0.29823846 -0.06070304i: elastic S-matrix  @@      0.00  0   0 F  0
 Reaction Xsec     4.0-/ 5 @ 7 =   3.087 , Out:   0.000#   0.033    3.055f

   S-matrix    8 =    0.17244   0.31156 for L=    7, J=    6.0 channel on core I =   2.0 from L=    7,  Acc. loss =  0.0 D.
 Elastic phase shift   8 =   30.518  29.581 deg. for the L =    7, J =    6.0 channel.
       4.0  0.17244406  0.31155576i: elastic S-matrix  @@      0.00  0   0 F  0
 Reaction Xsec     4.0-/ 7 @ 8 =   2.971 , Out:   0.000#   0.000#   2.971f


 Total SPIN, PARITY =     5.0 +,     12 chs,      0 cc.  Rmin & Coul turning =    0.4    2.4
   S-matrix    1 =   -0.00961  -0.33688 for L=    2, J=    3.0 channel on core I =   2.0 from L=    2,  Acc. loss =  0.0 D.
 Elastic phase shift   1 =  -45.817  31.158 deg. for the L =    2, J =    3.0 channel.
       5.0 -0.00960876 -0.33688358i: elastic S-matrix  @@      0.00  0   0 F  0
 Reaction Xsec     5.0+/ 2 @ 1 =   3.686 , Out:   0.000#   0.000#   3.686f

   S-matrix    2 =   -0.30777  -0.01835 for L=    4, J=    3.0 channel on core I =   2.0 from L=    4,  Acc. loss =  0.0 D.
 Elastic phase shift   2 =  -88.294  33.708 deg. for the L =    4, J =    3.0 channel.
       5.0 -0.30776720 -0.01834934i: elastic S-matrix  @@      0.00  0   0 F  0
 Reaction Xsec     5.0+/ 4 @ 2 =   3.763 , Out:   0.000#   0.034    3.729f

   S-matrix    3 =   -0.29021  -0.11457 for L=    4, J=    4.0 channel on core I =   2.0 from L=    4,  Acc. loss =  0.0 D.
 Elastic phase shift   3 =  -79.229  33.367 deg. for the L =    4, J =    4.0 channel.
       5.0 -0.29020729 -0.11456744i: elastic S-matrix  @@      0.00  0   0 F  0
 Reaction Xsec     5.0+/ 4 @ 3 =   3.754 , Out:   0.000#   0.020    3.734f

   S-matrix    4 =   -0.22708  -0.22071 for L=    4, J=    5.0 channel on core I =   2.0 from L=    4,  Acc. loss =  0.0 D.
 Elastic phase shift   4 =  -67.908  32.942 deg. for the L =    4, J =    5.0 channel.
       5.0 -0.22707982 -0.22070811i: elastic S-matrix  @@      0.00  0   0 F  0
 Reaction Xsec     5.0+/ 4 @ 4 =   3.742 , Out:   0.000#   0.030    3.712f

   S-matrix    5 =   -0.07031   0.27756 for L=    6, J=    5.0 channel on core I =   2.0 from L=    6,  Acc. loss =  0.0 D.
 Elastic phase shift   5 =   52.107  35.827 deg. for the L =    6, J =    5.0 channel.
       5.0 -0.07030695  0.27756370i: elastic S-matrix  @@      0.00  0   0 F  0
 Reaction Xsec     5.0+/ 6 @ 5 =   3.818 , Out:   0.000#   9.560/   3.808f

   S-matrix    6 =   -0.16624   0.23191 for L=    6, J=    6.0 channel on core I =   2.0 from L=    6,  Acc. loss =  0.0 D.
 Elastic phase shift   6 =   62.817  35.927 deg. for the L =    6, J =    6.0 channel.
       5.0 -0.16623809  0.23191207i: elastic S-matrix  @@      0.00  0   0 F  0
 Reaction Xsec     5.0+/ 6 @ 6 =   3.820 , Out:   0.000#   0.015    3.805f

   S-matrix    7 =   -0.25134   0.13882 for L=    6, J=    7.0 channel on core I =   2.0 from L=    6,  Acc. loss =  0.0 D.
 Elastic phase shift   7 =   75.544  35.748 deg. for the L =    6, J =    7.0 channel.
       5.0 -0.25134076  0.13881922i: elastic S-matrix  @@      0.00  0   0 F  0
 Reaction Xsec     5.0+/ 6 @ 7 =   3.816 , Out:   0.000#   0.030    3.786f

   S-matrix    8 =    0.42286   0.28098 for L=    8, J=    7.0 channel on core I =   2.0 from L=    8,  Acc. loss =  0.0 D.
 Elastic phase shift   8 =   16.801  19.420 deg. for the L =    8, J =    7.0 channel.
       5.0  0.42285919  0.28097548i: elastic S-matrix  @@      0.00  0   0 F  0
 Reaction Xsec     5.0+/ 8 @ 8 =   3.087 , Out:   0.000#   0.000#   3.087f


 Total SPIN, PARITY =     5.0 -,     11 chs,      0 cc.  Rmin & Coul turning =    0.4    2.4
   S-matrix    1 =   -0.20702  -0.24933 for L=    3, J=    3.0 channel on core I =   2.0 from L=    3,  Acc. loss =  0.0 D.
 Elastic phase shift   1 =  -64.852  32.281 deg. for the L =    3, J =    3.0 channel.
       5.0 -0.20701686 -0.24932691i: elastic S-matrix  @@      0.00  0   0 F  0
 Reaction Xsec     5.0-/ 3 @ 1 =   3.722 , Out:   0.000#   0.018    3.704f

   S-matrix    2 =   -0.11256  -0.30864 for L=    3, J=    4.0 channel on core I =   2.0 from L=    3,  Acc. loss =  0.0 D.
 Elastic phase shift   2 =  -55.019  31.889 deg. for the L =    3, J =    4.0 channel.
       5.0 -0.11256410 -0.30863670i: elastic S-matrix  @@      0.00  0   0 F  0
 Reaction Xsec     5.0-/ 3 @ 2 =   3.710 , Out:   0.000#   0.020    3.690f

   S-matrix    3 =   -0.24651   0.16016 for L=    5, J=    4.0 channel on core I =   2.0 from L=    5,  Acc. loss =  0.0 D.
 Elastic phase shift   3 =   73.494  35.073 deg. for the L =    5, J =    4.0 channel.
       5.0 -0.24650663  0.16016079i: elastic S-matrix  @@      0.00  0   0 F  0
 Reaction Xsec     5.0-/ 5 @ 3 =   3.799 , Out:   0.000#   0.019    3.780f

   S-matrix    4 =   -0.29126   0.06632 for L=    5, J=    5.0 channel on core I =   2.0 from L=    5,  Acc. loss =  0.0 D.
 Elastic phase shift   4 =   83.587  34.615 deg. for the L =    5, J =    5.0 channel.
       5.0 -0.29125654  0.06631584i: elastic S-matrix  @@      0.00  0   0 F  0
 Reaction Xsec     5.0-/ 5 @ 4 =   3.788 , Out:   0.000#   0.018    3.770f

   S-matrix    5 =   -0.29824  -0.06070 for L=    5, J=    6.0 channel on core I =   2.0 from L=    5,  Acc. loss =  0.0 D.
 Elastic phase shift   5 =  -84.248  34.079 deg. for the L =    5, J =    6.0 channel.
       5.0 -0.29823846 -0.06070304i: elastic S-matrix  @@      0.00  0   0 F  0
 Reaction Xsec     5.0-/ 5 @ 5 =   3.773 , Out:   0.000#   0.032    3.741f

   S-matrix    6 =    0.17244   0.31156 for L=    7, J=    6.0 channel on core I =   2.0 from L=    7,  Acc. loss =  0.0 D.
 Elastic phase shift   6 =   30.518  29.581 deg. for the L =    7, J =    6.0 channel.
       5.0  0.17244406  0.31155576i: elastic S-matrix  @@      0.00  0   0 F  0
 Reaction Xsec     5.0-/ 7 @ 6 =   3.631 , Out:   0.000#   4.330/   3.627f

   S-matrix    7 =    0.06269   0.33100 for L=    7, J=    7.0 channel on core I =   2.0 from L=    7,  Acc. loss =  0.0 D.
 Elastic phase shift   7 =   39.638  31.169 deg. for the L =    7, J =    7.0 channel.
       5.0  0.06268925  0.33100211i: elastic S-matrix  @@      0.00  0   0 F  0
 Reaction Xsec     5.0-/ 7 @ 7 =   3.687 , Out:   0.000#   0.014    3.673f


 Total SPIN, PARITY =     6.0 +,     11 chs,      0 cc.  Rmin & Coul turning =    0.5    2.8
   S-matrix    1 =   -0.29021  -0.11457 for L=    4, J=    4.0 channel on core I =   2.0 from L=    4,  Acc. loss =  0.0 D.
 Elastic phase shift   1 =  -79.229  33.367 deg. for the L =    4, J =    4.0 channel.
       6.0 -0.29020729 -0.11456744i: elastic S-matrix  @@      0.00  0   0 F  0
 Reaction Xsec     6.0+/ 4 @ 1 =   4.436 , Out:   0.000#   0.020    4.416f

   S-matrix    2 =   -0.22708  -0.22071 for L=    4, J=    5.0 channel on core I =   2.0 from L=    4,  Acc. loss =  0.0 D.
 Elastic phase shift   2 =  -67.908  32.942 deg. for the L =    4, J =    5.0 channel.
       6.0 -0.22707982 -0.22070811i: elastic S-matrix  @@      0.00  0   0 F  0
 Reaction Xsec     6.0+/ 4 @ 2 =   4.422 , Out:   0.000#   0.019    4.403f

   S-matrix    3 =   -0.07031   0.27756 for L=    6, J=    5.0 channel on core I =   2.0 from L=    6,  Acc. loss =  0.0 D.
 Elastic phase shift   3 =   52.107  35.827 deg. for the L =    6, J =    5.0 channel.
       6.0 -0.07030695  0.27756370i: elastic S-matrix  @@      0.00  0   0 F  0
 Reaction Xsec     6.0+/ 6 @ 3 =   4.512 , Out:   0.000#   0.019    4.493f

   S-matrix    4 =   -0.16624   0.23191 for L=    6, J=    6.0 channel on core I =   2.0 from L=    6,  Acc. loss =  0.0 D.
 Elastic phase shift   4 =   62.817  35.927 deg. for the L =    6, J =    6.0 channel.
       6.0 -0.16623809  0.23191207i: elastic S-matrix  @@      0.00  0   0 F  0
 Reaction Xsec     6.0+/ 6 @ 4 =   4.515 , Out:   0.000#   0.016    4.498f

   S-matrix    5 =   -0.25134   0.13882 for L=    6, J=    7.0 channel on core I =   2.0 from L=    6,  Acc. loss =  0.0 D.
 Elastic phase shift   5 =   75.544  35.748 deg. for the L =    6, J =    7.0 channel.
       6.0 -0.25134076  0.13881922i: elastic S-matrix  @@      0.00  0   0 F  0
 Reaction Xsec     6.0+/ 6 @ 5 =   4.510 , Out:   0.000#   0.028    4.482f

   S-matrix    6 =    0.42286   0.28098 for L=    8, J=    7.0 channel on core I =   2.0 from L=    8,  Acc. loss =  0.0 D.
 Elastic phase shift   6 =   16.801  19.420 deg. for the L =    8, J =    7.0 channel.
       6.0  0.42285919  0.28097548i: elastic S-matrix  @@      0.00  0   0 F  0
 Reaction Xsec     6.0+/ 8 @ 6 =   3.648 , Out:   0.000#   4.588/   3.643f

   S-matrix    7 =    0.33228   0.34933 for L=    8, J=    8.0 channel on core I =   2.0 from L=    8,  Acc. loss =  0.0 D.
 Elastic phase shift   7 =   23.216  20.900 deg. for the L =    8, J =    8.0 channel.
       6.0  0.33228493  0.34932974i: elastic S-matrix  @@      0.00  0   0 F  0
 Reaction Xsec     6.0+/ 8 @ 7 =   3.772 , Out:   0.000#   0.014    3.759f


 Total SPIN, PARITY =     6.0 -,     12 chs,      0 cc.  Rmin & Coul turning =    0.5    2.8
   S-matrix    1 =   -0.11256  -0.30864 for L=    3, J=    4.0 channel on core I =   2.0 from L=    3,  Acc. loss =  0.0 D.
 Elastic phase shift   1 =  -55.019  31.889 deg. for the L =    3, J =    4.0 channel.
       6.0 -0.11256410 -0.30863670i: elastic S-matrix  @@      0.00  0   0 F  0
 Reaction Xsec     6.0-/ 3 @ 1 =   4.384 , Out:   0.000#   0.000#   4.384f

   S-matrix    2 =   -0.24651   0.16016 for L=    5, J=    4.0 channel on core I =   2.0 from L=    5,  Acc. loss =  0.0 D.
 Elastic phase shift   2 =   73.494  35.073 deg. for the L =    5, J =    4.0 channel.
       6.0 -0.24650663  0.16016079i: elastic S-matrix  @@      0.00  0   0 F  0
 Reaction Xsec     6.0-/ 5 @ 2 =   4.490 , Out:   0.000#   0.034    4.456f

   S-matrix    3 =   -0.29126   0.06632 for L=    5, J=    5.0 channel on core I =   2.0 from L=    5,  Acc. loss =  0.0 D.
 Elastic phase shift   3 =   83.587  34.615 deg. for the L =    5, J =    5.0 channel.
       6.0 -0.29125654  0.06631584i: elastic S-matrix  @@      0.00  0   0 F  0
 Reaction Xsec     6.0-/ 5 @ 3 =   4.476 , Out:   0.000#   0.019    4.457f

   S-matrix    4 =   -0.29824  -0.06070 for L=    5, J=    6.0 channel on core I =   2.0 from L=    5,  Acc. loss =  0.0 D.
 Elastic phase shift   4 =  -84.248  34.079 deg. for the L =    5, J =    6.0 channel.
       6.0 -0.29823846 -0.06070304i: elastic S-matrix  @@      0.00  0   0 F  0
 Reaction Xsec     6.0-/ 5 @ 4 =   4.459 , Out:   0.000#   0.027    4.432f

   S-matrix    5 =    0.17244   0.31156 for L=    7, J=    6.0 channel on core I =   2.0 from L=    7,  Acc. loss =  0.0 D.
 Elastic phase shift   5 =   30.518  29.581 deg. for the L =    7, J =    6.0 channel.
       6.0  0.17244406  0.31155576i: elastic S-matrix  @@      0.00  0   0 F  0
 Reaction Xsec     6.0-/ 7 @ 5 =   4.292 , Out:   0.000#   0.011    4.280f

   S-matrix    6 =    0.06269   0.33100 for L=    7, J=    7.0 channel on core I =   2.0 from L=    7,  Acc. loss =  0.0 D.
 Elastic phase shift   6 =   39.638  31.169 deg. for the L =    7, J =    7.0 channel.
       6.0  0.06268925  0.33100211i: elastic S-matrix  @@      0.00  0   0 F  0
 Reaction Xsec     6.0-/ 7 @ 6 =   4.357 , Out:   0.000#   0.016    4.341f

   S-matrix    7 =   -0.06483   0.31106 for L=    7, J=    8.0 channel on core I =   2.0 from L=    7,  Acc. loss =  0.0 D.
 Elastic phase shift   7 =   50.886  32.845 deg. for the L =    7, J =    8.0 channel.
       6.0 -0.06482887  0.31106232i: elastic S-matrix  @@      0.00  0   0 F  0
 Reaction Xsec     6.0-/ 7 @ 7 =   4.419 , Out:   0.000#   0.030    4.388f

   S-matrix    8 =    0.63354   0.21508 for L=    9, J=    8.0 channel on core I =   2.0 from L=    9,  Acc. loss =  0.0 D.
 Elastic phase shift   8 =    9.376  11.513 deg. for the L =    9, J =    8.0 channel.
       6.0  0.63353813  0.21508080i: elastic S-matrix  @@      0.00  0   0 F  0
 Reaction Xsec     6.0-/ 9 @ 8 =   2.715 , Out:   0.000#   0.000#   2.715f


 Total SPIN, PARITY =     7.0 +,     12 chs,      0 cc.  Rmin & Coul turning =    0.6    3.2
   S-matrix    1 =   -0.22708  -0.22071 for L=    4, J=    5.0 channel on core I =   2.0 from L=    4,  Acc. loss =  0.0 D.
 Elastic phase shift   1 =  -67.908  32.942 deg. for the L =    4, J =    5.0 channel.
       7.0 -0.22707982 -0.22070811i: elastic S-matrix  @@      0.00  0   0 F  0
 Reaction Xsec     7.0+/ 4 @ 1 =   5.102 , Out:   0.000#   0.000#   5.102f

   S-matrix    2 =   -0.07031   0.27756 for L=    6, J=    5.0 channel on core I =   2.0 from L=    6,  Acc. loss =  0.0 D.
 Elastic phase shift   2 =   52.107  35.827 deg. for the L =    6, J =    5.0 channel.
       7.0 -0.07030695  0.27756370i: elastic S-matrix  @@      0.00  0   0 F  0
 Reaction Xsec     7.0+/ 6 @ 2 =   5.206 , Out:   0.000#   0.032    5.174f

   S-matrix    3 =   -0.16624   0.23191 for L=    6, J=    6.0 channel on core I =   2.0 from L=    6,  Acc. loss =  0.0 D.
 Elastic phase shift   3 =   62.817  35.927 deg. for the L =    6, J =    6.0 channel.
       7.0 -0.16623809  0.23191207i: elastic S-matrix  @@      0.00  0   0 F  0
 Reaction Xsec     7.0+/ 6 @ 3 =   5.209 , Out:   0.000#   0.017    5.192f

   S-matrix    4 =   -0.25134   0.13882 for L=    6, J=    7.0 channel on core I =   2.0 from L=    6,  Acc. loss =  0.0 D.
 Elastic phase shift   4 =   75.544  35.748 deg. for the L =    6, J =    7.0 channel.
       7.0 -0.25134076  0.13881922i: elastic S-matrix  @@      0.00  0   0 F  0
 Reaction Xsec     7.0+/ 6 @ 4 =   5.203 , Out:   0.000#   0.023    5.180f

   S-matrix    5 =    0.42286   0.28098 for L=    8, J=    7.0 channel on core I =   2.0 from L=    8,  Acc. loss =  0.0 D.
 Elastic phase shift   5 =   16.801  19.420 deg. for the L =    8, J =    7.0 channel.
       7.0  0.42285919  0.28097548i: elastic S-matrix  @@      0.00  0   0 F  0
 Reaction Xsec     7.0+/ 8 @ 5 =   4.209 , Out:   0.000#   0.011    4.198f

   S-matrix    6 =    0.33228   0.34933 for L=    8, J=    8.0 channel on core I =   2.0 from L=    8,  Acc. loss =  0.0 D.
 Elastic phase shift   6 =   23.216  20.900 deg. for the L =    8, J =    8.0 channel.
       7.0  0.33228493  0.34932974i: elastic S-matrix  @@      0.00  0   0 F  0
 Reaction Xsec     7.0+/ 8 @ 6 =   4.353 , Out:   0.000#   0.015    4.337f

   S-matrix    7 =    0.21159   0.39940 for L=    8, J=    9.0 channel on core I =   2.0 from L=    8,  Acc. loss =  0.0 D.
 Elastic phase shift   7 =   31.043  22.749 deg. for the L =    8, J =    9.0 channel.
       7.0  0.21159222  0.39939878i: elastic S-matrix  @@      0.00  0   0 F  0
 Reaction Xsec     7.0+/ 8 @ 7 =   4.512 , Out:   0.000#   0.030    4.483f

   S-matrix    8 =    0.78306   0.14370 for L=   10, J=    9.0 channel on core I =   2.0 from L=   10,  Acc. loss =  0.0 D.
 Elastic phase shift   8 =    5.200   6.531 deg. for the L =   10, J =    9.0 channel.
       7.0  0.78306127  0.14370460i: elastic S-matrix  @@      0.00  0   0 F  0
 Reaction Xsec     7.0+/10 @ 8 =   2.076 , Out:   0.000#   0.000#   2.076f


 Total SPIN, PARITY =     7.0 -,     11 chs,      0 cc.  Rmin & Coul turning =    0.6    3.2
   S-matrix    1 =   -0.29126   0.06632 for L=    5, J=    5.0 channel on core I =   2.0 from L=    5,  Acc. loss =  0.0 D.
 Elastic phase shift   1 =   83.587  34.615 deg. for the L =    5, J =    5.0 channel.
       7.0 -0.29125654  0.06631584i: elastic S-matrix  @@      0.00  0   0 F  0
 Reaction Xsec     7.0-/ 5 @ 1 =   5.165 , Out:   0.000#   0.020    5.145f

   S-matrix    2 =   -0.29824  -0.06070 for L=    5, J=    6.0 channel on core I =   2.0 from L=    5,  Acc. loss =  0.0 D.
 Elastic phase shift   2 =  -84.248  34.079 deg. for the L =    5, J =    6.0 channel.
       7.0 -0.29823846 -0.06070304i: elastic S-matrix  @@      0.00  0   0 F  0
 Reaction Xsec     7.0-/ 5 @ 2 =   5.146 , Out:   0.000#   0.017    5.129f

   S-matrix    3 =    0.17244   0.31156 for L=    7, J=    6.0 channel on core I =   2.0 from L=    7,  Acc. loss =  0.0 D.
 Elastic phase shift   3 =   30.518  29.581 deg. for the L =    7, J =    6.0 channel.
       7.0  0.17244406  0.31155576i: elastic S-matrix  @@      0.00  0   0 F  0
 Reaction Xsec     7.0-/ 7 @ 3 =   4.952 , Out:   0.000#   0.021    4.931f

   S-matrix    4 =    0.06269   0.33100 for L=    7, J=    7.0 channel on core I =   2.0 from L=    7,  Acc. loss =  0.0 D.
 Elastic phase shift   4 =   39.638  31.169 deg. for the L =    7, J =    7.0 channel.
       7.0  0.06268925  0.33100211i: elastic S-matrix  @@      0.00  0   0 F  0
 Reaction Xsec     7.0-/ 7 @ 4 =   5.027 , Out:   0.000#   0.017    5.010f

   S-matrix    5 =   -0.06483   0.31106 for L=    7, J=    8.0 channel on core I =   2.0 from L=    7,  Acc. loss =  0.0 D.
 Elastic phase shift   5 =   50.886  32.845 deg. for the L =    7, J =    8.0 channel.
       7.0 -0.06482887  0.31106232i: elastic S-matrix  @@      0.00  0   0 F  0
 Reaction Xsec     7.0-/ 7 @ 5 =   5.098 , Out:   0.000#   0.028    5.071f

   S-matrix    6 =    0.63354   0.21508 for L=    9, J=    8.0 channel on core I =   2.0 from L=    9,  Acc. loss =  0.0 D.
 Elastic phase shift   6 =    9.376  11.513 deg. for the L =    9, J =    8.0 channel.
       7.0  0.63353813  0.21508080i: elastic S-matrix  @@      0.00  0   0 F  0
 Reaction Xsec     7.0-/ 9 @ 6 =   3.132 , Out:   0.000#   3.428/   3.129f

   S-matrix    7 =    0.57527   0.30189 for L=    9, J=    9.0 channel on core I =   2.0 from L=    9,  Acc. loss =  0.0 D.
 Elastic phase shift   7 =   13.845  12.355 deg. for the L =    9, J =    9.0 channel.
       7.0  0.57527175  0.30189489i: elastic S-matrix  @@      0.00  0   0 F  0
 Reaction Xsec     7.0-/ 9 @ 7 =   3.277 , Out:   0.000#   9.979/   3.267f


 Total SPIN, PARITY =     8.0 +,     11 chs,      0 cc.  Rmin & Coul turning =    0.6    3.6
   S-matrix    1 =   -0.16624   0.23191 for L=    6, J=    6.0 channel on core I =   2.0 from L=    6,  Acc. loss =  0.0 D.
 Elastic phase shift   1 =   62.817  35.927 deg. for the L =    6, J =    6.0 channel.
       8.0 -0.16623809  0.23191207i: elastic S-matrix  @@      0.00  0   0 F  0
 Reaction Xsec     8.0+/ 6 @ 1 =   5.904 , Out:   0.000#   0.018    5.886f

   S-matrix    2 =   -0.25134   0.13882 for L=    6, J=    7.0 channel on core I =   2.0 from L=    6,  Acc. loss =  0.0 D.
 Elastic phase shift   2 =   75.544  35.748 deg. for the L =    6, J =    7.0 channel.
       8.0 -0.25134076  0.13881922i: elastic S-matrix  @@      0.00  0   0 F  0
 Reaction Xsec     8.0+/ 6 @ 2 =   5.897 , Out:   0.000#   0.014    5.883f

   S-matrix    3 =    0.42286   0.28098 for L=    8, J=    7.0 channel on core I =   2.0 from L=    8,  Acc. loss =  0.0 D.
 Elastic phase shift   3 =   16.801  19.420 deg. for the L =    8, J =    7.0 channel.
       8.0  0.42285919  0.28097548i: elastic S-matrix  @@      0.00  0   0 F  0
 Reaction Xsec     8.0+/ 8 @ 3 =   4.770 , Out:   0.000#   0.021    4.749f

   S-matrix    4 =    0.33228   0.34933 for L=    8, J=    8.0 channel on core I =   2.0 from L=    8,  Acc. loss =  0.0 D.
 Elastic phase shift   4 =   23.216  20.900 deg. for the L =    8, J =    8.0 channel.
       8.0  0.33228493  0.34932974i: elastic S-matrix  @@      0.00  0   0 F  0
 Reaction Xsec     8.0+/ 8 @ 4 =   4.933 , Out:   0.000#   0.016    4.917f

   S-matrix    5 =    0.21159   0.39940 for L=    8, J=    9.0 channel on core I =   2.0 from L=    8,  Acc. loss =  0.0 D.
 Elastic phase shift   5 =   31.043  22.749 deg. for the L =    8, J =    9.0 channel.
       8.0  0.21159222  0.39939878i: elastic S-matrix  @@      0.00  0   0 F  0
 Reaction Xsec     8.0+/ 8 @ 5 =   5.114 , Out:   0.000#   0.027    5.087f

   S-matrix    6 =    0.78306   0.14370 for L=   10, J=    9.0 channel on core I =   2.0 from L=   10,  Acc. loss =  0.0 D.
 Elastic phase shift   6 =    5.200   6.531 deg. for the L =   10, J =    9.0 channel.
       8.0  0.78306127  0.14370460i: elastic S-matrix  @@      0.00  0   0 F  0
 Reaction Xsec     8.0+/10 @ 6 =   2.353 , Out:   0.000#   1.894/   2.351f

   S-matrix    7 =    0.75217   0.22473 for L=   10, J=   10.0 channel on core I =   2.0 from L=   10,  Acc. loss =  0.0 D.
 Elastic phase shift   7 =    8.317   6.934 deg. for the L =   10, J =   10.0 channel.
       8.0  0.75216929  0.22473037i: elastic S-matrix  @@      0.00  0   0 F  0
 Reaction Xsec     8.0+/10 @ 7 =   2.466 , Out:   0.000#   5.343/   2.461f


 Total SPIN, PARITY =     8.0 -,     12 chs,      0 cc.  Rmin & Coul turning =    0.6    3.6
   S-matrix    1 =   -0.29824  -0.06070 for L=    5, J=    6.0 channel on core I =   2.0 from L=    5,  Acc. loss =  0.0 D.
 Elastic phase shift   1 =  -84.248  34.079 deg. for the L =    5, J =    6.0 channel.
       8.0 -0.29823846 -0.06070304i: elastic S-matrix  @@      0.00  0   0 F  0
 Reaction Xsec     8.0-/ 5 @ 1 =   5.832 , Out:   0.000#   0.000#   5.832f

   S-matrix    2 =    0.17244   0.31156 for L=    7, J=    6.0 channel on core I =   2.0 from L=    7,  Acc. loss =  0.0 D.
 Elastic phase shift   2 =   30.518  29.581 deg. for the L =    7, J =    6.0 channel.
       8.0  0.17244406  0.31155576i: elastic S-matrix  @@      0.00  0   0 F  0
 Reaction Xsec     8.0-/ 7 @ 2 =   5.612 , Out:   0.000#   0.035    5.577f

   S-matrix    3 =    0.06269   0.33100 for L=    7, J=    7.0 channel on core I =   2.0 from L=    7,  Acc. loss =  0.0 D.
 Elastic phase shift   3 =   39.638  31.169 deg. for the L =    7, J =    7.0 channel.
       8.0  0.06268925  0.33100211i: elastic S-matrix  @@      0.00  0   0 F  0
 Reaction Xsec     8.0-/ 7 @ 3 =   5.698 , Out:   0.000#   0.018    5.680f

   S-matrix    4 =   -0.06483   0.31106 for L=    7, J=    8.0 channel on core I =   2.0 from L=    7,  Acc. loss =  0.0 D.
 Elastic phase shift   4 =   50.886  32.845 deg. for the L =    7, J =    8.0 channel.
       8.0 -0.06482887  0.31106232i: elastic S-matrix  @@      0.00  0   0 F  0
 Reaction Xsec     8.0-/ 7 @ 4 =   5.778 , Out:   0.000#   0.022    5.756f

   S-matrix    5 =    0.63354   0.21508 for L=    9, J=    8.0 channel on core I =   2.0 from L=    9,  Acc. loss =  0.0 D.
 Elastic phase shift   5 =    9.376  11.513 deg. for the L =    9, J =    8.0 channel.
       8.0  0.63353813  0.21508080i: elastic S-matrix  @@      0.00  0   0 F  0
 Reaction Xsec     8.0-/ 9 @ 5 =   3.550 , Out:   0.000#   8.326/   3.542f

   S-matrix    6 =    0.57527   0.30189 for L=    9, J=    9.0 channel on core I =   2.0 from L=    9,  Acc. loss =  0.0 D.
 Elastic phase shift   6 =   13.845  12.355 deg. for the L =    9, J =    9.0 channel.
       8.0  0.57527175  0.30189489i: elastic S-matrix  @@      0.00  0   0 F  0
 Reaction Xsec     8.0-/ 9 @ 6 =   3.714 , Out:   0.000#   0.011    3.703f

   S-matrix    7 =    0.49125   0.38795 for L=    9, J=   10.0 channel on core I =   2.0 from L=    9,  Acc. loss =  0.0 D.
 Elastic phase shift   7 =   19.149  13.421 deg. for the L =    9, J =   10.0 channel.
       8.0  0.49124807  0.38794521i: elastic S-matrix  @@      0.00  0   0 F  0
 Reaction Xsec     8.0-/ 9 @ 7 =   3.909 , Out:   0.000#   0.022    3.887f

   S-matrix    8 =    0.87688   0.08608 for L=   11, J=   10.0 channel on core I =   2.0 from L=   11,  Acc. loss =  0.0 D.
 Elastic phase shift   8 =    2.803   3.627 deg. for the L =   11, J =   10.0 channel.
       8.0  0.87687901  0.08608389i: elastic S-matrix  @@      0.00  0   0 F  0
 Reaction Xsec     8.0-/11 @ 8 =   1.438 , Out:   0.000#   0.000#   1.438f


 Total SPIN, PARITY =     9.0 +,     12 chs,      0 cc.  Rmin & Coul turning =    0.7    4.1
   S-matrix    1 =   -0.25134   0.13882 for L=    6, J=    7.0 channel on core I =   2.0 from L=    6,  Acc. loss =  0.0 D.
 Elastic phase shift   1 =   75.544  35.748 deg. for the L =    6, J =    7.0 channel.
       9.0 -0.25134076  0.13881922i: elastic S-matrix  @@      0.00  0   0 F  0
 Reaction Xsec     9.0+/ 6 @ 1 =   6.591 , Out:   0.000#   0.000#   6.591f

   S-matrix    2 =    0.42286   0.28098 for L=    8, J=    7.0 channel on core I =   2.0 from L=    8,  Acc. loss =  0.0 D.
 Elastic phase shift   2 =   16.801  19.420 deg. for the L =    8, J =    7.0 channel.
       9.0  0.42285919  0.28097548i: elastic S-matrix  @@      0.00  0   0 F  0
 Reaction Xsec     9.0+/ 8 @ 2 =   5.332 , Out:   0.000#   0.034    5.298f

   S-matrix    3 =    0.33228   0.34933 for L=    8, J=    8.0 channel on core I =   2.0 from L=    8,  Acc. loss =  0.0 D.
 Elastic phase shift   3 =   23.216  20.900 deg. for the L =    8, J =    8.0 channel.
       9.0  0.33228493  0.34932974i: elastic S-matrix  @@      0.00  0   0 F  0
 Reaction Xsec     9.0+/ 8 @ 3 =   5.513 , Out:   0.000#   0.017    5.496f

   S-matrix    4 =    0.21159   0.39940 for L=    8, J=    9.0 channel on core I =   2.0 from L=    8,  Acc. loss =  0.0 D.
 Elastic phase shift   4 =   31.043  22.749 deg. for the L =    8, J =    9.0 channel.
       9.0  0.21159222  0.39939878i: elastic S-matrix  @@      0.00  0   0 F  0
 Reaction Xsec     9.0+/ 8 @ 4 =   5.716 , Out:   0.000#   0.021    5.695f

   S-matrix    5 =    0.78306   0.14370 for L=   10, J=    9.0 channel on core I =   2.0 from L=   10,  Acc. loss =  0.0 D.
 Elastic phase shift   5 =    5.200   6.531 deg. for the L =   10, J =    9.0 channel.
       9.0  0.78306127  0.14370460i: elastic S-matrix  @@      0.00  0   0 F  0
 Reaction Xsec     9.0+/10 @ 5 =   2.630 , Out:   0.000#   4.498/   2.626f

   S-matrix    6 =    0.75217   0.22473 for L=   10, J=   10.0 channel on core I =   2.0 from L=   10,  Acc. loss =  0.0 D.
 Elastic phase shift   6 =    8.317   6.934 deg. for the L =   10, J =   10.0 channel.
       9.0  0.75216929  0.22473037i: elastic S-matrix  @@      0.00  0   0 F  0
 Reaction Xsec     9.0+/10 @ 6 =   2.756 , Out:   0.000#   5.749/   2.751f

   S-matrix    7 =    0.70552   0.31209 for L=   10, J=   11.0 channel on core I =   2.0 from L=   10,  Acc. loss =  0.0 D.
 Elastic phase shift   7 =   11.931   7.433 deg. for the L =   10, J =   11.0 channel.
       9.0  0.70551820  0.31209464i: elastic S-matrix  @@      0.00  0   0 F  0
 Reaction Xsec     9.0+/10 @ 7 =   2.908 , Out:   0.000#   0.012    2.896f

   S-matrix    8 =    0.93160   0.04713 for L=   12, J=   11.0 channel on core I =   2.0 from L=   12,  Acc. loss =  0.0 D.
 Elastic phase shift   8 =    1.448   1.993 deg. for the L =   12, J =   11.0 channel.
       9.0  0.93160412  0.04712806i: elastic S-matrix  @@      0.00  0   0 F  0
 Reaction Xsec     9.0+/12 @ 8 =   0.933 , Out:   0.000#   0.000#   0.933f


 Total SPIN, PARITY =     9.0 -,     11 chs,      0 cc.  Rmin & Coul turning =    0.7    4.1
   S-matrix    1 =    0.06269   0.33100 for L=    7, J=    7.0 channel on core I =   2.0 from L=    7,  Acc. loss =  0.0 D.
 Elastic phase shift   1 =   39.638  31.169 deg. for the L =    7, J =    7.0 channel.
       9.0  0.06268925  0.33100211i: elastic S-matrix  @@      0.00  0   0 F  0
 Reaction Xsec     9.0-/ 7 @ 1 =   6.368 , Out:   0.000#   0.018    6.349f

   S-matrix    2 =   -0.06483   0.31106 for L=    7, J=    8.0 channel on core I =   2.0 from L=    7,  Acc. loss =  0.0 D.
 Elastic phase shift   2 =   50.886  32.845 deg. for the L =    7, J =    8.0 channel.
       9.0 -0.06482887  0.31106232i: elastic S-matrix  @@      0.00  0   0 F  0
 Reaction Xsec     9.0-/ 7 @ 2 =   6.458 , Out:   0.000#   0.013    6.445f

   S-matrix    3 =    0.63354   0.21508 for L=    9, J=    8.0 channel on core I =   2.0 from L=    9,  Acc. loss =  0.0 D.
 Elastic phase shift   3 =    9.376  11.513 deg. for the L =    9, J =    8.0 channel.
       9.0  0.63353813  0.21508080i: elastic S-matrix  @@      0.00  0   0 F  0
 Reaction Xsec     9.0-/ 9 @ 3 =   3.968 , Out:   0.000#   0.015    3.953f

   S-matrix    4 =    0.57527   0.30189 for L=    9, J=    9.0 channel on core I =   2.0 from L=    9,  Acc. loss =  0.0 D.
 Elastic phase shift   4 =   13.845  12.355 deg. for the L =    9, J =    9.0 channel.
       9.0  0.57527175  0.30189489i: elastic S-matrix  @@      0.00  0   0 F  0
 Reaction Xsec     9.0-/ 9 @ 4 =   4.151 , Out:   0.000#   0.012    4.140f

   S-matrix    5 =    0.49125   0.38795 for L=    9, J=   10.0 channel on core I =   2.0 from L=    9,  Acc. loss =  0.0 D.
 Elastic phase shift   5 =   19.149  13.421 deg. for the L =    9, J =   10.0 channel.
       9.0  0.49124807  0.38794521i: elastic S-matrix  @@      0.00  0   0 F  0
 Reaction Xsec     9.0-/ 9 @ 5 =   4.369 , Out:   0.000#   0.019    4.350f

   S-matrix    6 =    0.87688   0.08608 for L=   11, J=   10.0 channel on core I =   2.0 from L=   11,  Acc. loss =  0.0 D.
 Elastic phase shift   6 =    2.803   3.627 deg. for the L =   11, J =   10.0 channel.
       9.0  0.87687901  0.08608389i: elastic S-matrix  @@      0.00  0   0 F  0
 Reaction Xsec     9.0-/11 @ 6 =   1.607 , Out:   0.000#   0.859/   1.606f

   S-matrix    7 =    0.86255   0.15106 for L=   11, J=   11.0 channel on core I =   2.0 from L=   11,  Acc. loss =  0.0 D.
 Elastic phase shift   7 =    4.967   3.803 deg. for the L =   11, J =   11.0 channel.
       9.0  0.86254809  0.15106075i: elastic S-matrix  @@      0.00  0   0 F  0
 Reaction Xsec     9.0-/11 @ 7 =   1.675 , Out:   0.000#   2.349/   1.673f


 Total SPIN, PARITY =    10.0 +,     11 chs,      0 cc.  Rmin & Coul turning =    0.8    4.5
   S-matrix    1 =    0.33228   0.34933 for L=    8, J=    8.0 channel on core I =   2.0 from L=    8,  Acc. loss =  0.0 D.
 Elastic phase shift   1 =   23.216  20.900 deg. for the L =    8, J =    8.0 channel.
      10.0  0.33228493  0.34932974i: elastic S-matrix  @@      0.00  0   0 F  0
 Reaction Xsec    10.0+/ 8 @ 1 =   6.094 , Out:   0.000#   0.018    6.076f

   S-matrix    2 =    0.21159   0.39940 for L=    8, J=    9.0 channel on core I =   2.0 from L=    8,  Acc. loss =  0.0 D.
 Elastic phase shift   2 =   31.043  22.749 deg. for the L =    8, J =    9.0 channel.
      10.0  0.21159222  0.39939878i: elastic S-matrix  @@      0.00  0   0 F  0
 Reaction Xsec    10.0+/ 8 @ 2 =   6.317 , Out:   0.000#   0.012    6.305f

   S-matrix    3 =    0.78306   0.14370 for L=   10, J=    9.0 channel on core I =   2.0 from L=   10,  Acc. loss =  0.0 D.
 Elastic phase shift   3 =    5.200   6.531 deg. for the L =   10, J =    9.0 channel.
      10.0  0.78306127  0.14370460i: elastic S-matrix  @@      0.00  0   0 F  0
 Reaction Xsec    10.0+/10 @ 3 =   2.907 , Out:   0.000#   7.896/   2.899f

   S-matrix    4 =    0.75217   0.22473 for L=   10, J=   10.0 channel on core I =   2.0 from L=   10,  Acc. loss =  0.0 D.
 Elastic phase shift   4 =    8.317   6.934 deg. for the L =   10, J =   10.0 channel.
      10.0  0.75216929  0.22473037i: elastic S-matrix  @@      0.00  0   0 F  0
 Reaction Xsec    10.0+/10 @ 4 =   3.047 , Out:   0.000#   6.082/   3.040f

   S-matrix    5 =    0.70552   0.31209 for L=   10, J=   11.0 channel on core I =   2.0 from L=   10,  Acc. loss =  0.0 D.
 Elastic phase shift   5 =   11.931   7.433 deg. for the L =   10, J =   11.0 channel.
      10.0  0.70551820  0.31209464i: elastic S-matrix  @@      0.00  0   0 F  0
 Reaction Xsec    10.0+/10 @ 5 =   3.214 , Out:   0.000#   0.010    3.204f

   S-matrix    6 =    0.93160   0.04713 for L=   12, J=   11.0 channel on core I =   2.0 from L=   12,  Acc. loss =  0.0 D.
 Elastic phase shift   6 =    1.448   1.993 deg. for the L =   12, J =   11.0 channel.
      10.0  0.93160412  0.04712806i: elastic S-matrix  @@      0.00  0   0 F  0
 Reaction Xsec    10.0+/12 @ 6 =   1.031 , Out:   0.000#   0.348/   1.031f

   S-matrix    7 =    0.92549   0.09537 for L=   12, J=   12.0 channel on core I =   2.0 from L=   12,  Acc. loss =  0.0 D.
 Elastic phase shift   7 =    2.942   2.067 deg. for the L =   12, J =   12.0 channel.
      10.0  0.92549255  0.09536944i: elastic S-matrix  @@      0.00  0   0 F  0
 Reaction Xsec    10.0+/12 @ 7 =   1.067 , Out:   0.000#   0.924/   1.066f


 Total SPIN, PARITY =    10.0 -,     12 chs,      0 cc.  Rmin & Coul turning =    0.8    4.5
   S-matrix    1 =   -0.06483   0.31106 for L=    7, J=    8.0 channel on core I =   2.0 from L=    7,  Acc. loss =  0.0 D.
 Elastic phase shift   1 =   50.886  32.845 deg. for the L =    7, J =    8.0 channel.
      10.0 -0.06482887  0.31106232i: elastic S-matrix  @@      0.00  0   0 F  0
 Reaction Xsec    10.0-/ 7 @ 1 =   7.138 , Out:   0.000#   0.000#   7.138f

   S-matrix    2 =    0.63354   0.21508 for L=    9, J=    8.0 channel on core I =   2.0 from L=    9,  Acc. loss =  0.0 D.
 Elastic phase shift   2 =    9.376  11.513 deg. for the L =    9, J =    8.0 channel.
      10.0  0.63353813  0.21508080i: elastic S-matrix  @@      0.00  0   0 F  0
 Reaction Xsec    10.0-/ 9 @ 2 =   4.385 , Out:   0.000#   0.023    4.362f

   S-matrix    3 =    0.57527   0.30189 for L=    9, J=    9.0 channel on core I =   2.0 from L=    9,  Acc. loss =  0.0 D.
 Elastic phase shift   3 =   13.845  12.355 deg. for the L =    9, J =    9.0 channel.
      10.0  0.57527175  0.30189489i: elastic S-matrix  @@      0.00  0   0 F  0
 Reaction Xsec    10.0-/ 9 @ 3 =   4.588 , Out:   0.000#   0.012    4.576f

   S-matrix    4 =    0.49125   0.38795 for L=    9, J=   10.0 channel on core I =   2.0 from L=    9,  Acc. loss =  0.0 D.
 Elastic phase shift   4 =   19.149  13.421 deg. for the L =    9, J =   10.0 channel.
      10.0  0.49124807  0.38794521i: elastic S-matrix  @@      0.00  0   0 F  0
 Reaction Xsec    10.0-/ 9 @ 4 =   4.828 , Out:   0.000#   0.015    4.814f

   S-matrix    5 =    0.87688   0.08608 for L=   11, J=   10.0 channel on core I =   2.0 from L=   11,  Acc. loss =  0.0 D.
 Elastic phase shift   5 =    2.803   3.627 deg. for the L =   11, J =   10.0 channel.
      10.0  0.87687901  0.08608389i: elastic S-matrix  @@      0.00  0   0 F  0
 Reaction Xsec    10.0-/11 @ 5 =   1.776 , Out:   0.000#   2.004/   1.774f

   S-matrix    6 =    0.86255   0.15106 for L=   11, J=   11.0 channel on core I =   2.0 from L=   11,  Acc. loss =  0.0 D.
 Elastic phase shift   6 =    4.967   3.803 deg. for the L =   11, J =   11.0 channel.
      10.0  0.86254809  0.15106075i: elastic S-matrix  @@      0.00  0   0 F  0
 Reaction Xsec    10.0-/11 @ 6 =   1.851 , Out:   0.000#   2.507/   1.849f

   S-matrix    7 =    0.84018   0.22272 for L=   11, J=   12.0 channel on core I =   2.0 from L=   11,  Acc. loss =  0.0 D.
 Elastic phase shift   7 =    7.424   4.016 deg. for the L =   11, J =   12.0 channel.
      10.0  0.84017516  0.22272460i: elastic S-matrix  @@      0.00  0   0 F  0
 Reaction Xsec    10.0-/11 @ 7 =   1.941 , Out:   0.000#   5.097/   1.936f

   S-matrix    8 =    0.96238   0.02363 for L=   13, J=   12.0 channel on core I =   2.0 from L=   13,  Acc. loss =  0.0 D.
 Elastic phase shift   8 =    0.703   1.090 deg. for the L =   13, J =   12.0 channel.
      10.0  0.96238126  0.02362867i: elastic S-matrix  @@      0.00  0   0 F  0
 Reaction Xsec    10.0-/13 @ 8 =   0.582 , Out:   0.000#   0.000#   0.582f


 Total SPIN, PARITY =    11.0 +,     12 chs,      0 cc.  Rmin & Coul turning =    0.9    4.9
   S-matrix    1 =    0.21159   0.39940 for L=    8, J=    9.0 channel on core I =   2.0 from L=    8,  Acc. loss =  0.0 D.
 Elastic phase shift   1 =   31.043  22.749 deg. for the L =    8, J =    9.0 channel.
      11.0  0.21159222  0.39939878i: elastic S-matrix  @@      0.00  0   0 F  0
 Reaction Xsec    11.0+/ 8 @ 1 =   6.919 , Out:   0.000#   0.000#   6.919f

   S-matrix    2 =    0.78306   0.14370 for L=   10, J=    9.0 channel on core I =   2.0 from L=   10,  Acc. loss =  0.0 D.
 Elastic phase shift   2 =    5.200   6.531 deg. for the L =   10, J =    9.0 channel.
      11.0  0.78306127  0.14370460i: elastic S-matrix  @@      0.00  0   0 F  0
 Reaction Xsec    11.0+/10 @ 2 =   3.184 , Out:   0.000#   0.012    3.172f

   S-matrix    3 =    0.75217   0.22473 for L=   10, J=   10.0 channel on core I =   2.0 from L=   10,  Acc. loss =  0.0 D.
 Elastic phase shift   3 =    8.317   6.934 deg. for the L =   10, J =   10.0 channel.
      11.0  0.75216929  0.22473037i: elastic S-matrix  @@      0.00  0   0 F  0
 Reaction Xsec    11.0+/10 @ 3 =   3.337 , Out:   0.000#   6.333/   3.330f

   S-matrix    4 =    0.70552   0.31209 for L=   10, J=   11.0 channel on core I =   2.0 from L=   10,  Acc. loss =  0.0 D.
 Elastic phase shift   4 =   11.931   7.433 deg. for the L =   10, J =   11.0 channel.
      11.0  0.70551820  0.31209464i: elastic S-matrix  @@      0.00  0   0 F  0
 Reaction Xsec    11.0+/10 @ 4 =   3.520 , Out:   0.000#   7.665/   3.513f

   S-matrix    5 =    0.93160   0.04713 for L=   12, J=   11.0 channel on core I =   2.0 from L=   12,  Acc. loss =  0.0 D.
 Elastic phase shift   5 =    1.448   1.993 deg. for the L =   12, J =   11.0 channel.
      11.0  0.93160412  0.04712806i: elastic S-matrix  @@      0.00  0   0 F  0
 Reaction Xsec    11.0+/12 @ 5 =   1.129 , Out:   0.000#   0.799/   1.129f

   S-matrix    6 =    0.92549   0.09537 for L=   12, J=   12.0 channel on core I =   2.0 from L=   12,  Acc. loss =  0.0 D.
 Elastic phase shift   6 =    2.942   2.067 deg. for the L =   12, J =   12.0 channel.
      11.0  0.92549255  0.09536944i: elastic S-matrix  @@      0.00  0   0 F  0
 Reaction Xsec    11.0+/12 @ 6 =   1.168 , Out:   0.000#   0.979/   1.167f

   S-matrix    7 =    0.91561   0.14859 for L=   12, J=   13.0 channel on core I =   2.0 from L=   12,  Acc. loss =  0.0 D.
 Elastic phase shift   7 =    4.609   2.153 deg. for the L =   12, J =   13.0 channel.
      11.0  0.91560995  0.14859142i: elastic S-matrix  @@      0.00  0   0 F  0
 Reaction Xsec    11.0+/12 @ 7 =   1.214 , Out:   0.000#   1.988/   1.212f

   S-matrix    8 =    0.97941   0.01055 for L=   14, J=   13.0 channel on core I =   2.0 from L=   14,  Acc. loss =  0.0 D.
 Elastic phase shift   8 =    0.309   0.594 deg. for the L =   14, J =   13.0 channel.
      11.0  0.97940784  0.01055275i: elastic S-matrix  @@      0.00  0   0 F  0
 Reaction Xsec    11.0+/14 @ 8 =   0.353 , Out:   0.000#   0.000#   0.353f


 Total SPIN, PARITY =    11.0 -,     11 chs,      0 cc.  Rmin & Coul turning =    0.9    4.9
   S-matrix    1 =    0.57527   0.30189 for L=    9, J=    9.0 channel on core I =   2.0 from L=    9,  Acc. loss =  0.0 D.
 Elastic phase shift   1 =   13.845  12.355 deg. for the L =    9, J =    9.0 channel.
      11.0  0.57527175  0.30189489i: elastic S-matrix  @@      0.00  0   0 F  0
 Reaction Xsec    11.0-/ 9 @ 1 =   5.025 , Out:   0.000#   0.012    5.013f

   S-matrix    2 =    0.49125   0.38795 for L=    9, J=   10.0 channel on core I =   2.0 from L=    9,  Acc. loss =  0.0 D.
 Elastic phase shift   2 =   19.149  13.421 deg. for the L =    9, J =   10.0 channel.
      11.0  0.49124807  0.38794521i: elastic S-matrix  @@      0.00  0   0 F  0
 Reaction Xsec    11.0-/ 9 @ 2 =   5.288 , Out:   0.000#   8.383/   5.280f

   S-matrix    3 =    0.87688   0.08608 for L=   11, J=   10.0 channel on core I =   2.0 from L=   11,  Acc. loss =  0.0 D.
 Elastic phase shift   3 =    2.803   3.627 deg. for the L =   11, J =   10.0 channel.
      11.0  0.87687901  0.08608389i: elastic S-matrix  @@      0.00  0   0 F  0
 Reaction Xsec    11.0-/11 @ 3 =   1.945 , Out:   0.000#   3.465/   1.941f

   S-matrix    4 =    0.86255   0.15106 for L=   11, J=   11.0 channel on core I =   2.0 from L=   11,  Acc. loss =  0.0 D.
 Elastic phase shift   4 =    4.967   3.803 deg. for the L =   11, J =   11.0 channel.
      11.0  0.86254809  0.15106075i: elastic S-matrix  @@      0.00  0   0 F  0
 Reaction Xsec    11.0-/11 @ 4 =   2.028 , Out:   0.000#   2.637/   2.025f

   S-matrix    5 =    0.84018   0.22272 for L=   11, J=   12.0 channel on core I =   2.0 from L=   11,  Acc. loss =  0.0 D.
 Elastic phase shift   5 =    7.424   4.016 deg. for the L =   11, J =   12.0 channel.
      11.0  0.84017516  0.22272460i: elastic S-matrix  @@      0.00  0   0 F  0
 Reaction Xsec    11.0-/11 @ 5 =   2.126 , Out:   0.000#   4.355/   2.122f

   S-matrix    6 =    0.96238   0.02363 for L=   13, J=   12.0 channel on core I =   2.0 from L=   13,  Acc. loss =  0.0 D.
 Elastic phase shift   6 =    0.703   1.090 deg. for the L =   13, J =   12.0 channel.
      11.0  0.96238126  0.02362867i: elastic S-matrix  @@      0.00  0   0 F  0
 Reaction Xsec    11.0-/13 @ 6 =   0.637 , Out:   0.000#   0.132/   0.637f

   S-matrix    7 =    0.95991   0.05807 for L=   13, J=   13.0 channel on core I =   2.0 from L=   13,  Acc. loss =  0.0 D.
 Elastic phase shift   7 =    1.731   1.120 deg. for the L =   13, J =   13.0 channel.
      11.0  0.95990831  0.05807266i: elastic S-matrix  @@      0.00  0   0 F  0
 Reaction Xsec    11.0-/13 @ 7 =   0.654 , Out:   0.000#   0.343/   0.654f


 Total SPIN, PARITY =    12.0 +,     11 chs,      0 cc.  Rmin & Coul turning =    1.0    5.3
   S-matrix    1 =    0.75217   0.22473 for L=   10, J=   10.0 channel on core I =   2.0 from L=   10,  Acc. loss =  0.0 D.
 Elastic phase shift   1 =    8.317   6.934 deg. for the L =   10, J =   10.0 channel.
      12.0  0.75216929  0.22473037i: elastic S-matrix  @@      0.00  0   0 F  0
 Reaction Xsec    12.0+/10 @ 1 =   3.627 , Out:   0.000#   6.494/   3.620f

   S-matrix    2 =    0.70552   0.31209 for L=   10, J=   11.0 channel on core I =   2.0 from L=   10,  Acc. loss =  0.0 D.
 Elastic phase shift   2 =   11.931   7.433 deg. for the L =   10, J =   11.0 channel.
      12.0  0.70551820  0.31209464i: elastic S-matrix  @@      0.00  0   0 F  0
 Reaction Xsec    12.0+/10 @ 2 =   3.826 , Out:   0.000#   4.332/   3.822f

   S-matrix    3 =    0.93160   0.04713 for L=   12, J=   11.0 channel on core I =   2.0 from L=   12,  Acc. loss =  0.0 D.
 Elastic phase shift   3 =    1.448   1.993 deg. for the L =   12, J =   11.0 channel.
      12.0  0.93160412  0.04712806i: elastic S-matrix  @@      0.00  0   0 F  0
 Reaction Xsec    12.0+/12 @ 3 =   1.228 , Out:   0.000#   1.366/   1.226f

   S-matrix    4 =    0.92549   0.09537 for L=   12, J=   12.0 channel on core I =   2.0 from L=   12,  Acc. loss =  0.0 D.
 Elastic phase shift   4 =    2.942   2.067 deg. for the L =   12, J =   12.0 channel.
      12.0  0.92549255  0.09536944i: elastic S-matrix  @@      0.00  0   0 F  0
 Reaction Xsec    12.0+/12 @ 4 =   1.270 , Out:   0.000#   1.025/   1.269f

   S-matrix    5 =    0.91561   0.14859 for L=   12, J=   13.0 channel on core I =   2.0 from L=   12,  Acc. loss =  0.0 D.
 Elastic phase shift   5 =    4.609   2.153 deg. for the L =   12, J =   13.0 channel.
      12.0  0.91560995  0.14859142i: elastic S-matrix  @@      0.00  0   0 F  0
 Reaction Xsec    12.0+/12 @ 5 =   1.319 , Out:   0.000#   1.680/   1.318f

   S-matrix    6 =    0.97941   0.01055 for L=   14, J=   13.0 channel on core I =   2.0 from L=   14,  Acc. loss =  0.0 D.
 Elastic phase shift   6 =    0.309   0.594 deg. for the L =   14, J =   13.0 channel.
      12.0  0.97940784  0.01055275i: elastic S-matrix  @@      0.00  0   0 F  0
 Reaction Xsec    12.0+/14 @ 6 =   0.384 , Out:   0.000#   0.049/   0.384f

   S-matrix    7 =    0.97844   0.03465 for L=   14, J=   14.0 channel on core I =   2.0 from L=   14,  Acc. loss =  0.0 D.
 Elastic phase shift   7 =    1.014   0.606 deg. for the L =   14, J =   14.0 channel.
      12.0  0.97844205  0.03464678i: elastic S-matrix  @@      0.00  0   0 F  0
 Reaction Xsec    12.0+/14 @ 7 =   0.392 , Out:   0.000#   0.123/   0.392f


 Total SPIN, PARITY =    12.0 -,     12 chs,      0 cc.  Rmin & Coul turning =    1.0    5.3
   S-matrix    1 =    0.49125   0.38795 for L=    9, J=   10.0 channel on core I =   2.0 from L=    9,  Acc. loss =  0.0 D.
 Elastic phase shift   1 =   19.149  13.421 deg. for the L =    9, J =   10.0 channel.
      12.0  0.49124807  0.38794521i: elastic S-matrix  @@      0.00  0   0 F  0
 Reaction Xsec    12.0-/ 9 @ 1 =   5.748 , Out:   0.000#   0.000#   5.748f

   S-matrix    2 =    0.87688   0.08608 for L=   11, J=   10.0 channel on core I =   2.0 from L=   11,  Acc. loss =  0.0 D.
 Elastic phase shift   2 =    2.803   3.627 deg. for the L =   11, J =   10.0 channel.
      12.0  0.87687901  0.08608389i: elastic S-matrix  @@      0.00  0   0 F  0
 Reaction Xsec    12.0-/11 @ 2 =   2.114 , Out:   0.000#   5.273/   2.109f

   S-matrix    3 =    0.86255   0.15106 for L=   11, J=   11.0 channel on core I =   2.0 from L=   11,  Acc. loss =  0.0 D.
 Elastic phase shift   3 =    4.967   3.803 deg. for the L =   11, J =   11.0 channel.
      12.0  0.86254809  0.15106075i: elastic S-matrix  @@      0.00  0   0 F  0
 Reaction Xsec    12.0-/11 @ 3 =   2.204 , Out:   0.000#   2.737/   2.201f

   S-matrix    4 =    0.84018   0.22272 for L=   11, J=   12.0 channel on core I =   2.0 from L=   11,  Acc. loss =  0.0 D.
 Elastic phase shift   4 =    7.424   4.016 deg. for the L =   11, J =   12.0 channel.
      12.0  0.84017516  0.22272460i: elastic S-matrix  @@      0.00  0   0 F  0
 Reaction Xsec    12.0-/11 @ 4 =   2.311 , Out:   0.000#   3.277/   2.308f

   S-matrix    5 =    0.96238   0.02363 for L=   13, J=   12.0 channel on core I =   2.0 from L=   13,  Acc. loss =  0.0 D.
 Elastic phase shift   5 =    0.703   1.090 deg. for the L =   13, J =   12.0 channel.
      12.0  0.96238126  0.02362867i: elastic S-matrix  @@      0.00  0   0 F  0
 Reaction Xsec    12.0-/13 @ 5 =   0.692 , Out:   0.000#   0.300/   0.692f

   S-matrix    6 =    0.95991   0.05807 for L=   13, J=   13.0 channel on core I =   2.0 from L=   13,  Acc. loss =  0.0 D.
 Elastic phase shift   6 =    1.731   1.120 deg. for the L =   13, J =   13.0 channel.
      12.0  0.95990831  0.05807266i: elastic S-matrix  @@      0.00  0   0 F  0
 Reaction Xsec    12.0-/13 @ 6 =   0.711 , Out:   0.000#   0.361/   0.710f

   S-matrix    7 =    0.95572   0.09581 for L=   13, J=   14.0 channel on core I =   2.0 from L=   13,  Acc. loss =  0.0 D.
 Elastic phase shift   7 =    2.862   1.154 deg. for the L =   13, J =   14.0 channel.
      12.0  0.95572275  0.09580915i: elastic S-matrix  @@      0.00  0   0 F  0
 Reaction Xsec    12.0-/13 @ 7 =   0.732 , Out:   0.000#   0.730/   0.731f

   S-matrix    8 =    0.98876   0.00377 for L=   15, J=   14.0 channel on core I =   2.0 from L=   15,  Acc. loss =  0.0 D.
 Elastic phase shift   8 =    0.109   0.324 deg. for the L =   15, J =   14.0 channel.
      12.0  0.98875897  0.00376837i: elastic S-matrix  @@      0.00  0   0 F  0
 Reaction Xsec    12.0-/15 @ 8 =   0.211 , Out:   0.000#   0.000#   0.211f


 Total SPIN, PARITY =    13.0 +,     12 chs,      0 cc.  Rmin & Coul turning =    1.0    5.8
   S-matrix    1 =    0.70552   0.31209 for L=   10, J=   11.0 channel on core I =   2.0 from L=   10,  Acc. loss =  0.0 D.
 Elastic phase shift   1 =   11.931   7.433 deg. for the L =   10, J =   11.0 channel.
      13.0  0.70551820  0.31209464i: elastic S-matrix  @@      0.00  0   0 F  0
 Reaction Xsec    13.0+/10 @ 1 =   4.132 , Out:   0.000#   0.000#   4.132f

   S-matrix    2 =    0.93160   0.04713 for L=   12, J=   11.0 channel on core I =   2.0 from L=   12,  Acc. loss =  0.0 D.
 Elastic phase shift   2 =    1.448   1.993 deg. for the L =   12, J =   11.0 channel.
      13.0  0.93160412  0.04712806i: elastic S-matrix  @@      0.00  0   0 F  0
 Reaction Xsec    13.0+/12 @ 2 =   1.326 , Out:   0.000#   2.056/   1.324f

   S-matrix    3 =    0.92549   0.09537 for L=   12, J=   12.0 channel on core I =   2.0 from L=   12,  Acc. loss =  0.0 D.
 Elastic phase shift   3 =    2.942   2.067 deg. for the L =   12, J =   12.0 channel.
      13.0  0.92549255  0.09536944i: elastic S-matrix  @@      0.00  0   0 F  0
 Reaction Xsec    13.0+/12 @ 3 =   1.372 , Out:   0.000#   1.061/   1.371f

   S-matrix    4 =    0.91561   0.14859 for L=   12, J=   13.0 channel on core I =   2.0 from L=   12,  Acc. loss =  0.0 D.
 Elastic phase shift   4 =    4.609   2.153 deg. for the L =   12, J =   13.0 channel.
      13.0  0.91560995  0.14859142i: elastic S-matrix  @@      0.00  0   0 F  0
 Reaction Xsec    13.0+/12 @ 4 =   1.425 , Out:   0.000#   1.253/   1.424f

   S-matrix    5 =    0.97941   0.01055 for L=   14, J=   13.0 channel on core I =   2.0 from L=   14,  Acc. loss =  0.0 D.
 Elastic phase shift   5 =    0.309   0.594 deg. for the L =   14, J =   13.0 channel.
      13.0  0.97940784  0.01055275i: elastic S-matrix  @@      0.00  0   0 F  0
 Reaction Xsec    13.0+/14 @ 5 =   0.415 , Out:   0.000#   0.109/   0.415f

   S-matrix    6 =    0.97844   0.03465 for L=   14, J=   14.0 channel on core I =   2.0 from L=   14,  Acc. loss =  0.0 D.
 Elastic phase shift   6 =    1.014   0.606 deg. for the L =   14, J =   14.0 channel.
      13.0  0.97844205  0.03464678i: elastic S-matrix  @@      0.00  0   0 F  0
 Reaction Xsec    13.0+/14 @ 6 =   0.423 , Out:   0.000#   0.129/   0.423f

   S-matrix    7 =    0.97671   0.06082 for L=   14, J=   15.0 channel on core I =   2.0 from L=   14,  Acc. loss =  0.0 D.
 Elastic phase shift   7 =    1.782   0.620 deg. for the L =   14, J =   15.0 channel.
      13.0  0.97670507  0.06082309i: elastic S-matrix  @@      0.00  0   0 F  0
 Reaction Xsec    13.0+/14 @ 7 =   0.432 , Out:   0.000#   0.261/   0.432f

   S-matrix    8 =    0.99388   0.00052 for L=   16, J=   15.0 channel on core I =   2.0 from L=   16,  Acc. loss =  0.0 D.
 Elastic phase shift   8 =    0.015   0.176 deg. for the L =   16, J =   15.0 channel.
      13.0  0.99387604  0.00052125i: elastic S-matrix  @@      0.00  0   0 F  0
 Reaction Xsec    13.0+/16 @ 8 =   0.125 , Out:   0.000#   0.000#   0.125f


 Total SPIN, PARITY =    13.0 -,     11 chs,      0 cc.  Rmin & Coul turning =    1.0    5.8
   S-matrix    1 =    0.86255   0.15106 for L=   11, J=   11.0 channel on core I =   2.0 from L=   11,  Acc. loss =  0.0 D.
 Elastic phase shift   1 =    4.967   3.803 deg. for the L =   11, J =   11.0 channel.
      13.0  0.86254809  0.15106075i: elastic S-matrix  @@      0.00  0   0 F  0
 Reaction Xsec    13.0-/11 @ 1 =   2.380 , Out:   0.000#   2.805/   2.378f

   S-matrix    2 =    0.84018   0.22272 for L=   11, J=   12.0 channel on core I =   2.0 from L=   11,  Acc. loss =  0.0 D.
 Elastic phase shift   2 =    7.424   4.016 deg. for the L =   11, J =   12.0 channel.
      13.0  0.84017516  0.22272460i: elastic S-matrix  @@      0.00  0   0 F  0
 Reaction Xsec    13.0-/11 @ 2 =   2.496 , Out:   0.000#   1.835/   2.494f

   S-matrix    3 =    0.96238   0.02363 for L=   13, J=   12.0 channel on core I =   2.0 from L=   13,  Acc. loss =  0.0 D.
 Elastic phase shift   3 =    0.703   1.090 deg. for the L =   13, J =   12.0 channel.
      13.0  0.96238126  0.02362867i: elastic S-matrix  @@      0.00  0   0 F  0
 Reaction Xsec    13.0-/13 @ 3 =   0.748 , Out:   0.000#   0.508/   0.747f

   S-matrix    4 =    0.95991   0.05807 for L=   13, J=   13.0 channel on core I =   2.0 from L=   13,  Acc. loss =  0.0 D.
 Elastic phase shift   4 =    1.731   1.120 deg. for the L =   13, J =   13.0 channel.
      13.0  0.95990831  0.05807266i: elastic S-matrix  @@      0.00  0   0 F  0
 Reaction Xsec    13.0-/13 @ 4 =   0.768 , Out:   0.000#   0.377/   0.767f

   S-matrix    5 =    0.95572   0.09581 for L=   13, J=   14.0 channel on core I =   2.0 from L=   13,  Acc. loss =  0.0 D.
 Elastic phase shift   5 =    2.862   1.154 deg. for the L =   13, J =   14.0 channel.
      13.0  0.95572275  0.09580915i: elastic S-matrix  @@      0.00  0   0 F  0
 Reaction Xsec    13.0-/13 @ 5 =   0.790 , Out:   0.000#   0.612/   0.790f

   S-matrix    6 =    0.98876   0.00377 for L=   15, J=   14.0 channel on core I =   2.0 from L=   15,  Acc. loss =  0.0 D.
 Elastic phase shift   6 =    0.109   0.324 deg. for the L =   15, J =   14.0 channel.
      13.0  0.98875897  0.00376837i: elastic S-matrix  @@      0.00  0   0 F  0
 Reaction Xsec    13.0-/15 @ 6 =   0.228 , Out:   0.000#   0.018/   0.228f

   S-matrix    7 =    0.98839   0.02043 for L=   15, J=   15.0 channel on core I =   2.0 from L=   15,  Acc. loss =  0.0 D.
 Elastic phase shift   7 =    0.592   0.328 deg. for the L =   15, J =   15.0 channel.
      13.0  0.98839209  0.02042930i: elastic S-matrix  @@      0.00  0   0 F  0
 Reaction Xsec    13.0-/15 @ 7 =   0.231 , Out:   0.000#   0.044/   0.231f


 Total SPIN, PARITY =    14.0 +,     11 chs,      0 cc.  Rmin & Coul turning =    1.1    6.2
   S-matrix    1 =    0.92549   0.09537 for L=   12, J=   12.0 channel on core I =   2.0 from L=   12,  Acc. loss =  0.0 D.
 Elastic phase shift   1 =    2.942   2.067 deg. for the L =   12, J =   12.0 channel.
      14.0  0.92549255  0.09536944i: elastic S-matrix  @@      0.00  0   0 F  0
 Reaction Xsec    14.0+/12 @ 1 =   1.473 , Out:   0.000#   1.087/   1.472f

   S-matrix    2 =    0.91561   0.14859 for L=   12, J=   13.0 channel on core I =   2.0 from L=   12,  Acc. loss =  0.0 D.
 Elastic phase shift   2 =    4.609   2.153 deg. for the L =   12, J =   13.0 channel.
      14.0  0.91560995  0.14859142i: elastic S-matrix  @@      0.00  0   0 F  0
 Reaction Xsec    14.0+/12 @ 2 =   1.530 , Out:   0.000#   0.696/   1.530f

   S-matrix    3 =    0.97941   0.01055 for L=   14, J=   13.0 channel on core I =   2.0 from L=   14,  Acc. loss =  0.0 D.
 Elastic phase shift   3 =    0.309   0.594 deg. for the L =   14, J =   13.0 channel.
      14.0  0.97940784  0.01055275i: elastic S-matrix  @@      0.00  0   0 F  0
 Reaction Xsec    14.0+/14 @ 3 =   0.446 , Out:   0.000#   0.183/   0.445f

   S-matrix    4 =    0.97844   0.03465 for L=   14, J=   14.0 channel on core I =   2.0 from L=   14,  Acc. loss =  0.0 D.
 Elastic phase shift   4 =    1.014   0.606 deg. for the L =   14, J =   14.0 channel.
      14.0  0.97844205  0.03464678i: elastic S-matrix  @@      0.00  0   0 F  0
 Reaction Xsec    14.0+/14 @ 4 =   0.454 , Out:   0.000#   0.134/   0.454f

   S-matrix    5 =    0.97671   0.06082 for L=   14, J=   15.0 channel on core I =   2.0 from L=   14,  Acc. loss =  0.0 D.
 Elastic phase shift   5 =    1.782   0.620 deg. for the L =   14, J =   15.0 channel.
      14.0  0.97670507  0.06082309i: elastic S-matrix  @@      0.00  0   0 F  0
 Reaction Xsec    14.0+/14 @ 5 =   0.464 , Out:   0.000#   0.217/   0.464f

   S-matrix    6 =    0.99388   0.00052 for L=   16, J=   15.0 channel on core I =   2.0 from L=   16,  Acc. loss =  0.0 D.
 Elastic phase shift   6 =    0.015   0.176 deg. for the L =   16, J =   15.0 channel.
      14.0  0.99387604  0.00052125i: elastic S-matrix  @@      0.00  0   0 F  0
 Reaction Xsec    14.0+/16 @ 6 =   0.134 , Out:   0.000#   6.272#   0.134f

   S-matrix    7 =    0.99374   0.01196 for L=   16, J=   16.0 channel on core I =   2.0 from L=   16,  Acc. loss =  0.0 D.
 Elastic phase shift   7 =    0.345   0.178 deg. for the L =   16, J =   16.0 channel.
      14.0  0.99374022  0.01196084i: elastic S-matrix  @@      0.00  0   0 F  0
 Reaction Xsec    14.0+/16 @ 7 =   0.135 , Out:   0.000#   0.015/   0.135f


 Total SPIN, PARITY =    14.0 -,     12 chs,      0 cc.  Rmin & Coul turning =    1.1    6.2
   S-matrix    1 =    0.84018   0.22272 for L=   11, J=   12.0 channel on core I =   2.0 from L=   11,  Acc. loss =  0.0 D.
 Elastic phase shift   1 =    7.424   4.016 deg. for the L =   11, J =   12.0 channel.
      14.0  0.84017516  0.22272460i: elastic S-matrix  @@      0.00  0   0 F  0
 Reaction Xsec    14.0-/11 @ 1 =   2.681 , Out:   0.000#   0.000#   2.681f

   S-matrix    2 =    0.96238   0.02363 for L=   13, J=   12.0 channel on core I =   2.0 from L=   13,  Acc. loss =  0.0 D.
 Elastic phase shift   2 =    0.703   1.090 deg. for the L =   13, J =   12.0 channel.
      14.0  0.96238126  0.02362867i: elastic S-matrix  @@      0.00  0   0 F  0
 Reaction Xsec    14.0-/13 @ 2 =   0.803 , Out:   0.000#   0.758/   0.802f

   S-matrix    3 =    0.95991   0.05807 for L=   13, J=   13.0 channel on core I =   2.0 from L=   13,  Acc. loss =  0.0 D.
 Elastic phase shift   3 =    1.731   1.120 deg. for the L =   13, J =   13.0 channel.
      14.0  0.95990831  0.05807266i: elastic S-matrix  @@      0.00  0   0 F  0
 Reaction Xsec    14.0-/13 @ 3 =   0.825 , Out:   0.000#   0.389/   0.824f

   S-matrix    4 =    0.95572   0.09581 for L=   13, J=   14.0 channel on core I =   2.0 from L=   13,  Acc. loss =  0.0 D.
 Elastic phase shift   4 =    2.862   1.154 deg. for the L =   13, J =   14.0 channel.
      14.0  0.95572275  0.09580915i: elastic S-matrix  @@      0.00  0   0 F  0
 Reaction Xsec    14.0-/13 @ 4 =   0.849 , Out:   0.000#   0.453/   0.848f

   S-matrix    5 =    0.98876   0.00377 for L=   15, J=   14.0 channel on core I =   2.0 from L=   15,  Acc. loss =  0.0 D.
 Elastic phase shift   5 =    0.109   0.324 deg. for the L =   15, J =   14.0 channel.
      14.0  0.98875897  0.00376837i: elastic S-matrix  @@      0.00  0   0 F  0
 Reaction Xsec    14.0-/15 @ 5 =   0.245 , Out:   0.000#   0.039/   0.245f

   S-matrix    6 =    0.98839   0.02043 for L=   15, J=   15.0 channel on core I =   2.0 from L=   15,  Acc. loss =  0.0 D.
 Elastic phase shift   6 =    0.592   0.328 deg. for the L =   15, J =   15.0 channel.
      14.0  0.98839209  0.02042930i: elastic S-matrix  @@      0.00  0   0 F  0
 Reaction Xsec    14.0-/15 @ 6 =   0.248 , Out:   0.000#   0.046/   0.248f

   S-matrix    7 =    0.98768   0.03839 for L=   15, J=   16.0 channel on core I =   2.0 from L=   15,  Acc. loss =  0.0 D.
 Elastic phase shift   7 =    1.113   0.334 deg. for the L =   15, J =   16.0 channel.
      14.0  0.98767794  0.03838887i: elastic S-matrix  @@      0.00  0   0 F  0
 Reaction Xsec    14.0-/15 @ 7 =   0.252 , Out:   0.000#   0.092/   0.252f

   S-matrix    8 =    0.99667  -0.00085 for L=   17, J=   16.0 channel on core I =   2.0 from L=   17,  Acc. loss =  0.0 D.
 Elastic phase shift   8 =   -0.024   0.096 deg. for the L =   17, J =   16.0 channel.
      14.0  0.99666960 -0.00084698i: elastic S-matrix  @@      0.00  0   0 F  0
 Reaction Xsec    14.0-/17 @ 8 =   0.073 , Out:   0.000#   0.000#   0.073f


 Total SPIN, PARITY =    15.0 +,     12 chs,      0 cc.  Rmin & Coul turning =    1.2    6.6
   S-matrix    1 =    0.91561   0.14859 for L=   12, J=   13.0 channel on core I =   2.0 from L=   12,  Acc. loss =  0.0 D.
 Elastic phase shift   1 =    4.609   2.153 deg. for the L =   12, J =   13.0 channel.
      15.0  0.91560995  0.14859142i: elastic S-matrix  @@      0.00  0   0 F  0
 Reaction Xsec    15.0+/12 @ 1 =   1.636 , Out:   0.000#   0.000#   1.636f

   S-matrix    2 =    0.97941   0.01055 for L=   14, J=   13.0 channel on core I =   2.0 from L=   14,  Acc. loss =  0.0 D.
 Elastic phase shift   2 =    0.309   0.594 deg. for the L =   14, J =   13.0 channel.
      15.0  0.97940784  0.01055275i: elastic S-matrix  @@      0.00  0   0 F  0
 Reaction Xsec    15.0+/14 @ 2 =   0.476 , Out:   0.000#   0.271/   0.476f

   S-matrix    3 =    0.97844   0.03465 for L=   14, J=   14.0 channel on core I =   2.0 from L=   14,  Acc. loss =  0.0 D.
 Elastic phase shift   3 =    1.014   0.606 deg. for the L =   14, J =   14.0 channel.
      15.0  0.97844205  0.03464678i: elastic S-matrix  @@      0.00  0   0 F  0
 Reaction Xsec    15.0+/14 @ 3 =   0.486 , Out:   0.000#   0.139/   0.486f

   S-matrix    4 =    0.97671   0.06082 for L=   14, J=   15.0 channel on core I =   2.0 from L=   14,  Acc. loss =  0.0 D.
 Elastic phase shift   4 =    1.782   0.620 deg. for the L =   14, J =   15.0 channel.
      15.0  0.97670507  0.06082309i: elastic S-matrix  @@      0.00  0   0 F  0
 Reaction Xsec    15.0+/14 @ 4 =   0.496 , Out:   0.000#   0.159/   0.496f

   S-matrix    5 =    0.99388   0.00052 for L=   16, J=   15.0 channel on core I =   2.0 from L=   16,  Acc. loss =  0.0 D.
 Elastic phase shift   5 =    0.015   0.176 deg. for the L =   16, J =   15.0 channel.
      15.0  0.99387604  0.00052125i: elastic S-matrix  @@      0.00  0   0 F  0
 Reaction Xsec    15.0+/16 @ 5 =   0.143 , Out:   0.000#   0.014/   0.143f

   S-matrix    6 =    0.99374   0.01196 for L=   16, J=   16.0 channel on core I =   2.0 from L=   16,  Acc. loss =  0.0 D.
 Elastic phase shift   6 =    0.345   0.178 deg. for the L =   16, J =   16.0 channel.
      15.0  0.99374022  0.01196084i: elastic S-matrix  @@      0.00  0   0 F  0
 Reaction Xsec    15.0+/16 @ 6 =   0.145 , Out:   0.000#   0.016/   0.145f

   S-matrix    7 =    0.99345   0.02421 for L=   16, J=   17.0 channel on core I =   2.0 from L=   16,  Acc. loss =  0.0 D.
 Elastic phase shift   7 =    0.698   0.180 deg. for the L =   16, J =   17.0 channel.
      15.0  0.99344767  0.02420930i: elastic S-matrix  @@      0.00  0   0 F  0
 Reaction Xsec    15.0+/16 @ 7 =   0.146 , Out:   0.000#   0.032/   0.146f

   S-matrix    8 =    0.99819  -0.00128 for L=   18, J=   17.0 channel on core I =   2.0 from L=   18,  Acc. loss =  0.0 D.
 Elastic phase shift   8 =   -0.037   0.052 deg. for the L =   18, J =   17.0 channel.
      15.0  0.99819177 -0.00127527i: elastic S-matrix  @@      0.00  0   0 F  0
 Reaction Xsec    15.0+/18 @ 8 =   0.042 , Out:   0.000#   0.000#   0.042f


 Total SPIN, PARITY =    15.0 -,     11 chs,      0 cc.  Rmin & Coul turning =    1.2    6.6
   S-matrix    1 =    0.95991   0.05807 for L=   13, J=   13.0 channel on core I =   2.0 from L=   13,  Acc. loss =  0.0 D.
 Elastic phase shift   1 =    1.731   1.120 deg. for the L =   13, J =   13.0 channel.
      15.0  0.95990831  0.05807266i: elastic S-matrix  @@      0.00  0   0 F  0
 Reaction Xsec    15.0-/13 @ 1 =   0.881 , Out:   0.000#   0.398/   0.881f

   S-matrix    2 =    0.95572   0.09581 for L=   13, J=   14.0 channel on core I =   2.0 from L=   13,  Acc. loss =  0.0 D.
 Elastic phase shift   2 =    2.862   1.154 deg. for the L =   13, J =   14.0 channel.
      15.0  0.95572275  0.09580915i: elastic S-matrix  @@      0.00  0   0 F  0
 Reaction Xsec    15.0-/13 @ 2 =   0.907 , Out:   0.000#   0.250/   0.907f

   S-matrix    3 =    0.98876   0.00377 for L=   15, J=   14.0 channel on core I =   2.0 from L=   15,  Acc. loss =  0.0 D.
 Elastic phase shift   3 =    0.109   0.324 deg. for the L =   15, J =   14.0 channel.
      15.0  0.98875897  0.00376837i: elastic S-matrix  @@      0.00  0   0 F  0
 Reaction Xsec    15.0-/15 @ 3 =   0.262 , Out:   0.000#   0.065/   0.262f

   S-matrix    4 =    0.98839   0.02043 for L=   15, J=   15.0 channel on core I =   2.0 from L=   15,  Acc. loss =  0.0 D.
 Elastic phase shift   4 =    0.592   0.328 deg. for the L =   15, J =   15.0 channel.
      15.0  0.98839209  0.02042930i: elastic S-matrix  @@      0.00  0   0 F  0
 Reaction Xsec    15.0-/15 @ 4 =   0.266 , Out:   0.000#   0.047/   0.266f

   S-matrix    5 =    0.98768   0.03839 for L=   15, J=   16.0 channel on core I =   2.0 from L=   15,  Acc. loss =  0.0 D.
 Elastic phase shift   5 =    1.113   0.334 deg. for the L =   15, J =   16.0 channel.
      15.0  0.98767794  0.03838887i: elastic S-matrix  @@      0.00  0   0 F  0
 Reaction Xsec    15.0-/15 @ 5 =   0.270 , Out:   0.000#   0.076/   0.270f

   S-matrix    6 =    0.99667  -0.00085 for L=   17, J=   16.0 channel on core I =   2.0 from L=   17,  Acc. loss =  0.0 D.
 Elastic phase shift   6 =   -0.024   0.096 deg. for the L =   17, J =   16.0 channel.
      15.0  0.99666960 -0.00084698i: elastic S-matrix  @@      0.00  0   0 F  0
 Reaction Xsec    15.0-/17 @ 6 =   0.078 , Out:   0.000#   2.225#   0.078f

   S-matrix    7 =    0.99662   0.00697 for L=   17, J=   17.0 channel on core I =   2.0 from L=   17,  Acc. loss =  0.0 D.
 Elastic phase shift   7 =    0.200   0.096 deg. for the L =   17, J =   17.0 channel.
      15.0  0.99662071  0.00697029i: elastic S-matrix  @@      0.00  0   0 F  0
 Reaction Xsec    15.0-/17 @ 7 =   0.079 , Out:   0.000#   5.369#   0.079f


 Total SPIN, PARITY =    16.0 +,     11 chs,      0 cc.  Rmin & Coul turning =    1.2    7.0
   S-matrix    1 =    0.97844   0.03465 for L=   14, J=   14.0 channel on core I =   2.0 from L=   14,  Acc. loss =  0.0 D.
 Elastic phase shift   1 =    1.014   0.606 deg. for the L =   14, J =   14.0 channel.
      16.0  0.97844205  0.03464678i: elastic S-matrix  @@      0.00  0   0 F  0
 Reaction Xsec    16.0+/14 @ 1 =   0.517 , Out:   0.000#   0.142/   0.517f

   S-matrix    2 =    0.97671   0.06082 for L=   14, J=   15.0 channel on core I =   2.0 from L=   14,  Acc. loss =  0.0 D.
 Elastic phase shift   2 =    1.782   0.620 deg. for the L =   14, J =   15.0 channel.
      16.0  0.97670507  0.06082309i: elastic S-matrix  @@      0.00  0   0 F  0
 Reaction Xsec    16.0+/14 @ 2 =   0.528 , Out:   0.000#   0.087/   0.528f

   S-matrix    3 =    0.99388   0.00052 for L=   16, J=   15.0 channel on core I =   2.0 from L=   16,  Acc. loss =  0.0 D.
 Elastic phase shift   3 =    0.015   0.176 deg. for the L =   16, J =   15.0 channel.
      16.0  0.99387604  0.00052125i: elastic S-matrix  @@      0.00  0   0 F  0
 Reaction Xsec    16.0+/16 @ 3 =   0.152 , Out:   0.000#   0.023/   0.152f

   S-matrix    4 =    0.99374   0.01196 for L=   16, J=   16.0 channel on core I =   2.0 from L=   16,  Acc. loss =  0.0 D.
 Elastic phase shift   4 =    0.345   0.178 deg. for the L =   16, J =   16.0 channel.
      16.0  0.99374022  0.01196084i: elastic S-matrix  @@      0.00  0   0 F  0
 Reaction Xsec    16.0+/16 @ 4 =   0.154 , Out:   0.000#   0.017/   0.154f

   S-matrix    5 =    0.99345   0.02421 for L=   16, J=   17.0 channel on core I =   2.0 from L=   16,  Acc. loss =  0.0 D.
 Elastic phase shift   5 =    0.698   0.180 deg. for the L =   16, J =   17.0 channel.
      16.0  0.99344767  0.02420930i: elastic S-matrix  @@      0.00  0   0 F  0
 Reaction Xsec    16.0+/16 @ 5 =   0.156 , Out:   0.000#   0.026/   0.156f

   S-matrix    6 =    0.99819  -0.00128 for L=   18, J=   17.0 channel on core I =   2.0 from L=   18,  Acc. loss =  0.0 D.
 Elastic phase shift   6 =   -0.037   0.052 deg. for the L =   18, J =   17.0 channel.
      16.0  0.99819177 -0.00127527i: elastic S-matrix  @@      0.00  0   0 F  0
 Reaction Xsec    16.0+/18 @ 6 =   0.045 , Out:   0.000#   0.785#   0.045f

   S-matrix    7 =    0.99817   0.00405 for L=   18, J=   18.0 channel on core I =   2.0 from L=   18,  Acc. loss =  0.0 D.
 Elastic phase shift   7 =    0.116   0.052 deg. for the L =   18, J =   18.0 channel.
      16.0  0.99817477  0.00404830i: elastic S-matrix  @@      0.00  0   0 F  0
 Reaction Xsec    16.0+/18 @ 7 =   0.045 , Out:   0.000#   1.872#   0.045f


 Total SPIN, PARITY =    16.0 -,     12 chs,      0 cc.  Rmin & Coul turning =    1.2    7.0
   S-matrix    1 =    0.95572   0.09581 for L=   13, J=   14.0 channel on core I =   2.0 from L=   13,  Acc. loss =  0.0 D.
 Elastic phase shift   1 =    2.862   1.154 deg. for the L =   13, J =   14.0 channel.
      16.0  0.95572275  0.09580915i: elastic S-matrix  @@      0.00  0   0 F  0
 Reaction Xsec    16.0-/13 @ 1 =   0.966 , Out:   0.000#   0.000#   0.966f

   S-matrix    2 =    0.98876   0.00377 for L=   15, J=   14.0 channel on core I =   2.0 from L=   15,  Acc. loss =  0.0 D.
 Elastic phase shift   2 =    0.109   0.324 deg. for the L =   15, J =   14.0 channel.
      16.0  0.98875897  0.00376837i: elastic S-matrix  @@      0.00  0   0 F  0
 Reaction Xsec    16.0-/15 @ 2 =   0.279 , Out:   0.000#   0.096/   0.279f

   S-matrix    3 =    0.98839   0.02043 for L=   15, J=   15.0 channel on core I =   2.0 from L=   15,  Acc. loss =  0.0 D.
 Elastic phase shift   3 =    0.592   0.328 deg. for the L =   15, J =   15.0 channel.
      16.0  0.98839209  0.02042930i: elastic S-matrix  @@      0.00  0   0 F  0
 Reaction Xsec    16.0-/15 @ 3 =   0.283 , Out:   0.000#   0.049/   0.283f

   S-matrix    4 =    0.98768   0.03839 for L=   15, J=   16.0 channel on core I =   2.0 from L=   15,  Acc. loss =  0.0 D.
 Elastic phase shift   4 =    1.113   0.334 deg. for the L =   15, J =   16.0 channel.
      16.0  0.98767794  0.03838887i: elastic S-matrix  @@      0.00  0   0 F  0
 Reaction Xsec    16.0-/15 @ 4 =   0.287 , Out:   0.000#   0.055/   0.287f

   S-matrix    5 =    0.99667  -0.00085 for L=   17, J=   16.0 channel on core I =   2.0 from L=   17,  Acc. loss =  0.0 D.
 Elastic phase shift   5 =   -0.024   0.096 deg. for the L =   17, J =   16.0 channel.
      16.0  0.99666960 -0.00084698i: elastic S-matrix  @@      0.00  0   0 F  0
 Reaction Xsec    16.0-/17 @ 5 =   0.083 , Out:   0.000#   4.894#   0.083f

   S-matrix    6 =    0.99662   0.00697 for L=   17, J=   17.0 channel on core I =   2.0 from L=   17,  Acc. loss =  0.0 D.
 Elastic phase shift   6 =    0.200   0.096 deg. for the L =   17, J =   17.0 channel.
      16.0  0.99662071  0.00697029i: elastic S-matrix  @@      0.00  0   0 F  0
 Reaction Xsec    16.0-/17 @ 6 =   0.084 , Out:   0.000#   5.575#   0.084f

   S-matrix    7 =    0.99650   0.01529 for L=   17, J=   18.0 channel on core I =   2.0 from L=   17,  Acc. loss =  0.0 D.
 Elastic phase shift   7 =    0.440   0.097 deg. for the L =   17, J =   18.0 channel.
      16.0  0.99650096  0.01529324i: elastic S-matrix  @@      0.00  0   0 F  0
 Reaction Xsec    16.0-/17 @ 7 =   0.084 , Out:   0.000#   0.011/   0.084f

   S-matrix    8 =    0.99902  -0.00127 for L=   19, J=   18.0 channel on core I =   2.0 from L=   19,  Acc. loss =  0.0 D.
 Elastic phase shift   8 =   -0.036   0.028 deg. for the L =   19, J =   18.0 channel.
      16.0  0.99901970 -0.00127096i: elastic S-matrix  @@      0.00  0   0 F  0
 Reaction Xsec    16.0-/19 @ 8 =   0.024 , Out:   0.000#   0.000#   0.024f


 Total SPIN, PARITY =    17.0 +,     12 chs,      0 cc.  Rmin & Coul turning =    1.4    7.5
   S-matrix    1 =    0.97671   0.06082 for L=   14, J=   15.0 channel on core I =   2.0 from L=   14,  Acc. loss =  0.0 D.
 Elastic phase shift   1 =    1.782   0.620 deg. for the L =   14, J =   15.0 channel.
      17.0  0.97670507  0.06082309i: elastic S-matrix  @@      0.00  0   0 F  0
 Reaction Xsec    17.0+/14 @ 1 =   0.560 , Out:   0.000#   0.000#   0.560f

   S-matrix    2 =    0.99388   0.00052 for L=   16, J=   15.0 channel on core I =   2.0 from L=   16,  Acc. loss =  0.0 D.
 Elastic phase shift   2 =    0.015   0.176 deg. for the L =   16, J =   15.0 channel.
      17.0  0.99387604  0.00052125i: elastic S-matrix  @@      0.00  0   0 F  0
 Reaction Xsec    17.0+/16 @ 2 =   0.162 , Out:   0.000#   0.034/   0.162f

   S-matrix    3 =    0.99374   0.01196 for L=   16, J=   16.0 channel on core I =   2.0 from L=   16,  Acc. loss =  0.0 D.
 Elastic phase shift   3 =    0.345   0.178 deg. for the L =   16, J =   16.0 channel.
      17.0  0.99374022  0.01196084i: elastic S-matrix  @@      0.00  0   0 F  0
 Reaction Xsec    17.0+/16 @ 3 =   0.163 , Out:   0.000#   0.017/   0.163f

   S-matrix    4 =    0.99345   0.02421 for L=   16, J=   17.0 channel on core I =   2.0 from L=   16,  Acc. loss =  0.0 D.
 Elastic phase shift   4 =    0.698   0.180 deg. for the L =   16, J =   17.0 channel.
      17.0  0.99344767  0.02420930i: elastic S-matrix  @@      0.00  0   0 F  0
 Reaction Xsec    17.0+/16 @ 4 =   0.165 , Out:   0.000#   0.019/   0.165f

   S-matrix    5 =    0.99819  -0.00128 for L=   18, J=   17.0 channel on core I =   2.0 from L=   18,  Acc. loss =  0.0 D.
 Elastic phase shift   5 =   -0.037   0.052 deg. for the L =   18, J =   17.0 channel.
      17.0  0.99819177 -0.00127527i: elastic S-matrix  @@      0.00  0   0 F  0
 Reaction Xsec    17.0+/18 @ 5 =   0.048 , Out:   0.000#   1.717#   0.048f

   S-matrix    6 =    0.99817   0.00405 for L=   18, J=   18.0 channel on core I =   2.0 from L=   18,  Acc. loss =  0.0 D.
 Elastic phase shift   6 =    0.116   0.052 deg. for the L =   18, J =   18.0 channel.
      17.0  0.99817477  0.00404830i: elastic S-matrix  @@      0.00  0   0 F  0
 Reaction Xsec    17.0+/18 @ 6 =   0.048 , Out:   0.000#   1.939#   0.048f

   S-matrix    7 =    0.99813   0.00969 for L=   18, J=   19.0 channel on core I =   2.0 from L=   18,  Acc. loss =  0.0 D.
 Elastic phase shift   7 =    0.278   0.052 deg. for the L =   18, J =   19.0 channel.
      17.0  0.99812570  0.00968967i: elastic S-matrix  @@      0.00  0   0 F  0
 Reaction Xsec    17.0+/18 @ 7 =   0.048 , Out:   0.000#   3.878#   0.048f

   S-matrix    8 =    0.99947  -0.00110 for L=   20, J=   19.0 channel on core I =   2.0 from L=   20,  Acc. loss =  0.0 D.
 Elastic phase shift   8 =   -0.031   0.015 deg. for the L =   20, J =   19.0 channel.
      17.0  0.99946929 -0.00109578i: elastic S-matrix  @@      0.00  0   0 F  0
 Reaction Xsec    17.0+/20 @ 8 =   0.014 , Out:   0.000#   0.000#   0.014f


 Total SPIN, PARITY =    17.0 -,     11 chs,      0 cc.  Rmin & Coul turning =    1.4    7.5
   S-matrix    1 =    0.98839   0.02043 for L=   15, J=   15.0 channel on core I =   2.0 from L=   15,  Acc. loss =  0.0 D.
 Elastic phase shift   1 =    0.592   0.328 deg. for the L =   15, J =   15.0 channel.
      17.0  0.98839209  0.02042930i: elastic S-matrix  @@      0.00  0   0 F  0
 Reaction Xsec    17.0-/15 @ 1 =   0.300 , Out:   0.000#   0.050/   0.300f

   S-matrix    2 =    0.98768   0.03839 for L=   15, J=   16.0 channel on core I =   2.0 from L=   15,  Acc. loss =  0.0 D.
 Elastic phase shift   2 =    1.113   0.334 deg. for the L =   15, J =   16.0 channel.
      17.0  0.98767794  0.03838887i: elastic S-matrix  @@      0.00  0   0 F  0
 Reaction Xsec    17.0-/15 @ 2 =   0.305 , Out:   0.000#   0.030/   0.305f

   S-matrix    3 =    0.99667  -0.00085 for L=   17, J=   16.0 channel on core I =   2.0 from L=   17,  Acc. loss =  0.0 D.
 Elastic phase shift   3 =   -0.024   0.096 deg. for the L =   17, J =   16.0 channel.
      17.0  0.99666960 -0.00084698i: elastic S-matrix  @@      0.00  0   0 F  0
 Reaction Xsec    17.0-/17 @ 3 =   0.088 , Out:   0.000#   8.037#   0.088f

   S-matrix    4 =    0.99662   0.00697 for L=   17, J=   17.0 channel on core I =   2.0 from L=   17,  Acc. loss =  0.0 D.
 Elastic phase shift   4 =    0.200   0.096 deg. for the L =   17, J =   17.0 channel.
      17.0  0.99662071  0.00697029i: elastic S-matrix  @@      0.00  0   0 F  0
 Reaction Xsec    17.0-/17 @ 4 =   0.089 , Out:   0.000#   5.754#   0.089f

   S-matrix    5 =    0.99650   0.01529 for L=   17, J=   18.0 channel on core I =   2.0 from L=   17,  Acc. loss =  0.0 D.
 Elastic phase shift   5 =    0.440   0.097 deg. for the L =   17, J =   18.0 channel.
      17.0  0.99650096  0.01529324i: elastic S-matrix  @@      0.00  0   0 F  0
 Reaction Xsec    17.0-/17 @ 5 =   0.089 , Out:   0.000#   9.120#   0.089f

   S-matrix    6 =    0.99902  -0.00127 for L=   19, J=   18.0 channel on core I =   2.0 from L=   19,  Acc. loss =  0.0 D.
 Elastic phase shift   6 =   -0.036   0.028 deg. for the L =   19, J =   18.0 channel.
      17.0  0.99901970 -0.00127096i: elastic S-matrix  @@      0.00  0   0 F  0
 Reaction Xsec    17.0-/19 @ 6 =   0.026 , Out:   0.000#   0.276#   0.026f

   S-matrix    7 =    0.99901   0.00234 for L=   19, J=   19.0 channel on core I =   2.0 from L=   19,  Acc. loss =  0.0 D.
 Elastic phase shift   7 =    0.067   0.028 deg. for the L =   19, J =   19.0 channel.
      17.0  0.99901408  0.00234480i: elastic S-matrix  @@      0.00  0   0 F  0
 Reaction Xsec    17.0-/19 @ 7 =   0.026 , Out:   0.000#   0.651#   0.026f


 Total SPIN, PARITY =    18.0 +,     11 chs,      0 cc.  Rmin & Coul turning =    1.4    7.9
   S-matrix    1 =    0.99374   0.01196 for L=   16, J=   16.0 channel on core I =   2.0 from L=   16,  Acc. loss =  0.0 D.
 Elastic phase shift   1 =    0.345   0.178 deg. for the L =   16, J =   16.0 channel.
      18.0  0.99374022  0.01196084i: elastic S-matrix  @@      0.00  0   0 F  0
 Reaction Xsec    18.0+/16 @ 1 =   0.173 , Out:   0.000#   0.017/   0.173f

   S-matrix    2 =    0.99345   0.02421 for L=   16, J=   17.0 channel on core I =   2.0 from L=   16,  Acc. loss =  0.0 D.
 Elastic phase shift   2 =    0.698   0.180 deg. for the L =   16, J =   17.0 channel.
      18.0  0.99344767  0.02420930i: elastic S-matrix  @@      0.00  0   0 F  0
 Reaction Xsec    18.0+/16 @ 2 =   0.175 , Out:   0.000#   0.010/   0.175f

   S-matrix    3 =    0.99819  -0.00128 for L=   18, J=   17.0 channel on core I =   2.0 from L=   18,  Acc. loss =  0.0 D.
 Elastic phase shift   3 =   -0.037   0.052 deg. for the L =   18, J =   17.0 channel.
      18.0  0.99819177 -0.00127527i: elastic S-matrix  @@      0.00  0   0 F  0
 Reaction Xsec    18.0+/18 @ 3 =   0.051 , Out:   0.000#   2.805#   0.051f

   S-matrix    4 =    0.99817   0.00405 for L=   18, J=   18.0 channel on core I =   2.0 from L=   18,  Acc. loss =  0.0 D.
 Elastic phase shift   4 =    0.116   0.052 deg. for the L =   18, J =   18.0 channel.
      18.0  0.99817477  0.00404830i: elastic S-matrix  @@      0.00  0   0 F  0
 Reaction Xsec    18.0+/18 @ 4 =   0.051 , Out:   0.000#   1.997#   0.051f

   S-matrix    5 =    0.99813   0.00969 for L=   18, J=   19.0 channel on core I =   2.0 from L=   18,  Acc. loss =  0.0 D.
 Elastic phase shift   5 =    0.278   0.052 deg. for the L =   18, J =   19.0 channel.
      18.0  0.99812570  0.00968967i: elastic S-matrix  @@      0.00  0   0 F  0
 Reaction Xsec    18.0+/18 @ 5 =   0.051 , Out:   0.000#   3.153#   0.051f

   S-matrix    6 =    0.99947  -0.00110 for L=   20, J=   19.0 channel on core I =   2.0 from L=   20,  Acc. loss =  0.0 D.
 Elastic phase shift   6 =   -0.031   0.015 deg. for the L =   20, J =   19.0 channel.
      18.0  0.99946929 -0.00109578i: elastic S-matrix  @@      0.00  0   0 F  0
 Reaction Xsec    18.0+/20 @ 6 =   0.015 , Out:   0.000#   0.096#   0.015f

   S-matrix    7 =    0.99947   0.00135 for L=   20, J=   20.0 channel on core I =   2.0 from L=   20,  Acc. loss =  0.0 D.
 Elastic phase shift   7 =    0.039   0.015 deg. for the L =   20, J =   20.0 channel.
      18.0  0.99946757  0.00135482i: elastic S-matrix  @@      0.00  0   0 F  0
 Reaction Xsec    18.0+/20 @ 7 =   0.015 , Out:   0.000#   0.225#   0.015f


 Total SPIN, PARITY =    18.0 -,     12 chs,      0 cc.  Rmin & Coul turning =    1.4    7.9
   S-matrix    1 =    0.98768   0.03839 for L=   15, J=   16.0 channel on core I =   2.0 from L=   15,  Acc. loss =  0.0 D.
 Elastic phase shift   1 =    1.113   0.334 deg. for the L =   15, J =   16.0 channel.
      18.0  0.98767794  0.03838887i: elastic S-matrix  @@      0.00  0   0 F  0
 Reaction Xsec    18.0-/15 @ 1 =   0.322 , Out:   0.000#   0.000#   0.322f

   S-matrix    2 =    0.99667  -0.00085 for L=   17, J=   16.0 channel on core I =   2.0 from L=   17,  Acc. loss =  0.0 D.
 Elastic phase shift   2 =   -0.024   0.096 deg. for the L =   17, J =   16.0 channel.
      18.0  0.99666960 -0.00084698i: elastic S-matrix  @@      0.00  0   0 F  0
 Reaction Xsec    18.0-/17 @ 2 =   0.093 , Out:   0.000#   0.012/   0.093f

   S-matrix    3 =    0.99662   0.00697 for L=   17, J=   17.0 channel on core I =   2.0 from L=   17,  Acc. loss =  0.0 D.
 Elastic phase shift   3 =    0.200   0.096 deg. for the L =   17, J =   17.0 channel.
      18.0  0.99662071  0.00697029i: elastic S-matrix  @@      0.00  0   0 F  0
 Reaction Xsec    18.0-/17 @ 3 =   0.094 , Out:   0.000#   5.904#   0.094f

   S-matrix    4 =    0.99650   0.01529 for L=   17, J=   18.0 channel on core I =   2.0 from L=   17,  Acc. loss =  0.0 D.
 Elastic phase shift   4 =    0.440   0.097 deg. for the L =   17, J =   18.0 channel.
      18.0  0.99650096  0.01529324i: elastic S-matrix  @@      0.00  0   0 F  0
 Reaction Xsec    18.0-/17 @ 4 =   0.094 , Out:   0.000#   6.597#   0.094f

   S-matrix    5 =    0.99902  -0.00127 for L=   19, J=   18.0 channel on core I =   2.0 from L=   19,  Acc. loss =  0.0 D.
 Elastic phase shift   5 =   -0.036   0.028 deg. for the L =   19, J =   18.0 channel.
      18.0  0.99901970 -0.00127096i: elastic S-matrix  @@      0.00  0   0 F  0
 Reaction Xsec    18.0-/19 @ 5 =   0.027 , Out:   0.000#   0.600#   0.027f

   S-matrix    6 =    0.99901   0.00234 for L=   19, J=   19.0 channel on core I =   2.0 from L=   19,  Acc. loss =  0.0 D.
 Elastic phase shift   6 =    0.067   0.028 deg. for the L =   19, J =   19.0 channel.
      18.0  0.99901408  0.00234480i: elastic S-matrix  @@      0.00  0   0 F  0
 Reaction Xsec    18.0-/19 @ 6 =   0.027 , Out:   0.000#   0.672#   0.027f

   S-matrix    7 =    0.99899   0.00616 for L=   19, J=   20.0 channel on core I =   2.0 from L=   19,  Acc. loss =  0.0 D.
 Elastic phase shift   7 =    0.177   0.028 deg. for the L =   19, J =   20.0 channel.
      18.0  0.99899392  0.00616137i: elastic S-matrix  @@      0.00  0   0 F  0
 Reaction Xsec    18.0-/19 @ 7 =   0.028 , Out:   0.000#   1.343#   0.028f

   S-matrix    8 =    0.99971  -0.00088 for L=   21, J=   20.0 channel on core I =   2.0 from L=   21,  Acc. loss =  0.0 D.
 Elastic phase shift   8 =   -0.025   0.008 deg. for the L =   21, J =   20.0 channel.
      18.0  0.99971305 -0.00087698i: elastic S-matrix  @@      0.00  0   0 F  0
 Reaction Xsec    18.0-/21 @ 8 =   8.016/, Out:   0.000#   0.000#   0.008f


 Total SPIN, PARITY =    19.0 +,     12 chs,      0 cc.  Rmin & Coul turning =    1.5    8.3
   S-matrix    1 =    0.99345   0.02421 for L=   16, J=   17.0 channel on core I =   2.0 from L=   16,  Acc. loss =  0.0 D.
 Elastic phase shift   1 =    0.698   0.180 deg. for the L =   16, J =   17.0 channel.
      19.0  0.99344767  0.02420930i: elastic S-matrix  @@      0.00  0   0 F  0
 Reaction Xsec    19.0+/16 @ 1 =   0.184 , Out:   0.000#   0.000#   0.184f

   S-matrix    2 =    0.99819  -0.00128 for L=   18, J=   17.0 channel on core I =   2.0 from L=   18,  Acc. loss =  0.0 D.
 Elastic phase shift   2 =   -0.037   0.052 deg. for the L =   18, J =   17.0 channel.
      19.0  0.99819177 -0.00127527i: elastic S-matrix  @@      0.00  0   0 F  0
 Reaction Xsec    19.0+/18 @ 2 =   0.053 , Out:   0.000#   4.058#   0.053f

   S-matrix    3 =    0.99817   0.00405 for L=   18, J=   18.0 channel on core I =   2.0 from L=   18,  Acc. loss =  0.0 D.
 Elastic phase shift   3 =    0.116   0.052 deg. for the L =   18, J =   18.0 channel.
      19.0  0.99817477  0.00404830i: elastic S-matrix  @@      0.00  0   0 F  0
 Reaction Xsec    19.0+/18 @ 3 =   0.054 , Out:   0.000#   2.047#   0.054f

   S-matrix    4 =    0.99813   0.00969 for L=   18, J=   19.0 channel on core I =   2.0 from L=   18,  Acc. loss =  0.0 D.
 Elastic phase shift   4 =    0.278   0.052 deg. for the L =   18, J =   19.0 channel.
      19.0  0.99812570  0.00968967i: elastic S-matrix  @@      0.00  0   0 F  0
 Reaction Xsec    19.0+/18 @ 4 =   0.054 , Out:   0.000#   2.271#   0.054f

   S-matrix    5 =    0.99947  -0.00110 for L=   20, J=   19.0 channel on core I =   2.0 from L=   20,  Acc. loss =  0.0 D.
 Elastic phase shift   5 =   -0.031   0.015 deg. for the L =   20, J =   19.0 channel.
      19.0  0.99946929 -0.00109578i: elastic S-matrix  @@      0.00  0   0 F  0
 Reaction Xsec    19.0+/20 @ 5 =   0.016 , Out:   0.000#   0.209#   0.016f

   S-matrix    6 =    0.99947   0.00135 for L=   20, J=   20.0 channel on core I =   2.0 from L=   20,  Acc. loss =  0.0 D.
 Elastic phase shift   6 =    0.039   0.015 deg. for the L =   20, J =   20.0 channel.
      19.0  0.99946757  0.00135482i: elastic S-matrix  @@      0.00  0   0 F  0
 Reaction Xsec    19.0+/20 @ 6 =   0.016 , Out:   0.000#   0.232#   0.016f

   S-matrix    7 =    0.99946   0.00393 for L=   20, J=   21.0 channel on core I =   2.0 from L=   20,  Acc. loss =  0.0 D.
 Elastic phase shift   7 =    0.113   0.015 deg. for the L =   20, J =   21.0 channel.
      19.0  0.99945927  0.00393291i: elastic S-matrix  @@      0.00  0   0 F  0
 Reaction Xsec    19.0+/20 @ 7 =   0.016 , Out:   0.000#   0.464#   0.016f

   S-matrix    8 =    0.99985  -0.00067 for L=   22, J=   21.0 channel on core I =   2.0 from L=   22,  Acc. loss =  0.0 D.
 Elastic phase shift   8 =   -0.019   0.004 deg. for the L =   22, J =   21.0 channel.
      19.0  0.99984503 -0.00067086i: elastic S-matrix  @@      0.00  0   0 F  0
 Reaction Xsec    19.0+/22 @ 8 =   4.563/, Out:   0.000#   0.000#   0.005f


 Total SPIN, PARITY =    19.0 -,     11 chs,      0 cc.  Rmin & Coul turning =    1.5    8.3
   S-matrix    1 =    0.99662   0.00697 for L=   17, J=   17.0 channel on core I =   2.0 from L=   17,  Acc. loss =  0.0 D.
 Elastic phase shift   1 =    0.200   0.096 deg. for the L =   17, J =   17.0 channel.
      19.0  0.99662071  0.00697029i: elastic S-matrix  @@      0.00  0   0 F  0
 Reaction Xsec    19.0-/17 @ 1 =   0.099 , Out:   0.000#   6.025#   0.099f

   S-matrix    2 =    0.99650   0.01529 for L=   17, J=   18.0 channel on core I =   2.0 from L=   17,  Acc. loss =  0.0 D.
 Elastic phase shift   2 =    0.440   0.097 deg. for the L =   17, J =   18.0 channel.
      19.0  0.99650096  0.01529324i: elastic S-matrix  @@      0.00  0   0 F  0
 Reaction Xsec    19.0-/17 @ 2 =   0.100 , Out:   0.000#   3.566#   0.100f

   S-matrix    3 =    0.99902  -0.00127 for L=   19, J=   18.0 channel on core I =   2.0 from L=   19,  Acc. loss =  0.0 D.
 Elastic phase shift   3 =   -0.036   0.028 deg. for the L =   19, J =   18.0 channel.
      19.0  0.99901970 -0.00127096i: elastic S-matrix  @@      0.00  0   0 F  0
 Reaction Xsec    19.0-/19 @ 3 =   0.029 , Out:   0.000#   0.976#   0.029f

   S-matrix    4 =    0.99901   0.00234 for L=   19, J=   19.0 channel on core I =   2.0 from L=   19,  Acc. loss =  0.0 D.
 Elastic phase shift   4 =    0.067   0.028 deg. for the L =   19, J =   19.0 channel.
      19.0  0.99901408  0.00234480i: elastic S-matrix  @@      0.00  0   0 F  0
 Reaction Xsec    19.0-/19 @ 4 =   0.029 , Out:   0.000#   0.691#   0.029f

   S-matrix    5 =    0.99899   0.00616 for L=   19, J=   20.0 channel on core I =   2.0 from L=   19,  Acc. loss =  0.0 D.
 Elastic phase shift   5 =    0.177   0.028 deg. for the L =   19, J =   20.0 channel.
      19.0  0.99899392  0.00616137i: elastic S-matrix  @@      0.00  0   0 F  0
 Reaction Xsec    19.0-/19 @ 5 =   0.029 , Out:   0.000#   1.088#   0.029f

   S-matrix    6 =    0.99971  -0.00088 for L=   21, J=   20.0 channel on core I =   2.0 from L=   21,  Acc. loss =  0.0 D.
 Elastic phase shift   6 =   -0.025   0.008 deg. for the L =   21, J =   20.0 channel.
      19.0  0.99971305 -0.00087698i: elastic S-matrix  @@      0.00  0   0 F  0
 Reaction Xsec    19.0-/21 @ 6 =   8.449/, Out:   0.000#   0.033#   0.008f

   S-matrix    7 =    0.99971   0.00078 for L=   21, J=   21.0 channel on core I =   2.0 from L=   21,  Acc. loss =  0.0 D.
 Elastic phase shift   7 =    0.022   0.008 deg. for the L =   21, J =   21.0 channel.
      19.0  0.99971260  0.00078099i: elastic S-matrix  @@      0.00  0   0 F  0
 Reaction Xsec    19.0-/21 @ 7 =   8.465/, Out:   0.000#   0.077#   0.008f


 Total SPIN, PARITY =    20.0 +,     11 chs,      0 cc.  Rmin & Coul turning =    1.6    8.7
   S-matrix    1 =    0.99817   0.00405 for L=   18, J=   18.0 channel on core I =   2.0 from L=   18,  Acc. loss =  0.0 D.
 Elastic phase shift   1 =    0.116   0.052 deg. for the L =   18, J =   18.0 channel.
      20.0  0.99817477  0.00404830i: elastic S-matrix  @@      0.00  0   0 F  0
 Reaction Xsec    20.0+/18 @ 1 =   0.056 , Out:   0.000#   2.087#   0.056f

   S-matrix    2 =    0.99813   0.00969 for L=   18, J=   19.0 channel on core I =   2.0 from L=   18,  Acc. loss =  0.0 D.
 Elastic phase shift   2 =    0.278   0.052 deg. for the L =   18, J =   19.0 channel.
      20.0  0.99812570  0.00968967i: elastic S-matrix  @@      0.00  0   0 F  0
 Reaction Xsec    20.0+/18 @ 2 =   0.057 , Out:   0.000#   1.223#   0.057f

   S-matrix    3 =    0.99947  -0.00110 for L=   20, J=   19.0 channel on core I =   2.0 from L=   20,  Acc. loss =  0.0 D.
 Elastic phase shift   3 =   -0.031   0.015 deg. for the L =   20, J =   19.0 channel.
      20.0  0.99946929 -0.00109578i: elastic S-matrix  @@      0.00  0   0 F  0
 Reaction Xsec    20.0+/20 @ 3 =   0.016 , Out:   0.000#   0.338#   0.016f

   S-matrix    4 =    0.99947   0.00135 for L=   20, J=   20.0 channel on core I =   2.0 from L=   20,  Acc. loss =  0.0 D.
 Elastic phase shift   4 =    0.039   0.015 deg. for the L =   20, J =   20.0 channel.
      20.0  0.99946757  0.00135482i: elastic S-matrix  @@      0.00  0   0 F  0
 Reaction Xsec    20.0+/20 @ 4 =   0.016 , Out:   0.000#   0.238#   0.016f

   S-matrix    5 =    0.99946   0.00393 for L=   20, J=   21.0 channel on core I =   2.0 from L=   20,  Acc. loss =  0.0 D.
 Elastic phase shift   5 =    0.113   0.015 deg. for the L =   20, J =   21.0 channel.
      20.0  0.99945927  0.00393291i: elastic S-matrix  @@      0.00  0   0 F  0
 Reaction Xsec    20.0+/20 @ 5 =   0.017 , Out:   0.000#   0.374#   0.017f

   S-matrix    6 =    0.99985  -0.00067 for L=   22, J=   21.0 channel on core I =   2.0 from L=   22,  Acc. loss =  0.0 D.
 Elastic phase shift   6 =   -0.019   0.004 deg. for the L =   22, J =   21.0 channel.
      20.0  0.99984503 -0.00067086i: elastic S-matrix  @@      0.00  0   0 F  0
 Reaction Xsec    20.0+/22 @ 6 =   4.797/, Out:   0.000#   0.012#   0.005f

   S-matrix    7 =    0.99984   0.00045 for L=   22, J=   22.0 channel on core I =   2.0 from L=   22,  Acc. loss =  0.0 D.
 Elastic phase shift   7 =    0.013   0.004 deg. for the L =   22, J =   22.0 channel.
      20.0  0.99984495  0.00044916i: elastic S-matrix  @@      0.00  0   0 F  0
 Reaction Xsec    20.0+/22 @ 7 =   4.803/, Out:   0.000#   0.027#   0.005f


 Total SPIN, PARITY =    20.0 -,     12 chs,      0 cc.  Rmin & Coul turning =    1.6    8.7
   S-matrix    1 =    0.99650   0.01529 for L=   17, J=   18.0 channel on core I =   2.0 from L=   17,  Acc. loss =  0.0 D.
 Elastic phase shift   1 =    0.440   0.097 deg. for the L =   17, J =   18.0 channel.
      20.0  0.99650096  0.01529324i: elastic S-matrix  @@      0.00  0   0 F  0
 Reaction Xsec    20.0-/17 @ 1 =   0.105 , Out:   0.000#   0.000#   0.105f

   S-matrix    2 =    0.99902  -0.00127 for L=   19, J=   18.0 channel on core I =   2.0 from L=   19,  Acc. loss =  0.0 D.
 Elastic phase shift   2 =   -0.036   0.028 deg. for the L =   19, J =   18.0 channel.
      20.0  0.99901970 -0.00127096i: elastic S-matrix  @@      0.00  0   0 F  0
 Reaction Xsec    20.0-/19 @ 2 =   0.030 , Out:   0.000#   1.406#   0.030f

   S-matrix    3 =    0.99901   0.00234 for L=   19, J=   19.0 channel on core I =   2.0 from L=   19,  Acc. loss =  0.0 D.
 Elastic phase shift   3 =    0.067   0.028 deg. for the L =   19, J =   19.0 channel.
      20.0  0.99901408  0.00234480i: elastic S-matrix  @@      0.00  0   0 F  0
 Reaction Xsec    20.0-/19 @ 3 =   0.030 , Out:   0.000#   0.708#   0.030f

   S-matrix    4 =    0.99899   0.00616 for L=   19, J=   20.0 channel on core I =   2.0 from L=   19,  Acc. loss =  0.0 D.
 Elastic phase shift   4 =    0.177   0.028 deg. for the L =   19, J =   20.0 channel.
      20.0  0.99899392  0.00616137i: elastic S-matrix  @@      0.00  0   0 F  0
 Reaction Xsec    20.0-/19 @ 4 =   0.031 , Out:   0.000#   0.781#   0.031f

   S-matrix    5 =    0.99971  -0.00088 for L=   21, J=   20.0 channel on core I =   2.0 from L=   21,  Acc. loss =  0.0 D.
 Elastic phase shift   5 =   -0.025   0.008 deg. for the L =   21, J =   20.0 channel.
      20.0  0.99971305 -0.00087698i: elastic S-matrix  @@      0.00  0   0 F  0
 Reaction Xsec    20.0-/21 @ 5 =   8.882/, Out:   0.000#   0.072#   0.009f

   S-matrix    6 =    0.99971   0.00078 for L=   21, J=   21.0 channel on core I =   2.0 from L=   21,  Acc. loss =  0.0 D.
 Elastic phase shift   6 =    0.022   0.008 deg. for the L =   21, J =   21.0 channel.
      20.0  0.99971260  0.00078099i: elastic S-matrix  @@      0.00  0   0 F  0
 Reaction Xsec    20.0-/21 @ 6 =   8.899/, Out:   0.000#   0.080#   0.009f

   S-matrix    7 =    0.99971   0.00252 for L=   21, J=   22.0 channel on core I =   2.0 from L=   21,  Acc. loss =  0.0 D.
 Elastic phase shift   7 =    0.072   0.008 deg. for the L =   21, J =   22.0 channel.
      20.0  0.99970916  0.00252024i: elastic S-matrix  @@      0.00  0   0 F  0
 Reaction Xsec    20.0-/21 @ 7 =   8.916/, Out:   0.000#   0.159#   0.009f

   S-matrix    8 =    0.99992  -0.00050 for L=   23, J=   22.0 channel on core I =   2.0 from L=   23,  Acc. loss =  0.0 D.
 Elastic phase shift   8 =   -0.014   0.002 deg. for the L =   23, J =   22.0 channel.
      20.0  0.99991639 -0.00049794i: elastic S-matrix  @@      0.00  0   0 F  0
 Reaction Xsec    20.0-/23 @ 8 =   2.588/, Out:   0.000#   0.000#   0.003f


 Total SPIN, PARITY =    21.0 +,     12 chs,      0 cc.  Rmin & Coul turning =    1.7    9.2
   S-matrix    1 =    0.99813   0.00969 for L=   18, J=   19.0 channel on core I =   2.0 from L=   18,  Acc. loss =  0.0 D.
 Elastic phase shift   1 =    0.278   0.052 deg. for the L =   18, J =   19.0 channel.
      21.0  0.99812570  0.00968967i: elastic S-matrix  @@      0.00  0   0 F  0
 Reaction Xsec    21.0+/18 @ 1 =   0.059 , Out:   0.000#   0.000#   0.059f

   S-matrix    2 =    0.99947  -0.00110 for L=   20, J=   19.0 channel on core I =   2.0 from L=   20,  Acc. loss =  0.0 D.
 Elastic phase shift   2 =   -0.031   0.015 deg. for the L =   20, J =   19.0 channel.
      21.0  0.99946929 -0.00109578i: elastic S-matrix  @@      0.00  0   0 F  0
 Reaction Xsec    21.0+/20 @ 2 =   0.017 , Out:   0.000#   0.485#   0.017f

   S-matrix    3 =    0.99947   0.00135 for L=   20, J=   20.0 channel on core I =   2.0 from L=   20,  Acc. loss =  0.0 D.
 Elastic phase shift   3 =    0.039   0.015 deg. for the L =   20, J =   20.0 channel.
      21.0  0.99946757  0.00135482i: elastic S-matrix  @@      0.00  0   0 F  0
 Reaction Xsec    21.0+/20 @ 3 =   0.017 , Out:   0.000#   0.244#   0.017f

   S-matrix    4 =    0.99946   0.00393 for L=   20, J=   21.0 channel on core I =   2.0 from L=   20,  Acc. loss =  0.0 D.
 Elastic phase shift   4 =    0.113   0.015 deg. for the L =   20, J =   21.0 channel.
      21.0  0.99945927  0.00393291i: elastic S-matrix  @@      0.00  0   0 F  0
 Reaction Xsec    21.0+/20 @ 4 =   0.017 , Out:   0.000#   0.268#   0.017f

   S-matrix    5 =    0.99985  -0.00067 for L=   22, J=   21.0 channel on core I =   2.0 from L=   22,  Acc. loss =  0.0 D.
 Elastic phase shift   5 =   -0.019   0.004 deg. for the L =   22, J =   21.0 channel.
      21.0  0.99984503 -0.00067086i: elastic S-matrix  @@      0.00  0   0 F  0
 Reaction Xsec    21.0+/22 @ 5 =   5.031/, Out:   0.000#   0.025#   0.005f

   S-matrix    6 =    0.99984   0.00045 for L=   22, J=   22.0 channel on core I =   2.0 from L=   22,  Acc. loss =  0.0 D.
 Elastic phase shift   6 =    0.013   0.004 deg. for the L =   22, J =   22.0 channel.
      21.0  0.99984495  0.00044916i: elastic S-matrix  @@      0.00  0   0 F  0
 Reaction Xsec    21.0+/22 @ 6 =   5.038/, Out:   0.000#   0.027#   0.005f

   S-matrix    7 =    0.99984   0.00162 for L=   22, J=   23.0 channel on core I =   2.0 from L=   22,  Acc. loss =  0.0 D.
 Elastic phase shift   7 =    0.046   0.004 deg. for the L =   22, J =   23.0 channel.
      21.0  0.99984352  0.00162119i: elastic S-matrix  @@      0.00  0   0 F  0
 Reaction Xsec    21.0+/22 @ 7 =   5.044/, Out:   0.000#   0.054#   0.005f

   S-matrix    8 =    0.99995  -0.00036 for L=   24, J=   23.0 channel on core I =   2.0 from L=   24,  Acc. loss =  0.0 D.
 Elastic phase shift   8 =   -0.010   0.001 deg. for the L =   24, J =   23.0 channel.
      21.0  0.99995493 -0.00036174i: elastic S-matrix  @@      0.00  0   0 F  0
 Reaction Xsec    21.0+/24 @ 8 =   1.463/, Out:   0.000#   0.000#   0.001f


 Total SPIN, PARITY =    21.0 -,     11 chs,      0 cc.  Rmin & Coul turning =    1.7    9.2
   S-matrix    1 =    0.99901   0.00234 for L=   19, J=   19.0 channel on core I =   2.0 from L=   19,  Acc. loss =  0.0 D.
 Elastic phase shift   1 =    0.067   0.028 deg. for the L =   19, J =   19.0 channel.
      21.0  0.99901408  0.00234480i: elastic S-matrix  @@      0.00  0   0 F  0
 Reaction Xsec    21.0-/19 @ 1 =   0.032 , Out:   0.000#   0.721#   0.032f

   S-matrix    2 =    0.99899   0.00616 for L=   19, J=   20.0 channel on core I =   2.0 from L=   19,  Acc. loss =  0.0 D.
 Elastic phase shift   2 =    0.177   0.028 deg. for the L =   19, J =   20.0 channel.
      21.0  0.99899392  0.00616137i: elastic S-matrix  @@      0.00  0   0 F  0
 Reaction Xsec    21.0-/19 @ 2 =   0.032 , Out:   0.000#   0.419#   0.032f

   S-matrix    3 =    0.99971  -0.00088 for L=   21, J=   20.0 channel on core I =   2.0 from L=   21,  Acc. loss =  0.0 D.
 Elastic phase shift   3 =   -0.025   0.008 deg. for the L =   21, J =   20.0 channel.
      21.0  0.99971305 -0.00087698i: elastic S-matrix  @@      0.00  0   0 F  0
 Reaction Xsec    21.0-/21 @ 3 =   9.316/, Out:   0.000#   0.116#   0.009f

   S-matrix    4 =    0.99971   0.00078 for L=   21, J=   21.0 channel on core I =   2.0 from L=   21,  Acc. loss =  0.0 D.
 Elastic phase shift   4 =    0.022   0.008 deg. for the L =   21, J =   21.0 channel.
      21.0  0.99971260  0.00078099i: elastic S-matrix  @@      0.00  0   0 F  0
 Reaction Xsec    21.0-/21 @ 4 =   9.333/, Out:   0.000#   0.082#   0.009f

   S-matrix    5 =    0.99971   0.00252 for L=   21, J=   22.0 channel on core I =   2.0 from L=   21,  Acc. loss =  0.0 D.
 Elastic phase shift   5 =    0.072   0.008 deg. for the L =   21, J =   22.0 channel.
      21.0  0.99970916  0.00252024i: elastic S-matrix  @@      0.00  0   0 F  0
 Reaction Xsec    21.0-/21 @ 5 =   9.351/, Out:   0.000#   0.128#   0.009f

   S-matrix    6 =    0.99992  -0.00050 for L=   23, J=   22.0 channel on core I =   2.0 from L=   23,  Acc. loss =  0.0 D.
 Elastic phase shift   6 =   -0.014   0.002 deg. for the L =   23, J =   22.0 channel.
      21.0  0.99991639 -0.00049794i: elastic S-matrix  @@      0.00  0   0 F  0
 Reaction Xsec    21.0-/23 @ 6 =   2.714/, Out:   0.000#   0.004#   0.003f

   S-matrix    7 =    0.99992   0.00026 for L=   23, J=   23.0 channel on core I =   2.0 from L=   23,  Acc. loss =  0.0 D.
 Elastic phase shift   7 =    0.007   0.002 deg. for the L =   23, J =   23.0 channel.
      21.0  0.99991640  0.00025769i: elastic S-matrix  @@      0.00  0   0 F  0
 Reaction Xsec    21.0-/23 @ 7 =   2.717/, Out:   0.000#   0.009#   0.003f


 Total SPIN, PARITY =    22.0 +,     11 chs,      0 cc.  Rmin & Coul turning =    1.8    9.6
   S-matrix    1 =    0.99947   0.00135 for L=   20, J=   20.0 channel on core I =   2.0 from L=   20,  Acc. loss =  0.0 D.
 Elastic phase shift   1 =    0.039   0.015 deg. for the L =   20, J =   20.0 channel.
      22.0  0.99946757  0.00135482i: elastic S-matrix  @@      0.00  0   0 F  0
 Reaction Xsec    22.0+/20 @ 1 =   0.018 , Out:   0.000#   0.248#   0.018f

   S-matrix    2 =    0.99946   0.00393 for L=   20, J=   21.0 channel on core I =   2.0 from L=   20,  Acc. loss =  0.0 D.
 Elastic phase shift   2 =    0.113   0.015 deg. for the L =   20, J =   21.0 channel.
      22.0  0.99945927  0.00393291i: elastic S-matrix  @@      0.00  0   0 F  0
 Reaction Xsec    22.0+/20 @ 2 =   0.018 , Out:   0.000#   0.143#   0.018f

   S-matrix    3 =    0.99985  -0.00067 for L=   22, J=   21.0 channel on core I =   2.0 from L=   22,  Acc. loss =  0.0 D.
 Elastic phase shift   3 =   -0.019   0.004 deg. for the L =   22, J =   21.0 channel.
      22.0  0.99984503 -0.00067086i: elastic S-matrix  @@      0.00  0   0 F  0
 Reaction Xsec    22.0+/22 @ 3 =   5.265/, Out:   0.000#   0.040#   0.005f

   S-matrix    4 =    0.99984   0.00045 for L=   22, J=   22.0 channel on core I =   2.0 from L=   22,  Acc. loss =  0.0 D.
 Elastic phase shift   4 =    0.013   0.004 deg. for the L =   22, J =   22.0 channel.
      22.0  0.99984495  0.00044916i: elastic S-matrix  @@      0.00  0   0 F  0
 Reaction Xsec    22.0+/22 @ 4 =   5.272/, Out:   0.000#   0.028#   0.005f

   S-matrix    5 =    0.99984   0.00162 for L=   22, J=   23.0 channel on core I =   2.0 from L=   22,  Acc. loss =  0.0 D.
 Elastic phase shift   5 =    0.046   0.004 deg. for the L =   22, J =   23.0 channel.
      22.0  0.99984352  0.00162119i: elastic S-matrix  @@      0.00  0   0 F  0
 Reaction Xsec    22.0+/22 @ 5 =   5.279/, Out:   0.000#   0.044#   0.005f

   S-matrix    6 =    0.99995  -0.00036 for L=   24, J=   23.0 channel on core I =   2.0 from L=   24,  Acc. loss =  0.0 D.
 Elastic phase shift   6 =   -0.010   0.001 deg. for the L =   24, J =   23.0 channel.
      22.0  0.99995493 -0.00036174i: elastic S-matrix  @@      0.00  0   0 F  0
 Reaction Xsec    22.0+/24 @ 6 =   1.531/, Out:   0.000#   0.001#   0.002f

   S-matrix    7 =    0.99995   0.00015 for L=   24, J=   24.0 channel on core I =   2.0 from L=   24,  Acc. loss =  0.0 D.
 Elastic phase shift   7 =    0.004   0.001 deg. for the L =   24, J =   24.0 channel.
      22.0  0.99995496  0.00014746i: elastic S-matrix  @@      0.00  0   0 F  0
 Reaction Xsec    22.0+/24 @ 7 =   1.532/, Out:   0.000#   0.003#   0.002f


 Total SPIN, PARITY =    22.0 -,     12 chs,      0 cc.  Rmin & Coul turning =    1.8    9.6
   S-matrix    1 =    0.99899   0.00616 for L=   19, J=   20.0 channel on core I =   2.0 from L=   19,  Acc. loss =  0.0 D.
 Elastic phase shift   1 =    0.177   0.028 deg. for the L =   19, J =   20.0 channel.
      22.0  0.99899392  0.00616137i: elastic S-matrix  @@      0.00  0   0 F  0
 Reaction Xsec    22.0-/19 @ 1 =   0.034 , Out:   0.000#   0.000#   0.034f

   S-matrix    2 =    0.99971  -0.00088 for L=   21, J=   20.0 channel on core I =   2.0 from L=   21,  Acc. loss =  0.0 D.
 Elastic phase shift   2 =   -0.025   0.008 deg. for the L =   21, J =   20.0 channel.
      22.0  0.99971305 -0.00087698i: elastic S-matrix  @@      0.00  0   0 F  0
 Reaction Xsec    22.0-/21 @ 2 =   9.749/, Out:   0.000#   0.166#   0.010f

   S-matrix    3 =    0.99971   0.00078 for L=   21, J=   21.0 channel on core I =   2.0 from L=   21,  Acc. loss =  0.0 D.
 Elastic phase shift   3 =    0.022   0.008 deg. for the L =   21, J =   21.0 channel.
      22.0  0.99971260  0.00078099i: elastic S-matrix  @@      0.00  0   0 F  0
 Reaction Xsec    22.0-/21 @ 3 =   9.767/, Out:   0.000#   0.084#   0.010f

   S-matrix    4 =    0.99971   0.00252 for L=   21, J=   22.0 channel on core I =   2.0 from L=   21,  Acc. loss =  0.0 D.
 Elastic phase shift   4 =    0.072   0.008 deg. for the L =   21, J =   22.0 channel.
      22.0  0.99970916  0.00252024i: elastic S-matrix  @@      0.00  0   0 F  0
 Reaction Xsec    22.0-/21 @ 4 =   9.786/, Out:   0.000#   0.091#   0.010f

   S-matrix    5 =    0.99992  -0.00050 for L=   23, J=   22.0 channel on core I =   2.0 from L=   23,  Acc. loss =  0.0 D.
 Elastic phase shift   5 =   -0.014   0.002 deg. for the L =   23, J =   22.0 channel.
      22.0  0.99991639 -0.00049794i: elastic S-matrix  @@      0.00  0   0 F  0
 Reaction Xsec    22.0-/23 @ 5 =   2.841/, Out:   0.000#   0.008#   0.003f

   S-matrix    6 =    0.99992   0.00026 for L=   23, J=   23.0 channel on core I =   2.0 from L=   23,  Acc. loss =  0.0 D.
 Elastic phase shift   6 =    0.007   0.002 deg. for the L =   23, J =   23.0 channel.
      22.0  0.99991640  0.00025769i: elastic S-matrix  @@      0.00  0   0 F  0
 Reaction Xsec    22.0-/23 @ 6 =   2.843/, Out:   0.000#   0.009#   0.003f

   S-matrix    7 =    0.99992   0.00105 for L=   23, J=   24.0 channel on core I =   2.0 from L=   23,  Acc. loss =  0.0 D.
 Elastic phase shift   7 =    0.030   0.002 deg. for the L =   23, J =   24.0 channel.
      22.0  0.99991581  0.00104668i: elastic S-matrix  @@      0.00  0   0 F  0
 Reaction Xsec    22.0-/23 @ 7 =   2.846/, Out:   0.000#   0.019#   0.003f

   S-matrix    8 =    0.99998  -0.00026 for L=   25, J=   24.0 channel on core I =   2.0 from L=   25,  Acc. loss =  0.0 D.
 Elastic phase shift   8 =   -0.007   0.001 deg. for the L =   25, J =   24.0 channel.
      22.0  0.99997573 -0.00025863i: elastic S-matrix  @@      0.00  0   0 F  0
 Reaction Xsec    22.0-/25 @ 8 =   0.825/, Out:   0.000#   0.000#   0.001f


 Total SPIN, PARITY =    23.0 +,     12 chs,      0 cc.  Rmin & Coul turning =    1.8   10.0
   S-matrix    1 =    0.99946   0.00393 for L=   20, J=   21.0 channel on core I =   2.0 from L=   20,  Acc. loss =  0.0 D.
 Elastic phase shift   1 =    0.113   0.015 deg. for the L =   20, J =   21.0 channel.
      23.0  0.99945927  0.00393291i: elastic S-matrix  @@      0.00  0   0 F  0
 Reaction Xsec    23.0+/20 @ 1 =   0.019 , Out:   0.000#   0.000#   0.019f

   S-matrix    2 =    0.99985  -0.00067 for L=   22, J=   21.0 channel on core I =   2.0 from L=   22,  Acc. loss =  0.0 D.
 Elastic phase shift   2 =   -0.019   0.004 deg. for the L =   22, J =   21.0 channel.
      23.0  0.99984503 -0.00067086i: elastic S-matrix  @@      0.00  0   0 F  0
 Reaction Xsec    23.0+/22 @ 2 =   5.499/, Out:   0.000#   0.057#   0.005f

   S-matrix    3 =    0.99984   0.00045 for L=   22, J=   22.0 channel on core I =   2.0 from L=   22,  Acc. loss =  0.0 D.
 Elastic phase shift   3 =    0.013   0.004 deg. for the L =   22, J =   22.0 channel.
      23.0  0.99984495  0.00044916i: elastic S-matrix  @@      0.00  0   0 F  0
 Reaction Xsec    23.0+/22 @ 3 =   5.506/, Out:   0.000#   0.029#   0.006f

   S-matrix    4 =    0.99984   0.00162 for L=   22, J=   23.0 channel on core I =   2.0 from L=   22,  Acc. loss =  0.0 D.
 Elastic phase shift   4 =    0.046   0.004 deg. for the L =   22, J =   23.0 channel.
      23.0  0.99984352  0.00162119i: elastic S-matrix  @@      0.00  0   0 F  0
 Reaction Xsec    23.0+/22 @ 4 =   5.514/, Out:   0.000#   0.031#   0.006f

   S-matrix    5 =    0.99995  -0.00036 for L=   24, J=   23.0 channel on core I =   2.0 from L=   24,  Acc. loss =  0.0 D.
 Elastic phase shift   5 =   -0.010   0.001 deg. for the L =   24, J =   23.0 channel.
      23.0  0.99995493 -0.00036174i: elastic S-matrix  @@      0.00  0   0 F  0
 Reaction Xsec    23.0+/24 @ 5 =   1.599/, Out:   0.000#   0.003#   0.002f

   S-matrix    6 =    0.99995   0.00015 for L=   24, J=   24.0 channel on core I =   2.0 from L=   24,  Acc. loss =  0.0 D.
 Elastic phase shift   6 =    0.004   0.001 deg. for the L =   24, J =   24.0 channel.
      23.0  0.99995496  0.00014746i: elastic S-matrix  @@      0.00  0   0 F  0
 Reaction Xsec    23.0+/24 @ 6 =   1.600/, Out:   0.000#   0.003#   0.002f

   S-matrix    7 =    0.99995   0.00068 for L=   24, J=   25.0 channel on core I =   2.0 from L=   24,  Acc. loss =  0.0 D.
 Elastic phase shift   7 =    0.019   0.001 deg. for the L =   24, J =   25.0 channel.
      23.0  0.99995471  0.00067812i: elastic S-matrix  @@      0.00  0   0 F  0
 Reaction Xsec    23.0+/24 @ 7 =   1.601/, Out:   0.000#   0.006#   0.002f

   S-matrix    8 =    0.99999  -0.00018 for L=   26, J=   25.0 channel on core I =   2.0 from L=   26,  Acc. loss =  0.0 D.
 Elastic phase shift   8 =   -0.005   0.000 deg. for the L =   26, J =   25.0 channel.
      23.0  0.99998694 -0.00018268i: elastic S-matrix  @@      0.00  0   0 F  0
 Reaction Xsec    23.0+/26 @ 8 =   0.464/, Out:   0.000#   0.000#   0.000f


 Total SPIN, PARITY =    23.0 -,     11 chs,      0 cc.  Rmin & Coul turning =    1.8   10.0
   S-matrix    1 =    0.99971   0.00078 for L=   21, J=   21.0 channel on core I =   2.0 from L=   21,  Acc. loss =  0.0 D.
 Elastic phase shift   1 =    0.022   0.008 deg. for the L =   21, J =   21.0 channel.
      23.0  0.99971260  0.00078099i: elastic S-matrix  @@      0.00  0   0 F  0
 Reaction Xsec    23.0-/21 @ 1 =   0.010 , Out:   0.000#   0.085#   0.010f

   S-matrix    2 =    0.99971   0.00252 for L=   21, J=   22.0 channel on core I =   2.0 from L=   21,  Acc. loss =  0.0 D.
 Elastic phase shift   2 =    0.072   0.008 deg. for the L =   21, J =   22.0 channel.
      23.0  0.99970916  0.00252024i: elastic S-matrix  @@      0.00  0   0 F  0
 Reaction Xsec    23.0-/21 @ 2 =   0.010 , Out:   0.000#   0.049#   0.010f

   S-matrix    3 =    0.99992  -0.00050 for L=   23, J=   22.0 channel on core I =   2.0 from L=   23,  Acc. loss =  0.0 D.
 Elastic phase shift   3 =   -0.014   0.002 deg. for the L =   23, J =   22.0 channel.
      23.0  0.99991639 -0.00049794i: elastic S-matrix  @@      0.00  0   0 F  0
 Reaction Xsec    23.0-/23 @ 3 =   2.967/, Out:   0.000#   0.014#   0.003f

   S-matrix    4 =    0.99992   0.00026 for L=   23, J=   23.0 channel on core I =   2.0 from L=   23,  Acc. loss =  0.0 D.
 Elastic phase shift   4 =    0.007   0.002 deg. for the L =   23, J =   23.0 channel.
      23.0  0.99991640  0.00025769i: elastic S-matrix  @@      0.00  0   0 F  0
 Reaction Xsec    23.0-/23 @ 4 =   2.970/, Out:   0.000#   0.010#   0.003f

   S-matrix    5 =    0.99992   0.00105 for L=   23, J=   24.0 channel on core I =   2.0 from L=   23,  Acc. loss =  0.0 D.
 Elastic phase shift   5 =    0.030   0.002 deg. for the L =   23, J =   24.0 channel.
      23.0  0.99991581  0.00104668i: elastic S-matrix  @@      0.00  0   0 F  0
 Reaction Xsec    23.0-/23 @ 5 =   2.972/, Out:   0.000#   0.015#   0.003f

   S-matrix    6 =    0.99998  -0.00026 for L=   25, J=   24.0 channel on core I =   2.0 from L=   25,  Acc. loss =  0.0 D.
 Elastic phase shift   6 =   -0.007   0.001 deg. for the L =   25, J =   24.0 channel.
      23.0  0.99997573 -0.00025863i: elastic S-matrix  @@      0.00  0   0 F  0
 Reaction Xsec    23.0-/25 @ 6 =   0.861/, Out:   0.000#   0.000#   0.001f

   S-matrix    7 =    0.99998   0.00008 for L=   25, J=   25.0 channel on core I =   2.0 from L=   25,  Acc. loss =  0.0 D.
 Elastic phase shift   7 =    0.002   0.001 deg. for the L =   25, J =   25.0 channel.
      23.0  0.99997575  0.00008416i: elastic S-matrix  @@      0.00  0   0 F  0
 Reaction Xsec    23.0-/25 @ 7 =   0.862/, Out:   0.000#   0.001#   0.001f


 Total SPIN, PARITY =    24.0 +,     11 chs,      0 cc.  Rmin & Coul turning =    1.9   10.4
   S-matrix    1 =    0.99984   0.00045 for L=   22, J=   22.0 channel on core I =   2.0 from L=   22,  Acc. loss =  0.0 D.
 Elastic phase shift   1 =    0.013   0.004 deg. for the L =   22, J =   22.0 channel.
      24.0  0.99984495  0.00044916i: elastic S-matrix  @@      0.00  0   0 F  0
 Reaction Xsec    24.0+/22 @ 1 =   5.740/, Out:   0.000#   0.029#   0.006f

   S-matrix    2 =    0.99984   0.00162 for L=   22, J=   23.0 channel on core I =   2.0 from L=   22,  Acc. loss =  0.0 D.
 Elastic phase shift   2 =    0.046   0.004 deg. for the L =   22, J =   23.0 channel.
      24.0  0.99984352  0.00162119i: elastic S-matrix  @@      0.00  0   0 F  0
 Reaction Xsec    24.0+/22 @ 2 =   5.748/, Out:   0.000#   0.017#   0.006f

   S-matrix    3 =    0.99995  -0.00036 for L=   24, J=   23.0 channel on core I =   2.0 from L=   24,  Acc. loss =  0.0 D.
 Elastic phase shift   3 =   -0.010   0.001 deg. for the L =   24, J =   23.0 channel.
      24.0  0.99995493 -0.00036174i: elastic S-matrix  @@      0.00  0   0 F  0
 Reaction Xsec    24.0+/24 @ 3 =   1.667/, Out:   0.000#   0.005#   0.002f

   S-matrix    4 =    0.99995   0.00015 for L=   24, J=   24.0 channel on core I =   2.0 from L=   24,  Acc. loss =  0.0 D.
 Elastic phase shift   4 =    0.004   0.001 deg. for the L =   24, J =   24.0 channel.
      24.0  0.99995496  0.00014746i: elastic S-matrix  @@      0.00  0   0 F  0
 Reaction Xsec    24.0+/24 @ 4 =   1.668/, Out:   0.000#   0.003#   0.002f

   S-matrix    5 =    0.99995   0.00068 for L=   24, J=   25.0 channel on core I =   2.0 from L=   24,  Acc. loss =  0.0 D.
 Elastic phase shift   5 =    0.019   0.001 deg. for the L =   24, J =   25.0 channel.
      24.0  0.99995471  0.00067812i: elastic S-matrix  @@      0.00  0   0 F  0
 Reaction Xsec    24.0+/24 @ 5 =   1.669/, Out:   0.000#   0.005#   0.002f

   S-matrix    6 =    0.99999  -0.00018 for L=   26, J=   25.0 channel on core I =   2.0 from L=   26,  Acc. loss =  0.0 D.
 Elastic phase shift   6 =   -0.005   0.000 deg. for the L =   26, J =   25.0 channel.
      24.0  0.99998694 -0.00018268i: elastic S-matrix  @@      0.00  0   0 F  0
 Reaction Xsec    24.0+/26 @ 6 =   0.483/, Out:   0.000#   0.000#   0.000f

   S-matrix    7 =    0.99999   0.00005 for L=   26, J=   26.0 channel on core I =   2.0 from L=   26,  Acc. loss =  0.0 D.
 Elastic phase shift   7 =    0.001   0.000 deg. for the L =   26, J =   26.0 channel.
      24.0  0.99998695  0.00004787i: elastic S-matrix  @@      0.00  0   0 F  0
 Reaction Xsec    24.0+/26 @ 7 =   0.484/, Out:   0.000#   0.000#   0.000f


 Total SPIN, PARITY =    24.0 -,     12 chs,      0 cc.  Rmin & Coul turning =    1.9   10.4
   S-matrix    1 =    0.99971   0.00252 for L=   21, J=   22.0 channel on core I =   2.0 from L=   21,  Acc. loss =  0.0 D.
 Elastic phase shift   1 =    0.072   0.008 deg. for the L =   21, J =   22.0 channel.
      24.0  0.99970916  0.00252024i: elastic S-matrix  @@      0.00  0   0 F  0
 Reaction Xsec    24.0-/21 @ 1 =   0.011 , Out:   0.000#   0.000#   0.011f

   S-matrix    2 =    0.99992  -0.00050 for L=   23, J=   22.0 channel on core I =   2.0 from L=   23,  Acc. loss =  0.0 D.
 Elastic phase shift   2 =   -0.014   0.002 deg. for the L =   23, J =   22.0 channel.
      24.0  0.99991639 -0.00049794i: elastic S-matrix  @@      0.00  0   0 F  0
 Reaction Xsec    24.0-/23 @ 2 =   3.093/, Out:   0.000#   0.019#   0.003f

   S-matrix    3 =    0.99992   0.00026 for L=   23, J=   23.0 channel on core I =   2.0 from L=   23,  Acc. loss =  0.0 D.
 Elastic phase shift   3 =    0.007   0.002 deg. for the L =   23, J =   23.0 channel.
      24.0  0.99991640  0.00025769i: elastic S-matrix  @@      0.00  0   0 F  0
 Reaction Xsec    24.0-/23 @ 3 =   3.096/, Out:   0.000#   0.010#   0.003f

   S-matrix    4 =    0.99992   0.00105 for L=   23, J=   24.0 channel on core I =   2.0 from L=   23,  Acc. loss =  0.0 D.
 Elastic phase shift   4 =    0.030   0.002 deg. for the L =   23, J =   24.0 channel.
      24.0  0.99991581  0.00104668i: elastic S-matrix  @@      0.00  0   0 F  0
 Reaction Xsec    24.0-/23 @ 4 =   3.099/, Out:   0.000#   0.011#   0.003f

   S-matrix    5 =    0.99998  -0.00026 for L=   25, J=   24.0 channel on core I =   2.0 from L=   25,  Acc. loss =  0.0 D.
 Elastic phase shift   5 =   -0.007   0.001 deg. for the L =   25, J =   24.0 channel.
      24.0  0.99997573 -0.00025863i: elastic S-matrix  @@      0.00  0   0 F  0
 Reaction Xsec    24.0-/25 @ 5 =   0.898/, Out:   0.000#   0.001#   0.001f

   S-matrix    6 =    0.99998   0.00008 for L=   25, J=   25.0 channel on core I =   2.0 from L=   25,  Acc. loss =  0.0 D.
 Elastic phase shift   6 =    0.002   0.001 deg. for the L =   25, J =   25.0 channel.
      24.0  0.99997575  0.00008416i: elastic S-matrix  @@      0.00  0   0 F  0
 Reaction Xsec    24.0-/25 @ 6 =   0.898/, Out:   0.000#   0.001#   0.001f

   S-matrix    7 =    0.99998   0.00044 for L=   25, J=   26.0 channel on core I =   2.0 from L=   25,  Acc. loss =  0.0 D.
 Elastic phase shift   7 =    0.013   0.001 deg. for the L =   25, J =   26.0 channel.
      24.0  0.99997564  0.00044077i: elastic S-matrix  @@      0.00  0   0 F  0
 Reaction Xsec    24.0-/25 @ 7 =   0.899/, Out:   0.000#   0.002#   0.001f

   S-matrix    8 =    0.99999  -0.00013 for L=   27, J=   26.0 channel on core I =   2.0 from L=   27,  Acc. loss =  0.0 D.
 Elastic phase shift   8 =   -0.004   0.000 deg. for the L =   27, J =   26.0 channel.
      24.0  0.99999297 -0.00012778i: elastic S-matrix  @@      0.00  0   0 F  0
 Reaction Xsec    24.0-/27 @ 8 =   0.260/, Out:   0.000#   0.000#   0.000f


 Total SPIN, PARITY =    25.0 +,     12 chs,      0 cc.  Rmin & Coul turning =    2.0   10.9
   S-matrix    1 =    0.99984   0.00162 for L=   22, J=   23.0 channel on core I =   2.0 from L=   22,  Acc. loss =  0.0 D.
 Elastic phase shift   1 =    0.046   0.004 deg. for the L =   22, J =   23.0 channel.
      25.0  0.99984352  0.00162119i: elastic S-matrix  @@      0.00  0   0 F  0
 Reaction Xsec    25.0+/22 @ 1 =   5.983/, Out:   0.000#   0.000#   0.006f

   S-matrix    2 =    0.99995  -0.00036 for L=   24, J=   23.0 channel on core I =   2.0 from L=   24,  Acc. loss =  0.0 D.
 Elastic phase shift   2 =   -0.010   0.001 deg. for the L =   24, J =   23.0 channel.
      25.0  0.99995493 -0.00036174i: elastic S-matrix  @@      0.00  0   0 F  0
 Reaction Xsec    25.0+/24 @ 2 =   1.735/, Out:   0.000#   0.007#   0.002f

   S-matrix    3 =    0.99995   0.00015 for L=   24, J=   24.0 channel on core I =   2.0 from L=   24,  Acc. loss =  0.0 D.
 Elastic phase shift   3 =    0.004   0.001 deg. for the L =   24, J =   24.0 channel.
      25.0  0.99995496  0.00014746i: elastic S-matrix  @@      0.00  0   0 F  0
 Reaction Xsec    25.0+/24 @ 3 =   1.736/, Out:   0.000#   0.003#   0.002f

   S-matrix    4 =    0.99995   0.00068 for L=   24, J=   25.0 channel on core I =   2.0 from L=   24,  Acc. loss =  0.0 D.
 Elastic phase shift   4 =    0.019   0.001 deg. for the L =   24, J =   25.0 channel.
      25.0  0.99995471  0.00067812i: elastic S-matrix  @@      0.00  0   0 F  0
 Reaction Xsec    25.0+/24 @ 4 =   1.738/, Out:   0.000#   0.004#   0.002f

   S-matrix    5 =    0.99999  -0.00018 for L=   26, J=   25.0 channel on core I =   2.0 from L=   26,  Acc. loss =  0.0 D.
 Elastic phase shift   5 =   -0.005   0.000 deg. for the L =   26, J =   25.0 channel.
      25.0  0.99998694 -0.00018268i: elastic S-matrix  @@      0.00  0   0 F  0
 Reaction Xsec    25.0+/26 @ 5 =   0.503/, Out:   0.000#   0.000#   0.001f

   S-matrix    6 =    0.99999   0.00005 for L=   26, J=   26.0 channel on core I =   2.0 from L=   26,  Acc. loss =  0.0 D.
 Elastic phase shift   6 =    0.001   0.000 deg. for the L =   26, J =   26.0 channel.
      25.0  0.99998695  0.00004787i: elastic S-matrix  @@      0.00  0   0 F  0
 Reaction Xsec    25.0+/26 @ 6 =   0.503/, Out:   0.000#   0.000#   0.001f

   S-matrix    7 =    0.99999   0.00029 for L=   26, J=   27.0 channel on core I =   2.0 from L=   26,  Acc. loss =  0.0 D.
 Elastic phase shift   7 =    0.008   0.000 deg. for the L =   26, J =   27.0 channel.
      25.0  0.99998690  0.00028734i: elastic S-matrix  @@      0.00  0   0 F  0
 Reaction Xsec    25.0+/26 @ 7 =   0.503/, Out:   0.000#   0.001#   0.001f

   S-matrix    8 =    1.00000  -0.00009 for L=   28, J=   27.0 channel on core I =   2.0 from L=   28,  Acc. loss =  0.0 D.
 Elastic phase shift   8 =   -0.003   0.000 deg. for the L =   28, J =   27.0 channel.
      25.0  0.99999622 -0.00008869i: elastic S-matrix  @@      0.00  0   0 F  0
 Reaction Xsec    25.0+/28 @ 8 =   0.145/, Out:   0.000#   0.000#   0.000f


 Total SPIN, PARITY =    25.0 -,     11 chs,      0 cc.  Rmin & Coul turning =    2.0   10.9
   S-matrix    1 =    0.99992   0.00026 for L=   23, J=   23.0 channel on core I =   2.0 from L=   23,  Acc. loss =  0.0 D.
 Elastic phase shift   1 =    0.007   0.002 deg. for the L =   23, J =   23.0 channel.
      25.0  0.99991640  0.00025769i: elastic S-matrix  @@      0.00  0   0 F  0
 Reaction Xsec    25.0-/23 @ 1 =   3.222/, Out:   0.000#   0.010#   0.003f

   S-matrix    2 =    0.99992   0.00105 for L=   23, J=   24.0 channel on core I =   2.0 from L=   23,  Acc. loss =  0.0 D.
 Elastic phase shift   2 =    0.030   0.002 deg. for the L =   23, J =   24.0 channel.
      25.0  0.99991581  0.00104668i: elastic S-matrix  @@      0.00  0   0 F  0
 Reaction Xsec    25.0-/23 @ 2 =   3.225/, Out:   0.000#   0.006#   0.003f

   S-matrix    3 =    0.99998  -0.00026 for L=   25, J=   24.0 channel on core I =   2.0 from L=   25,  Acc. loss =  0.0 D.
 Elastic phase shift   3 =   -0.007   0.001 deg. for the L =   25, J =   24.0 channel.
      25.0  0.99997573 -0.00025863i: elastic S-matrix  @@      0.00  0   0 F  0
 Reaction Xsec    25.0-/25 @ 3 =   0.935/, Out:   0.000#   0.002#   0.001f

   S-matrix    4 =    0.99998   0.00008 for L=   25, J=   25.0 channel on core I =   2.0 from L=   25,  Acc. loss =  0.0 D.
 Elastic phase shift   4 =    0.002   0.001 deg. for the L =   25, J =   25.0 channel.
      25.0  0.99997575  0.00008416i: elastic S-matrix  @@      0.00  0   0 F  0
 Reaction Xsec    25.0-/25 @ 4 =   0.935/, Out:   0.000#   0.001#   0.001f

   S-matrix    5 =    0.99998   0.00044 for L=   25, J=   26.0 channel on core I =   2.0 from L=   25,  Acc. loss =  0.0 D.
 Elastic phase shift   5 =    0.013   0.001 deg. for the L =   25, J =   26.0 channel.
      25.0  0.99997564  0.00044077i: elastic S-matrix  @@      0.00  0   0 F  0
 Reaction Xsec    25.0-/25 @ 5 =   0.936/, Out:   0.000#   0.002#   0.001f

   S-matrix    6 =    0.99999  -0.00013 for L=   27, J=   26.0 channel on core I =   2.0 from L=   27,  Acc. loss =  0.0 D.
 Elastic phase shift   6 =   -0.004   0.000 deg. for the L =   27, J =   26.0 channel.
      25.0  0.99999297 -0.00012778i: elastic S-matrix  @@      0.00  0   0 F  0
 Reaction Xsec    25.0-/27 @ 6 =   0.271/, Out:   0.000#   0.000#   0.000f

   S-matrix    7 =    0.99999   0.00003 for L=   27, J=   27.0 channel on core I =   2.0 from L=   27,  Acc. loss =  0.0 D.
 Elastic phase shift   7 =    0.001   0.000 deg. for the L =   27, J =   27.0 channel.
      25.0  0.99999298  0.00002715i: elastic S-matrix  @@      0.00  0   0 F  0
 Reaction Xsec    25.0-/27 @ 7 =   0.271/, Out:   0.000#   0.000#   0.000f


 Total SPIN, PARITY =    26.0 +,     11 chs,      0 cc.  Rmin & Coul turning =    2.1   11.3
   S-matrix    1 =    0.99995   0.00015 for L=   24, J=   24.0 channel on core I =   2.0 from L=   24,  Acc. loss =  0.0 D.
 Elastic phase shift   1 =    0.004   0.001 deg. for the L =   24, J =   24.0 channel.
      26.0  0.99995496  0.00014746i: elastic S-matrix  @@      0.00  0   0 F  0
 Reaction Xsec    26.0+/24 @ 1 =   1.805/, Out:   0.000#   0.003#   0.002f

   S-matrix    2 =    0.99995   0.00068 for L=   24, J=   25.0 channel on core I =   2.0 from L=   24,  Acc. loss =  0.0 D.
 Elastic phase shift   2 =    0.019   0.001 deg. for the L =   24, J =   25.0 channel.
      26.0  0.99995471  0.00067812i: elastic S-matrix  @@      0.00  0   0 F  0
 Reaction Xsec    26.0+/24 @ 2 =   1.806/, Out:   0.000#   0.002#   0.002f

   S-matrix    3 =    0.99999  -0.00018 for L=   26, J=   25.0 channel on core I =   2.0 from L=   26,  Acc. loss =  0.0 D.
 Elastic phase shift   3 =   -0.005   0.000 deg. for the L =   26, J =   25.0 channel.
      26.0  0.99998694 -0.00018268i: elastic S-matrix  @@      0.00  0   0 F  0
 Reaction Xsec    26.0+/26 @ 3 =   0.523/, Out:   0.000#   0.001#   0.001f

   S-matrix    4 =    0.99999   0.00005 for L=   26, J=   26.0 channel on core I =   2.0 from L=   26,  Acc. loss =  0.0 D.
 Elastic phase shift   4 =    0.001   0.000 deg. for the L =   26, J =   26.0 channel.
      26.0  0.99998695  0.00004787i: elastic S-matrix  @@      0.00  0   0 F  0
 Reaction Xsec    26.0+/26 @ 4 =   0.523/, Out:   0.000#   0.000#   0.001f

   S-matrix    5 =    0.99999   0.00029 for L=   26, J=   27.0 channel on core I =   2.0 from L=   26,  Acc. loss =  0.0 D.
 Elastic phase shift   5 =    0.008   0.000 deg. for the L =   26, J =   27.0 channel.
      26.0  0.99998690  0.00028734i: elastic S-matrix  @@      0.00  0   0 F  0
 Reaction Xsec    26.0+/26 @ 5 =   0.523/, Out:   0.000#   0.001#   0.001f

   S-matrix    6 =    1.00000  -0.00009 for L=   28, J=   27.0 channel on core I =   2.0 from L=   28,  Acc. loss =  0.0 D.
 Elastic phase shift   6 =   -0.003   0.000 deg. for the L =   28, J =   27.0 channel.
      26.0  0.99999622 -0.00008869i: elastic S-matrix  @@      0.00  0   0 F  0
 Reaction Xsec    26.0+/28 @ 6 =   0.151/, Out:   0.000#   0.000#   0.000f

   S-matrix    7 =    1.00000   0.00002 for L=   28, J=   28.0 channel on core I =   2.0 from L=   28,  Acc. loss =  0.0 D.
 Elastic phase shift   7 =    0.000   0.000 deg. for the L =   28, J =   28.0 channel.
      26.0  0.99999623  0.00001534i: elastic S-matrix  @@      0.00  0   0 F  0
 Reaction Xsec    26.0+/28 @ 7 =   0.151/, Out:   0.000#   0.000#   0.000f


 Total SPIN, PARITY =    26.0 -,     12 chs,      0 cc.  Rmin & Coul turning =    2.1   11.3
   S-matrix    1 =    0.99992   0.00105 for L=   23, J=   24.0 channel on core I =   2.0 from L=   23,  Acc. loss =  0.0 D.
 Elastic phase shift   1 =    0.030   0.002 deg. for the L =   23, J =   24.0 channel.
      26.0  0.99991581  0.00104668i: elastic S-matrix  @@      0.00  0   0 F  0
 Reaction Xsec    26.0-/23 @ 1 =   3.352/, Out:   0.000#   0.000#   0.003f

   S-matrix    2 =    0.99998  -0.00026 for L=   25, J=   24.0 channel on core I =   2.0 from L=   25,  Acc. loss =  0.0 D.
 Elastic phase shift   2 =   -0.007   0.001 deg. for the L =   25, J =   24.0 channel.
      26.0  0.99997573 -0.00025863i: elastic S-matrix  @@      0.00  0   0 F  0
 Reaction Xsec    26.0-/25 @ 2 =   0.971/, Out:   0.000#   0.002#   0.001f

   S-matrix    3 =    0.99998   0.00008 for L=   25, J=   25.0 channel on core I =   2.0 from L=   25,  Acc. loss =  0.0 D.
 Elastic phase shift   3 =    0.002   0.001 deg. for the L =   25, J =   25.0 channel.
      26.0  0.99997575  0.00008416i: elastic S-matrix  @@      0.00  0   0 F  0
 Reaction Xsec    26.0-/25 @ 3 =   0.972/, Out:   0.000#   0.001#   0.001f

   S-matrix    4 =    0.99998   0.00044 for L=   25, J=   26.0 channel on core I =   2.0 from L=   25,  Acc. loss =  0.0 D.
 Elastic phase shift   4 =    0.013   0.001 deg. for the L =   25, J =   26.0 channel.
      26.0  0.99997564  0.00044077i: elastic S-matrix  @@      0.00  0   0 F  0
 Reaction Xsec    26.0-/25 @ 4 =   0.972/, Out:   0.000#   0.001#   0.001f

   S-matrix    5 =    0.99999  -0.00013 for L=   27, J=   26.0 channel on core I =   2.0 from L=   27,  Acc. loss =  0.0 D.
 Elastic phase shift   5 =   -0.004   0.000 deg. for the L =   27, J =   26.0 channel.
      26.0  0.99999297 -0.00012778i: elastic S-matrix  @@      0.00  0   0 F  0
 Reaction Xsec    26.0-/27 @ 5 =   0.281/, Out:   0.000#   0.000#   0.000f

   S-matrix    6 =    0.99999   0.00003 for L=   27, J=   27.0 channel on core I =   2.0 from L=   27,  Acc. loss =  0.0 D.
 Elastic phase shift   6 =    0.001   0.000 deg. for the L =   27, J =   27.0 channel.
      26.0  0.99999298  0.00002715i: elastic S-matrix  @@      0.00  0   0 F  0
 Reaction Xsec    26.0-/27 @ 6 =   0.281/, Out:   0.000#   0.000#   0.000f

   S-matrix    7 =    0.99999   0.00019 for L=   27, J=   28.0 channel on core I =   2.0 from L=   27,  Acc. loss =  0.0 D.
 Elastic phase shift   7 =    0.005   0.000 deg. for the L =   27, J =   28.0 channel.
      26.0  0.99999296  0.00018784i: elastic S-matrix  @@      0.00  0   0 F  0
 Reaction Xsec    26.0-/27 @ 7 =   0.281/, Out:   0.000#   0.000#   0.000f

   S-matrix    8 =    1.00000  -0.00006 for L=   29, J=   28.0 channel on core I =   2.0 from L=   29,  Acc. loss =  0.0 D.
 Elastic phase shift   8 =   -0.002   0.000 deg. for the L =   29, J =   28.0 channel.
      26.0  0.99999797 -0.00006118i: elastic S-matrix  @@      0.00  0   0 F  0
 Reaction Xsec    26.0-/29 @ 8 =   0.081/, Out:   0.000#   0.000#   0.000f


 Total SPIN, PARITY =    27.0 +,     12 chs,      0 cc.  Rmin & Coul turning =    2.1   11.7
   S-matrix    1 =    0.99995   0.00068 for L=   24, J=   25.0 channel on core I =   2.0 from L=   24,  Acc. loss =  0.0 D.
 Elastic phase shift   1 =    0.019   0.001 deg. for the L =   24, J =   25.0 channel.
      27.0  0.99995471  0.00067812i: elastic S-matrix  @@      0.00  0   0 F  0
 Reaction Xsec    27.0+/24 @ 1 =   1.874/, Out:   0.000#   0.000#   0.002f

   S-matrix    2 =    0.99999  -0.00018 for L=   26, J=   25.0 channel on core I =   2.0 from L=   26,  Acc. loss =  0.0 D.
 Elastic phase shift   2 =   -0.005   0.000 deg. for the L =   26, J =   25.0 channel.
      27.0  0.99998694 -0.00018268i: elastic S-matrix  @@      0.00  0   0 F  0
 Reaction Xsec    27.0+/26 @ 2 =   0.543/, Out:   0.000#   0.001#   0.001f

   S-matrix    3 =    0.99999   0.00005 for L=   26, J=   26.0 channel on core I =   2.0 from L=   26,  Acc. loss =  0.0 D.
 Elastic phase shift   3 =    0.001   0.000 deg. for the L =   26, J =   26.0 channel.
      27.0  0.99998695  0.00004787i: elastic S-matrix  @@      0.00  0   0 F  0
 Reaction Xsec    27.0+/26 @ 3 =   0.543/, Out:   0.000#   0.000#   0.001f

   S-matrix    4 =    0.99999   0.00029 for L=   26, J=   27.0 channel on core I =   2.0 from L=   26,  Acc. loss =  0.0 D.
 Elastic phase shift   4 =    0.008   0.000 deg. for the L =   26, J =   27.0 channel.
      27.0  0.99998690  0.00028734i: elastic S-matrix  @@      0.00  0   0 F  0
 Reaction Xsec    27.0+/26 @ 4 =   0.543/, Out:   0.000#   0.000#   0.001f

   S-matrix    5 =    1.00000  -0.00009 for L=   28, J=   27.0 channel on core I =   2.0 from L=   28,  Acc. loss =  0.0 D.
 Elastic phase shift   5 =   -0.003   0.000 deg. for the L =   28, J =   27.0 channel.
      27.0  0.99999622 -0.00008869i: elastic S-matrix  @@      0.00  0   0 F  0
 Reaction Xsec    27.0+/28 @ 5 =   0.157/, Out:   0.000#   0.000#   0.000f

   S-matrix    6 =    1.00000   0.00002 for L=   28, J=   28.0 channel on core I =   2.0 from L=   28,  Acc. loss =  0.0 D.
 Elastic phase shift   6 =    0.000   0.000 deg. for the L =   28, J =   28.0 channel.
      27.0  0.99999623  0.00001534i: elastic S-matrix  @@      0.00  0   0 F  0
 Reaction Xsec    27.0+/28 @ 6 =   0.157/, Out:   0.000#   0.000#   0.000f

   S-matrix    7 =    1.00000   0.00012 for L=   28, J=   29.0 channel on core I =   2.0 from L=   28,  Acc. loss =  0.0 D.
 Elastic phase shift   7 =    0.004   0.000 deg. for the L =   28, J =   29.0 channel.
      27.0  0.99999622  0.00012310i: elastic S-matrix  @@      0.00  0   0 F  0
 Reaction Xsec    27.0+/28 @ 7 =   0.157/, Out:   0.000#   0.000#   0.000f

   S-matrix    8 =    1.00000  -0.00004 for L=   30, J=   29.0 channel on core I =   2.0 from L=   30,  Acc. loss =  0.0 D.
 Elastic phase shift   8 =   -0.001   0.000 deg. for the L =   30, J =   29.0 channel.
      27.0  0.99999891 -0.00004198i: elastic S-matrix  @@      0.00  0   0 F  0
 Reaction Xsec    27.0+/30 @ 8 =   0.045/, Out:   0.000#   0.000#   0.000f


 Total SPIN, PARITY =    27.0 -,     11 chs,      0 cc.  Rmin & Coul turning =    2.1   11.7
   S-matrix    1 =    0.99998   0.00008 for L=   25, J=   25.0 channel on core I =   2.0 from L=   25,  Acc. loss =  0.0 D.
 Elastic phase shift   1 =    0.002   0.001 deg. for the L =   25, J =   25.0 channel.
      27.0  0.99997575  0.00008416i: elastic S-matrix  @@      0.00  0   0 F  0
 Reaction Xsec    27.0-/25 @ 1 =   1.008/, Out:   0.000#   0.001#   0.001f

   S-matrix    2 =    0.99998   0.00044 for L=   25, J=   26.0 channel on core I =   2.0 from L=   25,  Acc. loss =  0.0 D.
 Elastic phase shift   2 =    0.013   0.001 deg. for the L =   25, J =   26.0 channel.
      27.0  0.99997564  0.00044077i: elastic S-matrix  @@      0.00  0   0 F  0
 Reaction Xsec    27.0-/25 @ 2 =   1.009/, Out:   0.000#   0.001#   0.001f

   S-matrix    3 =    0.99999  -0.00013 for L=   27, J=   26.0 channel on core I =   2.0 from L=   27,  Acc. loss =  0.0 D.
 Elastic phase shift   3 =   -0.004   0.000 deg. for the L =   27, J =   26.0 channel.
      27.0  0.99999297 -0.00012778i: elastic S-matrix  @@      0.00  0   0 F  0
 Reaction Xsec    27.0-/27 @ 3 =   0.292/, Out:   0.000#   0.000#   0.000f

   S-matrix    4 =    0.99999   0.00003 for L=   27, J=   27.0 channel on core I =   2.0 from L=   27,  Acc. loss =  0.0 D.
 Elastic phase shift   4 =    0.001   0.000 deg. for the L =   27, J =   27.0 channel.
      27.0  0.99999298  0.00002715i: elastic S-matrix  @@      0.00  0   0 F  0
 Reaction Xsec    27.0-/27 @ 4 =   0.292/, Out:   0.000#   0.000#   0.000f

   S-matrix    5 =    0.99999   0.00019 for L=   27, J=   28.0 channel on core I =   2.0 from L=   27,  Acc. loss =  0.0 D.
 Elastic phase shift   5 =    0.005   0.000 deg. for the L =   27, J =   28.0 channel.
      27.0  0.99999296  0.00018784i: elastic S-matrix  @@      0.00  0   0 F  0
 Reaction Xsec    27.0-/27 @ 5 =   0.292/, Out:   0.000#   0.000#   0.000f

   S-matrix    6 =    1.00000  -0.00006 for L=   29, J=   28.0 channel on core I =   2.0 from L=   29,  Acc. loss =  0.0 D.
 Elastic phase shift   6 =   -0.002   0.000 deg. for the L =   29, J =   28.0 channel.
      27.0  0.99999797 -0.00006118i: elastic S-matrix  @@      0.00  0   0 F  0
 Reaction Xsec    27.0-/29 @ 6 =   0.084/, Out:   0.000#   0.000#   0.000f

   S-matrix    7 =    1.00000   0.00001 for L=   29, J=   29.0 channel on core I =   2.0 from L=   29,  Acc. loss =  0.0 D.
 Elastic phase shift   7 =    0.000   0.000 deg. for the L =   29, J =   29.0 channel.
      27.0  0.99999797  0.00000862i: elastic S-matrix  @@      0.00  0   0 F  0
 Reaction Xsec    27.0-/29 @ 7 =   0.084/, Out:   0.000#   0.000#   0.000f


 Total SPIN, PARITY =    28.0 +,     11 chs,      0 cc.  Rmin & Coul turning =    2.2   12.1
   S-matrix    1 =    0.99999   0.00005 for L=   26, J=   26.0 channel on core I =   2.0 from L=   26,  Acc. loss =  0.0 D.
 Elastic phase shift   1 =    0.001   0.000 deg. for the L =   26, J =   26.0 channel.
      28.0  0.99998695  0.00004787i: elastic S-matrix  @@      0.00  0   0 F  0
 Reaction Xsec    28.0+/26 @ 1 =   0.562/, Out:   0.000#   0.000#   0.001f

   S-matrix    2 =    0.99999   0.00029 for L=   26, J=   27.0 channel on core I =   2.0 from L=   26,  Acc. loss =  0.0 D.
 Elastic phase shift   2 =    0.008   0.000 deg. for the L =   26, J =   27.0 channel.
      28.0  0.99998690  0.00028734i: elastic S-matrix  @@      0.00  0   0 F  0
 Reaction Xsec    28.0+/26 @ 2 =   0.563/, Out:   0.000#   0.000#   0.001f

   S-matrix    3 =    1.00000  -0.00009 for L=   28, J=   27.0 channel on core I =   2.0 from L=   28,  Acc. loss =  0.0 D.
 Elastic phase shift   3 =   -0.003   0.000 deg. for the L =   28, J =   27.0 channel.
      28.0  0.99999622 -0.00008869i: elastic S-matrix  @@      0.00  0   0 F  0
 Reaction Xsec    28.0+/28 @ 3 =   0.163/, Out:   0.000#   0.000#   0.000f

   S-matrix    4 =    1.00000   0.00002 for L=   28, J=   28.0 channel on core I =   2.0 from L=   28,  Acc. loss =  0.0 D.
 Elastic phase shift   4 =    0.000   0.000 deg. for the L =   28, J =   28.0 channel.
      28.0  0.99999623  0.00001534i: elastic S-matrix  @@      0.00  0   0 F  0
 Reaction Xsec    28.0+/28 @ 4 =   0.163/, Out:   0.000#   0.000#   0.000f

   S-matrix    5 =    1.00000   0.00012 for L=   28, J=   29.0 channel on core I =   2.0 from L=   28,  Acc. loss =  0.0 D.
 Elastic phase shift   5 =    0.004   0.000 deg. for the L =   28, J =   29.0 channel.
      28.0  0.99999622  0.00012310i: elastic S-matrix  @@      0.00  0   0 F  0
 Reaction Xsec    28.0+/28 @ 5 =   0.163/, Out:   0.000#   0.000#   0.000f

   S-matrix    6 =    1.00000  -0.00004 for L=   30, J=   29.0 channel on core I =   2.0 from L=   30,  Acc. loss =  0.0 D.
 Elastic phase shift   6 =   -0.001   0.000 deg. for the L =   30, J =   29.0 channel.
      28.0  0.99999891 -0.00004198i: elastic S-matrix  @@      0.00  0   0 F  0
 Reaction Xsec    28.0+/30 @ 6 =   0.047/, Out:   0.000#   0.000#   0.000f

   S-matrix    7 =    1.00000   0.00000 for L=   30, J=   30.0 channel on core I =   2.0 from L=   30,  Acc. loss =  0.0 D.
 Elastic phase shift   7 =    0.000   0.000 deg. for the L =   30, J =   30.0 channel.
      28.0  0.99999891  0.00000484i: elastic S-matrix  @@      0.00  0   0 F  0
 Reaction Xsec    28.0+/30 @ 7 =   0.047/, Out:   0.000#   0.000#   0.000f


 Total SPIN, PARITY =    28.0 -,     12 chs,      0 cc.  Rmin & Coul turning =    2.2   12.1
   S-matrix    1 =    0.99998   0.00044 for L=   25, J=   26.0 channel on core I =   2.0 from L=   25,  Acc. loss =  0.0 D.
 Elastic phase shift   1 =    0.013   0.001 deg. for the L =   25, J =   26.0 channel.
      28.0  0.99997564  0.00044077i: elastic S-matrix  @@      0.00  0   0 F  0
 Reaction Xsec    28.0-/25 @ 1 =   1.046/, Out:   0.000#   0.000#   0.001f

   S-matrix    2 =    0.99999  -0.00013 for L=   27, J=   26.0 channel on core I =   2.0 from L=   27,  Acc. loss =  0.0 D.
 Elastic phase shift   2 =   -0.004   0.000 deg. for the L =   27, J =   26.0 channel.
      28.0  0.99999297 -0.00012778i: elastic S-matrix  @@      0.00  0   0 F  0
 Reaction Xsec    28.0-/27 @ 2 =   0.302/, Out:   0.000#   0.000#   0.000f

   S-matrix    3 =    0.99999   0.00003 for L=   27, J=   27.0 channel on core I =   2.0 from L=   27,  Acc. loss =  0.0 D.
 Elastic phase shift   3 =    0.001   0.000 deg. for the L =   27, J =   27.0 channel.
      28.0  0.99999298  0.00002715i: elastic S-matrix  @@      0.00  0   0 F  0
 Reaction Xsec    28.0-/27 @ 3 =   0.302/, Out:   0.000#   0.000#   0.000f

   S-matrix    4 =    0.99999   0.00019 for L=   27, J=   28.0 channel on core I =   2.0 from L=   27,  Acc. loss =  0.0 D.
 Elastic phase shift   4 =    0.005   0.000 deg. for the L =   27, J =   28.0 channel.
      28.0  0.99999296  0.00018784i: elastic S-matrix  @@      0.00  0   0 F  0
 Reaction Xsec    28.0-/27 @ 4 =   0.303/, Out:   0.000#   0.000#   0.000f

   S-matrix    5 =    1.00000  -0.00006 for L=   29, J=   28.0 channel on core I =   2.0 from L=   29,  Acc. loss =  0.0 D.
 Elastic phase shift   5 =   -0.002   0.000 deg. for the L =   29, J =   28.0 channel.
      28.0  0.99999797 -0.00006118i: elastic S-matrix  @@      0.00  0   0 F  0
 Reaction Xsec    28.0-/29 @ 5 =   0.087/, Out:   0.000#   0.000#   0.000f

   S-matrix    6 =    1.00000   0.00001 for L=   29, J=   29.0 channel on core I =   2.0 from L=   29,  Acc. loss =  0.0 D.
 Elastic phase shift   6 =    0.000   0.000 deg. for the L =   29, J =   29.0 channel.
      28.0  0.99999797  0.00000862i: elastic S-matrix  @@      0.00  0   0 F  0
 Reaction Xsec    28.0-/29 @ 6 =   0.087/, Out:   0.000#   0.000#   0.000f

   S-matrix    7 =    1.00000   0.00008 for L=   29, J=   30.0 channel on core I =   2.0 from L=   29,  Acc. loss =  0.0 D.
 Elastic phase shift   7 =    0.002   0.000 deg. for the L =   29, J =   30.0 channel.
      28.0  0.99999797  0.00008084i: elastic S-matrix  @@      0.00  0   0 F  0
 Reaction Xsec    28.0-/29 @ 7 =   0.087/, Out:   0.000#   0.000#   0.000f

   S-matrix    8 =    1.00000  -0.00003 for L=   31, J=   30.0 channel on core I =   2.0 from L=   31,  Acc. loss =  0.0 D.
 Elastic phase shift   8 =   -0.001   0.000 deg. for the L =   31, J =   30.0 channel.
      28.0  0.99999942 -0.00002867i: elastic S-matrix  @@      0.00  0   0 F  0
 Reaction Xsec    28.0-/31 @ 8 =   0.025/, Out:   0.000#   0.000#   0.000f


 Total SPIN, PARITY =    29.0 +,     12 chs,      0 cc.  Rmin & Coul turning =    2.3   12.6
   S-matrix    1 =    0.99999   0.00029 for L=   26, J=   27.0 channel on core I =   2.0 from L=   26,  Acc. loss =  0.0 D.
 Elastic phase shift   1 =    0.008   0.000 deg. for the L =   26, J =   27.0 channel.
      29.0  0.99998690  0.00028734i: elastic S-matrix  @@      0.00  0   0 F  0
 Reaction Xsec    29.0+/26 @ 1 =   0.582/, Out:   0.000#   0.000#   0.001f

   S-matrix    2 =    1.00000  -0.00009 for L=   28, J=   27.0 channel on core I =   2.0 from L=   28,  Acc. loss =  0.0 D.
 Elastic phase shift   2 =   -0.003   0.000 deg. for the L =   28, J =   27.0 channel.
      29.0  0.99999622 -0.00008869i: elastic S-matrix  @@      0.00  0   0 F  0
 Reaction Xsec    29.0+/28 @ 2 =   0.168/, Out:   0.000#   0.000#   0.000f

   S-matrix    3 =    1.00000   0.00002 for L=   28, J=   28.0 channel on core I =   2.0 from L=   28,  Acc. loss =  0.0 D.
 Elastic phase shift   3 =    0.000   0.000 deg. for the L =   28, J =   28.0 channel.
      29.0  0.99999623  0.00001534i: elastic S-matrix  @@      0.00  0   0 F  0
 Reaction Xsec    29.0+/28 @ 3 =   0.168/, Out:   0.000#   0.000#   0.000f

   S-matrix    4 =    1.00000   0.00012 for L=   28, J=   29.0 channel on core I =   2.0 from L=   28,  Acc. loss =  0.0 D.
 Elastic phase shift   4 =    0.004   0.000 deg. for the L =   28, J =   29.0 channel.
      29.0  0.99999622  0.00012310i: elastic S-matrix  @@      0.00  0   0 F  0
 Reaction Xsec    29.0+/28 @ 4 =   0.168/, Out:   0.000#   0.000#   0.000f

   S-matrix    5 =    1.00000  -0.00004 for L=   30, J=   29.0 channel on core I =   2.0 from L=   30,  Acc. loss =  0.0 D.
 Elastic phase shift   5 =   -0.001   0.000 deg. for the L =   30, J =   29.0 channel.
      29.0  0.99999891 -0.00004198i: elastic S-matrix  @@      0.00  0   0 F  0
 Reaction Xsec    29.0+/30 @ 5 =   0.049/, Out:   0.000#   0.000#   0.000f

   S-matrix    6 =    1.00000   0.00000 for L=   30, J=   30.0 channel on core I =   2.0 from L=   30,  Acc. loss =  0.0 D.
 Elastic phase shift   6 =    0.000   0.000 deg. for the L =   30, J =   30.0 channel.
      29.0  0.99999891  0.00000484i: elastic S-matrix  @@      0.00  0   0 F  0
 Reaction Xsec    29.0+/30 @ 6 =   0.049/, Out:   0.000#   0.000#   0.000f

   S-matrix    7 =    1.00000   0.00005 for L=   30, J=   31.0 channel on core I =   2.0 from L=   30,  Acc. loss =  0.0 D.
 Elastic phase shift   7 =    0.002   0.000 deg. for the L =   30, J =   31.0 channel.
      29.0  0.99999891  0.00005321i: elastic S-matrix  @@      0.00  0   0 F  0
 Reaction Xsec    29.0+/30 @ 7 =   0.049/, Out:   0.000#   0.000#   0.000f

   S-matrix    8 =    1.00000  -0.00002 for L=   32, J=   31.0 channel on core I =   2.0 from L=   32,  Acc. loss =  0.0 D.
 Elastic phase shift   8 =   -0.001   0.000 deg. for the L =   32, J =   31.0 channel.
      29.0  0.99999969 -0.00001953i: elastic S-matrix  @@      0.00  0   0 F  0
 Reaction Xsec    29.0+/32 @ 8 =   0.014/, Out:   0.000#   0.000#   0.000f


 Total SPIN, PARITY =    29.0 -,     11 chs,      0 cc.  Rmin & Coul turning =    2.3   12.6
   S-matrix    1 =    0.99999   0.00003 for L=   27, J=   27.0 channel on core I =   2.0 from L=   27,  Acc. loss =  0.0 D.
 Elastic phase shift   1 =    0.001   0.000 deg. for the L =   27, J =   27.0 channel.
      29.0  0.99999298  0.00002715i: elastic S-matrix  @@      0.00  0   0 F  0
 Reaction Xsec    29.0-/27 @ 1 =   0.313/, Out:   0.000#   0.000#   0.000f

   S-matrix    2 =    0.99999   0.00019 for L=   27, J=   28.0 channel on core I =   2.0 from L=   27,  Acc. loss =  0.0 D.
 Elastic phase shift   2 =    0.005   0.000 deg. for the L =   27, J =   28.0 channel.
      29.0  0.99999296  0.00018784i: elastic S-matrix  @@      0.00  0   0 F  0
 Reaction Xsec    29.0-/27 @ 2 =   0.313/, Out:   0.000#   0.000#   0.000f

   S-matrix    3 =    1.00000  -0.00006 for L=   29, J=   28.0 channel on core I =   2.0 from L=   29,  Acc. loss =  0.0 D.
 Elastic phase shift   3 =   -0.002   0.000 deg. for the L =   29, J =   28.0 channel.
      29.0  0.99999797 -0.00006118i: elastic S-matrix  @@      0.00  0   0 F  0
 Reaction Xsec    29.0-/29 @ 3 =   0.090/, Out:   0.000#   0.000#   0.000f

   S-matrix    4 =    1.00000   0.00001 for L=   29, J=   29.0 channel on core I =   2.0 from L=   29,  Acc. loss =  0.0 D.
 Elastic phase shift   4 =    0.000   0.000 deg. for the L =   29, J =   29.0 channel.
      29.0  0.99999797  0.00000862i: elastic S-matrix  @@      0.00  0   0 F  0
 Reaction Xsec    29.0-/29 @ 4 =   0.090/, Out:   0.000#   0.000#   0.000f

   S-matrix    5 =    1.00000   0.00008 for L=   29, J=   30.0 channel on core I =   2.0 from L=   29,  Acc. loss =  0.0 D.
 Elastic phase shift   5 =    0.002   0.000 deg. for the L =   29, J =   30.0 channel.
      29.0  0.99999797  0.00008084i: elastic S-matrix  @@      0.00  0   0 F  0
 Reaction Xsec    29.0-/29 @ 5 =   0.090/, Out:   0.000#   0.000#   0.000f

   S-matrix    6 =    1.00000  -0.00003 for L=   31, J=   30.0 channel on core I =   2.0 from L=   31,  Acc. loss =  0.0 D.
 Elastic phase shift   6 =   -0.001   0.000 deg. for the L =   31, J =   30.0 channel.
      29.0  0.99999942 -0.00002867i: elastic S-matrix  @@      0.00  0   0 F  0
 Reaction Xsec    29.0-/31 @ 6 =   0.026/, Out:   0.000#   0.000#   0.000f

   S-matrix    7 =    1.00000   0.00000 for L=   31, J=   31.0 channel on core I =   2.0 from L=   31,  Acc. loss =  0.0 D.
 Elastic phase shift   7 =    0.000   0.000 deg. for the L =   31, J =   31.0 channel.
      29.0  0.99999942  0.00000270i: elastic S-matrix  @@      0.00  0   0 F  0
 Reaction Xsec    29.0-/31 @ 7 =   0.026/, Out:   0.000#   0.000#   0.000f


 Total SPIN, PARITY =    30.0 +,     11 chs,      0 cc.  Rmin & Coul turning =    2.4   13.0
   S-matrix    1 =    1.00000   0.00002 for L=   28, J=   28.0 channel on core I =   2.0 from L=   28,  Acc. loss =  0.0 D.
 Elastic phase shift   1 =    0.000   0.000 deg. for the L =   28, J =   28.0 channel.
      30.0  0.99999623  0.00001534i: elastic S-matrix  @@      0.00  0   0 F  0
 Reaction Xsec    30.0+/28 @ 1 =   0.174/, Out:   0.000#   0.000#   0.000f

   S-matrix    2 =    1.00000   0.00012 for L=   28, J=   29.0 channel on core I =   2.0 from L=   28,  Acc. loss =  0.0 D.
 Elastic phase shift   2 =    0.004   0.000 deg. for the L =   28, J =   29.0 channel.
      30.0  0.99999622  0.00012310i: elastic S-matrix  @@      0.00  0   0 F  0
 Reaction Xsec    30.0+/28 @ 2 =   0.174/, Out:   0.000#   0.000#   0.000f

   S-matrix    3 =    1.00000  -0.00004 for L=   30, J=   29.0 channel on core I =   2.0 from L=   30,  Acc. loss =  0.0 D.
 Elastic phase shift   3 =   -0.001   0.000 deg. for the L =   30, J =   29.0 channel.
      30.0  0.99999891 -0.00004198i: elastic S-matrix  @@      0.00  0   0 F  0
 Reaction Xsec    30.0+/30 @ 3 =   0.050/, Out:   0.000#   0.000#   0.000f

   S-matrix    4 =    1.00000   0.00000 for L=   30, J=   30.0 channel on core I =   2.0 from L=   30,  Acc. loss =  0.0 D.
 Elastic phase shift   4 =    0.000   0.000 deg. for the L =   30, J =   30.0 channel.
      30.0  0.99999891  0.00000484i: elastic S-matrix  @@      0.00  0   0 F  0
 Reaction Xsec    30.0+/30 @ 4 =   0.050/, Out:   0.000#   0.000#   0.000f

   S-matrix    5 =    1.00000   0.00005 for L=   30, J=   31.0 channel on core I =   2.0 from L=   30,  Acc. loss =  0.0 D.
 Elastic phase shift   5 =    0.002   0.000 deg. for the L =   30, J =   31.0 channel.
      30.0  0.99999891  0.00005321i: elastic S-matrix  @@      0.00  0   0 F  0
 Reaction Xsec    30.0+/30 @ 5 =   0.050/, Out:   0.000#   0.000#   0.000f

   S-matrix    6 =    1.00000  -0.00002 for L=   32, J=   31.0 channel on core I =   2.0 from L=   32,  Acc. loss =  0.0 D.
 Elastic phase shift   6 =   -0.001   0.000 deg. for the L =   32, J =   31.0 channel.
      30.0  0.99999969 -0.00001953i: elastic S-matrix  @@      0.00  0   0 F  0
 Reaction Xsec    30.0+/32 @ 6 =   0.014/, Out:   0.000#   0.000#   0.000f

   S-matrix    7 =    1.00000   0.00000 for L=   32, J=   32.0 channel on core I =   2.0 from L=   32,  Acc. loss =  0.0 D.
 Elastic phase shift   7 =    0.000   0.000 deg. for the L =   32, J =   32.0 channel.
      30.0  0.99999969  0.00000148i: elastic S-matrix  @@      0.00  0   0 F  0
 Reaction Xsec    30.0+/32 @ 7 =   0.014/, Out:   0.000#   0.000#   0.000f


 Total SPIN, PARITY =    30.0 -,     12 chs,      0 cc.  Rmin & Coul turning =    2.4   13.0
   S-matrix    1 =    0.99999   0.00019 for L=   27, J=   28.0 channel on core I =   2.0 from L=   27,  Acc. loss =  0.0 D.
 Elastic phase shift   1 =    0.005   0.000 deg. for the L =   27, J =   28.0 channel.
      30.0  0.99999296  0.00018784i: elastic S-matrix  @@      0.00  0   0 F  0
 Reaction Xsec    30.0-/27 @ 1 =   0.324/, Out:   0.000#   0.000#   0.000f

   S-matrix    2 =    1.00000  -0.00006 for L=   29, J=   28.0 channel on core I =   2.0 from L=   29,  Acc. loss =  0.0 D.
 Elastic phase shift   2 =   -0.002   0.000 deg. for the L =   29, J =   28.0 channel.
      30.0  0.99999797 -0.00006118i: elastic S-matrix  @@      0.00  0   0 F  0
 Reaction Xsec    30.0-/29 @ 2 =   0.093/, Out:   0.000#   0.000#   0.000f

   S-matrix    3 =    1.00000   0.00001 for L=   29, J=   29.0 channel on core I =   2.0 from L=   29,  Acc. loss =  0.0 D.
 Elastic phase shift   3 =    0.000   0.000 deg. for the L =   29, J =   29.0 channel.
      30.0  0.99999797  0.00000862i: elastic S-matrix  @@      0.00  0   0 F  0
 Reaction Xsec    30.0-/29 @ 3 =   0.093/, Out:   0.000#   0.000#   0.000f

   S-matrix    4 =    1.00000   0.00008 for L=   29, J=   30.0 channel on core I =   2.0 from L=   29,  Acc. loss =  0.0 D.
 Elastic phase shift   4 =    0.002   0.000 deg. for the L =   29, J =   30.0 channel.
      30.0  0.99999797  0.00008084i: elastic S-matrix  @@      0.00  0   0 F  0
 Reaction Xsec    30.0-/29 @ 4 =   0.093/, Out:   0.000#   0.000#   0.000f

   S-matrix    5 =    1.00000  -0.00003 for L=   31, J=   30.0 channel on core I =   2.0 from L=   31,  Acc. loss =  0.0 D.
 Elastic phase shift   5 =   -0.001   0.000 deg. for the L =   31, J =   30.0 channel.
      30.0  0.99999942 -0.00002867i: elastic S-matrix  @@      0.00  0   0 F  0
 Reaction Xsec    30.0-/31 @ 5 =   0.027/, Out:   0.000#   0.000#   0.000f

   S-matrix    6 =    1.00000   0.00000 for L=   31, J=   31.0 channel on core I =   2.0 from L=   31,  Acc. loss =  0.0 D.
 Elastic phase shift   6 =    0.000   0.000 deg. for the L =   31, J =   31.0 channel.
      30.0  0.99999942  0.00000270i: elastic S-matrix  @@      0.00  0   0 F  0
 Reaction Xsec    30.0-/31 @ 6 =   0.027/, Out:   0.000#   0.000#   0.000f

   S-matrix    7 =    1.00000   0.00004 for L=   31, J=   32.0 channel on core I =   2.0 from L=   31,  Acc. loss =  0.0 D.
 Elastic phase shift   7 =    0.001   0.000 deg. for the L =   31, J =   32.0 channel.
      30.0  0.99999942  0.00003508i: elastic S-matrix  @@      0.00  0   0 F  0
 Reaction Xsec    30.0-/31 @ 7 =   0.027/, Out:   0.000#   0.000#   0.000f

   S-matrix    8 =    1.00000  -0.00001 for L=   33, J=   32.0 channel on core I =   2.0 from L=   33,  Acc. loss =  0.0 D.
 Elastic phase shift   8 =   -0.000   0.000 deg. for the L =   33, J =   32.0 channel.
      30.0  0.99999983 -0.00001325i: elastic S-matrix  @@      0.00  0   0 F  0
 Reaction Xsec    30.0-/33 @ 8 =   7.747#, Out:   0.000#   0.000#   0.000f


 Total SPIN, PARITY =    31.0 +,     12 chs,      0 cc.  Rmin & Coul turning =    2.5   13.4
   S-matrix    1 =    1.00000   0.00012 for L=   28, J=   29.0 channel on core I =   2.0 from L=   28,  Acc. loss =  0.0 D.
 Elastic phase shift   1 =    0.004   0.000 deg. for the L =   28, J =   29.0 channel.
      31.0  0.99999622  0.00012310i: elastic S-matrix  @@      0.00  0   0 F  0
 Reaction Xsec    31.0+/28 @ 1 =   0.180/, Out:   0.000#   0.000#   0.000f

   S-matrix    2 =    1.00000  -0.00004 for L=   30, J=   29.0 channel on core I =   2.0 from L=   30,  Acc. loss =  0.0 D.
 Elastic phase shift   2 =   -0.001   0.000 deg. for the L =   30, J =   29.0 channel.
      31.0  0.99999891 -0.00004198i: elastic S-matrix  @@      0.00  0   0 F  0
 Reaction Xsec    31.0+/30 @ 2 =   0.052/, Out:   0.000#   0.000#   0.000f

   S-matrix    3 =    1.00000   0.00000 for L=   30, J=   30.0 channel on core I =   2.0 from L=   30,  Acc. loss =  0.0 D.
 Elastic phase shift   3 =    0.000   0.000 deg. for the L =   30, J =   30.0 channel.
      31.0  0.99999891  0.00000484i: elastic S-matrix  @@      0.00  0   0 F  0
 Reaction Xsec    31.0+/30 @ 3 =   0.052/, Out:   0.000#   0.000#   0.000f

   S-matrix    4 =    1.00000   0.00005 for L=   30, J=   31.0 channel on core I =   2.0 from L=   30,  Acc. loss =  0.0 D.
 Elastic phase shift   4 =    0.002   0.000 deg. for the L =   30, J =   31.0 channel.
      31.0  0.99999891  0.00005321i: elastic S-matrix  @@      0.00  0   0 F  0
 Reaction Xsec    31.0+/30 @ 4 =   0.052/, Out:   0.000#   0.000#   0.000f

   S-matrix    5 =    1.00000  -0.00002 for L=   32, J=   31.0 channel on core I =   2.0 from L=   32,  Acc. loss =  0.0 D.
 Elastic phase shift   5 =   -0.001   0.000 deg. for the L =   32, J =   31.0 channel.
      31.0  0.99999969 -0.00001953i: elastic S-matrix  @@      0.00  0   0 F  0
 Reaction Xsec    31.0+/32 @ 5 =   0.015/, Out:   0.000#   0.000#   0.000f

   S-matrix    6 =    1.00000   0.00000 for L=   32, J=   32.0 channel on core I =   2.0 from L=   32,  Acc. loss =  0.0 D.
 Elastic phase shift   6 =    0.000   0.000 deg. for the L =   32, J =   32.0 channel.
      31.0  0.99999969  0.00000148i: elastic S-matrix  @@      0.00  0   0 F  0
 Reaction Xsec    31.0+/32 @ 6 =   0.015/, Out:   0.000#   0.000#   0.000f

   S-matrix    7 =    1.00000   0.00002 for L=   32, J=   33.0 channel on core I =   2.0 from L=   32,  Acc. loss =  0.0 D.
 Elastic phase shift   7 =    0.001   0.000 deg. for the L =   32, J =   33.0 channel.
      31.0  0.99999969  0.00002315i: elastic S-matrix  @@      0.00  0   0 F  0
 Reaction Xsec    31.0+/32 @ 7 =   0.015/, Out:   0.000#   0.000#   0.000f

   S-matrix    8 =    1.00000  -0.00001 for L=   34, J=   33.0 channel on core I =   2.0 from L=   34,  Acc. loss =  0.0 D.
 Elastic phase shift   8 =   -0.000   0.000 deg. for the L =   34, J =   33.0 channel.
      31.0  0.99999991 -0.00000896i: elastic S-matrix  @@      0.00  0   0 F  0
 Reaction Xsec    31.0+/34 @ 8 =   4.288#, Out:   0.000#   0.000#   0.000f


 Total SPIN, PARITY =    31.0 -,     11 chs,      0 cc.  Rmin & Coul turning =    2.5   13.4
   S-matrix    1 =    1.00000   0.00001 for L=   29, J=   29.0 channel on core I =   2.0 from L=   29,  Acc. loss =  0.0 D.
 Elastic phase shift   1 =    0.000   0.000 deg. for the L =   29, J =   29.0 channel.
      31.0  0.99999797  0.00000862i: elastic S-matrix  @@      0.00  0   0 F  0
 Reaction Xsec    31.0-/29 @ 1 =   0.097/, Out:   0.000#   0.000#   0.000f

   S-matrix    2 =    1.00000   0.00008 for L=   29, J=   30.0 channel on core I =   2.0 from L=   29,  Acc. loss =  0.0 D.
 Elastic phase shift   2 =    0.002   0.000 deg. for the L =   29, J =   30.0 channel.
      31.0  0.99999797  0.00008084i: elastic S-matrix  @@      0.00  0   0 F  0
 Reaction Xsec    31.0-/29 @ 2 =   0.097/, Out:   0.000#   0.000#   0.000f

   S-matrix    3 =    1.00000  -0.00003 for L=   31, J=   30.0 channel on core I =   2.0 from L=   31,  Acc. loss =  0.0 D.
 Elastic phase shift   3 =   -0.001   0.000 deg. for the L =   31, J =   30.0 channel.
      31.0  0.99999942 -0.00002867i: elastic S-matrix  @@      0.00  0   0 F  0
 Reaction Xsec    31.0-/31 @ 3 =   0.028/, Out:   0.000#   0.000#   0.000f

   S-matrix    4 =    1.00000   0.00000 for L=   31, J=   31.0 channel on core I =   2.0 from L=   31,  Acc. loss =  0.0 D.
 Elastic phase shift   4 =    0.000   0.000 deg. for the L =   31, J =   31.0 channel.
      31.0  0.99999942  0.00000270i: elastic S-matrix  @@      0.00  0   0 F  0
 Reaction Xsec    31.0-/31 @ 4 =   0.028/, Out:   0.000#   0.000#   0.000f

   S-matrix    5 =    1.00000   0.00004 for L=   31, J=   32.0 channel on core I =   2.0 from L=   31,  Acc. loss =  0.0 D.
 Elastic phase shift   5 =    0.001   0.000 deg. for the L =   31, J =   32.0 channel.
      31.0  0.99999942  0.00003508i: elastic S-matrix  @@      0.00  0   0 F  0
 Reaction Xsec    31.0-/31 @ 5 =   0.028/, Out:   0.000#   0.000#   0.000f

   S-matrix    6 =    1.00000  -0.00001 for L=   33, J=   32.0 channel on core I =   2.0 from L=   33,  Acc. loss =  0.0 D.
 Elastic phase shift   6 =   -0.000   0.000 deg. for the L =   33, J =   32.0 channel.
      31.0  0.99999983 -0.00001325i: elastic S-matrix  @@      0.00  0   0 F  0
 Reaction Xsec    31.0-/33 @ 6 =   8.001#, Out:   0.000#   0.000#   0.000f

   S-matrix    7 =    1.00000   0.00000 for L=   33, J=   33.0 channel on core I =   2.0 from L=   33,  Acc. loss =  0.0 D.
 Elastic phase shift   7 =    0.000   0.000 deg. for the L =   33, J =   33.0 channel.
      31.0  0.99999983  0.00000082i: elastic S-matrix  @@      0.00  0   0 F  0
 Reaction Xsec    31.0-/33 @ 7 =   8.001#, Out:   0.000#   0.000#   0.000f


 Total SPIN, PARITY =    32.0 +,     11 chs,      0 cc.  Rmin & Coul turning =    2.6   13.8
   S-matrix    1 =    1.00000   0.00000 for L=   30, J=   30.0 channel on core I =   2.0 from L=   30,  Acc. loss =  0.0 D.
 Elastic phase shift   1 =    0.000   0.000 deg. for the L =   30, J =   30.0 channel.
      32.0  0.99999891  0.00000484i: elastic S-matrix  @@      0.00  0   0 F  0
 Reaction Xsec    32.0+/30 @ 1 =   0.053/, Out:   0.000#   0.000#   0.000f

   S-matrix    2 =    1.00000   0.00005 for L=   30, J=   31.0 channel on core I =   2.0 from L=   30,  Acc. loss =  0.0 D.
 Elastic phase shift   2 =    0.002   0.000 deg. for the L =   30, J =   31.0 channel.
      32.0  0.99999891  0.00005321i: elastic S-matrix  @@      0.00  0   0 F  0
 Reaction Xsec    32.0+/30 @ 2 =   0.053/, Out:   0.000#   0.000#   0.000f

   S-matrix    3 =    1.00000  -0.00002 for L=   32, J=   31.0 channel on core I =   2.0 from L=   32,  Acc. loss =  0.0 D.
 Elastic phase shift   3 =   -0.001   0.000 deg. for the L =   32, J =   31.0 channel.
      32.0  0.99999969 -0.00001953i: elastic S-matrix  @@      0.00  0   0 F  0
 Reaction Xsec    32.0+/32 @ 3 =   0.015/, Out:   0.000#   0.000#   0.000f

   S-matrix    4 =    1.00000   0.00000 for L=   32, J=   32.0 channel on core I =   2.0 from L=   32,  Acc. loss =  0.0 D.
 Elastic phase shift   4 =    0.000   0.000 deg. for the L =   32, J =   32.0 channel.
      32.0  0.99999969  0.00000148i: elastic S-matrix  @@      0.00  0   0 F  0
 Reaction Xsec    32.0+/32 @ 4 =   0.015/, Out:   0.000#   0.000#   0.000f

   S-matrix    5 =    1.00000   0.00002 for L=   32, J=   33.0 channel on core I =   2.0 from L=   32,  Acc. loss =  0.0 D.
 Elastic phase shift   5 =    0.001   0.000 deg. for the L =   32, J =   33.0 channel.
      32.0  0.99999969  0.00002315i: elastic S-matrix  @@      0.00  0   0 F  0
 Reaction Xsec    32.0+/32 @ 5 =   0.015/, Out:   0.000#   0.000#   0.000f

   S-matrix    6 =    1.00000  -0.00001 for L=   34, J=   33.0 channel on core I =   2.0 from L=   34,  Acc. loss =  0.0 D.
 Elastic phase shift   6 =   -0.000   0.000 deg. for the L =   34, J =   33.0 channel.
      32.0  0.99999991 -0.00000896i: elastic S-matrix  @@      0.00  0   0 F  0
 Reaction Xsec    32.0+/34 @ 6 =   4.424#, Out:   0.000#   0.000#   0.000f

   S-matrix    7 =    1.00000   0.00000 for L=   34, J=   34.0 channel on core I =   2.0 from L=   34,  Acc. loss =  0.0 D.
 Elastic phase shift   7 =    0.000   0.000 deg. for the L =   34, J =   34.0 channel.
      32.0  0.99999991  0.00000046i: elastic S-matrix  @@      0.00  0   0 F  0
 Reaction Xsec    32.0+/34 @ 7 =   4.424#, Out:   0.000#   0.000#   0.000f


 Total SPIN, PARITY =    32.0 -,     12 chs,      0 cc.  Rmin & Coul turning =    2.6   13.8
   S-matrix    1 =    1.00000   0.00008 for L=   29, J=   30.0 channel on core I =   2.0 from L=   29,  Acc. loss =  0.0 D.
 Elastic phase shift   1 =    0.002   0.000 deg. for the L =   29, J =   30.0 channel.
      32.0  0.99999797  0.00008084i: elastic S-matrix  @@      0.00  0   0 F  0
 Reaction Xsec    32.0-/29 @ 1 =   0.100/, Out:   0.000#   0.000#   0.000f

   S-matrix    2 =    1.00000  -0.00003 for L=   31, J=   30.0 channel on core I =   2.0 from L=   31,  Acc. loss =  0.0 D.
 Elastic phase shift   2 =   -0.001   0.000 deg. for the L =   31, J =   30.0 channel.
      32.0  0.99999942 -0.00002867i: elastic S-matrix  @@      0.00  0   0 F  0
 Reaction Xsec    32.0-/31 @ 2 =   0.029/, Out:   0.000#   0.000#   0.000f

   S-matrix    3 =    1.00000   0.00000 for L=   31, J=   31.0 channel on core I =   2.0 from L=   31,  Acc. loss =  0.0 D.
 Elastic phase shift   3 =    0.000   0.000 deg. for the L =   31, J =   31.0 channel.
      32.0  0.99999942  0.00000270i: elastic S-matrix  @@      0.00  0   0 F  0
 Reaction Xsec    32.0-/31 @ 3 =   0.029/, Out:   0.000#   0.000#   0.000f

   S-matrix    4 =    1.00000   0.00004 for L=   31, J=   32.0 channel on core I =   2.0 from L=   31,  Acc. loss =  0.0 D.
 Elastic phase shift   4 =    0.001   0.000 deg. for the L =   31, J =   32.0 channel.
      32.0  0.99999942  0.00003508i: elastic S-matrix  @@      0.00  0   0 F  0
 Reaction Xsec    32.0-/31 @ 4 =   0.029/, Out:   0.000#   0.000#   0.000f

   S-matrix    5 =    1.00000  -0.00001 for L=   33, J=   32.0 channel on core I =   2.0 from L=   33,  Acc. loss =  0.0 D.
 Elastic phase shift   5 =   -0.000   0.000 deg. for the L =   33, J =   32.0 channel.
      32.0  0.99999983 -0.00001325i: elastic S-matrix  @@      0.00  0   0 F  0
 Reaction Xsec    32.0-/33 @ 5 =   8.255#, Out:   0.000#   0.000#   0.000f

   S-matrix    6 =    1.00000   0.00000 for L=   33, J=   33.0 channel on core I =   2.0 from L=   33,  Acc. loss =  0.0 D.
 Elastic phase shift   6 =    0.000   0.000 deg. for the L =   33, J =   33.0 channel.
      32.0  0.99999983  0.00000082i: elastic S-matrix  @@      0.00  0   0 F  0
 Reaction Xsec    32.0-/33 @ 6 =   8.255#, Out:   0.000#   0.000#   0.000f

   S-matrix    7 =    1.00000   0.00002 for L=   33, J=   34.0 channel on core I =   2.0 from L=   33,  Acc. loss =  0.0 D.
 Elastic phase shift   7 =    0.000   0.000 deg. for the L =   33, J =   34.0 channel.
      32.0  0.99999983  0.00001531i: elastic S-matrix  @@      0.00  0   0 F  0
 Reaction Xsec    32.0-/33 @ 7 =   8.255#, Out:   0.000#   0.000#   0.000f

   S-matrix    8 =    1.00000  -0.00001 for L=   35, J=   34.0 channel on core I =   2.0 from L=   35,  Acc. loss =  0.0 D.
 Elastic phase shift   8 =   -0.000   0.000 deg. for the L =   35, J =   34.0 channel.
      32.0  0.99999995 -0.00000606i: elastic S-matrix  @@      0.00  0   0 F  0
 Reaction Xsec    32.0-/35 @ 8 =   2.370#, Out:   0.000#   0.000#   0.000f


 Total SPIN, PARITY =    33.0 +,     12 chs,      0 cc.  Rmin & Coul turning =    2.6   14.3
   S-matrix    1 =    1.00000   0.00005 for L=   30, J=   31.0 channel on core I =   2.0 from L=   30,  Acc. loss =  0.0 D.
 Elastic phase shift   1 =    0.002   0.000 deg. for the L =   30, J =   31.0 channel.
      33.0  0.99999891  0.00005321i: elastic S-matrix  @@      0.00  0   0 F  0
 Reaction Xsec    33.0+/30 @ 1 =   0.055/, Out:   0.000#   0.000#   0.000f

   S-matrix    2 =    1.00000  -0.00002 for L=   32, J=   31.0 channel on core I =   2.0 from L=   32,  Acc. loss =  0.0 D.
 Elastic phase shift   2 =   -0.001   0.000 deg. for the L =   32, J =   31.0 channel.
      33.0  0.99999969 -0.00001953i: elastic S-matrix  @@      0.00  0   0 F  0
 Reaction Xsec    33.0+/32 @ 2 =   0.016/, Out:   0.000#   0.000#   0.000f

   S-matrix    3 =    1.00000   0.00000 for L=   32, J=   32.0 channel on core I =   2.0 from L=   32,  Acc. loss =  0.0 D.
 Elastic phase shift   3 =    0.000   0.000 deg. for the L =   32, J =   32.0 channel.
      33.0  0.99999969  0.00000148i: elastic S-matrix  @@      0.00  0   0 F  0
 Reaction Xsec    33.0+/32 @ 3 =   0.016/, Out:   0.000#   0.000#   0.000f

   S-matrix    4 =    1.00000   0.00002 for L=   32, J=   33.0 channel on core I =   2.0 from L=   32,  Acc. loss =  0.0 D.
 Elastic phase shift   4 =    0.001   0.000 deg. for the L =   32, J =   33.0 channel.
      33.0  0.99999969  0.00002315i: elastic S-matrix  @@      0.00  0   0 F  0
 Reaction Xsec    33.0+/32 @ 4 =   0.016/, Out:   0.000#   0.000#   0.000f

   S-matrix    5 =    1.00000  -0.00001 for L=   34, J=   33.0 channel on core I =   2.0 from L=   34,  Acc. loss =  0.0 D.
 Elastic phase shift   5 =   -0.000   0.000 deg. for the L =   34, J =   33.0 channel.
      33.0  0.99999991 -0.00000896i: elastic S-matrix  @@      0.00  0   0 F  0
 Reaction Xsec    33.0+/34 @ 5 =   4.560#, Out:   0.000#   0.000#   0.000f

   S-matrix    6 =    1.00000   0.00000 for L=   34, J=   34.0 channel on core I =   2.0 from L=   34,  Acc. loss =  0.0 D.
 Elastic phase shift   6 =    0.000   0.000 deg. for the L =   34, J =   34.0 channel.
      33.0  0.99999991  0.00000046i: elastic S-matrix  @@      0.00  0   0 F  0
 Reaction Xsec    33.0+/34 @ 6 =   4.561#, Out:   0.000#   0.000#   0.000f

   S-matrix    7 =    1.00000   0.00001 for L=   34, J=   35.0 channel on core I =   2.0 from L=   34,  Acc. loss =  0.0 D.
 Elastic phase shift   7 =    0.000   0.000 deg. for the L =   34, J =   35.0 channel.
      33.0  0.99999991  0.00001014i: elastic S-matrix  @@      0.00  0   0 F  0
 Reaction Xsec    33.0+/34 @ 7 =   4.561#, Out:   0.000#   0.000#   0.000f

   S-matrix    8 =    1.00000  -0.00000 for L=   36, J=   35.0 channel on core I =   2.0 from L=   36,  Acc. loss =  0.0 D.
 Elastic phase shift   8 =   -0.000   0.000 deg. for the L =   36, J =   35.0 channel.
      33.0  0.99999997 -0.00000409i: elastic S-matrix  @@      0.00  0   0 F  0
 Reaction Xsec    33.0+/36 @ 8 =   1.309#, Out:   0.000#   0.000#   0.000f


 Total SPIN, PARITY =    33.0 -,     11 chs,      0 cc.  Rmin & Coul turning =    2.6   14.3
   S-matrix    1 =    1.00000   0.00000 for L=   31, J=   31.0 channel on core I =   2.0 from L=   31,  Acc. loss =  0.0 D.
 Elastic phase shift   1 =    0.000   0.000 deg. for the L =   31, J =   31.0 channel.
      33.0  0.99999942  0.00000270i: elastic S-matrix  @@      0.00  0   0 F  0
 Reaction Xsec    33.0-/31 @ 1 =   0.030/, Out:   0.000#   0.000#   0.000f

   S-matrix    2 =    1.00000   0.00004 for L=   31, J=   32.0 channel on core I =   2.0 from L=   31,  Acc. loss =  0.0 D.
 Elastic phase shift   2 =    0.001   0.000 deg. for the L =   31, J =   32.0 channel.
      33.0  0.99999942  0.00003508i: elastic S-matrix  @@      0.00  0   0 F  0
 Reaction Xsec    33.0-/31 @ 2 =   0.030/, Out:   0.000#   0.000#   0.000f

   S-matrix    3 =    1.00000  -0.00001 for L=   33, J=   32.0 channel on core I =   2.0 from L=   33,  Acc. loss =  0.0 D.
 Elastic phase shift   3 =   -0.000   0.000 deg. for the L =   33, J =   32.0 channel.
      33.0  0.99999983 -0.00001325i: elastic S-matrix  @@      0.00  0   0 F  0
 Reaction Xsec    33.0-/33 @ 3 =   8.509#, Out:   0.000#   0.000#   0.000f

   S-matrix    4 =    1.00000   0.00000 for L=   33, J=   33.0 channel on core I =   2.0 from L=   33,  Acc. loss =  0.0 D.
 Elastic phase shift   4 =    0.000   0.000 deg. for the L =   33, J =   33.0 channel.
      33.0  0.99999983  0.00000082i: elastic S-matrix  @@      0.00  0   0 F  0
 Reaction Xsec    33.0-/33 @ 4 =   8.509#, Out:   0.000#   0.000#   0.000f

   S-matrix    5 =    1.00000   0.00002 for L=   33, J=   34.0 channel on core I =   2.0 from L=   33,  Acc. loss =  0.0 D.
 Elastic phase shift   5 =    0.000   0.000 deg. for the L =   33, J =   34.0 channel.
      33.0  0.99999983  0.00001531i: elastic S-matrix  @@      0.00  0   0 F  0
 Reaction Xsec    33.0-/33 @ 5 =   8.509#, Out:   0.000#   0.000#   0.000f

   S-matrix    6 =    1.00000  -0.00001 for L=   35, J=   34.0 channel on core I =   2.0 from L=   35,  Acc. loss =  0.0 D.
 Elastic phase shift   6 =   -0.000   0.000 deg. for the L =   35, J =   34.0 channel.
      33.0  0.99999995 -0.00000606i: elastic S-matrix  @@      0.00  0   0 F  0
 Reaction Xsec    33.0-/35 @ 6 =   2.443#, Out:   0.000#   0.000#   0.000f

   S-matrix    7 =    1.00000   0.00000 for L=   35, J=   35.0 channel on core I =   2.0 from L=   35,  Acc. loss =  0.0 D.
 Elastic phase shift   7 =    0.000   0.000 deg. for the L =   35, J =   35.0 channel.
      33.0  0.99999995  0.00000024i: elastic S-matrix  @@      0.00  0   0 F  0
 Reaction Xsec    33.0-/35 @ 7 =   2.443#, Out:   0.000#   0.000#   0.000f


 Total SPIN, PARITY =    34.0 +,     11 chs,      0 cc.  Rmin & Coul turning =    2.7   14.7
   S-matrix    1 =    1.00000   0.00000 for L=   32, J=   32.0 channel on core I =   2.0 from L=   32,  Acc. loss =  0.0 D.
 Elastic phase shift   1 =    0.000   0.000 deg. for the L =   32, J =   32.0 channel.
      34.0  0.99999969  0.00000148i: elastic S-matrix  @@      0.00  0   0 F  0
 Reaction Xsec    34.0+/32 @ 1 =   0.016/, Out:   0.000#   0.000#   0.000f

   S-matrix    2 =    1.00000   0.00002 for L=   32, J=   33.0 channel on core I =   2.0 from L=   32,  Acc. loss =  0.0 D.
 Elastic phase shift   2 =    0.001   0.000 deg. for the L =   32, J =   33.0 channel.
      34.0  0.99999969  0.00002315i: elastic S-matrix  @@      0.00  0   0 F  0
 Reaction Xsec    34.0+/32 @ 2 =   0.016/, Out:   0.000#   0.000#   0.000f

   S-matrix    3 =    1.00000  -0.00001 for L=   34, J=   33.0 channel on core I =   2.0 from L=   34,  Acc. loss =  0.0 D.
 Elastic phase shift   3 =   -0.000   0.000 deg. for the L =   34, J =   33.0 channel.
      34.0  0.99999991 -0.00000896i: elastic S-matrix  @@      0.00  0   0 F  0
 Reaction Xsec    34.0+/34 @ 3 =   4.697#, Out:   0.000#   0.000#   0.000f

   S-matrix    4 =    1.00000   0.00000 for L=   34, J=   34.0 channel on core I =   2.0 from L=   34,  Acc. loss =  0.0 D.
 Elastic phase shift   4 =    0.000   0.000 deg. for the L =   34, J =   34.0 channel.
      34.0  0.99999991  0.00000046i: elastic S-matrix  @@      0.00  0   0 F  0
 Reaction Xsec    34.0+/34 @ 4 =   4.697#, Out:   0.000#   0.000#   0.000f

   S-matrix    5 =    1.00000   0.00001 for L=   34, J=   35.0 channel on core I =   2.0 from L=   34,  Acc. loss =  0.0 D.
 Elastic phase shift   5 =    0.000   0.000 deg. for the L =   34, J =   35.0 channel.
      34.0  0.99999991  0.00001014i: elastic S-matrix  @@      0.00  0   0 F  0
 Reaction Xsec    34.0+/34 @ 5 =   4.697#, Out:   0.000#   0.000#   0.000f

   S-matrix    6 =    1.00000  -0.00000 for L=   36, J=   35.0 channel on core I =   2.0 from L=   36,  Acc. loss =  0.0 D.
 Elastic phase shift   6 =   -0.000   0.000 deg. for the L =   36, J =   35.0 channel.
      34.0  0.99999997 -0.00000409i: elastic S-matrix  @@      0.00  0   0 F  0
 Reaction Xsec    34.0+/36 @ 6 =   1.348#, Out:   0.000#   0.000#   0.000f

   S-matrix    7 =    1.00000   0.00000 for L=   36, J=   36.0 channel on core I =   2.0 from L=   36,  Acc. loss =  0.0 D.
 Elastic phase shift   7 =    0.000   0.000 deg. for the L =   36, J =   36.0 channel.
      34.0  0.99999997  0.00000012i: elastic S-matrix  @@      0.00  0   0 F  0
 Reaction Xsec    34.0+/36 @ 7 =   1.348#, Out:   0.000#   0.000#   0.000f


 Total SPIN, PARITY =    34.0 -,     12 chs,      0 cc.  Rmin & Coul turning =    2.7   14.7
   S-matrix    1 =    1.00000   0.00004 for L=   31, J=   32.0 channel on core I =   2.0 from L=   31,  Acc. loss =  0.0 D.
 Elastic phase shift   1 =    0.001   0.000 deg. for the L =   31, J =   32.0 channel.
      34.0  0.99999942  0.00003508i: elastic S-matrix  @@      0.00  0   0 F  0
 Reaction Xsec    34.0-/31 @ 1 =   0.030/, Out:   0.000#   0.000#   0.000f

   S-matrix    2 =    1.00000  -0.00001 for L=   33, J=   32.0 channel on core I =   2.0 from L=   33,  Acc. loss =  0.0 D.
 Elastic phase shift   2 =   -0.000   0.000 deg. for the L =   33, J =   32.0 channel.
      34.0  0.99999983 -0.00001325i: elastic S-matrix  @@      0.00  0   0 F  0
 Reaction Xsec    34.0-/33 @ 2 =   8.763#, Out:   0.000#   0.000#   0.000f

   S-matrix    3 =    1.00000   0.00000 for L=   33, J=   33.0 channel on core I =   2.0 from L=   33,  Acc. loss =  0.0 D.
 Elastic phase shift   3 =    0.000   0.000 deg. for the L =   33, J =   33.0 channel.
      34.0  0.99999983  0.00000082i: elastic S-matrix  @@      0.00  0   0 F  0
 Reaction Xsec    34.0-/33 @ 3 =   8.763#, Out:   0.000#   0.000#   0.000f

   S-matrix    4 =    1.00000   0.00002 for L=   33, J=   34.0 channel on core I =   2.0 from L=   33,  Acc. loss =  0.0 D.
 Elastic phase shift   4 =    0.000   0.000 deg. for the L =   33, J =   34.0 channel.
      34.0  0.99999983  0.00001531i: elastic S-matrix  @@      0.00  0   0 F  0
 Reaction Xsec    34.0-/33 @ 4 =   8.763#, Out:   0.000#   0.000#   0.000f

   S-matrix    5 =    1.00000  -0.00001 for L=   35, J=   34.0 channel on core I =   2.0 from L=   35,  Acc. loss =  0.0 D.
 Elastic phase shift   5 =   -0.000   0.000 deg. for the L =   35, J =   34.0 channel.
      34.0  0.99999995 -0.00000606i: elastic S-matrix  @@      0.00  0   0 F  0
 Reaction Xsec    34.0-/35 @ 5 =   2.516#, Out:   0.000#   0.000#   0.000f

   S-matrix    6 =    1.00000   0.00000 for L=   35, J=   35.0 channel on core I =   2.0 from L=   35,  Acc. loss =  0.0 D.
 Elastic phase shift   6 =    0.000   0.000 deg. for the L =   35, J =   35.0 channel.
      34.0  0.99999995  0.00000024i: elastic S-matrix  @@      0.00  0   0 F  0
 Reaction Xsec    34.0-/35 @ 6 =   2.516#, Out:   0.000#   0.000#   0.000f

   S-matrix    7 =    1.00000   0.00001 for L=   35, J=   36.0 channel on core I =   2.0 from L=   35,  Acc. loss =  0.0 D.
 Elastic phase shift   7 =    0.000   0.000 deg. for the L =   35, J =   36.0 channel.
      34.0  0.99999995  0.00000671i: elastic S-matrix  @@      0.00  0   0 F  0
 Reaction Xsec    34.0-/35 @ 7 =   2.516#, Out:   0.000#   0.000#   0.000f

   S-matrix    8 =    1.00000  -0.00000 for L=   37, J=   36.0 channel on core I =   2.0 from L=   37,  Acc. loss =  0.0 D.
 Elastic phase shift   8 =   -0.000   0.000 deg. for the L =   37, J =   36.0 channel.
      34.0  0.99999999 -0.00000274i: elastic S-matrix  @@      0.00  0   0 F  0
 Reaction Xsec    34.0-/37 @ 8 =   0.721#, Out:   0.000#   0.000#   0.000f


 Total SPIN, PARITY =    35.0 +,     12 chs,      0 cc.  Rmin & Coul turning =    2.8   15.1
   S-matrix    1 =    1.00000   0.00002 for L=   32, J=   33.0 channel on core I =   2.0 from L=   32,  Acc. loss =  0.0 D.
 Elastic phase shift   1 =    0.001   0.000 deg. for the L =   32, J =   33.0 channel.
      35.0  0.99999969  0.00002315i: elastic S-matrix  @@      0.00  0   0 F  0
 Reaction Xsec    35.0+/32 @ 1 =   0.017/, Out:   0.000#   0.000#   0.000f

   S-matrix    2 =    1.00000  -0.00001 for L=   34, J=   33.0 channel on core I =   2.0 from L=   34,  Acc. loss =  0.0 D.
 Elastic phase shift   2 =   -0.000   0.000 deg. for the L =   34, J =   33.0 channel.
      35.0  0.99999991 -0.00000896i: elastic S-matrix  @@      0.00  0   0 F  0
 Reaction Xsec    35.0+/34 @ 2 =   4.833#, Out:   0.000#   0.000#   0.000f

   S-matrix    3 =    1.00000   0.00000 for L=   34, J=   34.0 channel on core I =   2.0 from L=   34,  Acc. loss =  0.0 D.
 Elastic phase shift   3 =    0.000   0.000 deg. for the L =   34, J =   34.0 channel.
      35.0  0.99999991  0.00000046i: elastic S-matrix  @@      0.00  0   0 F  0
 Reaction Xsec    35.0+/34 @ 3 =   4.833#, Out:   0.000#   0.000#   0.000f

   S-matrix    4 =    1.00000   0.00001 for L=   34, J=   35.0 channel on core I =   2.0 from L=   34,  Acc. loss =  0.0 D.
 Elastic phase shift   4 =    0.000   0.000 deg. for the L =   34, J =   35.0 channel.
      35.0  0.99999991  0.00001014i: elastic S-matrix  @@      0.00  0   0 F  0
 Reaction Xsec    35.0+/34 @ 4 =   4.833#, Out:   0.000#   0.000#   0.000f

   S-matrix    5 =    1.00000  -0.00000 for L=   36, J=   35.0 channel on core I =   2.0 from L=   36,  Acc. loss =  0.0 D.
 Elastic phase shift   5 =   -0.000   0.000 deg. for the L =   36, J =   35.0 channel.
      35.0  0.99999997 -0.00000409i: elastic S-matrix  @@      0.00  0   0 F  0
 Reaction Xsec    35.0+/36 @ 5 =   1.387#, Out:   0.000#   0.000#   0.000f

   S-matrix    6 =    1.00000   0.00000 for L=   36, J=   36.0 channel on core I =   2.0 from L=   36,  Acc. loss =  0.0 D.
 Elastic phase shift   6 =    0.000   0.000 deg. for the L =   36, J =   36.0 channel.
      35.0  0.99999997  0.00000012i: elastic S-matrix  @@      0.00  0   0 F  0
 Reaction Xsec    35.0+/36 @ 6 =   1.387#, Out:   0.000#   0.000#   0.000f

   S-matrix    7 =    1.00000   0.00000 for L=   36, J=   37.0 channel on core I =   2.0 from L=   36,  Acc. loss =  0.0 D.
 Elastic phase shift   7 =    0.000   0.000 deg. for the L =   36, J =   37.0 channel.
      35.0  0.99999997  0.00000445i: elastic S-matrix  @@      0.00  0   0 F  0
 Reaction Xsec    35.0+/36 @ 7 =   1.387#, Out:   0.000#   0.000#   0.000f

   S-matrix    8 =    1.00000  -0.00000 for L=   38, J=   37.0 channel on core I =   2.0 from L=   38,  Acc. loss =  0.0 D.
 Elastic phase shift   8 =   -0.000   0.000 deg. for the L =   38, J =   37.0 channel.
      35.0  0.99999999 -0.00000184i: elastic S-matrix  @@      0.00  0   0 F  0
 Reaction Xsec    35.0+/38 @ 8 =   0.397#, Out:   0.000#   0.000#   0.000f


 Total SPIN, PARITY =    35.0 -,     11 chs,      0 cc.  Rmin & Coul turning =    2.8   15.1
   S-matrix    1 =    1.00000   0.00000 for L=   33, J=   33.0 channel on core I =   2.0 from L=   33,  Acc. loss =  0.0 D.
 Elastic phase shift   1 =    0.000   0.000 deg. for the L =   33, J =   33.0 channel.
      35.0  0.99999983  0.00000082i: elastic S-matrix  @@      0.00  0   0 F  0
 Reaction Xsec    35.0-/33 @ 1 =   9.017#, Out:   0.000#   0.000#   0.000f

   S-matrix    2 =    1.00000   0.00002 for L=   33, J=   34.0 channel on core I =   2.0 from L=   33,  Acc. loss =  0.0 D.
 Elastic phase shift   2 =    0.000   0.000 deg. for the L =   33, J =   34.0 channel.
      35.0  0.99999983  0.00001531i: elastic S-matrix  @@      0.00  0   0 F  0
 Reaction Xsec    35.0-/33 @ 2 =   9.017#, Out:   0.000#   0.000#   0.000f

   S-matrix    3 =    1.00000  -0.00001 for L=   35, J=   34.0 channel on core I =   2.0 from L=   35,  Acc. loss =  0.0 D.
 Elastic phase shift   3 =   -0.000   0.000 deg. for the L =   35, J =   34.0 channel.
      35.0  0.99999995 -0.00000606i: elastic S-matrix  @@      0.00  0   0 F  0
 Reaction Xsec    35.0-/35 @ 3 =   2.589#, Out:   0.000#   0.000#   0.000f

   S-matrix    4 =    1.00000   0.00000 for L=   35, J=   35.0 channel on core I =   2.0 from L=   35,  Acc. loss =  0.0 D.
 Elastic phase shift   4 =    0.000   0.000 deg. for the L =   35, J =   35.0 channel.
      35.0  0.99999995  0.00000024i: elastic S-matrix  @@      0.00  0   0 F  0
 Reaction Xsec    35.0-/35 @ 4 =   2.589#, Out:   0.000#   0.000#   0.000f

   S-matrix    5 =    1.00000   0.00001 for L=   35, J=   36.0 channel on core I =   2.0 from L=   35,  Acc. loss =  0.0 D.
 Elastic phase shift   5 =    0.000   0.000 deg. for the L =   35, J =   36.0 channel.
      35.0  0.99999995  0.00000671i: elastic S-matrix  @@      0.00  0   0 F  0
 Reaction Xsec    35.0-/35 @ 5 =   2.589#, Out:   0.000#   0.000#   0.000f

   S-matrix    6 =    1.00000  -0.00000 for L=   37, J=   36.0 channel on core I =   2.0 from L=   37,  Acc. loss =  0.0 D.
 Elastic phase shift   6 =   -0.000   0.000 deg. for the L =   37, J =   36.0 channel.
      35.0  0.99999999 -0.00000274i: elastic S-matrix  @@      0.00  0   0 F  0
 Reaction Xsec    35.0-/37 @ 6 =   0.742#, Out:   0.000#   0.000#   0.000f

   S-matrix    7 =    1.00000   0.00000 for L=   37, J=   37.0 channel on core I =   2.0 from L=   37,  Acc. loss =  0.0 D.
 Elastic phase shift   7 =    0.000   0.000 deg. for the L =   37, J =   37.0 channel.
      35.0  0.99999999  0.00000007i: elastic S-matrix  @@      0.00  0   0 F  0
 Reaction Xsec    35.0-/37 @ 7 =   0.742#, Out:   0.000#   0.000#   0.000f


 Total SPIN, PARITY =    36.0 +,     11 chs,      0 cc.  Rmin & Coul turning =    2.9   15.5
   S-matrix    1 =    1.00000   0.00000 for L=   34, J=   34.0 channel on core I =   2.0 from L=   34,  Acc. loss =  0.0 D.
 Elastic phase shift   1 =    0.000   0.000 deg. for the L =   34, J =   34.0 channel.
      36.0  0.99999991  0.00000046i: elastic S-matrix  @@      0.00  0   0 F  0
 Reaction Xsec    36.0+/34 @ 1 =   4.969#, Out:   0.000#   0.000#   0.000f

   S-matrix    2 =    1.00000   0.00001 for L=   34, J=   35.0 channel on core I =   2.0 from L=   34,  Acc. loss =  0.0 D.
 Elastic phase shift   2 =    0.000   0.000 deg. for the L =   34, J =   35.0 channel.
      36.0  0.99999991  0.00001014i: elastic S-matrix  @@      0.00  0   0 F  0
 Reaction Xsec    36.0+/34 @ 2 =   4.969#, Out:   0.000#   0.000#   0.000f

   S-matrix    3 =    1.00000  -0.00000 for L=   36, J=   35.0 channel on core I =   2.0 from L=   36,  Acc. loss =  0.0 D.
 Elastic phase shift   3 =   -0.000   0.000 deg. for the L =   36, J =   35.0 channel.
      36.0  0.99999997 -0.00000409i: elastic S-matrix  @@      0.00  0   0 F  0
 Reaction Xsec    36.0+/36 @ 3 =   1.426#, Out:   0.000#   0.000#   0.000f

   S-matrix    4 =    1.00000   0.00000 for L=   36, J=   36.0 channel on core I =   2.0 from L=   36,  Acc. loss =  0.0 D.
 Elastic phase shift   4 =    0.000   0.000 deg. for the L =   36, J =   36.0 channel.
      36.0  0.99999997  0.00000012i: elastic S-matrix  @@      0.00  0   0 F  0
 Reaction Xsec    36.0+/36 @ 4 =   1.426#, Out:   0.000#   0.000#   0.000f

   S-matrix    5 =    1.00000   0.00000 for L=   36, J=   37.0 channel on core I =   2.0 from L=   36,  Acc. loss =  0.0 D.
 Elastic phase shift   5 =    0.000   0.000 deg. for the L =   36, J =   37.0 channel.
      36.0  0.99999997  0.00000445i: elastic S-matrix  @@      0.00  0   0 F  0
 Reaction Xsec    36.0+/36 @ 5 =   1.426#, Out:   0.000#   0.000#   0.000f

   S-matrix    6 =    1.00000  -0.00000 for L=   38, J=   37.0 channel on core I =   2.0 from L=   38,  Acc. loss =  0.0 D.
 Elastic phase shift   6 =   -0.000   0.000 deg. for the L =   38, J =   37.0 channel.
      36.0  0.99999999 -0.00000184i: elastic S-matrix  @@      0.00  0   0 F  0
 Reaction Xsec    36.0+/38 @ 6 =   0.409#, Out:   0.000#   0.000#   0.000f

   S-matrix    7 =    1.00000   0.00000 for L=   38, J=   38.0 channel on core I =   2.0 from L=   38,  Acc. loss =  0.0 D.
 Elastic phase shift   7 =    0.000   0.000 deg. for the L =   38, J =   38.0 channel.
      36.0  0.99999999  0.00000004i: elastic S-matrix  @@      0.00  0   0 F  0
 Reaction Xsec    36.0+/38 @ 7 =   0.409#, Out:   0.000#   0.000#   0.000f


 Total SPIN, PARITY =    36.0 -,     12 chs,      0 cc.  Rmin & Coul turning =    2.9   15.5
   S-matrix    1 =    1.00000   0.00002 for L=   33, J=   34.0 channel on core I =   2.0 from L=   33,  Acc. loss =  0.0 D.
 Elastic phase shift   1 =    0.000   0.000 deg. for the L =   33, J =   34.0 channel.
      36.0  0.99999983  0.00001531i: elastic S-matrix  @@      0.00  0   0 F  0
 Reaction Xsec    36.0-/33 @ 1 =   9.271#, Out:   0.000#   0.000#   0.000f

   S-matrix    2 =    1.00000  -0.00001 for L=   35, J=   34.0 channel on core I =   2.0 from L=   35,  Acc. loss =  0.0 D.
 Elastic phase shift   2 =   -0.000   0.000 deg. for the L =   35, J =   34.0 channel.
      36.0  0.99999995 -0.00000606i: elastic S-matrix  @@      0.00  0   0 F  0
 Reaction Xsec    36.0-/35 @ 2 =   2.662#, Out:   0.000#   0.000#   0.000f

   S-matrix    3 =    1.00000   0.00000 for L=   35, J=   35.0 channel on core I =   2.0 from L=   35,  Acc. loss =  0.0 D.
 Elastic phase shift   3 =    0.000   0.000 deg. for the L =   35, J =   35.0 channel.
      36.0  0.99999995  0.00000024i: elastic S-matrix  @@      0.00  0   0 F  0
 Reaction Xsec    36.0-/35 @ 3 =   2.662#, Out:   0.000#   0.000#   0.000f

   S-matrix    4 =    1.00000   0.00001 for L=   35, J=   36.0 channel on core I =   2.0 from L=   35,  Acc. loss =  0.0 D.
 Elastic phase shift   4 =    0.000   0.000 deg. for the L =   35, J =   36.0 channel.
      36.0  0.99999995  0.00000671i: elastic S-matrix  @@      0.00  0   0 F  0
 Reaction Xsec    36.0-/35 @ 4 =   2.662#, Out:   0.000#   0.000#   0.000f

   S-matrix    5 =    1.00000  -0.00000 for L=   37, J=   36.0 channel on core I =   2.0 from L=   37,  Acc. loss =  0.0 D.
 Elastic phase shift   5 =   -0.000   0.000 deg. for the L =   37, J =   36.0 channel.
      36.0  0.99999999 -0.00000274i: elastic S-matrix  @@      0.00  0   0 F  0
 Reaction Xsec    36.0-/37 @ 5 =   0.763#, Out:   0.000#   0.000#   0.000f

   S-matrix    6 =    1.00000   0.00000 for L=   37, J=   37.0 channel on core I =   2.0 from L=   37,  Acc. loss =  0.0 D.
 Elastic phase shift   6 =    0.000   0.000 deg. for the L =   37, J =   37.0 channel.
      36.0  0.99999999  0.00000007i: elastic S-matrix  @@      0.00  0   0 F  0
 Reaction Xsec    36.0-/37 @ 6 =   0.763#, Out:   0.000#   0.000#   0.000f

   S-matrix    7 =    1.00000   0.00000 for L=   37, J=   38.0 channel on core I =   2.0 from L=   37,  Acc. loss =  0.0 D.
 Elastic phase shift   7 =    0.000   0.000 deg. for the L =   37, J =   38.0 channel.
      36.0  0.99999999  0.00000296i: elastic S-matrix  @@      0.00  0   0 F  0
 Reaction Xsec    36.0-/37 @ 7 =   0.763#, Out:   0.000#   0.000#   0.000f

   S-matrix    8 =    1.00000  -0.00000 for L=   39, J=   38.0 channel on core I =   2.0 from L=   39,  Acc. loss =  0.0 D.
 Elastic phase shift   8 =   -0.000   0.000 deg. for the L =   39, J =   38.0 channel.
      36.0  1.00000000 -0.00000125i: elastic S-matrix  @@      0.00  0   0 F  0
 Reaction Xsec    36.0-/39 @ 8 =   0.219#, Out:   0.000#   0.000#   0.000f


 Total SPIN, PARITY =    37.0 +,     12 chs,      0 cc.  Rmin & Coul turning =    3.0   16.0
   S-matrix    1 =    1.00000   0.00001 for L=   34, J=   35.0 channel on core I =   2.0 from L=   34,  Acc. loss =  0.0 D.
 Elastic phase shift   1 =    0.000   0.000 deg. for the L =   34, J =   35.0 channel.
      37.0  0.99999991  0.00001014i: elastic S-matrix  @@      0.00  0   0 F  0
 Reaction Xsec    37.0+/34 @ 1 =   5.105#, Out:   0.000#   0.000#   0.000f

   S-matrix    2 =    1.00000  -0.00000 for L=   36, J=   35.0 channel on core I =   2.0 from L=   36,  Acc. loss =  0.0 D.
 Elastic phase shift   2 =   -0.000   0.000 deg. for the L =   36, J =   35.0 channel.
      37.0  0.99999997 -0.00000409i: elastic S-matrix  @@      0.00  0   0 F  0
 Reaction Xsec    37.0+/36 @ 2 =   1.465#, Out:   0.000#   0.000#   0.000f

   S-matrix    3 =    1.00000   0.00000 for L=   36, J=   36.0 channel on core I =   2.0 from L=   36,  Acc. loss =  0.0 D.
 Elastic phase shift   3 =    0.000   0.000 deg. for the L =   36, J =   36.0 channel.
      37.0  0.99999997  0.00000012i: elastic S-matrix  @@      0.00  0   0 F  0
 Reaction Xsec    37.0+/36 @ 3 =   1.465#, Out:   0.000#   0.000#   0.000f

   S-matrix    4 =    1.00000   0.00000 for L=   36, J=   37.0 channel on core I =   2.0 from L=   36,  Acc. loss =  0.0 D.
 Elastic phase shift   4 =    0.000   0.000 deg. for the L =   36, J =   37.0 channel.
      37.0  0.99999997  0.00000445i: elastic S-matrix  @@      0.00  0   0 F  0
 Reaction Xsec    37.0+/36 @ 4 =   1.465#, Out:   0.000#   0.000#   0.000f

   S-matrix    5 =    1.00000  -0.00000 for L=   38, J=   37.0 channel on core I =   2.0 from L=   38,  Acc. loss =  0.0 D.
 Elastic phase shift   5 =   -0.000   0.000 deg. for the L =   38, J =   37.0 channel.
      37.0  0.99999999 -0.00000184i: elastic S-matrix  @@      0.00  0   0 F  0
 Reaction Xsec    37.0+/38 @ 5 =   0.420#, Out:   0.000#   0.000#   0.000f

   S-matrix    6 =    1.00000   0.00000 for L=   38, J=   38.0 channel on core I =   2.0 from L=   38,  Acc. loss =  0.0 D.
 Elastic phase shift   6 =    0.000   0.000 deg. for the L =   38, J =   38.0 channel.
      37.0  0.99999999  0.00000004i: elastic S-matrix  @@      0.00  0   0 F  0
 Reaction Xsec    37.0+/38 @ 6 =   0.420#, Out:   0.000#   0.000#   0.000f

   S-matrix    7 =    1.00000   0.00000 for L=   38, J=   39.0 channel on core I =   2.0 from L=   38,  Acc. loss =  0.0 D.
 Elastic phase shift   7 =    0.000   0.000 deg. for the L =   38, J =   39.0 channel.
      37.0  0.99999999  0.00000196i: elastic S-matrix  @@      0.00  0   0 F  0
 Reaction Xsec    37.0+/38 @ 7 =   0.420#, Out:   0.000#   0.000#   0.000f

   S-matrix    8 =    1.00000  -0.00000 for L=   40, J=   39.0 channel on core I =   2.0 from L=   40,  Acc. loss =  0.0 D.
 Elastic phase shift   8 =   -0.000   0.000 deg. for the L =   40, J =   39.0 channel.
      37.0  1.00000000 -0.00000084i: elastic S-matrix  @@      0.00  0   0 F  0
 Reaction Xsec    37.0+/40 @ 8 =   0.120#, Out:   0.000#   0.000#   0.000f


 Total SPIN, PARITY =    37.0 -,     11 chs,      0 cc.  Rmin & Coul turning =    3.0   16.0
   S-matrix    1 =    1.00000   0.00000 for L=   35, J=   35.0 channel on core I =   2.0 from L=   35,  Acc. loss =  0.0 D.
 Elastic phase shift   1 =    0.000   0.000 deg. for the L =   35, J =   35.0 channel.
      37.0  0.99999995  0.00000024i: elastic S-matrix  @@      0.00  0   0 F  0
 Reaction Xsec    37.0-/35 @ 1 =   2.735#, Out:   0.000#   0.000#   0.000f

   S-matrix    2 =    1.00000   0.00001 for L=   35, J=   36.0 channel on core I =   2.0 from L=   35,  Acc. loss =  0.0 D.
 Elastic phase shift   2 =    0.000   0.000 deg. for the L =   35, J =   36.0 channel.
      37.0  0.99999995  0.00000671i: elastic S-matrix  @@      0.00  0   0 F  0
 Reaction Xsec    37.0-/35 @ 2 =   2.735#, Out:   0.000#   0.000#   0.000f

   S-matrix    3 =    1.00000  -0.00000 for L=   37, J=   36.0 channel on core I =   2.0 from L=   37,  Acc. loss =  0.0 D.
 Elastic phase shift   3 =   -0.000   0.000 deg. for the L =   37, J =   36.0 channel.
      37.0  0.99999999 -0.00000274i: elastic S-matrix  @@      0.00  0   0 F  0
 Reaction Xsec    37.0-/37 @ 3 =   0.784#, Out:   0.000#   0.000#   0.000f

   S-matrix    4 =    1.00000   0.00000 for L=   37, J=   37.0 channel on core I =   2.0 from L=   37,  Acc. loss =  0.0 D.
 Elastic phase shift   4 =    0.000   0.000 deg. for the L =   37, J =   37.0 channel.
      37.0  0.99999999  0.00000007i: elastic S-matrix  @@      0.00  0   0 F  0
 Reaction Xsec    37.0-/37 @ 4 =   0.784#, Out:   0.000#   0.000#   0.000f

   S-matrix    5 =    1.00000   0.00000 for L=   37, J=   38.0 channel on core I =   2.0 from L=   37,  Acc. loss =  0.0 D.
 Elastic phase shift   5 =    0.000   0.000 deg. for the L =   37, J =   38.0 channel.
      37.0  0.99999999  0.00000296i: elastic S-matrix  @@      0.00  0   0 F  0
 Reaction Xsec    37.0-/37 @ 5 =   0.784#, Out:   0.000#   0.000#   0.000f

   S-matrix    6 =    1.00000  -0.00000 for L=   39, J=   38.0 channel on core I =   2.0 from L=   39,  Acc. loss =  0.0 D.
 Elastic phase shift   6 =   -0.000   0.000 deg. for the L =   39, J =   38.0 channel.
      37.0  1.00000000 -0.00000125i: elastic S-matrix  @@      0.00  0   0 F  0
 Reaction Xsec    37.0-/39 @ 6 =   0.225#, Out:   0.000#   0.000#   0.000f

   S-matrix    7 =    1.00000   0.00000 for L=   39, J=   39.0 channel on core I =   2.0 from L=   39,  Acc. loss =  0.0 D.
 Elastic phase shift   7 =    0.000   0.000 deg. for the L =   39, J =   39.0 channel.
      37.0  1.00000000  0.00000000i: elastic S-matrix  @@      0.00  0   0 F  0
 Reaction Xsec    37.0-/39 @ 7 =   0.225#, Out:   0.000#   0.000#   0.000f


 Total SPIN, PARITY =    38.0 +,     11 chs,      0 cc.  Rmin & Coul turning =    3.0   16.4
   S-matrix    1 =    1.00000   0.00000 for L=   36, J=   36.0 channel on core I =   2.0 from L=   36,  Acc. loss =  0.0 D.
 Elastic phase shift   1 =    0.000   0.000 deg. for the L =   36, J =   36.0 channel.
      38.0  0.99999997  0.00000012i: elastic S-matrix  @@      0.00  0   0 F  0
 Reaction Xsec    38.0+/36 @ 1 =   1.504#, Out:   0.000#   0.000#   0.000f

   S-matrix    2 =    1.00000   0.00000 for L=   36, J=   37.0 channel on core I =   2.0 from L=   36,  Acc. loss =  0.0 D.
 Elastic phase shift   2 =    0.000   0.000 deg. for the L =   36, J =   37.0 channel.
      38.0  0.99999997  0.00000445i: elastic S-matrix  @@      0.00  0   0 F  0
 Reaction Xsec    38.0+/36 @ 2 =   1.504#, Out:   0.000#   0.000#   0.000f

   S-matrix    3 =    1.00000  -0.00000 for L=   38, J=   37.0 channel on core I =   2.0 from L=   38,  Acc. loss =  0.0 D.
 Elastic phase shift   3 =   -0.000   0.000 deg. for the L =   38, J =   37.0 channel.
      38.0  0.99999999 -0.00000184i: elastic S-matrix  @@      0.00  0   0 F  0
 Reaction Xsec    38.0+/38 @ 3 =   0.431#, Out:   0.000#   0.000#   0.000f

   S-matrix    4 =    1.00000   0.00000 for L=   38, J=   38.0 channel on core I =   2.0 from L=   38,  Acc. loss =  0.0 D.
 Elastic phase shift   4 =    0.000   0.000 deg. for the L =   38, J =   38.0 channel.
      38.0  0.99999999  0.00000004i: elastic S-matrix  @@      0.00  0   0 F  0
 Reaction Xsec    38.0+/38 @ 4 =   0.431#, Out:   0.000#   0.000#   0.000f

   S-matrix    5 =    1.00000   0.00000 for L=   38, J=   39.0 channel on core I =   2.0 from L=   38,  Acc. loss =  0.0 D.
 Elastic phase shift   5 =    0.000   0.000 deg. for the L =   38, J =   39.0 channel.
      38.0  0.99999999  0.00000196i: elastic S-matrix  @@      0.00  0   0 F  0
 Reaction Xsec    38.0+/38 @ 5 =   0.431#, Out:   0.000#   0.000#   0.000f

   S-matrix    6 =    1.00000  -0.00000 for L=   40, J=   39.0 channel on core I =   2.0 from L=   40,  Acc. loss =  0.0 D.
 Elastic phase shift   6 =   -0.000   0.000 deg. for the L =   40, J =   39.0 channel.
      38.0  1.00000000 -0.00000084i: elastic S-matrix  @@      0.00  0   0 F  0
 Reaction Xsec    38.0+/40 @ 6 =   0.123#, Out:   0.000#   0.000#   0.000f

   S-matrix    7 =    1.00000  -0.00000 for L=   40, J=   40.0 channel on core I =   2.0 from L=   40,  Acc. loss =  0.0 D.
 Elastic phase shift   7 =   -0.000   0.000 deg. for the L =   40, J =   40.0 channel.
      38.0  1.00000000 -0.00000000i: elastic S-matrix  @@      0.00  0   0 F  0
 Reaction Xsec    38.0+/40 @ 7 =   0.123#, Out:   0.000#   0.000#   0.000f


 Total SPIN, PARITY =    38.0 -,     12 chs,      0 cc.  Rmin & Coul turning =    3.0   16.4
   S-matrix    1 =    1.00000   0.00001 for L=   35, J=   36.0 channel on core I =   2.0 from L=   35,  Acc. loss =  0.0 D.
 Elastic phase shift   1 =    0.000   0.000 deg. for the L =   35, J =   36.0 channel.
      38.0  0.99999995  0.00000671i: elastic S-matrix  @@      0.00  0   0 F  0
 Reaction Xsec    38.0-/35 @ 1 =   2.808#, Out:   0.000#   0.000#   0.000f

   S-matrix    2 =    1.00000  -0.00000 for L=   37, J=   36.0 channel on core I =   2.0 from L=   37,  Acc. loss =  0.0 D.
 Elastic phase shift   2 =   -0.000   0.000 deg. for the L =   37, J =   36.0 channel.
      38.0  0.99999999 -0.00000274i: elastic S-matrix  @@      0.00  0   0 F  0
 Reaction Xsec    38.0-/37 @ 2 =   0.805#, Out:   0.000#   0.000#   0.000f

   S-matrix    3 =    1.00000   0.00000 for L=   37, J=   37.0 channel on core I =   2.0 from L=   37,  Acc. loss =  0.0 D.
 Elastic phase shift   3 =    0.000   0.000 deg. for the L =   37, J =   37.0 channel.
      38.0  0.99999999  0.00000007i: elastic S-matrix  @@      0.00  0   0 F  0
 Reaction Xsec    38.0-/37 @ 3 =   0.805#, Out:   0.000#   0.000#   0.000f

   S-matrix    4 =    1.00000   0.00000 for L=   37, J=   38.0 channel on core I =   2.0 from L=   37,  Acc. loss =  0.0 D.
 Elastic phase shift   4 =    0.000   0.000 deg. for the L =   37, J =   38.0 channel.
      38.0  0.99999999  0.00000296i: elastic S-matrix  @@      0.00  0   0 F  0
 Reaction Xsec    38.0-/37 @ 4 =   0.805#, Out:   0.000#   0.000#   0.000f

   S-matrix    5 =    1.00000  -0.00000 for L=   39, J=   38.0 channel on core I =   2.0 from L=   39,  Acc. loss =  0.0 D.
 Elastic phase shift   5 =   -0.000   0.000 deg. for the L =   39, J =   38.0 channel.
      38.0  1.00000000 -0.00000125i: elastic S-matrix  @@      0.00  0   0 F  0
 Reaction Xsec    38.0-/39 @ 5 =   0.231#, Out:   0.000#   0.000#   0.000f

   S-matrix    6 =    1.00000   0.00000 for L=   39, J=   39.0 channel on core I =   2.0 from L=   39,  Acc. loss =  0.0 D.
 Elastic phase shift   6 =    0.000   0.000 deg. for the L =   39, J =   39.0 channel.
      38.0  1.00000000  0.00000000i: elastic S-matrix  @@      0.00  0   0 F  0
 Reaction Xsec    38.0-/39 @ 6 =   0.231#, Out:   0.000#   0.000#   0.000f

   S-matrix    7 =    1.00000   0.00000 for L=   39, J=   40.0 channel on core I =   2.0 from L=   39,  Acc. loss =  0.0 D.
 Elastic phase shift   7 =    0.000   0.000 deg. for the L =   39, J =   40.0 channel.
      38.0  1.00000000  0.00000129i: elastic S-matrix  @@      0.00  0   0 F  0
 Reaction Xsec    38.0-/39 @ 7 =   0.231#, Out:   0.000#   0.000#   0.000f

   S-matrix    8 =    1.00000  -0.00000 for L=   41, J=   40.0 channel on core I =   2.0 from L=   41,  Acc. loss =  0.0 D.
 Elastic phase shift   8 =   -0.000   0.000 deg. for the L =   41, J =   40.0 channel.
      38.0  1.00000000 -0.00000055i: elastic S-matrix  @@      0.00  0   0 F  0
 Reaction Xsec    38.0-/41 @ 8 =   0.066#, Out:   0.000#   0.000#   0.000f


 Total SPIN, PARITY =    39.0 +,     12 chs,      0 cc.  Rmin & Coul turning =    3.1   16.8
   S-matrix    1 =    1.00000   0.00000 for L=   36, J=   37.0 channel on core I =   2.0 from L=   36,  Acc. loss =  0.0 D.
 Elastic phase shift   1 =    0.000   0.000 deg. for the L =   36, J =   37.0 channel.
      39.0  0.99999997  0.00000445i: elastic S-matrix  @@      0.00  0   0 F  0
 Reaction Xsec    39.0+/36 @ 1 =   1.543#, Out:   0.000#   0.000#   0.000f

   S-matrix    2 =    1.00000  -0.00000 for L=   38, J=   37.0 channel on core I =   2.0 from L=   38,  Acc. loss =  0.0 D.
 Elastic phase shift   2 =   -0.000   0.000 deg. for the L =   38, J =   37.0 channel.
      39.0  0.99999999 -0.00000184i: elastic S-matrix  @@      0.00  0   0 F  0
 Reaction Xsec    39.0+/38 @ 2 =   0.442#, Out:   0.000#   0.000#   0.000f

   S-matrix    3 =    1.00000   0.00000 for L=   38, J=   38.0 channel on core I =   2.0 from L=   38,  Acc. loss =  0.0 D.
 Elastic phase shift   3 =    0.000   0.000 deg. for the L =   38, J =   38.0 channel.
      39.0  0.99999999  0.00000004i: elastic S-matrix  @@      0.00  0   0 F  0
 Reaction Xsec    39.0+/38 @ 3 =   0.442#, Out:   0.000#   0.000#   0.000f

   S-matrix    4 =    1.00000   0.00000 for L=   38, J=   39.0 channel on core I =   2.0 from L=   38,  Acc. loss =  0.0 D.
 Elastic phase shift   4 =    0.000   0.000 deg. for the L =   38, J =   39.0 channel.
      39.0  0.99999999  0.00000196i: elastic S-matrix  @@      0.00  0   0 F  0
 Reaction Xsec    39.0+/38 @ 4 =   0.442#, Out:   0.000#   0.000#   0.000f

   S-matrix    5 =    1.00000  -0.00000 for L=   40, J=   39.0 channel on core I =   2.0 from L=   40,  Acc. loss =  0.0 D.
 Elastic phase shift   5 =   -0.000   0.000 deg. for the L =   40, J =   39.0 channel.
      39.0  1.00000000 -0.00000084i: elastic S-matrix  @@      0.00  0   0 F  0
 Reaction Xsec    39.0+/40 @ 5 =   0.127#, Out:   0.000#   0.000#   0.000f

   S-matrix    6 =    1.00000  -0.00000 for L=   40, J=   40.0 channel on core I =   2.0 from L=   40,  Acc. loss =  0.0 D.
 Elastic phase shift   6 =   -0.000   0.000 deg. for the L =   40, J =   40.0 channel.
      39.0  1.00000000 -0.00000000i: elastic S-matrix  @@      0.00  0   0 F  0
 Reaction Xsec    39.0+/40 @ 6 =   0.127#, Out:   0.000#   0.000#   0.000f

   S-matrix    7 =    1.00000   0.00000 for L=   40, J=   41.0 channel on core I =   2.0 from L=   40,  Acc. loss =  0.0 D.
 Elastic phase shift   7 =    0.000   0.000 deg. for the L =   40, J =   41.0 channel.
      39.0  1.00000000  0.00000086i: elastic S-matrix  @@      0.00  0   0 F  0
 Reaction Xsec    39.0+/40 @ 7 =   0.127#, Out:   0.000#   0.000#   0.000f

   S-matrix    8 =    1.00000  -0.00000 for L=   42, J=   41.0 channel on core I =   2.0 from L=   42,  Acc. loss =  0.0 D.
 Elastic phase shift   8 =   -0.000   0.000 deg. for the L =   42, J =   41.0 channel.
      39.0  1.00000000 -0.00000038i: elastic S-matrix  @@      0.00  0   0 F  0
 Reaction Xsec    39.0+/42 @ 8 =   0.036#, Out:   0.000#   0.000#   0.000f


 Total SPIN, PARITY =    39.0 -,     11 chs,      0 cc.  Rmin & Coul turning =    3.1   16.8
   S-matrix    1 =    1.00000   0.00000 for L=   37, J=   37.0 channel on core I =   2.0 from L=   37,  Acc. loss =  0.0 D.
 Elastic phase shift   1 =    0.000   0.000 deg. for the L =   37, J =   37.0 channel.
      39.0  0.99999999  0.00000007i: elastic S-matrix  @@      0.00  0   0 F  0
 Reaction Xsec    39.0-/37 @ 1 =   0.826#, Out:   0.000#   0.000#   0.000f

   S-matrix    2 =    1.00000   0.00000 for L=   37, J=   38.0 channel on core I =   2.0 from L=   37,  Acc. loss =  0.0 D.
 Elastic phase shift   2 =    0.000   0.000 deg. for the L =   37, J =   38.0 channel.
      39.0  0.99999999  0.00000296i: elastic S-matrix  @@      0.00  0   0 F  0
 Reaction Xsec    39.0-/37 @ 2 =   0.826#, Out:   0.000#   0.000#   0.000f

   S-matrix    3 =    1.00000  -0.00000 for L=   39, J=   38.0 channel on core I =   2.0 from L=   39,  Acc. loss =  0.0 D.
 Elastic phase shift   3 =   -0.000   0.000 deg. for the L =   39, J =   38.0 channel.
      39.0  1.00000000 -0.00000125i: elastic S-matrix  @@      0.00  0   0 F  0
 Reaction Xsec    39.0-/39 @ 3 =   0.237#, Out:   0.000#   0.000#   0.000f

   S-matrix    4 =    1.00000   0.00000 for L=   39, J=   39.0 channel on core I =   2.0 from L=   39,  Acc. loss =  0.0 D.
 Elastic phase shift   4 =    0.000   0.000 deg. for the L =   39, J =   39.0 channel.
      39.0  1.00000000  0.00000000i: elastic S-matrix  @@      0.00  0   0 F  0
 Reaction Xsec    39.0-/39 @ 4 =   0.237#, Out:   0.000#   0.000#   0.000f

   S-matrix    5 =    1.00000   0.00000 for L=   39, J=   40.0 channel on core I =   2.0 from L=   39,  Acc. loss =  0.0 D.
 Elastic phase shift   5 =    0.000   0.000 deg. for the L =   39, J =   40.0 channel.
      39.0  1.00000000  0.00000129i: elastic S-matrix  @@      0.00  0   0 F  0
 Reaction Xsec    39.0-/39 @ 5 =   0.237#, Out:   0.000#   0.000#   0.000f

   S-matrix    6 =    1.00000  -0.00000 for L=   41, J=   40.0 channel on core I =   2.0 from L=   41,  Acc. loss =  0.0 D.
 Elastic phase shift   6 =   -0.000   0.000 deg. for the L =   41, J =   40.0 channel.
      39.0  1.00000000 -0.00000055i: elastic S-matrix  @@      0.00  0   0 F  0
 Reaction Xsec    39.0-/41 @ 6 =   0.068#, Out:   0.000#   0.000#   0.000f

   S-matrix    7 =    1.00000   0.00000 for L=   41, J=   41.0 channel on core I =   2.0 from L=   41,  Acc. loss =  0.0 D.
 Elastic phase shift   7 =    0.000   0.000 deg. for the L =   41, J =   41.0 channel.
      39.0  1.00000000  0.00000001i: elastic S-matrix  @@      0.00  0   0 F  0
 Reaction Xsec    39.0-/41 @ 7 =   0.068#, Out:   0.000#   0.000#   0.000f


 Total SPIN, PARITY =    40.0 +,     11 chs,      0 cc.  Rmin & Coul turning =    3.2   17.2
   S-matrix    1 =    1.00000   0.00000 for L=   38, J=   38.0 channel on core I =   2.0 from L=   38,  Acc. loss =  0.0 D.
 Elastic phase shift   1 =    0.000   0.000 deg. for the L =   38, J =   38.0 channel.
      40.0  0.99999999  0.00000004i: elastic S-matrix  @@      0.00  0   0 F  0
 Reaction Xsec    40.0+/38 @ 1 =   0.453#, Out:   0.000#   0.000#   0.000f

   S-matrix    2 =    1.00000   0.00000 for L=   38, J=   39.0 channel on core I =   2.0 from L=   38,  Acc. loss =  0.0 D.
 Elastic phase shift   2 =    0.000   0.000 deg. for the L =   38, J =   39.0 channel.
      40.0  0.99999999  0.00000196i: elastic S-matrix  @@      0.00  0   0 F  0
 Reaction Xsec    40.0+/38 @ 2 =   0.453#, Out:   0.000#   0.000#   0.000f

   S-matrix    3 =    1.00000  -0.00000 for L=   40, J=   39.0 channel on core I =   2.0 from L=   40,  Acc. loss =  0.0 D.
 Elastic phase shift   3 =   -0.000   0.000 deg. for the L =   40, J =   39.0 channel.
      40.0  1.00000000 -0.00000084i: elastic S-matrix  @@      0.00  0   0 F  0
 Reaction Xsec    40.0+/40 @ 3 =   0.130#, Out:   0.000#   0.000#   0.000f

   S-matrix    4 =    1.00000  -0.00000 for L=   40, J=   40.0 channel on core I =   2.0 from L=   40,  Acc. loss =  0.0 D.
 Elastic phase shift   4 =   -0.000   0.000 deg. for the L =   40, J =   40.0 channel.
      40.0  1.00000000 -0.00000000i: elastic S-matrix  @@      0.00  0   0 F  0
 Reaction Xsec    40.0+/40 @ 4 =   0.130#, Out:   0.000#   0.000#   0.000f

   S-matrix    5 =    1.00000   0.00000 for L=   40, J=   41.0 channel on core I =   2.0 from L=   40,  Acc. loss =  0.0 D.
 Elastic phase shift   5 =    0.000   0.000 deg. for the L =   40, J =   41.0 channel.
      40.0  1.00000000  0.00000086i: elastic S-matrix  @@      0.00  0   0 F  0
 Reaction Xsec    40.0+/40 @ 5 =   0.130#, Out:   0.000#   0.000#   0.000f

   S-matrix    6 =    1.00000  -0.00000 for L=   42, J=   41.0 channel on core I =   2.0 from L=   42,  Acc. loss =  0.0 D.
 Elastic phase shift   6 =   -0.000   0.000 deg. for the L =   42, J =   41.0 channel.
      40.0  1.00000000 -0.00000038i: elastic S-matrix  @@      0.00  0   0 F  0
 Reaction Xsec    40.0+/42 @ 6 =   0.037#, Out:   0.000#   0.000#   0.000f

   S-matrix    7 =    1.00000  -0.00000 for L=   42, J=   42.0 channel on core I =   2.0 from L=   42,  Acc. loss =  0.0 D.
 Elastic phase shift   7 =   -0.000   0.000 deg. for the L =   42, J =   42.0 channel.
      40.0  1.00000000 -0.00000001i: elastic S-matrix  @@      0.00  0   0 F  0
 Reaction Xsec    40.0+/42 @ 7 =   0.037#, Out:   0.000#   0.000#   0.000f


 Total SPIN, PARITY =    40.0 -,     12 chs,      0 cc.  Rmin & Coul turning =    3.2   17.2
   S-matrix    1 =    1.00000   0.00000 for L=   37, J=   38.0 channel on core I =   2.0 from L=   37,  Acc. loss =  0.0 D.
 Elastic phase shift   1 =    0.000   0.000 deg. for the L =   37, J =   38.0 channel.
      40.0  0.99999999  0.00000296i: elastic S-matrix  @@      0.00  0   0 F  0
 Reaction Xsec    40.0-/37 @ 1 =   0.847#, Out:   0.000#   0.000#   0.000f

   S-matrix    2 =    1.00000  -0.00000 for L=   39, J=   38.0 channel on core I =   2.0 from L=   39,  Acc. loss =  0.0 D.
 Elastic phase shift   2 =   -0.000   0.000 deg. for the L =   39, J =   38.0 channel.
      40.0  1.00000000 -0.00000125i: elastic S-matrix  @@      0.00  0   0 F  0
 Reaction Xsec    40.0-/39 @ 2 =   0.243#, Out:   0.000#   0.000#   0.000f

   S-matrix    3 =    1.00000   0.00000 for L=   39, J=   39.0 channel on core I =   2.0 from L=   39,  Acc. loss =  0.0 D.
 Elastic phase shift   3 =    0.000   0.000 deg. for the L =   39, J =   39.0 channel.
      40.0  1.00000000  0.00000000i: elastic S-matrix  @@      0.00  0   0 F  0
 Reaction Xsec    40.0-/39 @ 3 =   0.243#, Out:   0.000#   0.000#   0.000f

   S-matrix    4 =    1.00000   0.00000 for L=   39, J=   40.0 channel on core I =   2.0 from L=   39,  Acc. loss =  0.0 D.
 Elastic phase shift   4 =    0.000   0.000 deg. for the L =   39, J =   40.0 channel.
      40.0  1.00000000  0.00000129i: elastic S-matrix  @@      0.00  0   0 F  0
 Reaction Xsec    40.0-/39 @ 4 =   0.243#, Out:   0.000#   0.000#   0.000f

   S-matrix    5 =    1.00000  -0.00000 for L=   41, J=   40.0 channel on core I =   2.0 from L=   41,  Acc. loss =  0.0 D.
 Elastic phase shift   5 =   -0.000   0.000 deg. for the L =   41, J =   40.0 channel.
      40.0  1.00000000 -0.00000055i: elastic S-matrix  @@      0.00  0   0 F  0
 Reaction Xsec    40.0-/41 @ 5 =   0.069#, Out:   0.000#   0.000#   0.000f

   S-matrix    6 =    1.00000   0.00000 for L=   41, J=   41.0 channel on core I =   2.0 from L=   41,  Acc. loss =  0.0 D.
 Elastic phase shift   6 =    0.000   0.000 deg. for the L =   41, J =   41.0 channel.
      40.0  1.00000000  0.00000001i: elastic S-matrix  @@      0.00  0   0 F  0
 Reaction Xsec    40.0-/41 @ 6 =   0.069#, Out:   0.000#   0.000#   0.000f

   S-matrix    7 =    1.00000   0.00000 for L=   41, J=   42.0 channel on core I =   2.0 from L=   41,  Acc. loss =  0.0 D.
 Elastic phase shift   7 =    0.000   0.000 deg. for the L =   41, J =   42.0 channel.
      40.0  1.00000000  0.00000058i: elastic S-matrix  @@      0.00  0   0 F  0
 Reaction Xsec    40.0-/41 @ 7 =   0.069#, Out:   0.000#   0.000#   0.000f

   S-matrix    8 =    1.00000  -0.00000 for L=   43, J=   42.0 channel on core I =   2.0 from L=   43,  Acc. loss =  0.0 D.
 Elastic phase shift   8 =   -0.000   0.000 deg. for the L =   43, J =   42.0 channel.
      40.0  1.00000000 -0.00000027i: elastic S-matrix  @@      0.00  0   0 F  0
 Reaction Xsec    40.0-/43 @ 8 =   0.020#, Out:   0.000#   0.000#   0.000f

 Finished all CC sets @   0.136792004    
0CUMULATIVE REACTION cross section                 =  587.07164  <L> =     7.55  <L**2> =     68.1
0CUMULATIVE outgoing cross sections in partition 1 :    0.00000
0CUMULATIVE outgoing cross sections in partition 2 :    2.10887
0Cumulative ABSORBTION by Imaginary Potentials     =  584.96277  <L> =     7.55  <L**2> =     68.2
   Fusion for specific d        M-states :  596.420312  596.345915  596.420312
0CUMULATIVE OUTGOING cross section                 =    2.10887
 To convert to S-factors (MeV.mb = keV.b),  multiply by  1.1215E+02


 CROSS SECTIONS FOR OUTGOING d        & 8Li      in state #   1 with spins & parities 1.0  + &  2.0  +;  0

     0.01 deg.: X-S =   3.8858E+13 mb/sr,
+                                         /R =   9.9998E-01
     1.00 deg.: X-S =   3.4181E+05 mb/sr,
+                                         /R =   8.7956E-01
     2.00 deg.: X-S =   1.8839E+04 mb/sr,
+                                         /R =   7.7552E-01
     3.00 deg.: X-S =  5851.755119 mb/sr,
+                                         /R =   1.2192E+00
     4.00 deg.: X-S =  4397.782857 mb/sr,
+                                         /R =   2.8949E+00
     5.00 deg.: X-S =  4031.347295 mb/sr,
+                                         /R =   6.4757E+00
     6.00 deg.: X-S =  3736.945345 mb/sr,
+                                         /R =   1.2440E+01
     7.00 deg.: X-S =  3394.516687 mb/sr,
+                                         /R =   2.0922E+01
     8.00 deg.: X-S =  3009.836226 mb/sr,
+                                         /R =   3.1623E+01
     9.00 deg.: X-S =  2606.131441 mb/sr,
+                                         /R =   4.3821E+01
    10.00 deg.: X-S =  2205.275794 mb/sr,
+                                         /R =   5.6463E+01
    11.00 deg.: X-S =  1824.472402 mb/sr,
+                                         /R =   6.8320E+01
    12.00 deg.: X-S =  1475.996345 mb/sr,
+                                         /R =   7.8188E+01
    13.00 deg.: X-S =  1167.609454 mb/sr,
+                                         /R =   8.5084E+01
    14.00 deg.: X-S =   903.163824 mb/sr,
+                                         /R =   8.8402E+01
    15.00 deg.: X-S =   683.283923 mb/sr,
+                                         /R =   8.8005E+01
    16.00 deg.: X-S =   506.080835 mb/sr,
+                                         /R =   8.4248E+01
    17.00 deg.: X-S =   367.858140 mb/sr,
+                                         /R =   7.7912E+01
    18.00 deg.: X-S =   263.770608 mb/sr,
+                                         /R =   7.0093E+01
    19.00 deg.: X-S =   188.403355 mb/sr,
+                                         /R =   6.2036E+01
    20.00 deg.: X-S =   136.249386 mb/sr,
+                                         /R =   5.4971E+01
    21.00 deg.: X-S =   102.075130 mb/sr,
+                                         /R =   4.9954E+01
    22.00 deg.: X-S =    81.174385 mb/sr,
+                                         /R =   4.7745E+01
    23.00 deg.: X-S =    69.519827 mb/sr,
+                                         /R =   4.8736E+01
    24.00 deg.: X-S =    63.827166 mb/sr,
+                                         /R =   5.2922E+01
    25.00 deg.: X-S =    61.550211 mb/sr,
+                                         /R =   5.9937E+01
    26.00 deg.: X-S =    60.825879 mb/sr,
+                                         /R =   6.9112E+01
    27.00 deg.: X-S =    60.387022 mb/sr,
+                                         /R =   7.9579E+01
    28.00 deg.: X-S =    59.458643 mb/sr,
+                                         /R =   9.0372E+01
    29.00 deg.: X-S =    57.649984 mb/sr,
+                                         /R =   1.0053E+02
    30.00 deg.: X-S =    54.851785 mb/sr,
+                                         /R =   1.0922E+02
    31.00 deg.: X-S =    51.144887 mb/sr,
+                                         /R =   1.1575E+02
    32.00 deg.: X-S =    46.723711 mb/sr,
+                                         /R =   1.1968E+02
    33.00 deg.: X-S =    41.835887 mb/sr,
+                                         /R =   1.2079E+02
    34.00 deg.: X-S =    36.737686 mb/sr,
+                                         /R =   1.1912E+02
    35.00 deg.: X-S =    31.663763 mb/sr,
+                                         /R =   1.1488E+02
    36.00 deg.: X-S =    26.809038 mb/sr,
+                                         /R =   1.0847E+02
    37.00 deg.: X-S =    22.320273 mb/sr,
+                                         /R =   1.0040E+02
    38.00 deg.: X-S =    18.294867 mb/sr,
+                                         /R =   9.1204E+01
    39.00 deg.: X-S =    14.784632 mb/sr,
+                                         /R =   8.1453E+01
    40.00 deg.: X-S =    11.802607 mb/sr,
+                                         /R =   7.1664E+01
    41.00 deg.: X-S =     9.331319 mb/sr,
+                                         /R =   6.2282E+01
    42.00 deg.: X-S =     7.331345 mb/sr,
+                                         /R =   5.3656E+01
    43.00 deg.: X-S =     5.749298 mb/sr,
+                                         /R =   4.6029E+01
    44.00 deg.: X-S =     4.524756 mb/sr,
+                                         /R =   3.9538E+01
    45.00 deg.: X-S =     3.595839 mb/sr,
+                                         /R =   3.4220E+01
    46.00 deg.: X-S =     2.903386 mb/sr,
+                                         /R =   3.0028E+01
    47.00 deg.: X-S =     2.393798 mb/sr,
+                                         /R =   2.6854E+01
    48.00 deg.: X-S =     2.020698 mb/sr,
+                                         /R =   2.4540E+01
    49.00 deg.: X-S =     1.745645 mb/sr,
+                                         /R =   2.2908E+01
    50.00 deg.: X-S =     1.538090 mb/sr,
+                                         /R =   2.1772E+01
    51.00 deg.: X-S =     1.374824 mb/sr,
+                                         /R =   2.0956E+01
    52.00 deg.: X-S =     1.239082 mb/sr,
+                                         /R =   2.0304E+01
    53.00 deg.: X-S =     1.119488 mb/sr,
+                                         /R =   1.9690E+01
    54.00 deg.: X-S =     1.008947 mb/sr,
+                                         /R =   1.9018E+01
    55.00 deg.: X-S =     0.903590 mb/sr,
+                                         /R =   1.8227E+01
    56.00 deg.: X-S =     0.801836 mb/sr,
+                                         /R =   1.7284E+01
    57.00 deg.: X-S =     0.703591 mb/sr,
+                                         /R =   1.6184E+01
    58.00 deg.: X-S =     0.609612 mb/sr,
+                                         /R =   1.4944E+01
    59.00 deg.: X-S =     0.521021 mb/sr,
+                                         /R =   1.3593E+01
    60.00 deg.: X-S =     0.438970 mb/sr,
+                                         /R =   1.2174E+01
    61.00 deg.: X-S =     0.364415 mb/sr,
+                                         /R =   1.0730E+01
    62.00 deg.: X-S =     0.298006 mb/sr,
+                                         /R =   9.3046E+00
    63.00 deg.: X-S =     0.240033 mb/sr,
+                                         /R =   7.9383E+00
    64.00 deg.: X-S =     0.190445 mb/sr,
+                                         /R =   6.6638E+00
    65.00 deg.: X-S =     0.148888 mb/sr,
+                                         /R =   5.5061E+00
    66.00 deg.: X-S =     0.114775 mb/sr,
+                                         /R =   4.4812E+00
    67.00 deg.: X-S =     0.087352 mb/sr,
+                                         /R =   3.5971E+00
    68.00 deg.: X-S =     0.065774 mb/sr,
+                                         /R =   2.8538E+00
    69.00 deg.: X-S =     0.049162 mb/sr,
+                                         /R =   2.2452E+00
    70.00 deg.: X-S =     0.036655 mb/sr,
+                                         /R =   1.7604E+00
    71.00 deg.: X-S =     0.027448 mb/sr,
+                                         /R =   1.3850E+00
    72.00 deg.: X-S =     0.020819 mb/sr,
+                                         /R =   1.1027E+00
    73.00 deg.: X-S =     0.016142 mb/sr,
+                                         /R =   8.9668E-01
    74.00 deg.: X-S =     0.012897 mb/sr,
+                                         /R =   7.5071E-01
    75.00 deg.: X-S =     0.010662 mb/sr,
+                                         /R =   6.4977E-01
    76.00 deg.: X-S =     0.009110 mb/sr,
+                                         /R =   5.8077E-01
    77.00 deg.: X-S =     0.007996 mb/sr,
+                                         /R =   5.3282E-01
    78.00 deg.: X-S =     0.007146 mb/sr,
+                                         /R =   4.9737E-01
    79.00 deg.: X-S =     0.006444 mb/sr,
+                                         /R =   4.6808E-01
    80.00 deg.: X-S =     0.005817 mb/sr,
+                                         /R =   4.4066E-01
    81.00 deg.: X-S =     0.005226 mb/sr,
+                                         /R =   4.1256E-01
    82.00 deg.: X-S =     0.004654 mb/sr,
+                                         /R =   3.8261E-01
    83.00 deg.: X-S =     0.004100 mb/sr,
+                                         /R =   3.5072E-01
    84.00 deg.: X-S =     0.003569 mb/sr,
+                                         /R =   3.1750E-01
    85.00 deg.: X-S =     0.003072 mb/sr,
+                                         /R =   2.8396E-01
    86.00 deg.: X-S =     0.002618 mb/sr,
+                                         /R =   2.5129E-01
    87.00 deg.: X-S =     0.002215 mb/sr,
+                                         /R =   2.2063E-01
    88.00 deg.: X-S =     0.001867 mb/sr,
+                                         /R =   1.9295E-01
    89.00 deg.: X-S =     0.001578 mb/sr,
+                                         /R =   1.6895E-01
    90.00 deg.: X-S =     0.001344 mb/sr,
+                                         /R =   1.4906E-01
    91.00 deg.: X-S =     0.001161 mb/sr,
+                                         /R =   1.3335E-01
    92.00 deg.: X-S =     0.001024 mb/sr,
+                                         /R =   1.2168E-01
    93.00 deg.: X-S =     0.000925 mb/sr,
+                                         /R =   1.1363E-01
    94.00 deg.: X-S =     0.000856 mb/sr,
+                                         /R =   1.0866E-01
    95.00 deg.: X-S =     0.000809 mb/sr,
+                                         /R =   1.0609E-01
    96.00 deg.: X-S =     0.000778 mb/sr,
+                                         /R =   1.0523E-01
    97.00 deg.: X-S =     0.000755 mb/sr,
+                                         /R =   1.0538E-01
    98.00 deg.: X-S =     0.000736 mb/sr,
+                                         /R =   1.0591E-01
    99.00 deg.: X-S =     0.000716 mb/sr,
+                                         /R =   1.0629E-01
   100.00 deg.: X-S =     0.000694 mb/sr,
+                                         /R =   1.0608E-01
   101.00 deg.: X-S =     0.000667 mb/sr,
+                                         /R =   1.0497E-01
   102.00 deg.: X-S =     0.000635 mb/sr,
+                                         /R =   1.0277E-01
   103.00 deg.: X-S =     0.000597 mb/sr,
+                                         /R =   9.9419E-02
   104.00 deg.: X-S =     0.000555 mb/sr,
+                                         /R =   9.4938E-02
   105.00 deg.: X-S =     0.000509 mb/sr,
+                                         /R =   8.9446E-02
   106.00 deg.: X-S =     0.000460 mb/sr,
+                                         /R =   8.3122E-02
   107.00 deg.: X-S =     0.000411 mb/sr,
+                                         /R =   7.6187E-02
   108.00 deg.: X-S =     0.000362 mb/sr,
+                                         /R =   6.8880E-02
   109.00 deg.: X-S =     0.000315 mb/sr,
+                                         /R =   6.1447E-02
   110.00 deg.: X-S =     0.000271 mb/sr,
+                                         /R =   5.4117E-02
   111.00 deg.: X-S =     0.000230 mb/sr,
+                                         /R =   4.7099E-02
   112.00 deg.: X-S =     0.000194 mb/sr,
+                                         /R =   4.0571E-02
   113.00 deg.: X-S =     0.000162 mb/sr,
+                                         /R =   3.4673E-02
   114.00 deg.: X-S =     0.000134 mb/sr,
+                                         /R =   2.9505E-02
   115.00 deg.: X-S =     0.000112 mb/sr,
+                                         /R =   2.5126E-02
   116.00 deg.: X-S =   9.3931E-05 mb/sr,
+                                         /R =   2.1558E-02
   117.00 deg.: X-S =   8.0097E-05 mb/sr,
+                                         /R =   1.8784E-02
   118.00 deg.: X-S =   6.9973E-05 mb/sr,
+                                         /R =   1.6761E-02
   119.00 deg.: X-S =   6.3056E-05 mb/sr,
+                                         /R =   1.5421E-02
   120.00 deg.: X-S =   5.8815E-05 mb/sr,
+                                         /R =   1.4680E-02
   121.00 deg.: X-S =   5.6721E-05 mb/sr,
+                                         /R =   1.4443E-02
   122.00 deg.: X-S =   5.6263E-05 mb/sr,
+                                         /R =   1.4609E-02
   123.00 deg.: X-S =   5.6966E-05 mb/sr,
+                                         /R =   1.5077E-02
   124.00 deg.: X-S =   5.8402E-05 mb/sr,
+                                         /R =   1.5750E-02
   125.00 deg.: X-S =   6.0201E-05 mb/sr,
+                                         /R =   1.6536E-02
   126.00 deg.: X-S =   6.2053E-05 mb/sr,
+                                         /R =   1.7354E-02
   127.00 deg.: X-S =   6.3711E-05 mb/sr,
+                                         /R =   1.8134E-02
   128.00 deg.: X-S =   6.4988E-05 mb/sr,
+                                         /R =   1.8819E-02
   129.00 deg.: X-S =   6.5758E-05 mb/sr,
+                                         /R =   1.9365E-02
   130.00 deg.: X-S =   6.5944E-05 mb/sr,
+                                         /R =   1.9742E-02
   131.00 deg.: X-S =   6.5510E-05 mb/sr,
+                                         /R =   1.9930E-02
   132.00 deg.: X-S =   6.4460E-05 mb/sr,
+                                         /R =   1.9922E-02
   133.00 deg.: X-S =   6.2825E-05 mb/sr,
+                                         /R =   1.9717E-02
   134.00 deg.: X-S =   6.0657E-05 mb/sr,
+                                         /R =   1.9324E-02
   135.00 deg.: X-S =   5.8025E-05 mb/sr,
+                                         /R =   1.8758E-02
   136.00 deg.: X-S =   5.5009E-05 mb/sr,
+                                         /R =   1.8039E-02
   137.00 deg.: X-S =   5.1693E-05 mb/sr,
+                                         /R =   1.7189E-02
   138.00 deg.: X-S =   4.8163E-05 mb/sr,
+                                         /R =   1.6235E-02
   139.00 deg.: X-S =   4.4503E-05 mb/sr,
+                                         /R =   1.5201E-02
   140.00 deg.: X-S =   4.0791E-05 mb/sr,
+                                         /R =   1.4113E-02
   141.00 deg.: X-S =   3.7097E-05 mb/sr,
+                                         /R =   1.2997E-02
   142.00 deg.: X-S =   3.3481E-05 mb/sr,
+                                         /R =   1.1874E-02
   143.00 deg.: X-S =   2.9996E-05 mb/sr,
+                                         /R =   1.0765E-02
   144.00 deg.: X-S =   2.6684E-05 mb/sr,
+                                         /R =   9.6870E-03
   145.00 deg.: X-S =   2.3576E-05 mb/sr,
+                                         /R =   8.6550E-03
   146.00 deg.: X-S =   2.0697E-05 mb/sr,
+                                         /R =   7.6808E-03
   147.00 deg.: X-S =   1.8061E-05 mb/sr,
+                                         /R =   6.7736E-03
   148.00 deg.: X-S =   1.5677E-05 mb/sr,
+                                         /R =   5.9396E-03
   149.00 deg.: X-S =   1.3546E-05 mb/sr,
+                                         /R =   5.1827E-03
   150.00 deg.: X-S =   1.1661E-05 mb/sr,
+                                         /R =   4.5044E-03
   151.00 deg.: X-S =   1.0015E-05 mb/sr,
+                                         /R =   3.9041E-03
   152.00 deg.: X-S =   8.5921E-06 mb/sr,
+                                         /R =   3.3793E-03
   153.00 deg.: X-S =   7.3769E-06 mb/sr,
+                                         /R =   2.9263E-03
   154.00 deg.: X-S =   6.3509E-06 mb/sr,
+                                         /R =   2.5401E-03
   155.00 deg.: X-S =   5.4951E-06 mb/sr,
+                                         /R =   2.2152E-03
   156.00 deg.: X-S =   4.7902E-06 mb/sr,
+                                         /R =   1.9458E-03
   157.00 deg.: X-S =   4.2176E-06 mb/sr,
+                                         /R =   1.7256E-03
   158.00 deg.: X-S =   3.7588E-06 mb/sr,
+                                         /R =   1.5486E-03
   159.00 deg.: X-S =   3.3962E-06 mb/sr,
+                                         /R =   1.4085E-03
   160.00 deg.: X-S =   3.1129E-06 mb/sr,
+                                         /R =   1.2992E-03
   161.00 deg.: X-S =   2.8932E-06 mb/sr,
+                                         /R =   1.2148E-03
   162.00 deg.: X-S =   2.7229E-06 mb/sr,
+                                         /R =   1.1498E-03
   163.00 deg.: X-S =   2.5899E-06 mb/sr,
+                                         /R =   1.0995E-03
   164.00 deg.: X-S =   2.4841E-06 mb/sr,
+                                         /R =   1.0600E-03
   165.00 deg.: X-S =   2.3978E-06 mb/sr,
+                                         /R =   1.0280E-03
   166.00 deg.: X-S =   2.3253E-06 mb/sr,
+                                         /R =   1.0014E-03
   167.00 deg.: X-S =   2.2622E-06 mb/sr,
+                                         /R =   9.7825E-04
   168.00 deg.: X-S =   2.2053E-06 mb/sr,
+                                         /R =   9.5731E-04
   169.00 deg.: X-S =   2.1521E-06 mb/sr,
+                                         /R =   9.3747E-04
   170.00 deg.: X-S =   2.1005E-06 mb/sr,
+                                         /R =   9.1792E-04
   171.00 deg.: X-S =   2.0492E-06 mb/sr,
+                                         /R =   8.9815E-04
   172.00 deg.: X-S =   1.9981E-06 mb/sr,
+                                         /R =   8.7800E-04
   173.00 deg.: X-S =   1.9476E-06 mb/sr,
+                                         /R =   8.5777E-04
   174.00 deg.: X-S =   1.8991E-06 mb/sr,
+                                         /R =   8.3807E-04
   175.00 deg.: X-S =   1.8545E-06 mb/sr,
+                                         /R =   8.1978E-04
   176.00 deg.: X-S =   1.8158E-06 mb/sr,
+                                         /R =   8.0376E-04
   177.00 deg.: X-S =   1.7845E-06 mb/sr,
+                                         /R =   7.9073E-04
   178.00 deg.: X-S =   1.7616E-06 mb/sr,
+                                         /R =   7.8118E-04
   179.00 deg.: X-S =   1.7477E-06 mb/sr,
+                                         /R =   7.7538E-04
   179.99 deg.: X-S =   1.7430E-06 mb/sr,
+                                         /R =   7.7344E-04
                                           Integrated********** mb, over [   0.000, 180.000] at    90.0000 MeV 

 CROSS SECTIONS FOR OUTGOING 3He      & 7He      in state #   1 with spins & parities 0.5  + &  1.5  +;  0

     0.00 deg.: X-S =     1.543358 mb/sr,
+                                         REAC   2.1089E+00 mb
     1.00 deg.: X-S =     1.505327 mb/sr,
     2.00 deg.: X-S =     1.395478 mb/sr,
     3.00 deg.: X-S =     1.225977 mb/sr,
     4.00 deg.: X-S =     1.015302 mb/sr,
     5.00 deg.: X-S =     0.785838 mb/sr,
     6.00 deg.: X-S =     0.561072 mb/sr,
     7.00 deg.: X-S =     0.362775 mb/sr,
     8.00 deg.: X-S =     0.208603 mb/sr,
     9.00 deg.: X-S =     0.110382 mb/sr,
    10.00 deg.: X-S =     0.073282 mb/sr,
    11.00 deg.: X-S =     0.095879 mb/sr,
    12.00 deg.: X-S =     0.171015 mb/sr,
    13.00 deg.: X-S =     0.287230 mb/sr,
    14.00 deg.: X-S =     0.430528 mb/sr,
    15.00 deg.: X-S =     0.586180 mb/sr,
    16.00 deg.: X-S =     0.740359 mb/sr,
    17.00 deg.: X-S =     0.881418 mb/sr,
    18.00 deg.: X-S =     1.000716 mb/sr,
    19.00 deg.: X-S =     1.092982 mb/sr,
    20.00 deg.: X-S =     1.156245 mb/sr,
    21.00 deg.: X-S =     1.191426 mb/sr,
    22.00 deg.: X-S =     1.201697 mb/sr,
    23.00 deg.: X-S =     1.191728 mb/sr,
    24.00 deg.: X-S =     1.166926 mb/sr,
    25.00 deg.: X-S =     1.132747 mb/sr,
    26.00 deg.: X-S =     1.094151 mb/sr,
    27.00 deg.: X-S =     1.055209 mb/sr,
    28.00 deg.: X-S =     1.018895 mb/sr,
    29.00 deg.: X-S =     0.987023 mb/sr,
    30.00 deg.: X-S =     0.960325 mb/sr,
    31.00 deg.: X-S =     0.938610 mb/sr,
    32.00 deg.: X-S =     0.920996 mb/sr,
    33.00 deg.: X-S =     0.906145 mb/sr,
    34.00 deg.: X-S =     0.892511 mb/sr,
    35.00 deg.: X-S =     0.878545 mb/sr,
    36.00 deg.: X-S =     0.862868 mb/sr,
    37.00 deg.: X-S =     0.844380 mb/sr,
    38.00 deg.: X-S =     0.822337 mb/sr,
    39.00 deg.: X-S =     0.796365 mb/sr,
    40.00 deg.: X-S =     0.766449 mb/sr,
    41.00 deg.: X-S =     0.732883 mb/sr,
    42.00 deg.: X-S =     0.696206 mb/sr,
    43.00 deg.: X-S =     0.657132 mb/sr,
    44.00 deg.: X-S =     0.616470 mb/sr,
    45.00 deg.: X-S =     0.575057 mb/sr,
    46.00 deg.: X-S =     0.533699 mb/sr,
    47.00 deg.: X-S =     0.493124 mb/sr,
    48.00 deg.: X-S =     0.453951 mb/sr,
    49.00 deg.: X-S =     0.416668 mb/sr,
    50.00 deg.: X-S =     0.381627 mb/sr,
    51.00 deg.: X-S =     0.349049 mb/sr,
    52.00 deg.: X-S =     0.319034 mb/sr,
    53.00 deg.: X-S =     0.291580 mb/sr,
    54.00 deg.: X-S =     0.266598 mb/sr,
    55.00 deg.: X-S =     0.243942 mb/sr,
    56.00 deg.: X-S =     0.223420 mb/sr,
    57.00 deg.: X-S =     0.204821 mb/sr,
    58.00 deg.: X-S =     0.187923 mb/sr,
    59.00 deg.: X-S =     0.172513 mb/sr,
    60.00 deg.: X-S =     0.158392 mb/sr,
    61.00 deg.: X-S =     0.145384 mb/sr,
    62.00 deg.: X-S =     0.133337 mb/sr,
    63.00 deg.: X-S =     0.122126 mb/sr,
    64.00 deg.: X-S =     0.111652 mb/sr,
    65.00 deg.: X-S =     0.101838 mb/sr,
    66.00 deg.: X-S =     0.092630 mb/sr,
    67.00 deg.: X-S =     0.083986 mb/sr,
    68.00 deg.: X-S =     0.075883 mb/sr,
    69.00 deg.: X-S =     0.068301 mb/sr,
    70.00 deg.: X-S =     0.061231 mb/sr,
    71.00 deg.: X-S =     0.054663 mb/sr,
    72.00 deg.: X-S =     0.048591 mb/sr,
    73.00 deg.: X-S =     0.043006 mb/sr,
    74.00 deg.: X-S =     0.037898 mb/sr,
    75.00 deg.: X-S =     0.033253 mb/sr,
    76.00 deg.: X-S =     0.029056 mb/sr,
    77.00 deg.: X-S =     0.025286 mb/sr,
    78.00 deg.: X-S =     0.021921 mb/sr,
    79.00 deg.: X-S =     0.018936 mb/sr,
    80.00 deg.: X-S =     0.016306 mb/sr,
    81.00 deg.: X-S =     0.014002 mb/sr,
    82.00 deg.: X-S =     0.011997 mb/sr,
    83.00 deg.: X-S =     0.010261 mb/sr,
    84.00 deg.: X-S =     0.008767 mb/sr,
    85.00 deg.: X-S =     0.007489 mb/sr,
    86.00 deg.: X-S =     0.006402 mb/sr,
    87.00 deg.: X-S =     0.005481 mb/sr,
    88.00 deg.: X-S =     0.004704 mb/sr,
    89.00 deg.: X-S =     0.004052 mb/sr,
    90.00 deg.: X-S =     0.003507 mb/sr,
    91.00 deg.: X-S =     0.003052 mb/sr,
    92.00 deg.: X-S =     0.002672 mb/sr,
    93.00 deg.: X-S =     0.002357 mb/sr,
    94.00 deg.: X-S =     0.002094 mb/sr,
    95.00 deg.: X-S =     0.001875 mb/sr,
    96.00 deg.: X-S =     0.001692 mb/sr,
    97.00 deg.: X-S =     0.001538 mb/sr,
    98.00 deg.: X-S =     0.001407 mb/sr,
    99.00 deg.: X-S =     0.001295 mb/sr,
   100.00 deg.: X-S =     0.001198 mb/sr,
   101.00 deg.: X-S =     0.001113 mb/sr,
   102.00 deg.: X-S =     0.001038 mb/sr,
   103.00 deg.: X-S =     0.000971 mb/sr,
   104.00 deg.: X-S =     0.000909 mb/sr,
   105.00 deg.: X-S =     0.000853 mb/sr,
   106.00 deg.: X-S =     0.000800 mb/sr,
   107.00 deg.: X-S =     0.000751 mb/sr,
   108.00 deg.: X-S =     0.000704 mb/sr,
   109.00 deg.: X-S =     0.000659 mb/sr,
   110.00 deg.: X-S =     0.000616 mb/sr,
   111.00 deg.: X-S =     0.000575 mb/sr,
   112.00 deg.: X-S =     0.000535 mb/sr,
   113.00 deg.: X-S =     0.000497 mb/sr,
   114.00 deg.: X-S =     0.000461 mb/sr,
   115.00 deg.: X-S =     0.000426 mb/sr,
   116.00 deg.: X-S =     0.000392 mb/sr,
   117.00 deg.: X-S =     0.000360 mb/sr,
   118.00 deg.: X-S =     0.000329 mb/sr,
   119.00 deg.: X-S =     0.000300 mb/sr,
   120.00 deg.: X-S =     0.000272 mb/sr,
   121.00 deg.: X-S =     0.000246 mb/sr,
   122.00 deg.: X-S =     0.000222 mb/sr,
   123.00 deg.: X-S =     0.000199 mb/sr,
   124.00 deg.: X-S =     0.000177 mb/sr,
   125.00 deg.: X-S =     0.000158 mb/sr,
   126.00 deg.: X-S =     0.000139 mb/sr,
   127.00 deg.: X-S =     0.000123 mb/sr,
   128.00 deg.: X-S =     0.000107 mb/sr,
   129.00 deg.: X-S =   9.3251E-05 mb/sr,
   130.00 deg.: X-S =   8.0696E-05 mb/sr,
   131.00 deg.: X-S =   6.9438E-05 mb/sr,
   132.00 deg.: X-S =   5.9408E-05 mb/sr,
   133.00 deg.: X-S =   5.0532E-05 mb/sr,
   134.00 deg.: X-S =   4.2732E-05 mb/sr,
   135.00 deg.: X-S =   3.5927E-05 mb/sr,
   136.00 deg.: X-S =   3.0035E-05 mb/sr,
   137.00 deg.: X-S =   2.4975E-05 mb/sr,
   138.00 deg.: X-S =   2.0666E-05 mb/sr,
   139.00 deg.: X-S =   1.7029E-05 mb/sr,
   140.00 deg.: X-S =   1.3991E-05 mb/sr,
   141.00 deg.: X-S =   1.1479E-05 mb/sr,
   142.00 deg.: X-S =   9.4261E-06 mb/sr,
   143.00 deg.: X-S =   7.7715E-06 mb/sr,
   144.00 deg.: X-S =   6.4580E-06 mb/sr,
   145.00 deg.: X-S =   5.4342E-06 mb/sr,
   146.00 deg.: X-S =   4.6539E-06 mb/sr,
   147.00 deg.: X-S =   4.0763E-06 mb/sr,
   148.00 deg.: X-S =   3.6654E-06 mb/sr,
   149.00 deg.: X-S =   3.3901E-06 mb/sr,
   150.00 deg.: X-S =   3.2235E-06 mb/sr,
   151.00 deg.: X-S =   3.1430E-06 mb/sr,
   152.00 deg.: X-S =   3.1294E-06 mb/sr,
   153.00 deg.: X-S =   3.1669E-06 mb/sr,
   154.00 deg.: X-S =   3.2425E-06 mb/sr,
   155.00 deg.: X-S =   3.3455E-06 mb/sr,
   156.00 deg.: X-S =   3.4677E-06 mb/sr,
   157.00 deg.: X-S =   3.6024E-06 mb/sr,
   158.00 deg.: X-S =   3.7444E-06 mb/sr,
   159.00 deg.: X-S =   3.8898E-06 mb/sr,
   160.00 deg.: X-S =   4.0356E-06 mb/sr,
   161.00 deg.: X-S =   4.1798E-06 mb/sr,
   162.00 deg.: X-S =   4.3208E-06 mb/sr,
   163.00 deg.: X-S =   4.4574E-06 mb/sr,
   164.00 deg.: X-S =   4.5889E-06 mb/sr,
   165.00 deg.: X-S =   4.7148E-06 mb/sr,
   166.00 deg.: X-S =   4.8346E-06 mb/sr,
   167.00 deg.: X-S =   4.9480E-06 mb/sr,
   168.00 deg.: X-S =   5.0548E-06 mb/sr,
   169.00 deg.: X-S =   5.1547E-06 mb/sr,
   170.00 deg.: X-S =   5.2475E-06 mb/sr,
   171.00 deg.: X-S =   5.3329E-06 mb/sr,
   172.00 deg.: X-S =   5.4105E-06 mb/sr,
   173.00 deg.: X-S =   5.4801E-06 mb/sr,
   174.00 deg.: X-S =   5.5413E-06 mb/sr,
   175.00 deg.: X-S =   5.5938E-06 mb/sr,
   176.00 deg.: X-S =   5.6372E-06 mb/sr,
   177.00 deg.: X-S =   5.6713E-06 mb/sr,
   178.00 deg.: X-S =   5.6958E-06 mb/sr,
   179.00 deg.: X-S =   5.7106E-06 mb/sr,
   180.00 deg.: X-S =   5.7156E-06 mb/sr,
                                           Integrated    2.1086 mb, over [   0.000, 180.000] at    90.0000 MeV 
 Finished all xsecs @   0.163293004    

  The following files have been created:
   3:local copy of User input.            6:standard output.                   
   7:elastic  S-matrix elements.         12:transfer kernels.                  
  13:total cross sections/state.         16:tables of cross sections.          
  35:Astrophysics S-factors  / Ecm.      38:cross sections for each J/pi.      
  39:cross sections for each Ecm.        40:all cross sectns. for each Elab.   
  45:scat phase shift as E functions.    46:bs wave functions & ANC ratios.    
  56:Fusion for each Jtotal.             75:S-factors for lab energies.        
 201:Separate cross sections.           202:Separate cross sections.           

 PARAMETERS : MAXQRN   MFNL   MLOC  LMAX1 MCLIST
    ALLOWED :      2    144     13     60      6
    REQUIRED:      1      8     13     44      4


 ACCURACY ANALYSIS at    90.000 MeV :

  Elastic h*k = 0.118 so OK       compared with 0.200

   Real(S-el) > 0.01 first at J =       1.0
   Real(S-el) > 0.10 first at J =       1.0
   Real(S-el) > 0.50 first at J =       6.0
   Real(S-el) > 0.90 first at J =       9.0
   Real(S-el) > 0.99 first at J =      13.0
   R-turn =    17.24 fm    at J =      40.0

 Forward-angle excitation cut off below   0.200 deg by max JT =      40.0
                              and below   0.138 deg by max R.


 1: Recommended RNL: non-local width >   2.60 cf:   5.00 fm: OK      
    Recommended CENTRE: centration   ~   0.10 cf:   0.80 fm

 Total CPU  0 time =       0.16 seconds
