 FRESCO - FRES 3.4: Coupled Reaction Channels
 Assuming NAMELIST input.

 8Li(d,3He)7He @ 45 AMeV Haixia OMP (d) + HT1p OMP (3He) and Ex = 17 MeV         

   0.050  25.000   0.500   0.200   5.000   0.900   0.000   0.000   0.000   0.000

 Centre-of-mass Range is    502 * 0.0500 fm., Maximum at  25.00 fm., Interpolating NL forms every  0.50 fm.
 Non - locality width is     26 * 0.2000 fm., Maximum of   5.00 fm., Centred at  0.80 fm.
 2-Nucleon Separation of      0 * 0.5000 fm., Maximum of   0.00 fm., Minimum at  0.00 fm.
 Maximum single particle bins of 25.0000 fm.
               M,Mint =          501         501


 Range of total J is     0.0 <= J <=    40.0 (at least     0.0) and Absorbtion =>    -0.1000 mb.
 Dry Run = F, CC set limits =  0  0, Relativistic kinematics =  , Both/Far/Near Analyses =  1                     

 Cross Sections (and up to T0 for 0=projectile) for Theta from   0.0 to 180.0 in steps of  1.0 degrees, DGAM=0,  Coordinates = 0 (Mads)

 Lower Radial Cutoff = maximum of -1.60*L*h &       0.0 fm.,  Lower Cutoff for Couplings =   0.0  fm.


 Iterate Couplings between   0 and   1 times, to  0.000 % if sooner.                                          
  Block solved exactly =   0 chs., with Pade = 0 & Isocen =  =0, NOSOL = F, initwf =  0
  NL quadrature with   18 Gaussian points, Calculate multipoles up to    46 from   0
  M-transfers for lp+lt greater than or equal to  6, Angular Integration Cutoff below  2.7778 %


 Trace switches are :  CHANS =  1, LISTCC =  0, TRENEG =  0, CDETR =  0, SMATS =  2, XSTABL =  1, NLPL =  0

                       WAVES =  0, LAMPL =  0, VEFF =  0, KFUS =  0, WDISK =  0, BPM =  0, MELFIL =  0

                       CDCC =  0, NFUS =  0

 Using unit mass = 1.000000 amu and 1/fine-structure constant = 137.03599 ( 1.000000 * true ) with hc = 197.32705 MeV.fm,
  thus 2*amu/hbar^2 = 0.0478450 = 1/20.9008 and Coulomb constant = 0.1574855 so e^2 = 1.43997, and nuclear magneton= 0.1261183

 Now pre-scan input and save to file 3



 *********** PARTITION NUMBER  1 ******************************************************************************************

   PROJ=d          MASS=  2.0136 Z=   1.0,        # STATES=    1T, TARG=8Li      MASS=  8.0208 Z=   3.0,     Q-VALUE =   0.0000 MEV.

     1:  J= 1.0+ (B# 1), E=  0.0000, K= 0.0              Potl#  1       J= 2.0+ (B# 1), E=  0.0000, K= 0.0    


 *********** PARTITION NUMBER  2 ******************************************************************************************

   PROJ=3He        MASS=  3.0149 Z=   2.0,        # STATES=    5T, TARG=7He      MASS=  7.0269 Z=   2.0,     Q-VALUE =  -6.9227 MEV.

     1:  J= 0.5+ (B# 1), E=  0.0000, K= 0.5              Potl#  2       J= 1.5+ (B# 1), E= 17.0000, K= 0.5    

     2:  J= 0.5+ (B# 1), E=  0.0000, K= 0.5              Potl#  2       J= 1.5- (B#-1), E= 17.0000, K= 0.5    
                                  (Just State  1)

     3:  J= 0.5+ (B# 1), E=  0.0000, K= 0.5              Potl#  2       J= 1.5+ (B# 1), E= 17.0000, K= 0.5    
                                  (Just State  1)

     4:  J= 0.5+ (B# 1), E=  0.0000, K= 0.5              Potl#  2       J= 1.5+ (B# 1), E= 17.0000, K= 0.5    
                                  (Just State  1)

     5:  J= 0.5+ (B# 1), E=  0.0000, K= 0.5              Potl#  2       J= 2.5+ (B# 1), E= 17.0000, K= 0.5    
                                  (Just State  1)


 ************************************************************************************************************************************

 The following POTENTIALS are defined :

  KP#       TYPE      IT    SHAPE      at     V1        r1        a1        V2        r2        a2        A-in     A-used


                                            A#1       A#2        r0c       ac                                                h @ 1
    1    0=Coulomb       0=CHARGE (WS)  1     8.000     0.000    1.3030    0.0000    0.0000    0.0000     0.000     8.000   0.05000

    1    1=Volume        0=Woods-Saxon  2   71.3345    1.1481    0.7442    6.7020    1.3548    0.6550     0.000     8.000

    1    2=Surface       0=Woods-Saxon  3    0.0000    0.0000    0.0000    8.0760    1.4100    0.6550     0.000     8.000

    1    3=Projtl S.O.   0=Woods-Saxon  4    1.7785    0.9720    1.0110    0.0000    0.0000    0.0000     0.000     8.000
   --------------------------------------------------------------------------------------------------------------------

                                            A#1       A#2        r0c       ac                                                h @ 2
    2    0=Coulomb       0=CHARGE (WS)  5     7.000     0.000    1.3000    0.0000    0.0000    0.0000     0.000     7.000   0.05000

    2    1=Volume        0=Woods-Saxon  6  110.6432    1.0827    0.7920    4.9944    1.3464    0.8010     0.000     7.000

    2    2=Surface       0=Woods-Saxon  7    0.0000    0.0000    0.0000   11.4872    1.3464    0.8010     0.000     7.000
   --------------------------------------------------------------------------------------------------------------------

                                            A#1       A#2        r0c       ac                                                h @ 0
    3    0=Coulomb       0=CHARGE (WS)  8     1.000     0.000    2.0000    0.0000    0.0000    0.0000     0.000     1.000   0.05000

    3    1=Volume        0=Woods-Saxon  9  179.9400    0.5400    0.6800    0.0000    0.0000    0.0000     0.000     1.000

    3    1=Volume        2=Gaussian    10 -203.3300    0.0000    0.6400    0.0000    0.0000    0.0000     0.000     1.000
   --------------------------------------------------------------------------------------------------------------------

                                            A#1       A#2        r0c       ac                                                h @ 0
    4    0=Coulomb       0=CHARGE (WS) 11     7.000     0.000    1.2500    0.0000    0.0000    0.0000     0.000     7.000   0.05000

    4    1=Volume        0=Woods-Saxon 12   60.0000    1.2500    0.6500    0.0000    0.0000    0.0000     0.000     7.000

    4    3=Projtl S.O.   0=Woods-Saxon 13    6.0000    1.1000    0.6500    0.0000    0.0000    0.0000     0.000     7.000


 ************************************************************************************************************************************

 The following SINGLE-PARTICLE FORM FACTORS are constructed :


 No.   P1 P2 IN KIND T N  L  S1 IA J/S  IB BIND XFER  BE    SC PC FIL AFRAC Adjust  to  Z  Mass   K     Norm    rms      D0     D   ANC/Gsp

    Parameters      Mismatch   Nodes -> 1 in ch  1

      1.000000     0.00133953     1    57
      0.999412     0.00000126     1    57

 No.   P1 P2 IN KIND T N  L  S1 IA J/S  IB BIND XFER  BE    SC PC FIL AFRAC Adjust  to  Z  Mass   K     Norm    rms      D0     D   ANC/Gsp

    1:  1  2  1  0     1  0 0.5  1 0.5   0   3   0   5.4936  1  4  0 1.0000 VR  0.9994; 1. 1.007 0.4201 1.0000  2.785 -163.9 -171.0  1.8330

    Parameters      Mismatch   Nodes -> 1 in ch  1

      1.000000    -0.47615298     1    48
      1.113229     0.14433057     1    48
      1.093341     0.00810001     1    48
      1.092089     0.00002795     1    48

 No.   P1 P2 IN KIND T N  L  S1 IA J/S  IB BIND XFER  BE    SC PC FIL AFRAC Adjust  to  Z  Mass   K     Norm    rms      D0     D   ANC/Gsp

    2:  2  1  2  0     1  0 0.5  1 0.5   0   4   0  29.4163  1  4  0 1.0000 VR  1.0921; 1. 1.026 1.1223 1.0000  1.857 -394.7 -843.6 12.7143

    Parameters      Mismatch   Nodes -> 1 in ch  1

      1.000000    -1.37674965     1    36
      1.781660     0.40591497     1    36
      1.647990     0.02336510     1    36
      1.639335     0.00008364     1    36

 No.   P1 P2 IN KIND T N  L  S1 IA J/S  IB BIND XFER  BE    SC PC FIL AFRAC Adjust  to  Z  Mass   K     Norm    rms      D0     D   ANC/Gsp

    3:  2  1  2  0     1  1 0.5  1 1.5   0   4   0  29.4163  1  4  0 1.0000 VR  1.6393; 1. 1.026 1.1223 1.0000  2.179 -215.6 -504.5 14.2657

    Parameters      Mismatch   Nodes -> 1 in ch  1

      1.000000    -2.14801588     1    46
      2.000000    -0.96788262     1    54
      2.564361     0.69573530     1    54
      2.440384     0.12539078     1    54
      2.407364     0.00531582     1    54
      2.405838     0.00001018     1    54

 No.   P1 P2 IN KIND T N  L  S1 IA J/S  IB BIND XFER  BE    SC PC FIL AFRAC Adjust  to  Z  Mass   K     Norm    rms      D0     D   ANC/Gsp

    4:  2  1  2  0     1  2 0.5  1 2.5   0   4   0  29.4163  1  4  0 1.0000 VR  2.4058; 1. 1.026 1.1223 1.0000  2.352  -40.3  -42.5 11.1886

    Parameters      Mismatch   Nodes -> 2 in ch  1

      1.000000    -0.47615298     1    48
      2.000000    -1.13163801     2    62
      2.687458     1.41102902     2    62
      2.561243     0.41880491     2    62
      2.486382     0.05783847     2    62
      2.472518     0.00136395     2    62
      2.472175     0.00000079     2    62

 No.   P1 P2 IN KIND T N  L  S1 IA J/S  IB BIND XFER  BE    SC PC FIL AFRAC Adjust  to  Z  Mass   K     Norm    rms      D0     D   ANC/Gsp

    5:  2  1  2  0     2  0 0.5  1 0.5   0   4   0  29.4163  1  4  0 1.0000 VR  2.4722; 1. 1.026 1.1223 1.0000  2.493  445.9 1975.1-29.7677

    Parameters      Mismatch   Nodes -> 1 in ch  1

      1.000000    -0.47615298     1    48
      1.113229     0.14433057     1    48
      1.093341     0.00810001     1    48
      1.092089     0.00002795     1    48

 No.   P1 P2 IN KIND T N  L  S1 IA J/S  IB BIND XFER  BE    SC PC FIL AFRAC Adjust  to  Z  Mass   K     Norm    rms      D0     D   ANC/Gsp

    6:  2  1  2  0     1  0 0.5  1 0.5   0   4   0  29.4163  1  4  0 1.0000 VR  1.0921; 1. 1.026 1.1223 1.0000  1.857 -394.7 -843.6 12.7143

 ************************************************************************************************************************************

 TWO-way COUPLING # 1 for partitions  2 <-  1 of KIND  7,   1  0  0 -1 -1 & P1,P2 =    0.0000   0.0000 : for J <=    40.5 & R <  25.0 fm.


 data =  1  1  1  1  1.1446,  so  < [3He      #  1] / [d        #  1]  * Eigen-form #  1>  =   1.1446            BE =  5.494     1

 data =  2  1  1  2  1.0000,  so  < [8Li      #  1] / [7He      #  1]  * Eigen-form #  2>  =   1.0000            BE = 29.416     2

 data =  2  1  2  3  1.0000,  so  < [8Li      #  1] / [7He      #  2]  * Eigen-form #  3>  =   1.0000            BE = 29.416     3

 data =  2  1  3  4  1.0000,  so  < [8Li      #  1] / [7He      #  3]  * Eigen-form #  4>  =   1.0000            BE = 29.416     4

 data =  2  1  4  5  1.0000,  so  < [8Li      #  1] / [7He      #  4]  * Eigen-form #  5>  =   1.0000            BE = 29.416     5

 data = -2  1  5  6  1.0000,  so  < [8Li      #  1] / [7He      #  5]  * Eigen-form #  6>  =   1.0000            BE = 29.416     6
 KNT =   2, KNP =   1: NK,NG,loc=   1   1   1  14  T  T  F
 KNT =   3, KNP =   1: NK,NG,loc=   2   2   2  15  T  T  F
 KNT =   4, KNP =   1: NK,NG,loc=   3   3   3  16  T  T  F
 KNT =   5, KNP =   1: NK,NG,loc=   4   4   4  17  T  T  F
 KNT =   6, KNP =   1: NK,NG,loc=   5   5   5  18  T  T  F

     So FINITE-RANGE TRANSFER : IP1 = 1 (PRIOR   ), IP2= 0 =NONE        ,  for   5 pairs of bound states summed into   5 pairs
      The main coupling potential is that binding the transferred particle to the d        core.

   A real*8 is            8  bytes
   NLL,NLN,NLO =          51          51          26
0File  11 needs RL =    1326    REAL*8 numbers, and NR =   236. i.e.     2.50 Megabytes
   File           11  RECL =       10400
0RECOMMENDED NON-LOCAL WIDTH IS GREATER THAN    2.80 FM.,  RECOMMENDED CENTRATION   0.00, after    0.00 secs.
0Relative non-local usages (rms) are
    0.014   0.061   0.402   1.415   4.581  19.608  38.621  72.920  76.993  81.992 100.000  81.548  37.397  13.024   4.128
    1.222   0.325   0.069   0.028   0.026   0.020   0.013   0.009   0.006   0.004   0.002

 Incoming partition  1 in excitation state # 1,   Laboratory Energy given for partition  1 Nucleus 1 in Excitation pair 1

0Lab. ENERGY ranges :

   from    90.0000     to   0.00000     in     0 intervals
   from    0.00000     to   0.00000     in     0 intervals
   from    0.00000     to   0.00000     in     0 intervals

 Largest real,imaginary parts of any form factor at R=   24.50 are   5.88E-02  5.96E-11 MeV
 Finished all Couplings @    1.11349998E-02          13

 Symmetric Hamiltonian
1***********************************************************************************************************************************
************************************************************************************************************************************

        INCOMING d        ;    LABORATORY d        ENERGY =   90.000     MeV.

 ***********************************************************************************************************************************
 ***********************************************************************************************************************************

 Allocate arrays for            6  channels, of which            6  need wfs.

 ######################################################################################################################
 #                                                                                                                    #
 # Total SPIN and PARITY =     0.0 +,      6 channels,    0 in 1st block.  Rmin & Coul turning =    0.0    0.1 fm.  #
 #                                                                                                                    #
 ######################################################################################################################



    C Projectl Target   #   EX.   (L  Proj) J  + Targ = Jtotal     E-cm      Re K     Re Eta     RM*K            CH
    1 d        8Li      #    1: I   2 1.0    2.0  2.0     0.0    71.94014   2.35369   0.07067   58.8424   0.43871   0.24093 1 1 1   1
    2 3He      7He      #    1:     2 0.5    1.5  1.5     0.0    48.01744   2.20157   0.13204   55.0392  -0.46460   0.18709 2 1 2   1
    3 3He      7He      #    2:     1 0.5    1.5  1.5     0.0    48.01744   2.20157   0.13204   55.0392  -0.23348  -0.44291 2 1 2   2
    4 3He      7He      #    3:     2 0.5    1.5  1.5     0.0    48.01744   2.20157   0.13204   55.0392  -0.46460   0.18709 2 1 2   3
    5 3He      7He      #    4:     2 0.5    1.5  1.5     0.0    48.01744   2.20157   0.13204   55.0392  -0.46460   0.18709 2 1 2   4
    6 3He      7He      #    5:     2 0.5    2.5  2.5     0.0    48.01744   2.20157   0.13204   55.0392  -0.46460   0.18709 2 1 2   5
   S-matrix    1 =   -0.10122  -0.31812 for L=    2, J=    2.0 channel on core I =   2.0 from L=    2,  Acc. loss =  0.0 D.
 Elastic phase shift   1 =  -53.825  31.430 deg. for the L =    2, J =    2.0 channel.
       0.0 -0.10121710 -0.31812114i: elastic S-matrix  @@      0.00  0   0 F  0
 Reaction Xsec     0.0+/ 2 @ 1 =   0.336 , Out:   0.000#   3.513/   0.000#   0.114/   0.512/   1.561/   0.330f

 Allocate arrays for            7  channels, of which            7  need wfs.

 Total SPIN, PARITY =     0.0 -,      7 chs,      0 cc.  Rmin & Coul turning =    0.0    0.1
   S-matrix    1 =    0.06573  -0.33541 for L=    1, J=    2.0 channel on core I =   2.0 from L=    1,  Acc. loss =  0.0 D.
 Elastic phase shift   1 =  -39.456  30.755 deg. for the L =    1, J =    2.0 channel.
       0.0  0.06573348 -0.33541373i: elastic S-matrix  @@      0.00  0   0 F  0
 Reaction Xsec     0.0-/ 1 @ 1 =   0.334 , Out:   0.000#   5.533/   1.609/   0.139/   0.849/   0.000#   0.326f

   S-matrix    2 =   -0.26119  -0.18606 for L=    3, J=    2.0 channel on core I =   2.0 from L=    3,  Acc. loss =  0.0 D.
 Elastic phase shift   2 =  -72.268  32.581 deg. for the L =    3, J =    2.0 channel.
       0.0 -0.26119027 -0.18605800i: elastic S-matrix  @@      0.00  0   0 F  0
 Reaction Xsec     0.0-/ 3 @ 2 =   0.339 , Out:   0.000#   0.000#   0.724/   4.352#   0.000#   3.404/   0.335f

 Allocate arrays for           20  channels, of which           20  need wfs.

 Total SPIN, PARITY =     1.0 +,     20 chs,      0 cc.  Rmin & Coul turning =    0.1    0.6
   S-matrix    1 =    0.11825  -0.32343 for L=    0, J=    1.0 channel on core I =   2.0 from L=    0,  Acc. loss =  0.0 D.
 Elastic phase shift   1 =  -34.958  30.540 deg. for the L =    0, J =    1.0 channel.
       1.0  0.11825287 -0.32342926i: elastic S-matrix  @@      0.00  0   0 F  0
 Reaction Xsec     1.0+/ 0 @ 1 =   1.000 , Out:   0.000#   0.012    0.018    1.452/   2.402/   0.000#   0.966f

   S-matrix    2 =   -0.15764  -0.29182 for L=    2, J=    1.0 channel on core I =   2.0 from L=    2,  Acc. loss =  0.0 D.
 Elastic phase shift   2 =  -59.188  31.616 deg. for the L =    2, J =    1.0 channel.
       1.0 -0.15763536 -0.29182181i: elastic S-matrix  @@      0.00  0   0 F  0
 Reaction Xsec     1.0+/ 2 @ 2 =   1.009 , Out:   0.000#   1.652/   2.427/   0.078/   0.358/   9.910/   0.995f

   S-matrix    3 =   -0.10122  -0.31812 for L=    2, J=    2.0 channel on core I =   2.0 from L=    2,  Acc. loss =  0.0 D.
 Elastic phase shift   3 =  -53.825  31.430 deg. for the L =    2, J =    2.0 channel.
       1.0 -0.10121710 -0.31812114i: elastic S-matrix  @@      0.00  0   0 F  0
 Reaction Xsec     1.0+/ 2 @ 3 =   1.008 , Out:   0.000#   9.948/   9.528/   0.052/   1.452/   5.072/   0.982f

   S-matrix    4 =   -0.00961  -0.33688 for L=    2, J=    3.0 channel on core I =   2.0 from L=    2,  Acc. loss =  0.0 D.
 Elastic phase shift   4 =  -45.817  31.158 deg. for the L =    2, J =    3.0 channel.
       1.0 -0.00960876 -0.33688358i: elastic S-matrix  @@      0.00  0   0 F  0
 Reaction Xsec     1.0+/ 2 @ 4 =   1.005 , Out:   0.000#   0.018    5.365/   0.221/   1.333/   0.842/   0.980f

   S-matrix    5 =   -0.30777  -0.01835 for L=    4, J=    3.0 channel on core I =   2.0 from L=    4,  Acc. loss =  0.0 D.
 Elastic phase shift   5 =  -88.294  33.708 deg. for the L =    4, J =    3.0 channel.
       1.0 -0.30776720 -0.01834934i: elastic S-matrix  @@      0.00  0   0 F  0
 Reaction Xsec     1.0+/ 4 @ 5 =   1.026 , Out:   0.000#   0.000#   1.064/   0.068/   0.000#   8.906/   1.016f


 Total SPIN, PARITY =     1.0 -,     19 chs,      0 cc.  Rmin & Coul turning =    0.1    0.6
   S-matrix    1 =   -0.00421  -0.33943 for L=    1, J=    1.0 channel on core I =   2.0 from L=    1,  Acc. loss =  0.0 D.
 Elastic phase shift   1 =  -45.356  30.952 deg. for the L =    1, J =    1.0 channel.
       1.0 -0.00421239 -0.33942632i: elastic S-matrix  @@      0.00  0   0 F  0
 Reaction Xsec     1.0-/ 1 @ 1 =   1.003 , Out:   0.000#   0.011    0.014    1.216/   2.720/   3.095/   0.972f

   S-matrix    2 =    0.06573  -0.33541 for L=    1, J=    2.0 channel on core I =   2.0 from L=    1,  Acc. loss =  0.0 D.
 Elastic phase shift   2 =  -39.456  30.755 deg. for the L =    1, J =    2.0 channel.
       1.0  0.06573348 -0.33541373i: elastic S-matrix  @@      0.00  0   0 F  0
 Reaction Xsec     1.0-/ 1 @ 2 =   1.002 , Out:   0.000#   0.015    0.015    0.830/   2.295/   1.105/   0.968f

   S-matrix    3 =   -0.26119  -0.18606 for L=    3, J=    2.0 channel on core I =   2.0 from L=    3,  Acc. loss =  0.0 D.
 Elastic phase shift   3 =  -72.268  32.581 deg. for the L =    3, J =    2.0 channel.
       1.0 -0.26119027 -0.18605800i: elastic S-matrix  @@      0.00  0   0 F  0
 Reaction Xsec     1.0-/ 3 @ 3 =   1.018 , Out:   0.000#   1.021/   0.965/   0.063/   0.112/   9.532/   1.006f

   S-matrix    4 =   -0.20702  -0.24933 for L=    3, J=    3.0 channel on core I =   2.0 from L=    3,  Acc. loss =  0.0 D.
 Elastic phase shift   4 =  -64.852  32.281 deg. for the L =    3, J =    3.0 channel.
       1.0 -0.20701686 -0.24932691i: elastic S-matrix  @@      0.00  0   0 F  0
 Reaction Xsec     1.0-/ 3 @ 4 =   1.015 , Out:   0.000#   8.827/   1.743/   0.155/   0.566/   5.149/   0.999f

 Allocate arrays for           27  channels, of which           27  need wfs.

 Total SPIN, PARITY =     2.0 +,     27 chs,      0 cc.  Rmin & Coul turning =    0.2    1.1
   S-matrix    1 =    0.11825  -0.32343 for L=    0, J=    1.0 channel on core I =   2.0 from L=    0,  Acc. loss =  0.0 D.
 Elastic phase shift   1 =  -34.958  30.540 deg. for the L =    0, J =    1.0 channel.
       2.0  0.11825287 -0.32342926i: elastic S-matrix  @@      0.00  0   0 F  0
 Reaction Xsec     2.0+/ 0 @ 1 =   1.666 , Out:   0.000#   0.011    0.018    1.306/   2.275/   4.811/   1.629f

   S-matrix    2 =   -0.15764  -0.29182 for L=    2, J=    1.0 channel on core I =   2.0 from L=    2,  Acc. loss =  0.0 D.
 Elastic phase shift   2 =  -59.188  31.616 deg. for the L =    2, J =    1.0 channel.
       2.0 -0.15763536 -0.29182181i: elastic S-matrix  @@      0.00  0   0 F  0
 Reaction Xsec     2.0+/ 2 @ 2 =   1.682 , Out:   0.000#   8.293/   0.016    2.271/   1.802/   0.013    1.641f

   S-matrix    3 =   -0.10122  -0.31812 for L=    2, J=    2.0 channel on core I =   2.0 from L=    2,  Acc. loss =  0.0 D.
 Elastic phase shift   3 =  -53.825  31.430 deg. for the L =    2, J =    2.0 channel.
       2.0 -0.10121710 -0.31812114i: elastic S-matrix  @@      0.00  0   0 F  0
 Reaction Xsec     2.0+/ 2 @ 3 =   1.680 , Out:   0.000#   0.015    0.026    2.729/   2.150/   9.796/   1.625f

   S-matrix    4 =   -0.00961  -0.33688 for L=    2, J=    3.0 channel on core I =   2.0 from L=    2,  Acc. loss =  0.0 D.
 Elastic phase shift   4 =  -45.817  31.158 deg. for the L =    2, J =    3.0 channel.
       2.0 -0.00960876 -0.33688358i: elastic S-matrix  @@      0.00  0   0 F  0
 Reaction Xsec     2.0+/ 2 @ 4 =   1.676 , Out:   0.000#   0.025    0.025    0.760/   1.922/   4.228/   1.619f

   S-matrix    5 =   -0.30777  -0.01835 for L=    4, J=    3.0 channel on core I =   2.0 from L=    4,  Acc. loss =  0.0 D.
 Elastic phase shift   5 =  -88.294  33.708 deg. for the L =    4, J =    3.0 channel.
       2.0 -0.30776720 -0.01834934i: elastic S-matrix  @@      0.00  0   0 F  0
 Reaction Xsec     2.0+/ 4 @ 5 =   1.711 , Out:   0.000#   2.226/   0.443/   0.201/   0.142/   0.013    1.694f

   S-matrix    6 =   -0.29021  -0.11457 for L=    4, J=    4.0 channel on core I =   2.0 from L=    4,  Acc. loss =  0.0 D.
 Elastic phase shift   6 =  -79.229  33.367 deg. for the L =    4, J =    4.0 channel.
       2.0 -0.29020729 -0.11456744i: elastic S-matrix  @@      0.00  0   0 F  0
 Reaction Xsec     2.0+/ 4 @ 6 =   1.706 , Out:   0.000#   0.012    1.893/   0.720/   0.802/   8.080/   1.683f

 Allocate arrays for           28  channels, of which           28  need wfs.

 Total SPIN, PARITY =     2.0 -,     28 chs,      0 cc.  Rmin & Coul turning =    0.2    1.1
   S-matrix    1 =   -0.03907  -0.33601 for L=    1, J=    0.0 channel on core I =   2.0 from L=    1,  Acc. loss =  0.0 D.
 Elastic phase shift   1 =  -48.316  31.051 deg. for the L =    1, J =    0.0 channel.
       2.0 -0.03907103 -0.33601073i: elastic S-matrix  @@      0.00  0   0 F  0
 Reaction Xsec     2.0-/ 1 @ 1 =   1.674 , Out:   0.000#   0.010    0.022    4.119/   3.072/   0.010    1.625f

   S-matrix    2 =   -0.00421  -0.33943 for L=    1, J=    1.0 channel on core I =   2.0 from L=    1,  Acc. loss =  0.0 D.
 Elastic phase shift   2 =  -45.356  30.952 deg. for the L =    1, J =    1.0 channel.
       2.0 -0.00421239 -0.33942632i: elastic S-matrix  @@      0.00  0   0 F  0
 Reaction Xsec     2.0-/ 1 @ 2 =   1.672 , Out:   0.000#   0.013    0.020    3.759/   3.183/   8.695/   1.623f

   S-matrix    3 =    0.06573  -0.33541 for L=    1, J=    2.0 channel on core I =   2.0 from L=    1,  Acc. loss =  0.0 D.
 Elastic phase shift   3 =  -39.456  30.755 deg. for the L =    1, J =    2.0 channel.
       2.0  0.06573348 -0.33541373i: elastic S-matrix  @@      0.00  0   0 F  0
 Reaction Xsec     2.0-/ 1 @ 3 =   1.669 , Out:   0.000#   0.020    0.030    1.851/   2.913/   5.590/   1.609f

   S-matrix    4 =   -0.26119  -0.18606 for L=    3, J=    2.0 channel on core I =   2.0 from L=    3,  Acc. loss =  0.0 D.
 Elastic phase shift   4 =  -72.268  32.581 deg. for the L =    3, J =    2.0 channel.
       2.0 -0.26119027 -0.18605800i: elastic S-matrix  @@      0.00  0   0 F  0
 Reaction Xsec     2.0-/ 3 @ 4 =   1.696 , Out:   0.000#   5.103/   5.723/   0.041/   0.561/   0.014    1.671f

   S-matrix    5 =   -0.20702  -0.24933 for L=    3, J=    3.0 channel on core I =   2.0 from L=    3,  Acc. loss =  0.0 D.
 Elastic phase shift   5 =  -64.852  32.281 deg. for the L =    3, J =    3.0 channel.
       2.0 -0.20701686 -0.24932691i: elastic S-matrix  @@      0.00  0   0 F  0
 Reaction Xsec     2.0-/ 3 @ 5 =   1.692 , Out:   0.000#   0.014    0.014    0.364/   0.883/   9.189/   1.653f

   S-matrix    6 =   -0.11256  -0.30864 for L=    3, J=    4.0 channel on core I =   2.0 from L=    3,  Acc. loss =  0.0 D.
 Elastic phase shift   6 =  -55.019  31.889 deg. for the L =    3, J =    4.0 channel.
       2.0 -0.11256410 -0.30863670i: elastic S-matrix  @@      0.00  0   0 F  0
 Reaction Xsec     2.0-/ 3 @ 6 =   1.686 , Out:   0.000#   0.027    6.178/   0.727/   0.984/   1.992/   1.650f

   S-matrix    7 =   -0.24651   0.16016 for L=    5, J=    4.0 channel on core I =   2.0 from L=    5,  Acc. loss =  0.0 D.
 Elastic phase shift   7 =   73.494  35.073 deg. for the L =    5, J =    4.0 channel.
       2.0 -0.24650663  0.16016079i: elastic S-matrix  @@      0.00  0   0 F  0
 Reaction Xsec     2.0-/ 5 @ 7 =   1.727 , Out:   0.000#   0.000#   0.617/   0.218/   0.000#   0.012    1.714f

 Allocate arrays for           30  channels, of which           30  need wfs.

 Total SPIN, PARITY =     3.0 +,     30 chs,      0 cc.  Rmin & Coul turning =    0.2    1.5
   S-matrix    1 =    0.11825  -0.32343 for L=    0, J=    1.0 channel on core I =   2.0 from L=    0,  Acc. loss =  0.0 D.
 Elastic phase shift   1 =  -34.958  30.540 deg. for the L =    0, J =    1.0 channel.
       3.0  0.11825287 -0.32342926i: elastic S-matrix  @@      0.00  0   0 F  0
 Reaction Xsec     3.0+/ 0 @ 1 =   2.333 , Out:   0.000#   0.000#   6.280/   0.357/   0.000#   0.017    2.309f

   S-matrix    2 =   -0.15764  -0.29182 for L=    2, J=    1.0 channel on core I =   2.0 from L=    2,  Acc. loss =  0.0 D.
 Elastic phase shift   2 =  -59.188  31.616 deg. for the L =    2, J =    1.0 channel.
       3.0 -0.15763536 -0.29182181i: elastic S-matrix  @@      0.00  0   0 F  0
 Reaction Xsec     3.0+/ 2 @ 2 =   2.355 , Out:   0.000#   0.023    0.048    0.013    5.046/   0.010    2.255f

   S-matrix    3 =   -0.10122  -0.31812 for L=    2, J=    2.0 channel on core I =   2.0 from L=    2,  Acc. loss =  0.0 D.
 Elastic phase shift   3 =  -53.825  31.430 deg. for the L =    2, J =    2.0 channel.
       3.0 -0.10121710 -0.31812114i: elastic S-matrix  @@      0.00  0   0 F  0
 Reaction Xsec     3.0+/ 2 @ 3 =   2.351 , Out:   0.000#   0.016    0.018    4.316/   2.408/   0.016    2.294f

   S-matrix    4 =   -0.00961  -0.33688 for L=    2, J=    3.0 channel on core I =   2.0 from L=    2,  Acc. loss =  0.0 D.
 Elastic phase shift   4 =  -45.817  31.158 deg. for the L =    2, J =    3.0 channel.
       3.0 -0.00960876 -0.33688358i: elastic S-matrix  @@      0.00  0   0 F  0
 Reaction Xsec     3.0+/ 2 @ 4 =   2.346 , Out:   0.000#   0.027    0.033    2.626/   2.018/   0.012    2.269f

   S-matrix    5 =   -0.30777  -0.01835 for L=    4, J=    3.0 channel on core I =   2.0 from L=    4,  Acc. loss =  0.0 D.
 Elastic phase shift   5 =  -88.294  33.708 deg. for the L =    4, J =    3.0 channel.
       3.0 -0.30776720 -0.01834934i: elastic S-matrix  @@      0.00  0   0 F  0
 Reaction Xsec     3.0+/ 4 @ 5 =   2.395 , Out:   0.000#   7.792/   9.475/   0.119/   0.496/   0.016    2.361f

   S-matrix    6 =   -0.29021  -0.11457 for L=    4, J=    4.0 channel on core I =   2.0 from L=    4,  Acc. loss =  0.0 D.
 Elastic phase shift   6 =  -79.229  33.367 deg. for the L =    4, J =    4.0 channel.
       3.0 -0.29020729 -0.11456744i: elastic S-matrix  @@      0.00  0   0 F  0
 Reaction Xsec     3.0+/ 4 @ 6 =   2.389 , Out:   0.000#   0.016    0.014    1.325/   1.056/   0.012    2.345f

   S-matrix    7 =   -0.22708  -0.22071 for L=    4, J=    5.0 channel on core I =   2.0 from L=    4,  Acc. loss =  0.0 D.
 Elastic phase shift   7 =  -67.908  32.942 deg. for the L =    4, J =    5.0 channel.
       3.0 -0.22707982 -0.22070811i: elastic S-matrix  @@      0.00  0   0 F  0
 Reaction Xsec     3.0+/ 4 @ 7 =   2.381 , Out:   0.000#   0.032    4.271/   2.456/   2.864/   2.934/   2.336f

   S-matrix    8 =   -0.07031   0.27756 for L=    6, J=    5.0 channel on core I =   2.0 from L=    6,  Acc. loss =  0.0 D.
 Elastic phase shift   8 =   52.107  35.827 deg. for the L =    6, J =    5.0 channel.
       3.0 -0.07030695  0.27756370i: elastic S-matrix  @@      0.00  0   0 F  0
 Reaction Xsec     3.0+/ 6 @ 8 =   2.429 , Out:   0.000#   0.000#   0.273/   0.368/   0.000#   0.014    2.415f


 Total SPIN, PARITY =     3.0 -,     29 chs,      0 cc.  Rmin & Coul turning =    0.2    1.5
   S-matrix    1 =   -0.00421  -0.33943 for L=    1, J=    1.0 channel on core I =   2.0 from L=    1,  Acc. loss =  0.0 D.
 Elastic phase shift   1 =  -45.356  30.952 deg. for the L =    1, J =    1.0 channel.
       3.0 -0.00421239 -0.33942632i: elastic S-matrix  @@      0.00  0   0 F  0
 Reaction Xsec     3.0-/ 1 @ 1 =   2.341 , Out:   0.000#   7.304/   0.024    4.031/   1.783/   0.019    2.285f

   S-matrix    2 =    0.06573  -0.33541 for L=    1, J=    2.0 channel on core I =   2.0 from L=    1,  Acc. loss =  0.0 D.
 Elastic phase shift   2 =  -39.456  30.755 deg. for the L =    1, J =    2.0 channel.
       3.0  0.06573348 -0.33541373i: elastic S-matrix  @@      0.00  0   0 F  0
 Reaction Xsec     3.0-/ 1 @ 2 =   2.337 , Out:   0.000#   0.016    0.011    2.109/   2.331/   0.016    2.290f

   S-matrix    3 =   -0.26119  -0.18606 for L=    3, J=    2.0 channel on core I =   2.0 from L=    3,  Acc. loss =  0.0 D.
 Elastic phase shift   3 =  -72.268  32.581 deg. for the L =    3, J =    2.0 channel.
       3.0 -0.26119027 -0.18605800i: elastic S-matrix  @@      0.00  0   0 F  0
 Reaction Xsec     3.0-/ 3 @ 3 =   2.374 , Out:   0.000#   0.014    0.031    5.688/   1.570/   0.014    2.308f

   S-matrix    4 =   -0.20702  -0.24933 for L=    3, J=    3.0 channel on core I =   2.0 from L=    3,  Acc. loss =  0.0 D.
 Elastic phase shift   4 =  -64.852  32.281 deg. for the L =    3, J =    3.0 channel.
       3.0 -0.20701686 -0.24932691i: elastic S-matrix  @@      0.00  0   0 F  0
 Reaction Xsec     3.0-/ 3 @ 4 =   2.368 , Out:   0.000#   0.017    0.025    3.399/   1.112/   0.014    2.308f

   S-matrix    5 =   -0.11256  -0.30864 for L=    3, J=    4.0 channel on core I =   2.0 from L=    3,  Acc. loss =  0.0 D.
 Elastic phase shift   5 =  -55.019  31.889 deg. for the L =    3, J =    4.0 channel.
       3.0 -0.11256410 -0.30863670i: elastic S-matrix  @@      0.00  0   0 F  0
 Reaction Xsec     3.0-/ 3 @ 5 =   2.361 , Out:   0.000#   0.031    0.026    1.640/   1.148/   6.971/   2.293f

   S-matrix    6 =   -0.24651   0.16016 for L=    5, J=    4.0 channel on core I =   2.0 from L=    5,  Acc. loss =  0.0 D.
 Elastic phase shift   6 =   73.494  35.073 deg. for the L =    5, J =    4.0 channel.
       3.0 -0.24650663  0.16016079i: elastic S-matrix  @@      0.00  0   0 F  0
 Reaction Xsec     3.0-/ 5 @ 6 =   2.418 , Out:   0.000#   3.018/   0.138/   0.779/   0.600/   0.015    2.398f

   S-matrix    7 =   -0.29126   0.06632 for L=    5, J=    5.0 channel on core I =   2.0 from L=    5,  Acc. loss =  0.0 D.
 Elastic phase shift   7 =   83.587  34.615 deg. for the L =    5, J =    5.0 channel.
       3.0 -0.29125654  0.06631584i: elastic S-matrix  @@      0.00  0   0 F  0
 Reaction Xsec     3.0-/ 5 @ 7 =   2.410 , Out:   0.000#   0.013    0.961/   1.874/   3.097/   9.486/   2.382f


 Total SPIN, PARITY =     4.0 +,     29 chs,      0 cc.  Rmin & Coul turning =    0.3    1.9
   S-matrix    1 =   -0.10122  -0.31812 for L=    2, J=    2.0 channel on core I =   2.0 from L=    2,  Acc. loss =  0.0 D.
 Elastic phase shift   1 =  -53.825  31.430 deg. for the L =    2, J =    2.0 channel.
       4.0 -0.10121710 -0.31812114i: elastic S-matrix  @@      0.00  0   0 F  0
 Reaction Xsec     4.0+/ 2 @ 1 =   3.023 , Out:   0.000#   0.014    0.039    8.413/   2.138/   0.026    2.934f

   S-matrix    2 =   -0.00961  -0.33688 for L=    2, J=    3.0 channel on core I =   2.0 from L=    2,  Acc. loss =  0.0 D.
 Elastic phase shift   2 =  -45.817  31.158 deg. for the L =    2, J =    3.0 channel.
       4.0 -0.00960876 -0.33688358i: elastic S-matrix  @@      0.00  0   0 F  0
 Reaction Xsec     4.0+/ 2 @ 2 =   3.016 , Out:   0.000#   0.019    7.147/   1.954/   1.508/   0.025    2.961f

   S-matrix    3 =   -0.30777  -0.01835 for L=    4, J=    3.0 channel on core I =   2.0 from L=    4,  Acc. loss =  0.0 D.
 Elastic phase shift   3 =  -88.294  33.708 deg. for the L =    4, J =    3.0 channel.
       4.0 -0.30776720 -0.01834934i: elastic S-matrix  @@      0.00  0   0 F  0
 Reaction Xsec     4.0+/ 4 @ 3 =   3.079 , Out:   0.000#   0.018    0.039    8.172/   1.147/   0.015    2.999f

   S-matrix    4 =   -0.29021  -0.11457 for L=    4, J=    4.0 channel on core I =   2.0 from L=    4,  Acc. loss =  0.0 D.
 Elastic phase shift   4 =  -79.229  33.367 deg. for the L =    4, J =    4.0 channel.
       4.0 -0.29020729 -0.11456744i: elastic S-matrix  @@      0.00  0   0 F  0
 Reaction Xsec     4.0+/ 4 @ 4 =   3.071 , Out:   0.000#   0.019    0.022    3.478/   1.243/   0.017    3.010f

   S-matrix    5 =   -0.22708  -0.22071 for L=    4, J=    5.0 channel on core I =   2.0 from L=    4,  Acc. loss =  0.0 D.
 Elastic phase shift   5 =  -67.908  32.942 deg. for the L =    4, J =    5.0 channel.
       4.0 -0.22707982 -0.22070811i: elastic S-matrix  @@      0.00  0   0 F  0
 Reaction Xsec     4.0+/ 4 @ 5 =   3.061 , Out:   0.000#   0.034    0.022    3.773/   3.016/   8.797/   2.989f

   S-matrix    6 =   -0.07031   0.27756 for L=    6, J=    5.0 channel on core I =   2.0 from L=    6,  Acc. loss =  0.0 D.
 Elastic phase shift   6 =   52.107  35.827 deg. for the L =    6, J =    5.0 channel.
       4.0 -0.07030695  0.27756370i: elastic S-matrix  @@      0.00  0   0 F  0
 Reaction Xsec     4.0+/ 6 @ 6 =   3.124 , Out:   0.000#   3.476/   0.039/   2.199/   2.483/   0.015    3.100f

   S-matrix    7 =   -0.16624   0.23191 for L=    6, J=    6.0 channel on core I =   2.0 from L=    6,  Acc. loss =  0.0 D.
 Elastic phase shift   7 =   62.817  35.927 deg. for the L =    6, J =    6.0 channel.
       4.0 -0.16623809  0.23191207i: elastic S-matrix  @@      0.00  0   0 F  0
 Reaction Xsec     4.0+/ 6 @ 7 =   3.125 , Out:   0.000#   0.013    0.434/   3.114/   9.169/   9.722/   3.090f


 Total SPIN, PARITY =     4.0 -,     30 chs,      0 cc.  Rmin & Coul turning =    0.3    1.9
   S-matrix    1 =    0.06573  -0.33541 for L=    1, J=    2.0 channel on core I =   2.0 from L=    1,  Acc. loss =  0.0 D.
 Elastic phase shift   1 =  -39.456  30.755 deg. for the L =    1, J =    2.0 channel.
       4.0  0.06573348 -0.33541373i: elastic S-matrix  @@      0.00  0   0 F  0
 Reaction Xsec     4.0-/ 1 @ 1 =   3.005 , Out:   0.000#   0.000#   0.013    1.220/   0.000#   0.032    2.958f

   S-matrix    2 =   -0.26119  -0.18606 for L=    3, J=    2.0 channel on core I =   2.0 from L=    3,  Acc. loss =  0.0 D.
 Elastic phase shift   2 =  -72.268  32.581 deg. for the L =    3, J =    2.0 channel.
       4.0 -0.26119027 -0.18605800i: elastic S-matrix  @@      0.00  0   0 F  0
 Reaction Xsec     4.0-/ 3 @ 2 =   3.053 , Out:   0.000#   0.031    0.062    0.021    3.360/   0.010    2.926f

   S-matrix    3 =   -0.20702  -0.24933 for L=    3, J=    3.0 channel on core I =   2.0 from L=    3,  Acc. loss =  0.0 D.
 Elastic phase shift   3 =  -64.852  32.281 deg. for the L =    3, J =    3.0 channel.
       4.0 -0.20701686 -0.24932691i: elastic S-matrix  @@      0.00  0   0 F  0
 Reaction Xsec     4.0-/ 3 @ 3 =   3.045 , Out:   0.000#   0.019    0.021    5.095/   1.217/   0.020    2.978f

   S-matrix    4 =   -0.11256  -0.30864 for L=    3, J=    4.0 channel on core I =   2.0 from L=    3,  Acc. loss =  0.0 D.
 Elastic phase shift   4 =  -55.019  31.889 deg. for the L =    3, J =    4.0 channel.
       4.0 -0.11256410 -0.30863670i: elastic S-matrix  @@      0.00  0   0 F  0
 Reaction Xsec     4.0-/ 3 @ 4 =   3.035 , Out:   0.000#   0.030    0.029    3.192/   1.084/   0.016    2.956f

   S-matrix    5 =   -0.24651   0.16016 for L=    5, J=    4.0 channel on core I =   2.0 from L=    5,  Acc. loss =  0.0 D.
 Elastic phase shift   5 =   73.494  35.073 deg. for the L =    5, J =    4.0 channel.
       4.0 -0.24650663  0.16016079i: elastic S-matrix  @@      0.00  0   0 F  0
 Reaction Xsec     4.0-/ 5 @ 5 =   3.108 , Out:   0.000#   9.053/   0.011    0.321/   1.800/   0.016    3.071f

   S-matrix    6 =   -0.29126   0.06632 for L=    5, J=    5.0 channel on core I =   2.0 from L=    5,  Acc. loss =  0.0 D.
 Elastic phase shift   6 =   83.587  34.615 deg. for the L =    5, J =    5.0 channel.
       4.0 -0.29125654  0.06631584i: elastic S-matrix  @@      0.00  0   0 F  0
 Reaction Xsec     4.0-/ 5 @ 6 =   3.099 , Out:   0.000#   0.016    0.011    2.800/   3.761/   0.013    3.053f

   S-matrix    7 =   -0.29824  -0.06070 for L=    5, J=    6.0 channel on core I =   2.0 from L=    5,  Acc. loss =  0.0 D.
 Elastic phase shift   7 =  -84.248  34.079 deg. for the L =    5, J =    6.0 channel.
       4.0 -0.29823846 -0.06070304i: elastic S-matrix  @@      0.00  0   0 F  0
 Reaction Xsec     4.0-/ 5 @ 7 =   3.087 , Out:   0.000#   0.033    1.790/   4.875/   9.375/   3.357/   3.035f

   S-matrix    8 =    0.17244   0.31156 for L=    7, J=    6.0 channel on core I =   2.0 from L=    7,  Acc. loss =  0.0 D.
 Elastic phase shift   8 =   30.518  29.581 deg. for the L =    7, J =    6.0 channel.
       4.0  0.17244406  0.31155576i: elastic S-matrix  @@      0.00  0   0 F  0
 Reaction Xsec     4.0-/ 7 @ 8 =   2.971 , Out:   0.000#   0.000#   0.728/   0.451/   0.000#   0.017    2.953f


 Total SPIN, PARITY =     5.0 +,     30 chs,      0 cc.  Rmin & Coul turning =    0.4    2.4
   S-matrix    1 =   -0.00961  -0.33688 for L=    2, J=    3.0 channel on core I =   2.0 from L=    2,  Acc. loss =  0.0 D.
 Elastic phase shift   1 =  -45.817  31.158 deg. for the L =    2, J =    3.0 channel.
       5.0 -0.00960876 -0.33688358i: elastic S-matrix  @@      0.00  0   0 F  0
 Reaction Xsec     5.0+/ 2 @ 1 =   3.686 , Out:   0.000#   0.000#   0.020    2.236/   0.000#   0.046    3.618f

   S-matrix    2 =   -0.30777  -0.01835 for L=    4, J=    3.0 channel on core I =   2.0 from L=    4,  Acc. loss =  0.0 D.
 Elastic phase shift   2 =  -88.294  33.708 deg. for the L =    4, J =    3.0 channel.
       5.0 -0.30776720 -0.01834934i: elastic S-matrix  @@      0.00  0   0 F  0
 Reaction Xsec     5.0+/ 4 @ 2 =   3.763 , Out:   0.000#   0.034    0.065    0.023    2.181/   9.791/   3.629f

   S-matrix    3 =   -0.29021  -0.11457 for L=    4, J=    4.0 channel on core I =   2.0 from L=    4,  Acc. loss =  0.0 D.
 Elastic phase shift   3 =  -79.229  33.367 deg. for the L =    4, J =    4.0 channel.
       5.0 -0.29020729 -0.11456744i: elastic S-matrix  @@      0.00  0   0 F  0
 Reaction Xsec     5.0+/ 4 @ 3 =   3.754 , Out:   0.000#   0.020    0.023    5.395/   1.342/   0.022    3.682f

   S-matrix    4 =   -0.22708  -0.22071 for L=    4, J=    5.0 channel on core I =   2.0 from L=    4,  Acc. loss =  0.0 D.
 Elastic phase shift   4 =  -67.908  32.942 deg. for the L =    4, J =    5.0 channel.
       5.0 -0.22707982 -0.22070811i: elastic S-matrix  @@      0.00  0   0 F  0
 Reaction Xsec     5.0+/ 4 @ 4 =   3.742 , Out:   0.000#   0.030    0.022    3.541/   2.662/   0.018    3.665f

   S-matrix    5 =   -0.07031   0.27756 for L=    6, J=    5.0 channel on core I =   2.0 from L=    6,  Acc. loss =  0.0 D.
 Elastic phase shift   5 =   52.107  35.827 deg. for the L =    6, J =    5.0 channel.
       5.0 -0.07030695  0.27756370i: elastic S-matrix  @@      0.00  0   0 F  0
 Reaction Xsec     5.0+/ 6 @ 5 =   3.818 , Out:   0.000#   9.560/   0.011    0.556/   6.828/   0.015    3.775f

   S-matrix    6 =   -0.16624   0.23191 for L=    6, J=    6.0 channel on core I =   2.0 from L=    6,  Acc. loss =  0.0 D.
 Elastic phase shift   6 =   62.817  35.927 deg. for the L =    6, J =    6.0 channel.
       5.0 -0.16623809  0.23191207i: elastic S-matrix  @@      0.00  0   0 F  0
 Reaction Xsec     5.0+/ 6 @ 6 =   3.820 , Out:   0.000#   0.015    8.609/   4.379/   0.011    0.012    3.769f

   S-matrix    7 =   -0.25134   0.13882 for L=    6, J=    7.0 channel on core I =   2.0 from L=    6,  Acc. loss =  0.0 D.
 Elastic phase shift   7 =   75.544  35.748 deg. for the L =    6, J =    7.0 channel.
       5.0 -0.25134076  0.13881922i: elastic S-matrix  @@      0.00  0   0 F  0
 Reaction Xsec     5.0+/ 6 @ 7 =   3.816 , Out:   0.000#   0.030    0.975/   6.572/   0.022    3.289/   3.754f

   S-matrix    8 =    0.42286   0.28098 for L=    8, J=    7.0 channel on core I =   2.0 from L=    8,  Acc. loss =  0.0 D.
 Elastic phase shift   8 =   16.801  19.420 deg. for the L =    8, J =    7.0 channel.
       5.0  0.42285919  0.28097548i: elastic S-matrix  @@      0.00  0   0 F  0
 Reaction Xsec     5.0+/ 8 @ 8 =   3.087 , Out:   0.000#   0.000#   2.316/   0.297/   0.000#   0.017    3.067f


 Total SPIN, PARITY =     5.0 -,     29 chs,      0 cc.  Rmin & Coul turning =    0.4    2.4
   S-matrix    1 =   -0.20702  -0.24933 for L=    3, J=    3.0 channel on core I =   2.0 from L=    3,  Acc. loss =  0.0 D.
 Elastic phase shift   1 =  -64.852  32.281 deg. for the L =    3, J =    3.0 channel.
       5.0 -0.20701686 -0.24932691i: elastic S-matrix  @@      0.00  0   0 F  0
 Reaction Xsec     5.0-/ 3 @ 1 =   3.722 , Out:   0.000#   0.018    0.046    0.012    1.169/   0.028    3.616f

   S-matrix    2 =   -0.11256  -0.30864 for L=    3, J=    4.0 channel on core I =   2.0 from L=    3,  Acc. loss =  0.0 D.
 Elastic phase shift   2 =  -55.019  31.889 deg. for the L =    3, J =    4.0 channel.
       5.0 -0.11256410 -0.30863670i: elastic S-matrix  @@      0.00  0   0 F  0
 Reaction Xsec     5.0-/ 3 @ 2 =   3.710 , Out:   0.000#   0.020    4.676/   1.744/   0.724/   0.031    3.652f

   S-matrix    3 =   -0.24651   0.16016 for L=    5, J=    4.0 channel on core I =   2.0 from L=    5,  Acc. loss =  0.0 D.
 Elastic phase shift   3 =   73.494  35.073 deg. for the L =    5, J =    4.0 channel.
       5.0 -0.24650663  0.16016079i: elastic S-matrix  @@      0.00  0   0 F  0
 Reaction Xsec     5.0-/ 5 @ 3 =   3.799 , Out:   0.000#   0.019    0.037    9.592/   3.771/   0.014    3.716f

   S-matrix    4 =   -0.29126   0.06632 for L=    5, J=    5.0 channel on core I =   2.0 from L=    5,  Acc. loss =  0.0 D.
 Elastic phase shift   4 =   83.587  34.615 deg. for the L =    5, J =    5.0 channel.
       5.0 -0.29125654  0.06631584i: elastic S-matrix  @@      0.00  0   0 F  0
 Reaction Xsec     5.0-/ 5 @ 4 =   3.788 , Out:   0.000#   0.018    0.017    3.420/   4.258/   0.017    3.728f

   S-matrix    5 =   -0.29824  -0.06070 for L=    5, J=    6.0 channel on core I =   2.0 from L=    5,  Acc. loss =  0.0 D.
 Elastic phase shift   5 =  -84.248  34.079 deg. for the L =    5, J =    6.0 channel.
       5.0 -0.29823846 -0.06070304i: elastic S-matrix  @@      0.00  0   0 F  0
 Reaction Xsec     5.0-/ 5 @ 5 =   3.773 , Out:   0.000#   0.032    0.016    6.231/   9.255/   9.231/   3.700f

   S-matrix    6 =    0.17244   0.31156 for L=    7, J=    6.0 channel on core I =   2.0 from L=    7,  Acc. loss =  0.0 D.
 Elastic phase shift   6 =   30.518  29.581 deg. for the L =    7, J =    6.0 channel.
       5.0  0.17244406  0.31155576i: elastic S-matrix  @@      0.00  0   0 F  0
 Reaction Xsec     5.0-/ 7 @ 6 =   3.631 , Out:   0.000#   4.330/   0.073/   5.262/   7.689/   0.017    3.597f

   S-matrix    7 =    0.06269   0.33100 for L=    7, J=    7.0 channel on core I =   2.0 from L=    7,  Acc. loss =  0.0 D.
 Elastic phase shift   7 =   39.638  31.169 deg. for the L =    7, J =    7.0 channel.
       5.0  0.06268925  0.33100211i: elastic S-matrix  @@      0.00  0   0 F  0
 Reaction Xsec     5.0-/ 7 @ 7 =   3.687 , Out:   0.000#   0.014    1.553/   4.674/   0.024    0.011    3.631f


 Total SPIN, PARITY =     6.0 +,     29 chs,      0 cc.  Rmin & Coul turning =    0.5    2.8
   S-matrix    1 =   -0.29021  -0.11457 for L=    4, J=    4.0 channel on core I =   2.0 from L=    4,  Acc. loss =  0.0 D.
 Elastic phase shift   1 =  -79.229  33.367 deg. for the L =    4, J =    4.0 channel.
       6.0 -0.29020729 -0.11456744i: elastic S-matrix  @@      0.00  0   0 F  0
 Reaction Xsec     6.0+/ 4 @ 1 =   4.436 , Out:   0.000#   0.020    0.047    0.012    1.335/   0.029    4.327f

   S-matrix    2 =   -0.22708  -0.22071 for L=    4, J=    5.0 channel on core I =   2.0 from L=    4,  Acc. loss =  0.0 D.
 Elastic phase shift   2 =  -67.908  32.942 deg. for the L =    4, J =    5.0 channel.
       6.0 -0.22707982 -0.22070811i: elastic S-matrix  @@      0.00  0   0 F  0
 Reaction Xsec     6.0+/ 4 @ 2 =   4.422 , Out:   0.000#   0.019    2.999/   1.789/   1.693/   0.033    4.364f

   S-matrix    3 =   -0.07031   0.27756 for L=    6, J=    5.0 channel on core I =   2.0 from L=    6,  Acc. loss =  0.0 D.
 Elastic phase shift   3 =   52.107  35.827 deg. for the L =    6, J =    5.0 channel.
       6.0 -0.07030695  0.27756370i: elastic S-matrix  @@      0.00  0   0 F  0
 Reaction Xsec     6.0+/ 6 @ 3 =   4.512 , Out:   0.000#   0.019    0.035    0.014    0.013    0.013    4.418f

   S-matrix    4 =   -0.16624   0.23191 for L=    6, J=    6.0 channel on core I =   2.0 from L=    6,  Acc. loss =  0.0 D.
 Elastic phase shift   4 =   62.817  35.927 deg. for the L =    6, J =    6.0 channel.
       6.0 -0.16623809  0.23191207i: elastic S-matrix  @@      0.00  0   0 F  0
 Reaction Xsec     6.0+/ 6 @ 4 =   4.515 , Out:   0.000#   0.016    0.014    4.613/   0.012    0.015    4.453f

   S-matrix    5 =   -0.25134   0.13882 for L=    6, J=    7.0 channel on core I =   2.0 from L=    6,  Acc. loss =  0.0 D.
 Elastic phase shift   5 =   75.544  35.748 deg. for the L =    6, J =    7.0 channel.
       6.0 -0.25134076  0.13881922i: elastic S-matrix  @@      0.00  0   0 F  0
 Reaction Xsec     6.0+/ 6 @ 5 =   4.510 , Out:   0.000#   0.028    0.013    7.624/   0.020    8.550/   4.432f

   S-matrix    6 =    0.42286   0.28098 for L=    8, J=    7.0 channel on core I =   2.0 from L=    8,  Acc. loss =  0.0 D.
 Elastic phase shift   6 =   16.801  19.420 deg. for the L =    8, J =    7.0 channel.
       6.0  0.42285919  0.28097548i: elastic S-matrix  @@      0.00  0   0 F  0
 Reaction Xsec     6.0+/ 8 @ 6 =   3.648 , Out:   0.000#   4.588/   0.171/   7.646/   0.013    0.017    3.605f

   S-matrix    7 =    0.33228   0.34933 for L=    8, J=    8.0 channel on core I =   2.0 from L=    8,  Acc. loss =  0.0 D.
 Elastic phase shift   7 =   23.216  20.900 deg. for the L =    8, J =    8.0 channel.
       6.0  0.33228493  0.34932974i: elastic S-matrix  @@      0.00  0   0 F  0
 Reaction Xsec     6.0+/ 8 @ 7 =   3.772 , Out:   0.000#   0.014    4.899/   4.954/   0.039    0.011    3.698f


 Total SPIN, PARITY =     6.0 -,     30 chs,      0 cc.  Rmin & Coul turning =    0.5    2.8
   S-matrix    1 =   -0.11256  -0.30864 for L=    3, J=    4.0 channel on core I =   2.0 from L=    3,  Acc. loss =  0.0 D.
 Elastic phase shift   1 =  -55.019  31.889 deg. for the L =    3, J =    4.0 channel.
       6.0 -0.11256410 -0.30863670i: elastic S-matrix  @@      0.00  0   0 F  0
 Reaction Xsec     6.0-/ 3 @ 1 =   4.384 , Out:   0.000#   0.000#   0.022    2.740/   0.000#   0.052    4.308f

   S-matrix    2 =   -0.24651   0.16016 for L=    5, J=    4.0 channel on core I =   2.0 from L=    5,  Acc. loss =  0.0 D.
 Elastic phase shift   2 =   73.494  35.073 deg. for the L =    5, J =    4.0 channel.
       6.0 -0.24650663  0.16016079i: elastic S-matrix  @@      0.00  0   0 F  0
 Reaction Xsec     6.0-/ 5 @ 2 =   4.490 , Out:   0.000#   0.034    0.057    0.022    6.684/   8.716/   4.362f

   S-matrix    3 =   -0.29126   0.06632 for L=    5, J=    5.0 channel on core I =   2.0 from L=    5,  Acc. loss =  0.0 D.
 Elastic phase shift   3 =   83.587  34.615 deg. for the L =    5, J =    5.0 channel.
       6.0 -0.29125654  0.06631584i: elastic S-matrix  @@      0.00  0   0 F  0
 Reaction Xsec     6.0-/ 5 @ 3 =   4.476 , Out:   0.000#   0.019    0.020    5.649/   4.553/   0.021    4.406f

   S-matrix    4 =   -0.29824  -0.06070 for L=    5, J=    6.0 channel on core I =   2.0 from L=    5,  Acc. loss =  0.0 D.
 Elastic phase shift   4 =  -84.248  34.079 deg. for the L =    5, J =    6.0 channel.
       6.0 -0.29823846 -0.06070304i: elastic S-matrix  @@      0.00  0   0 F  0
 Reaction Xsec     6.0-/ 5 @ 4 =   4.459 , Out:   0.000#   0.027    0.015    3.788/   7.811/   0.018    4.388f

   S-matrix    5 =    0.17244   0.31156 for L=    7, J=    6.0 channel on core I =   2.0 from L=    7,  Acc. loss =  0.0 D.
 Elastic phase shift   5 =   30.518  29.581 deg. for the L =    7, J =    6.0 channel.
       6.0  0.17244406  0.31155576i: elastic S-matrix  @@      0.00  0   0 F  0
 Reaction Xsec     6.0-/ 7 @ 5 =   4.292 , Out:   0.000#   0.011    0.013    0.810/   0.020    0.016    4.230f

   S-matrix    6 =    0.06269   0.33100 for L=    7, J=    7.0 channel on core I =   2.0 from L=    7,  Acc. loss =  0.0 D.
 Elastic phase shift   6 =   39.638  31.169 deg. for the L =    7, J =    7.0 channel.
       6.0  0.06268925  0.33100211i: elastic S-matrix  @@      0.00  0   0 F  0
 Reaction Xsec     6.0-/ 7 @ 6 =   4.357 , Out:   0.000#   0.016    9.940/   6.932/   0.027    0.014    4.284f

   S-matrix    7 =   -0.06483   0.31106 for L=    7, J=    8.0 channel on core I =   2.0 from L=    7,  Acc. loss =  0.0 D.
 Elastic phase shift   7 =   50.886  32.845 deg. for the L =    7, J =    8.0 channel.
       6.0 -0.06482887  0.31106232i: elastic S-matrix  @@      0.00  0   0 F  0
 Reaction Xsec     6.0-/ 7 @ 7 =   4.419 , Out:   0.000#   0.030    3.305/   8.593/   0.051    3.546/   4.322f

   S-matrix    8 =    0.63354   0.21508 for L=    9, J=    8.0 channel on core I =   2.0 from L=    9,  Acc. loss =  0.0 D.
 Elastic phase shift   8 =    9.376  11.513 deg. for the L =    9, J =    8.0 channel.
       6.0  0.63353813  0.21508080i: elastic S-matrix  @@      0.00  0   0 F  0
 Reaction Xsec     6.0-/ 9 @ 8 =   2.715 , Out:   0.000#   0.000#   3.358/   0.276/   0.000#   0.013    2.698f


 Total SPIN, PARITY =     7.0 +,     30 chs,      0 cc.  Rmin & Coul turning =    0.6    3.2
   S-matrix    1 =   -0.22708  -0.22071 for L=    4, J=    5.0 channel on core I =   2.0 from L=    4,  Acc. loss =  0.0 D.
 Elastic phase shift   1 =  -67.908  32.942 deg. for the L =    4, J =    5.0 channel.
       7.0 -0.22707982 -0.22070811i: elastic S-matrix  @@      0.00  0   0 F  0
 Reaction Xsec     7.0+/ 4 @ 1 =   5.102 , Out:   0.000#   0.000#   0.022    2.600/   0.000#   0.052    5.026f

   S-matrix    2 =   -0.07031   0.27756 for L=    6, J=    5.0 channel on core I =   2.0 from L=    6,  Acc. loss =  0.0 D.
 Elastic phase shift   2 =   52.107  35.827 deg. for the L =    6, J =    5.0 channel.
       7.0 -0.07030695  0.27756370i: elastic S-matrix  @@      0.00  0   0 F  0
 Reaction Xsec     7.0+/ 6 @ 2 =   5.206 , Out:   0.000#   0.032    0.052    0.027    0.023    7.725/   5.065f

   S-matrix    3 =   -0.16624   0.23191 for L=    6, J=    6.0 channel on core I =   2.0 from L=    6,  Acc. loss =  0.0 D.
 Elastic phase shift   3 =   62.817  35.927 deg. for the L =    6, J =    6.0 channel.
       7.0 -0.16623809  0.23191207i: elastic S-matrix  @@      0.00  0   0 F  0
 Reaction Xsec     7.0+/ 6 @ 3 =   5.209 , Out:   0.000#   0.017    0.018    8.418/   0.012    0.019    5.134f

   S-matrix    4 =   -0.25134   0.13882 for L=    6, J=    7.0 channel on core I =   2.0 from L=    6,  Acc. loss =  0.0 D.
 Elastic phase shift   4 =   75.544  35.748 deg. for the L =    6, J =    7.0 channel.
       7.0 -0.25134076  0.13881922i: elastic S-matrix  @@      0.00  0   0 F  0
 Reaction Xsec     7.0+/ 6 @ 4 =   5.203 , Out:   0.000#   0.023    0.011    5.353/   0.017    0.016    5.131f

   S-matrix    5 =    0.42286   0.28098 for L=    8, J=    7.0 channel on core I =   2.0 from L=    8,  Acc. loss =  0.0 D.
 Elastic phase shift   5 =   16.801  19.420 deg. for the L =    8, J =    7.0 channel.
       7.0  0.42285919  0.28097548i: elastic S-matrix  @@      0.00  0   0 F  0
 Reaction Xsec     7.0+/ 8 @ 5 =   4.209 , Out:   0.000#   0.011    0.012    0.791/   0.033    0.016    4.136f

   S-matrix    6 =    0.33228   0.34933 for L=    8, J=    8.0 channel on core I =   2.0 from L=    8,  Acc. loss =  0.0 D.
 Elastic phase shift   6 =   23.216  20.900 deg. for the L =    8, J =    8.0 channel.
       7.0  0.33228493  0.34932974i: elastic S-matrix  @@      0.00  0   0 F  0
 Reaction Xsec     7.0+/ 8 @ 6 =   4.353 , Out:   0.000#   0.015    0.012    8.323/   0.044    0.013    4.260f

   S-matrix    7 =    0.21159   0.39940 for L=    8, J=    9.0 channel on core I =   2.0 from L=    8,  Acc. loss =  0.0 D.
 Elastic phase shift   7 =   31.043  22.749 deg. for the L =    8, J =    9.0 channel.
       7.0  0.21159222  0.39939878i: elastic S-matrix  @@      0.00  0   0 F  0
 Reaction Xsec     7.0+/ 8 @ 7 =   4.512 , Out:   0.000#   0.030    9.334/   8.980/   0.083    3.653/   4.377f

   S-matrix    8 =    0.78306   0.14370 for L=   10, J=    9.0 channel on core I =   2.0 from L=   10,  Acc. loss =  0.0 D.
 Elastic phase shift   8 =    5.200   6.531 deg. for the L =   10, J =    9.0 channel.
       7.0  0.78306127  0.14370460i: elastic S-matrix  @@      0.00  0   0 F  0
 Reaction Xsec     7.0+/10 @ 8 =   2.076 , Out:   0.000#   0.000#   2.721/   0.437/   0.000#   6.963/   2.066f


 Total SPIN, PARITY =     7.0 -,     29 chs,      0 cc.  Rmin & Coul turning =    0.6    3.2
   S-matrix    1 =   -0.29126   0.06632 for L=    5, J=    5.0 channel on core I =   2.0 from L=    5,  Acc. loss =  0.0 D.
 Elastic phase shift   1 =   83.587  34.615 deg. for the L =    5, J =    5.0 channel.
       7.0 -0.29125654  0.06631584i: elastic S-matrix  @@      0.00  0   0 F  0
 Reaction Xsec     7.0-/ 5 @ 1 =   5.165 , Out:   0.000#   0.020    0.040    0.011    4.608/   0.026    5.064f

   S-matrix    2 =   -0.29824  -0.06070 for L=    5, J=    6.0 channel on core I =   2.0 from L=    5,  Acc. loss =  0.0 D.
 Elastic phase shift   2 =  -84.248  34.079 deg. for the L =    5, J =    6.0 channel.
       7.0 -0.29823846 -0.06070304i: elastic S-matrix  @@      0.00  0   0 F  0
 Reaction Xsec     7.0-/ 5 @ 2 =   5.146 , Out:   0.000#   0.017    1.748/   2.465/   4.807/   0.031    5.089f

   S-matrix    3 =    0.17244   0.31156 for L=    7, J=    6.0 channel on core I =   2.0 from L=    7,  Acc. loss =  0.0 D.
 Elastic phase shift   3 =   30.518  29.581 deg. for the L =    7, J =    6.0 channel.
       7.0  0.17244406  0.31155576i: elastic S-matrix  @@      0.00  0   0 F  0
 Reaction Xsec     7.0-/ 7 @ 3 =   4.952 , Out:   0.000#   0.021    0.037    0.020    0.038    0.013    4.822f

   S-matrix    4 =    0.06269   0.33100 for L=    7, J=    7.0 channel on core I =   2.0 from L=    7,  Acc. loss =  0.0 D.
 Elastic phase shift   4 =   39.638  31.169 deg. for the L =    7, J =    7.0 channel.
       7.0  0.06268925  0.33100211i: elastic S-matrix  @@      0.00  0   0 F  0
 Reaction Xsec     7.0-/ 7 @ 4 =   5.027 , Out:   0.000#   0.017    0.015    6.602/   0.030    0.016    4.943f

   S-matrix    5 =   -0.06483   0.31106 for L=    7, J=    8.0 channel on core I =   2.0 from L=    7,  Acc. loss =  0.0 D.
 Elastic phase shift   5 =   50.886  32.845 deg. for the L =    7, J =    8.0 channel.
       7.0 -0.06482887  0.31106232i: elastic S-matrix  @@      0.00  0   0 F  0
 Reaction Xsec     7.0-/ 7 @ 5 =   5.098 , Out:   0.000#   0.028    0.017    9.491/   0.046    8.865/   4.989f

   S-matrix    6 =    0.63354   0.21508 for L=    9, J=    8.0 channel on core I =   2.0 from L=    9,  Acc. loss =  0.0 D.
 Elastic phase shift   6 =    9.376  11.513 deg. for the L =    9, J =    8.0 channel.
       7.0  0.63353813  0.21508080i: elastic S-matrix  @@      0.00  0   0 F  0
 Reaction Xsec     7.0-/ 9 @ 6 =   3.132 , Out:   0.000#   3.428/   0.191/   6.508/   0.013    0.012    3.097f

   S-matrix    7 =    0.57527   0.30189 for L=    9, J=    9.0 channel on core I =   2.0 from L=    9,  Acc. loss =  0.0 D.
 Elastic phase shift   7 =   13.845  12.355 deg. for the L =    9, J =    9.0 channel.
       7.0  0.57527175  0.30189489i: elastic S-matrix  @@      0.00  0   0 F  0
 Reaction Xsec     7.0-/ 9 @ 7 =   3.277 , Out:   0.000#   9.979/   7.066/   4.200/   0.037    8.316/   3.211f


 Total SPIN, PARITY =     8.0 +,     29 chs,      0 cc.  Rmin & Coul turning =    0.6    3.6
   S-matrix    1 =   -0.16624   0.23191 for L=    6, J=    6.0 channel on core I =   2.0 from L=    6,  Acc. loss =  0.0 D.
 Elastic phase shift   1 =   62.817  35.927 deg. for the L =    6, J =    6.0 channel.
       8.0 -0.16623809  0.23191207i: elastic S-matrix  @@      0.00  0   0 F  0
 Reaction Xsec     8.0+/ 6 @ 1 =   5.904 , Out:   0.000#   0.018    0.034    0.013    0.013    0.023    5.803f

   S-matrix    2 =   -0.25134   0.13882 for L=    6, J=    7.0 channel on core I =   2.0 from L=    6,  Acc. loss =  0.0 D.
 Elastic phase shift   2 =   75.544  35.748 deg. for the L =    6, J =    7.0 channel.
       8.0 -0.25134076  0.13881922i: elastic S-matrix  @@      0.00  0   0 F  0
 Reaction Xsec     8.0+/ 6 @ 2 =   5.897 , Out:   0.000#   0.014    1.079/   4.124/   9.995/   0.026    5.842f

   S-matrix    3 =    0.42286   0.28098 for L=    8, J=    7.0 channel on core I =   2.0 from L=    8,  Acc. loss =  0.0 D.
 Elastic phase shift   3 =   16.801  19.420 deg. for the L =    8, J =    7.0 channel.
       8.0  0.42285919  0.28097548i: elastic S-matrix  @@      0.00  0   0 F  0
 Reaction Xsec     8.0+/ 8 @ 3 =   4.770 , Out:   0.000#   0.021    0.033    0.020    0.061    0.013    4.623f

   S-matrix    4 =    0.33228   0.34933 for L=    8, J=    8.0 channel on core I =   2.0 from L=    8,  Acc. loss =  0.0 D.
 Elastic phase shift   4 =   23.216  20.900 deg. for the L =    8, J =    8.0 channel.
       8.0  0.33228493  0.34932974i: elastic S-matrix  @@      0.00  0   0 F  0
 Reaction Xsec     8.0+/ 8 @ 4 =   4.933 , Out:   0.000#   0.016    0.015    6.714/   0.047    0.016    4.832f

   S-matrix    5 =    0.21159   0.39940 for L=    8, J=    9.0 channel on core I =   2.0 from L=    8,  Acc. loss =  0.0 D.
 Elastic phase shift   5 =   31.043  22.749 deg. for the L =    8, J =    9.0 channel.
       8.0  0.21159222  0.39939878i: elastic S-matrix  @@      0.00  0   0 F  0
 Reaction Xsec     8.0+/ 8 @ 5 =   5.114 , Out:   0.000#   0.027    0.023    0.010    0.075    8.871/   4.971f

   S-matrix    6 =    0.78306   0.14370 for L=   10, J=    9.0 channel on core I =   2.0 from L=   10,  Acc. loss =  0.0 D.
 Elastic phase shift   6 =    5.200   6.531 deg. for the L =   10, J =    9.0 channel.
       8.0  0.78306127  0.14370460i: elastic S-matrix  @@      0.00  0   0 F  0
 Reaction Xsec     8.0+/10 @ 6 =   2.353 , Out:   0.000#   1.894/   0.123/   3.767/   8.270/   6.629/   2.333f

   S-matrix    7 =    0.75217   0.22473 for L=   10, J=   10.0 channel on core I =   2.0 from L=   10,  Acc. loss =  0.0 D.
 Elastic phase shift   7 =    8.317   6.934 deg. for the L =   10, J =   10.0 channel.
       8.0  0.75216929  0.22473037i: elastic S-matrix  @@      0.00  0   0 F  0
 Reaction Xsec     8.0+/10 @ 7 =   2.466 , Out:   0.000#   5.343/   5.699/   3.518/   0.023    4.533/   2.424f


 Total SPIN, PARITY =     8.0 -,     30 chs,      0 cc.  Rmin & Coul turning =    0.6    3.6
   S-matrix    1 =   -0.29824  -0.06070 for L=    5, J=    6.0 channel on core I =   2.0 from L=    5,  Acc. loss =  0.0 D.
 Elastic phase shift   1 =  -84.248  34.079 deg. for the L =    5, J =    6.0 channel.
       8.0 -0.29823846 -0.06070304i: elastic S-matrix  @@      0.00  0   0 F  0
 Reaction Xsec     8.0-/ 5 @ 1 =   5.832 , Out:   0.000#   0.000#   0.018    2.046/   0.000#   0.048    5.764f

   S-matrix    2 =    0.17244   0.31156 for L=    7, J=    6.0 channel on core I =   2.0 from L=    7,  Acc. loss =  0.0 D.
 Elastic phase shift   2 =   30.518  29.581 deg. for the L =    7, J =    6.0 channel.
       8.0  0.17244406  0.31155576i: elastic S-matrix  @@      0.00  0   0 F  0
 Reaction Xsec     8.0-/ 7 @ 2 =   5.612 , Out:   0.000#   0.035    0.051    0.032    0.062    8.030/   5.425f

   S-matrix    3 =    0.06269   0.33100 for L=    7, J=    7.0 channel on core I =   2.0 from L=    7,  Acc. loss =  0.0 D.
 Elastic phase shift   3 =   39.638  31.169 deg. for the L =    7, J =    7.0 channel.
       8.0  0.06268925  0.33100211i: elastic S-matrix  @@      0.00  0   0 F  0
 Reaction Xsec     8.0-/ 7 @ 3 =   5.698 , Out:   0.000#   0.018    0.019    0.013    0.031    0.019    5.597f

   S-matrix    4 =   -0.06483   0.31106 for L=    7, J=    8.0 channel on core I =   2.0 from L=    7,  Acc. loss =  0.0 D.
 Elastic phase shift   4 =   50.886  32.845 deg. for the L =    7, J =    8.0 channel.
       8.0 -0.06482887  0.31106232i: elastic S-matrix  @@      0.00  0   0 F  0
 Reaction Xsec     8.0-/ 7 @ 4 =   5.778 , Out:   0.000#   0.022    0.013    8.652/   0.037    0.016    5.681f

   S-matrix    5 =    0.63354   0.21508 for L=    9, J=    8.0 channel on core I =   2.0 from L=    9,  Acc. loss =  0.0 D.
 Elastic phase shift   5 =    9.376  11.513 deg. for the L =    9, J =    8.0 channel.
       8.0  0.63353813  0.21508080i: elastic S-matrix  @@      0.00  0   0 F  0
 Reaction Xsec     8.0-/ 9 @ 5 =   3.550 , Out:   0.000#   8.326/   7.977/   0.734/   0.031    0.011    3.491f

   S-matrix    6 =    0.57527   0.30189 for L=    9, J=    9.0 channel on core I =   2.0 from L=    9,  Acc. loss =  0.0 D.
 Elastic phase shift   6 =   13.845  12.355 deg. for the L =    9, J =    9.0 channel.
       8.0  0.57527175  0.30189489i: elastic S-matrix  @@      0.00  0   0 F  0
 Reaction Xsec     8.0-/ 9 @ 6 =   3.714 , Out:   0.000#   0.011    0.012    7.406/   0.040    9.727/   3.634f

   S-matrix    7 =    0.49125   0.38795 for L=    9, J=   10.0 channel on core I =   2.0 from L=    9,  Acc. loss =  0.0 D.
 Elastic phase shift   7 =   19.149  13.421 deg. for the L =    9, J =   10.0 channel.
       8.0  0.49124807  0.38794521i: elastic S-matrix  @@      0.00  0   0 F  0
 Reaction Xsec     8.0-/ 9 @ 7 =   3.909 , Out:   0.000#   0.022    0.013    8.099/   0.080    2.754/   3.783f

   S-matrix    8 =    0.87688   0.08608 for L=   11, J=   10.0 channel on core I =   2.0 from L=   11,  Acc. loss =  0.0 D.
 Elastic phase shift   8 =    2.803   3.627 deg. for the L =   11, J =   10.0 channel.
       8.0  0.87687901  0.08608389i: elastic S-matrix  @@      0.00  0   0 F  0
 Reaction Xsec     8.0-/11 @ 8 =   1.438 , Out:   0.000#   0.000#   1.522/   0.412/   0.000#   3.130/   1.432f


 Total SPIN, PARITY =     9.0 +,     30 chs,      0 cc.  Rmin & Coul turning =    0.7    4.1
   S-matrix    1 =   -0.25134   0.13882 for L=    6, J=    7.0 channel on core I =   2.0 from L=    6,  Acc. loss =  0.0 D.
 Elastic phase shift   1 =   75.544  35.748 deg. for the L =    6, J =    7.0 channel.
       9.0 -0.25134076  0.13881922i: elastic S-matrix  @@      0.00  0   0 F  0
 Reaction Xsec     9.0+/ 6 @ 1 =   6.591 , Out:   0.000#   0.000#   0.015    2.556/   0.000#   0.040    6.534f

   S-matrix    2 =    0.42286   0.28098 for L=    8, J=    7.0 channel on core I =   2.0 from L=    8,  Acc. loss =  0.0 D.
 Elastic phase shift   2 =   16.801  19.420 deg. for the L =    8, J =    7.0 channel.
       9.0  0.42285919  0.28097548i: elastic S-matrix  @@      0.00  0   0 F  0
 Reaction Xsec     9.0+/ 8 @ 2 =   5.332 , Out:   0.000#   0.034    0.040    0.027    0.097    7.450/   5.127f

   S-matrix    3 =    0.33228   0.34933 for L=    8, J=    8.0 channel on core I =   2.0 from L=    8,  Acc. loss =  0.0 D.
 Elastic phase shift   3 =   23.216  20.900 deg. for the L =    8, J =    8.0 channel.
       9.0  0.33228493  0.34932974i: elastic S-matrix  @@      0.00  0   0 F  0
 Reaction Xsec     9.0+/ 8 @ 3 =   5.513 , Out:   0.000#   0.017    0.017    0.015    0.049    0.018    5.397f

   S-matrix    4 =    0.21159   0.39940 for L=    8, J=    9.0 channel on core I =   2.0 from L=    8,  Acc. loss =  0.0 D.
 Elastic phase shift   4 =   31.043  22.749 deg. for the L =    8, J =    9.0 channel.
       9.0  0.21159222  0.39939878i: elastic S-matrix  @@      0.00  0   0 F  0
 Reaction Xsec     9.0+/ 8 @ 4 =   5.716 , Out:   0.000#   0.021    0.017    9.898/   0.058    0.016    5.594f

   S-matrix    5 =    0.78306   0.14370 for L=   10, J=    9.0 channel on core I =   2.0 from L=   10,  Acc. loss =  0.0 D.
 Elastic phase shift   5 =    5.200   6.531 deg. for the L =   10, J =    9.0 channel.
       9.0  0.78306127  0.14370460i: elastic S-matrix  @@      0.00  0   0 F  0
 Reaction Xsec     9.0+/10 @ 5 =   2.630 , Out:   0.000#   4.498/   4.362/   0.761/   0.020    5.821/   2.595f

   S-matrix    6 =    0.75217   0.22473 for L=   10, J=   10.0 channel on core I =   2.0 from L=   10,  Acc. loss =  0.0 D.
 Elastic phase shift   6 =    8.317   6.934 deg. for the L =   10, J =   10.0 channel.
       9.0  0.75216929  0.22473037i: elastic S-matrix  @@      0.00  0   0 F  0
 Reaction Xsec     9.0+/10 @ 6 =   2.756 , Out:   0.000#   5.749/   7.880/   5.520/   0.025    5.215/   2.707f

   S-matrix    7 =    0.70552   0.31209 for L=   10, J=   11.0 channel on core I =   2.0 from L=   10,  Acc. loss =  0.0 D.
 Elastic phase shift   7 =   11.931   7.433 deg. for the L =   10, J =   11.0 channel.
       9.0  0.70551820  0.31209464i: elastic S-matrix  @@      0.00  0   0 F  0
 Reaction Xsec     9.0+/10 @ 7 =   2.908 , Out:   0.000#   0.012    0.010    7.138/   0.051    1.520/   2.827f

   S-matrix    8 =    0.93160   0.04713 for L=   12, J=   11.0 channel on core I =   2.0 from L=   12,  Acc. loss =  0.0 D.
 Elastic phase shift   8 =    1.448   1.993 deg. for the L =   12, J =   11.0 channel.
       9.0  0.93160412  0.04712806i: elastic S-matrix  @@      0.00  0   0 F  0
 Reaction Xsec     9.0+/12 @ 8 =   0.933 , Out:   0.000#   0.000#   0.687/   0.252/   0.000#   1.258/   0.931f


 Total SPIN, PARITY =     9.0 -,     29 chs,      0 cc.  Rmin & Coul turning =    0.7    4.1
   S-matrix    1 =    0.06269   0.33100 for L=    7, J=    7.0 channel on core I =   2.0 from L=    7,  Acc. loss =  0.0 D.
 Elastic phase shift   1 =   39.638  31.169 deg. for the L =    7, J =    7.0 channel.
       9.0  0.06268925  0.33100211i: elastic S-matrix  @@      0.00  0   0 F  0
 Reaction Xsec     9.0-/ 7 @ 1 =   6.368 , Out:   0.000#   0.018    0.034    0.017    0.032    0.023    6.244f

   S-matrix    2 =   -0.06483   0.31106 for L=    7, J=    8.0 channel on core I =   2.0 from L=    7,  Acc. loss =  0.0 D.
 Elastic phase shift   2 =   50.886  32.845 deg. for the L =    7, J =    8.0 channel.
       9.0 -0.06482887  0.31106232i: elastic S-matrix  @@      0.00  0   0 F  0
 Reaction Xsec     9.0-/ 7 @ 2 =   6.458 , Out:   0.000#   0.013    0.842/   7.663/   0.022    0.026    6.389f

   S-matrix    3 =    0.63354   0.21508 for L=    9, J=    8.0 channel on core I =   2.0 from L=    9,  Acc. loss =  0.0 D.
 Elastic phase shift   3 =    9.376  11.513 deg. for the L =    9, J =    8.0 channel.
       9.0  0.63353813  0.21508080i: elastic S-matrix  @@      0.00  0   0 F  0
 Reaction Xsec     9.0-/ 9 @ 3 =   3.968 , Out:   0.000#   0.015    0.022    0.014    0.056    8.685/   3.852f

   S-matrix    4 =    0.57527   0.30189 for L=    9, J=    9.0 channel on core I =   2.0 from L=    9,  Acc. loss =  0.0 D.
 Elastic phase shift   4 =   13.845  12.355 deg. for the L =    9, J =    9.0 channel.
       9.0  0.57527175  0.30189489i: elastic S-matrix  @@      0.00  0   0 F  0
 Reaction Xsec     9.0-/ 9 @ 4 =   4.151 , Out:   0.000#   0.012    0.012    4.651/   0.043    0.011    4.068f

   S-matrix    5 =    0.49125   0.38795 for L=    9, J=   10.0 channel on core I =   2.0 from L=    9,  Acc. loss =  0.0 D.
 Elastic phase shift   5 =   19.149  13.421 deg. for the L =    9, J =   10.0 channel.
       9.0  0.49124807  0.38794521i: elastic S-matrix  @@      0.00  0   0 F  0
 Reaction Xsec     9.0-/ 9 @ 5 =   4.369 , Out:   0.000#   0.019    0.024    9.355/   0.070    6.540/   4.239f

   S-matrix    6 =    0.87688   0.08608 for L=   11, J=   10.0 channel on core I =   2.0 from L=   11,  Acc. loss =  0.0 D.
 Elastic phase shift   6 =    2.803   3.627 deg. for the L =   11, J =   10.0 channel.
       9.0  0.87687901  0.08608389i: elastic S-matrix  @@      0.00  0   0 F  0
 Reaction Xsec     9.0-/11 @ 6 =   1.607 , Out:   0.000#   0.859/   0.056/   1.719/   4.108/   2.926/   1.597f

   S-matrix    7 =    0.86255   0.15106 for L=   11, J=   11.0 channel on core I =   2.0 from L=   11,  Acc. loss =  0.0 D.
 Elastic phase shift   7 =    4.967   3.803 deg. for the L =   11, J =   11.0 channel.
       9.0  0.86254809  0.15106075i: elastic S-matrix  @@      0.00  0   0 F  0
 Reaction Xsec     9.0-/11 @ 7 =   1.675 , Out:   0.000#   2.349/   3.165/   2.431/   0.011    2.023/   1.654f


 Total SPIN, PARITY =    10.0 +,     29 chs,      0 cc.  Rmin & Coul turning =    0.8    4.5
   S-matrix    1 =    0.33228   0.34933 for L=    8, J=    8.0 channel on core I =   2.0 from L=    8,  Acc. loss =  0.0 D.
 Elastic phase shift   1 =   23.216  20.900 deg. for the L =    8, J =    8.0 channel.
      10.0  0.33228493  0.34932974i: elastic S-matrix  @@      0.00  0   0 F  0
 Reaction Xsec    10.0+/ 8 @ 1 =   6.094 , Out:   0.000#   0.018    0.028    0.015    0.050    0.021    5.961f

   S-matrix    2 =    0.21159   0.39940 for L=    8, J=    9.0 channel on core I =   2.0 from L=    8,  Acc. loss =  0.0 D.
 Elastic phase shift   2 =   31.043  22.749 deg. for the L =    8, J =    9.0 channel.
      10.0  0.21159222  0.39939878i: elastic S-matrix  @@      0.00  0   0 F  0
 Reaction Xsec    10.0+/ 8 @ 2 =   6.317 , Out:   0.000#   0.012    0.588/   0.011    0.034    0.025    6.236f

   S-matrix    3 =    0.78306   0.14370 for L=   10, J=    9.0 channel on core I =   2.0 from L=   10,  Acc. loss =  0.0 D.
 Elastic phase shift   3 =    5.200   6.531 deg. for the L =   10, J =    9.0 channel.
      10.0  0.78306127  0.14370460i: elastic S-matrix  @@      0.00  0   0 F  0
 Reaction Xsec    10.0+/10 @ 3 =   2.907 , Out:   0.000#   7.896/   0.012    7.451/   0.034    4.484/   2.841f

   S-matrix    4 =    0.75217   0.22473 for L=   10, J=   10.0 channel on core I =   2.0 from L=   10,  Acc. loss =  0.0 D.
 Elastic phase shift   4 =    8.317   6.934 deg. for the L =   10, J =   10.0 channel.
      10.0  0.75216929  0.22473037i: elastic S-matrix  @@      0.00  0   0 F  0
 Reaction Xsec    10.0+/10 @ 4 =   3.047 , Out:   0.000#   6.082/   7.511/   2.468/   0.026    5.946/   2.998f

   S-matrix    5 =    0.70552   0.31209 for L=   10, J=   11.0 channel on core I =   2.0 from L=   10,  Acc. loss =  0.0 D.
 Elastic phase shift   5 =   11.931   7.433 deg. for the L =   10, J =   11.0 channel.
      10.0  0.70551820  0.31209464i: elastic S-matrix  @@      0.00  0   0 F  0
 Reaction Xsec    10.0+/10 @ 5 =   3.214 , Out:   0.000#   0.010    0.017    8.144/   0.044    3.546/   3.132f

   S-matrix    6 =    0.93160   0.04713 for L=   12, J=   11.0 channel on core I =   2.0 from L=   12,  Acc. loss =  0.0 D.
 Elastic phase shift   6 =    1.448   1.993 deg. for the L =   12, J =   11.0 channel.
      10.0  0.93160412  0.04712806i: elastic S-matrix  @@      0.00  0   0 F  0
 Reaction Xsec    10.0+/12 @ 6 =   1.031 , Out:   0.000#   0.348/   0.021/   0.684/   1.757/   1.159/   1.027f

   S-matrix    7 =    0.92549   0.09537 for L=   12, J=   12.0 channel on core I =   2.0 from L=   12,  Acc. loss =  0.0 D.
 Elastic phase shift   7 =    2.942   2.067 deg. for the L =   12, J =   12.0 channel.
      10.0  0.92549255  0.09536944i: elastic S-matrix  @@      0.00  0   0 F  0
 Reaction Xsec    10.0+/12 @ 7 =   1.067 , Out:   0.000#   0.924/   1.416/   1.297/   4.667/   0.806/   1.058f


 Total SPIN, PARITY =    10.0 -,     30 chs,      0 cc.  Rmin & Coul turning =    0.8    4.5
   S-matrix    1 =   -0.06483   0.31106 for L=    7, J=    8.0 channel on core I =   2.0 from L=    7,  Acc. loss =  0.0 D.
 Elastic phase shift   1 =   50.886  32.845 deg. for the L =    7, J =    8.0 channel.
      10.0 -0.06482887  0.31106232i: elastic S-matrix  @@      0.00  0   0 F  0
 Reaction Xsec    10.0-/ 7 @ 1 =   7.138 , Out:   0.000#   0.000#   0.015    3.818/   0.000#   0.038    7.081f

   S-matrix    2 =    0.63354   0.21508 for L=    9, J=    8.0 channel on core I =   2.0 from L=    9,  Acc. loss =  0.0 D.
 Elastic phase shift   2 =    9.376  11.513 deg. for the L =    9, J =    8.0 channel.
      10.0  0.63353813  0.21508080i: elastic S-matrix  @@      0.00  0   0 F  0
 Reaction Xsec    10.0-/ 9 @ 2 =   4.385 , Out:   0.000#   0.023    0.024    0.016    0.087    5.028/   4.230f

   S-matrix    3 =    0.57527   0.30189 for L=    9, J=    9.0 channel on core I =   2.0 from L=    9,  Acc. loss =  0.0 D.
 Elastic phase shift   3 =   13.845  12.355 deg. for the L =    9, J =    9.0 channel.
      10.0  0.57527175  0.30189489i: elastic S-matrix  @@      0.00  0   0 F  0
 Reaction Xsec    10.0-/ 9 @ 3 =   4.588 , Out:   0.000#   0.012    0.011    0.011    0.045    0.013    4.495f

   S-matrix    4 =    0.49125   0.38795 for L=    9, J=   10.0 channel on core I =   2.0 from L=    9,  Acc. loss =  0.0 D.
 Elastic phase shift   4 =   19.149  13.421 deg. for the L =    9, J =   10.0 channel.
      10.0  0.49124807  0.38794521i: elastic S-matrix  @@      0.00  0   0 F  0
 Reaction Xsec    10.0-/ 9 @ 4 =   4.828 , Out:   0.000#   0.015    0.016    7.276/   0.054    0.011    4.725f

   S-matrix    5 =    0.87688   0.08608 for L=   11, J=   10.0 channel on core I =   2.0 from L=   11,  Acc. loss =  0.0 D.
 Elastic phase shift   5 =    2.803   3.627 deg. for the L =   11, J =   10.0 channel.
      10.0  0.87687901  0.08608389i: elastic S-matrix  @@      0.00  0   0 F  0
 Reaction Xsec    10.0-/11 @ 5 =   1.776 , Out:   0.000#   2.004/   2.010/   0.598/   9.586/   2.531/   1.759f

   S-matrix    6 =    0.86255   0.15106 for L=   11, J=   11.0 channel on core I =   2.0 from L=   11,  Acc. loss =  0.0 D.
 Elastic phase shift   6 =    4.967   3.803 deg. for the L =   11, J =   11.0 channel.
      10.0  0.86254809  0.15106075i: elastic S-matrix  @@      0.00  0   0 F  0
 Reaction Xsec    10.0-/11 @ 6 =   1.851 , Out:   0.000#   2.507/   3.990/   3.335/   0.012    2.296/   1.827f

   S-matrix    7 =    0.84018   0.22272 for L=   11, J=   12.0 channel on core I =   2.0 from L=   11,  Acc. loss =  0.0 D.
 Elastic phase shift   7 =    7.424   4.016 deg. for the L =   11, J =   12.0 channel.
      10.0  0.84017516  0.22272460i: elastic S-matrix  @@      0.00  0   0 F  0
 Reaction Xsec    10.0-/11 @ 7 =   1.941 , Out:   0.000#   5.097/   5.561/   4.951/   0.024    0.680/   1.901f

   S-matrix    8 =    0.96238   0.02363 for L=   13, J=   12.0 channel on core I =   2.0 from L=   13,  Acc. loss =  0.0 D.
 Elastic phase shift   8 =    0.703   1.090 deg. for the L =   13, J =   12.0 channel.
      10.0  0.96238126  0.02362867i: elastic S-matrix  @@      0.00  0   0 F  0
 Reaction Xsec    10.0-/13 @ 8 =   0.582 , Out:   0.000#   0.000#   0.276/   0.119/   0.000#   0.476/   0.581f


 Total SPIN, PARITY =    11.0 +,     30 chs,      0 cc.  Rmin & Coul turning =    0.9    4.9
   S-matrix    1 =    0.21159   0.39940 for L=    8, J=    9.0 channel on core I =   2.0 from L=    8,  Acc. loss =  0.0 D.
 Elastic phase shift   1 =   31.043  22.749 deg. for the L =    8, J =    9.0 channel.
      11.0  0.21159222  0.39939878i: elastic S-matrix  @@      0.00  0   0 F  0
 Reaction Xsec    11.0+/ 8 @ 1 =   6.919 , Out:   0.000#   0.000#   0.013    3.709/   0.000#   0.036    6.866f

   S-matrix    2 =    0.78306   0.14370 for L=   10, J=    9.0 channel on core I =   2.0 from L=   10,  Acc. loss =  0.0 D.
 Elastic phase shift   2 =    5.200   6.531 deg. for the L =   10, J =    9.0 channel.
      11.0  0.78306127  0.14370460i: elastic S-matrix  @@      0.00  0   0 F  0
 Reaction Xsec    11.0+/10 @ 2 =   3.184 , Out:   0.000#   0.012    0.011    7.784/   0.053    2.562/   3.097f

   S-matrix    3 =    0.75217   0.22473 for L=   10, J=   10.0 channel on core I =   2.0 from L=   10,  Acc. loss =  0.0 D.
 Elastic phase shift   3 =    8.317   6.934 deg. for the L =   10, J =   10.0 channel.
      11.0  0.75216929  0.22473037i: elastic S-matrix  @@      0.00  0   0 F  0
 Reaction Xsec    11.0+/10 @ 3 =   3.337 , Out:   0.000#   6.333/   6.106/   6.254/   0.028    6.731/   3.284f

   S-matrix    4 =    0.70552   0.31209 for L=   10, J=   11.0 channel on core I =   2.0 from L=   10,  Acc. loss =  0.0 D.
 Elastic phase shift   4 =   11.931   7.433 deg. for the L =   10, J =   11.0 channel.
      11.0  0.70551820  0.31209464i: elastic S-matrix  @@      0.00  0   0 F  0
 Reaction Xsec    11.0+/10 @ 4 =   3.520 , Out:   0.000#   7.665/   0.011    3.796/   0.033    6.132/   3.459f

   S-matrix    5 =    0.93160   0.04713 for L=   12, J=   11.0 channel on core I =   2.0 from L=   12,  Acc. loss =  0.0 D.
 Elastic phase shift   5 =    1.448   1.993 deg. for the L =   12, J =   11.0 channel.
      11.0  0.93160412  0.04712806i: elastic S-matrix  @@      0.00  0   0 F  0
 Reaction Xsec    11.0+/12 @ 5 =   1.129 , Out:   0.000#   0.799/   0.827/   0.341/   4.041/   0.990/   1.122f

   S-matrix    6 =    0.92549   0.09537 for L=   12, J=   12.0 channel on core I =   2.0 from L=   12,  Acc. loss =  0.0 D.
 Elastic phase shift   6 =    2.942   2.067 deg. for the L =   12, J =   12.0 channel.
      11.0  0.92549255  0.09536944i: elastic S-matrix  @@      0.00  0   0 F  0
 Reaction Xsec    11.0+/12 @ 6 =   1.168 , Out:   0.000#   0.979/   1.692/   1.626/   4.945/   0.904/   1.158f

   S-matrix    7 =    0.91561   0.14859 for L=   12, J=   13.0 channel on core I =   2.0 from L=   12,  Acc. loss =  0.0 D.
 Elastic phase shift   7 =    4.609   2.153 deg. for the L =   12, J =   13.0 channel.
      11.0  0.91560995  0.14859142i: elastic S-matrix  @@      0.00  0   0 F  0
 Reaction Xsec    11.0+/12 @ 7 =   1.214 , Out:   0.000#   1.988/   2.437/   2.604/   0.010    0.270/   1.196f

   S-matrix    8 =    0.97941   0.01055 for L=   14, J=   13.0 channel on core I =   2.0 from L=   14,  Acc. loss =  0.0 D.
 Elastic phase shift   8 =    0.309   0.594 deg. for the L =   14, J =   13.0 channel.
      11.0  0.97940784  0.01055275i: elastic S-matrix  @@      0.00  0   0 F  0
 Reaction Xsec    11.0+/14 @ 8 =   0.353 , Out:   0.000#   0.000#   0.104/   0.049/   0.000#   0.174/   0.353f


 Total SPIN, PARITY =    11.0 -,     29 chs,      0 cc.  Rmin & Coul turning =    0.9    4.9
   S-matrix    1 =    0.57527   0.30189 for L=    9, J=    9.0 channel on core I =   2.0 from L=    9,  Acc. loss =  0.0 D.
 Elastic phase shift   1 =   13.845  12.355 deg. for the L =    9, J =    9.0 channel.
      11.0  0.57527175  0.30189489i: elastic S-matrix  @@      0.00  0   0 F  0
 Reaction Xsec    11.0-/ 9 @ 1 =   5.025 , Out:   0.000#   0.012    0.017    9.425/   0.046    0.015    4.926f

   S-matrix    2 =    0.49125   0.38795 for L=    9, J=   10.0 channel on core I =   2.0 from L=    9,  Acc. loss =  0.0 D.
 Elastic phase shift   2 =   19.149  13.421 deg. for the L =    9, J =   10.0 channel.
      11.0  0.49124807  0.38794521i: elastic S-matrix  @@      0.00  0   0 F  0
 Reaction Xsec    11.0-/ 9 @ 2 =   5.288 , Out:   0.000#   8.383/   0.306/   8.880/   0.031    0.018    5.222f

   S-matrix    3 =    0.87688   0.08608 for L=   11, J=   10.0 channel on core I =   2.0 from L=   11,  Acc. loss =  0.0 D.
 Elastic phase shift   3 =    2.803   3.627 deg. for the L =   11, J =   10.0 channel.
      11.0  0.87687901  0.08608389i: elastic S-matrix  @@      0.00  0   0 F  0
 Reaction Xsec    11.0-/11 @ 3 =   1.945 , Out:   0.000#   3.465/   5.429/   3.256/   0.017    1.925/   1.914f

   S-matrix    4 =    0.86255   0.15106 for L=   11, J=   11.0 channel on core I =   2.0 from L=   11,  Acc. loss =  0.0 D.
 Elastic phase shift   4 =    4.967   3.803 deg. for the L =   11, J =   11.0 channel.
      11.0  0.86254809  0.15106075i: elastic S-matrix  @@      0.00  0   0 F  0
 Reaction Xsec    11.0-/11 @ 4 =   2.028 , Out:   0.000#   2.637/   3.606/   1.120/   0.013    2.587/   2.005f

   S-matrix    5 =    0.84018   0.22272 for L=   11, J=   12.0 channel on core I =   2.0 from L=   11,  Acc. loss =  0.0 D.
 Elastic phase shift   5 =    7.424   4.016 deg. for the L =   11, J =   12.0 channel.
      11.0  0.84017516  0.22272460i: elastic S-matrix  @@      0.00  0   0 F  0
 Reaction Xsec    11.0-/11 @ 5 =   2.126 , Out:   0.000#   4.355/   8.398/   5.460/   0.021    1.563/   2.085f

   S-matrix    6 =    0.96238   0.02363 for L=   13, J=   12.0 channel on core I =   2.0 from L=   13,  Acc. loss =  0.0 D.
 Elastic phase shift   6 =    0.703   1.090 deg. for the L =   13, J =   12.0 channel.
      11.0  0.96238126  0.02362867i: elastic S-matrix  @@      0.00  0   0 F  0
 Reaction Xsec    11.0-/13 @ 6 =   0.637 , Out:   0.000#   0.132/   7.144#   0.252/   0.691/   0.433/   0.636f

   S-matrix    7 =    0.95991   0.05807 for L=   13, J=   13.0 channel on core I =   2.0 from L=   13,  Acc. loss =  0.0 D.
 Elastic phase shift   7 =    1.731   1.120 deg. for the L =   13, J =   13.0 channel.
      11.0  0.95990831  0.05807266i: elastic S-matrix  @@      0.00  0   0 F  0
 Reaction Xsec    11.0-/13 @ 7 =   0.654 , Out:   0.000#   0.343/   0.564/   0.572/   1.790/   0.302/   0.650f


 Total SPIN, PARITY =    12.0 +,     29 chs,      0 cc.  Rmin & Coul turning =    1.0    5.3
   S-matrix    1 =    0.75217   0.22473 for L=   10, J=   10.0 channel on core I =   2.0 from L=   10,  Acc. loss =  0.0 D.
 Elastic phase shift   1 =    8.317   6.934 deg. for the L =   10, J =   10.0 channel.
      12.0  0.75216929  0.22473037i: elastic S-matrix  @@      0.00  0   0 F  0
 Reaction Xsec    12.0+/10 @ 1 =   3.627 , Out:   0.000#   6.494/   8.081/   4.606/   0.028    7.576/   3.572f

   S-matrix    2 =    0.70552   0.31209 for L=   10, J=   11.0 channel on core I =   2.0 from L=   10,  Acc. loss =  0.0 D.
 Elastic phase shift   2 =   11.931   7.433 deg. for the L =   10, J =   11.0 channel.
      12.0  0.70551820  0.31209464i: elastic S-matrix  @@      0.00  0   0 F  0
 Reaction Xsec    12.0+/10 @ 2 =   3.826 , Out:   0.000#   4.332/   0.124/   5.070/   0.019    9.331/   3.789f

   S-matrix    3 =    0.93160   0.04713 for L=   12, J=   11.0 channel on core I =   2.0 from L=   12,  Acc. loss =  0.0 D.
 Elastic phase shift   3 =    1.448   1.993 deg. for the L =   12, J =   11.0 channel.
      12.0  0.93160412  0.04712806i: elastic S-matrix  @@      0.00  0   0 F  0
 Reaction Xsec    12.0+/12 @ 3 =   1.228 , Out:   0.000#   1.366/   2.191/   1.274/   6.903/   0.745/   1.215f

   S-matrix    4 =    0.92549   0.09537 for L=   12, J=   12.0 channel on core I =   2.0 from L=   12,  Acc. loss =  0.0 D.
 Elastic phase shift   4 =    2.942   2.067 deg. for the L =   12, J =   12.0 channel.
      12.0  0.92549255  0.09536944i: elastic S-matrix  @@      0.00  0   0 F  0
 Reaction Xsec    12.0+/12 @ 4 =   1.270 , Out:   0.000#   1.025/   1.486/   0.459/   5.178/   1.009/   1.261f

   S-matrix    5 =    0.91561   0.14859 for L=   12, J=   13.0 channel on core I =   2.0 from L=   12,  Acc. loss =  0.0 D.
 Elastic phase shift   5 =    4.609   2.153 deg. for the L =   12, J =   13.0 channel.
      12.0  0.91560995  0.14859142i: elastic S-matrix  @@      0.00  0   0 F  0
 Reaction Xsec    12.0+/12 @ 5 =   1.319 , Out:   0.000#   1.680/   3.541/   2.787/   8.480/   0.613/   1.302f

   S-matrix    6 =    0.97941   0.01055 for L=   14, J=   13.0 channel on core I =   2.0 from L=   14,  Acc. loss =  0.0 D.
 Elastic phase shift   6 =    0.309   0.594 deg. for the L =   14, J =   13.0 channel.
      12.0  0.97940784  0.01055275i: elastic S-matrix  @@      0.00  0   0 F  0
 Reaction Xsec    12.0+/14 @ 6 =   0.384 , Out:   0.000#   0.049/   2.306#   0.089/   0.259/   0.157/   0.384f

   S-matrix    7 =    0.97844   0.03465 for L=   14, J=   14.0 channel on core I =   2.0 from L=   14,  Acc. loss =  0.0 D.
 Elastic phase shift   7 =    1.014   0.606 deg. for the L =   14, J =   14.0 channel.
      12.0  0.97844205  0.03464678i: elastic S-matrix  @@      0.00  0   0 F  0
 Reaction Xsec    12.0+/14 @ 7 =   0.392 , Out:   0.000#   0.123/   0.212/   0.225/   0.657/   0.110/   0.390f


 Total SPIN, PARITY =    12.0 -,     30 chs,      0 cc.  Rmin & Coul turning =    1.0    5.3
   S-matrix    1 =    0.49125   0.38795 for L=    9, J=   10.0 channel on core I =   2.0 from L=    9,  Acc. loss =  0.0 D.
 Elastic phase shift   1 =   19.149  13.421 deg. for the L =    9, J =   10.0 channel.
      12.0  0.49124807  0.38794521i: elastic S-matrix  @@      0.00  0   0 F  0
 Reaction Xsec    12.0-/ 9 @ 1 =   5.748 , Out:   0.000#   0.000#   8.308/   2.406/   0.000#   0.025    5.712f

   S-matrix    2 =    0.87688   0.08608 for L=   11, J=   10.0 channel on core I =   2.0 from L=   11,  Acc. loss =  0.0 D.
 Elastic phase shift   2 =    2.803   3.627 deg. for the L =   11, J =   10.0 channel.
      12.0  0.87687901  0.08608389i: elastic S-matrix  @@      0.00  0   0 F  0
 Reaction Xsec    12.0-/11 @ 2 =   2.114 , Out:   0.000#   5.273/   4.581/   3.250/   0.025    1.088/   2.075f

   S-matrix    3 =    0.86255   0.15106 for L=   11, J=   11.0 channel on core I =   2.0 from L=   11,  Acc. loss =  0.0 D.
 Elastic phase shift   3 =    4.967   3.803 deg. for the L =   11, J =   11.0 channel.
      12.0  0.86254809  0.15106075i: elastic S-matrix  @@      0.00  0   0 F  0
 Reaction Xsec    12.0-/11 @ 3 =   2.204 , Out:   0.000#   2.737/   2.742/   2.760/   0.013    2.898/   2.180f

   S-matrix    4 =    0.84018   0.22272 for L=   11, J=   12.0 channel on core I =   2.0 from L=   11,  Acc. loss =  0.0 D.
 Elastic phase shift   4 =    7.424   4.016 deg. for the L =   11, J =   12.0 channel.
      12.0  0.84017516  0.22272460i: elastic S-matrix  @@      0.00  0   0 F  0
 Reaction Xsec    12.0-/11 @ 4 =   2.311 , Out:   0.000#   3.277/   5.296/   1.596/   0.016    2.670/   2.282f

   S-matrix    5 =    0.96238   0.02363 for L=   13, J=   12.0 channel on core I =   2.0 from L=   13,  Acc. loss =  0.0 D.
 Elastic phase shift   5 =    0.703   1.090 deg. for the L =   13, J =   12.0 channel.
      12.0  0.96238126  0.02362867i: elastic S-matrix  @@      0.00  0   0 F  0
 Reaction Xsec    12.0-/13 @ 5 =   0.692 , Out:   0.000#   0.300/   0.319/   0.157/   1.571/   0.366/   0.690f

   S-matrix    6 =    0.95991   0.05807 for L=   13, J=   13.0 channel on core I =   2.0 from L=   13,  Acc. loss =  0.0 D.
 Elastic phase shift   6 =    1.731   1.120 deg. for the L =   13, J =   13.0 channel.
      12.0  0.95990831  0.05807266i: elastic S-matrix  @@      0.00  0   0 F  0
 Reaction Xsec    12.0-/13 @ 6 =   0.711 , Out:   0.000#   0.361/   0.651/   0.678/   1.887/   0.336/   0.707f

   S-matrix    7 =    0.95572   0.09581 for L=   13, J=   14.0 channel on core I =   2.0 from L=   13,  Acc. loss =  0.0 D.
 Elastic phase shift   7 =    2.862   1.154 deg. for the L =   13, J =   14.0 channel.
      12.0  0.95572275  0.09580915i: elastic S-matrix  @@      0.00  0   0 F  0
 Reaction Xsec    12.0-/13 @ 7 =   0.732 , Out:   0.000#   0.730/   0.953/   1.129/   3.815/   0.101/   0.725f

   S-matrix    8 =    0.98876   0.00377 for L=   15, J=   14.0 channel on core I =   2.0 from L=   15,  Acc. loss =  0.0 D.
 Elastic phase shift   8 =    0.109   0.324 deg. for the L =   15, J =   14.0 channel.
      12.0  0.98875897  0.00376837i: elastic S-matrix  @@      0.00  0   0 F  0
 Reaction Xsec    12.0-/15 @ 8 =   0.211 , Out:   0.000#   0.000#   0.038/   0.019/   0.000#   0.063/   0.211f


 Total SPIN, PARITY =    13.0 +,     30 chs,      0 cc.  Rmin & Coul turning =    1.0    5.8
   S-matrix    1 =    0.70552   0.31209 for L=   10, J=   11.0 channel on core I =   2.0 from L=   10,  Acc. loss =  0.0 D.
 Elastic phase shift   1 =   11.931   7.433 deg. for the L =   10, J =   11.0 channel.
      13.0  0.70551820  0.31209464i: elastic S-matrix  @@      0.00  0   0 F  0
 Reaction Xsec    13.0+/10 @ 1 =   4.132 , Out:   0.000#   0.000#   4.064/   1.186/   0.000#   0.013    4.114f

   S-matrix    2 =    0.93160   0.04713 for L=   12, J=   11.0 channel on core I =   2.0 from L=   12,  Acc. loss =  0.0 D.
 Elastic phase shift   2 =    1.448   1.993 deg. for the L =   12, J =   11.0 channel.
      13.0  0.93160412  0.04712806i: elastic S-matrix  @@      0.00  0   0 F  0
 Reaction Xsec    13.0+/12 @ 2 =   1.326 , Out:   0.000#   2.056/   1.727/   1.245/   0.010    0.417/   1.310f

   S-matrix    3 =    0.92549   0.09537 for L=   12, J=   12.0 channel on core I =   2.0 from L=   12,  Acc. loss =  0.0 D.
 Elastic phase shift   3 =    2.942   2.067 deg. for the L =   12, J =   12.0 channel.
      13.0  0.92549255  0.09536944i: elastic S-matrix  @@      0.00  0   0 F  0
 Reaction Xsec    13.0+/12 @ 3 =   1.372 , Out:   0.000#   1.061/   1.099/   1.077/   5.362/   1.120/   1.362f

   S-matrix    4 =    0.91561   0.14859 for L=   12, J=   13.0 channel on core I =   2.0 from L=   12,  Acc. loss =  0.0 D.
 Elastic phase shift   4 =    4.609   2.153 deg. for the L =   12, J =   13.0 channel.
      13.0  0.91560995  0.14859142i: elastic S-matrix  @@      0.00  0   0 F  0
 Reaction Xsec    13.0+/12 @ 4 =   1.425 , Out:   0.000#   1.253/   2.189/   0.594/   6.324/   1.037/   1.413f

   S-matrix    5 =    0.97941   0.01055 for L=   14, J=   13.0 channel on core I =   2.0 from L=   14,  Acc. loss =  0.0 D.
 Elastic phase shift   5 =    0.309   0.594 deg. for the L =   14, J =   13.0 channel.
      13.0  0.97940784  0.01055275i: elastic S-matrix  @@      0.00  0   0 F  0
 Reaction Xsec    13.0+/14 @ 5 =   0.415 , Out:   0.000#   0.109/   0.118/   0.064/   0.584/   0.131/   0.414f

   S-matrix    6 =    0.97844   0.03465 for L=   14, J=   14.0 channel on core I =   2.0 from L=   14,  Acc. loss =  0.0 D.
 Elastic phase shift   6 =    1.014   0.606 deg. for the L =   14, J =   14.0 channel.
      13.0  0.97844205  0.03464678i: elastic S-matrix  @@      0.00  0   0 F  0
 Reaction Xsec    13.0+/14 @ 6 =   0.423 , Out:   0.000#   0.129/   0.238/   0.257/   0.689/   0.121/   0.422f

   S-matrix    7 =    0.97671   0.06082 for L=   14, J=   15.0 channel on core I =   2.0 from L=   14,  Acc. loss =  0.0 D.
 Elastic phase shift   7 =    1.782   0.620 deg. for the L =   14, J =   15.0 channel.
      13.0  0.97670507  0.06082309i: elastic S-matrix  @@      0.00  0   0 F  0
 Reaction Xsec    13.0+/14 @ 7 =   0.432 , Out:   0.000#   0.261/   0.352/   0.438/   1.390/   0.036/   0.430f

   S-matrix    8 =    0.99388   0.00052 for L=   16, J=   15.0 channel on core I =   2.0 from L=   16,  Acc. loss =  0.0 D.
 Elastic phase shift   8 =    0.015   0.176 deg. for the L =   16, J =   15.0 channel.
      13.0  0.99387604  0.00052125i: elastic S-matrix  @@      0.00  0   0 F  0
 Reaction Xsec    13.0+/16 @ 8 =   0.125 , Out:   0.000#   0.000#   0.014/   6.768#   0.000#   0.022/   0.125f


 Total SPIN, PARITY =    13.0 -,     29 chs,      0 cc.  Rmin & Coul turning =    1.0    5.8
   S-matrix    1 =    0.86255   0.15106 for L=   11, J=   11.0 channel on core I =   2.0 from L=   11,  Acc. loss =  0.0 D.
 Elastic phase shift   1 =    4.967   3.803 deg. for the L =   11, J =   11.0 channel.
      13.0  0.86254809  0.15106075i: elastic S-matrix  @@      0.00  0   0 F  0
 Reaction Xsec    13.0-/11 @ 1 =   2.380 , Out:   0.000#   2.805/   3.307/   1.930/   0.013    3.230/   2.356f

   S-matrix    2 =    0.84018   0.22272 for L=   11, J=   12.0 channel on core I =   2.0 from L=   11,  Acc. loss =  0.0 D.
 Elastic phase shift   2 =    7.424   4.016 deg. for the L =   11, J =   12.0 channel.
      13.0  0.84017516  0.22272460i: elastic S-matrix  @@      0.00  0   0 F  0
 Reaction Xsec    13.0-/11 @ 2 =   2.496 , Out:   0.000#   1.835/   0.043/   2.260/   8.749/   4.020/   2.479f

   S-matrix    3 =    0.96238   0.02363 for L=   13, J=   12.0 channel on core I =   2.0 from L=   13,  Acc. loss =  0.0 D.
 Elastic phase shift   3 =    0.703   1.090 deg. for the L =   13, J =   12.0 channel.
      13.0  0.96238126  0.02362867i: elastic S-matrix  @@      0.00  0   0 F  0
 Reaction Xsec    13.0-/13 @ 3 =   0.748 , Out:   0.000#   0.508/   0.828/   0.468/   2.656/   0.273/   0.743f

   S-matrix    4 =    0.95991   0.05807 for L=   13, J=   13.0 channel on core I =   2.0 from L=   13,  Acc. loss =  0.0 D.
 Elastic phase shift   4 =    1.731   1.120 deg. for the L =   13, J =   13.0 channel.
      13.0  0.95990831  0.05807266i: elastic S-matrix  @@      0.00  0   0 F  0
 Reaction Xsec    13.0-/13 @ 4 =   0.768 , Out:   0.000#   0.377/   0.563/   0.175/   1.968/   0.371/   0.764f

   S-matrix    5 =    0.95572   0.09581 for L=   13, J=   14.0 channel on core I =   2.0 from L=   13,  Acc. loss =  0.0 D.
 Elastic phase shift   5 =    2.862   1.154 deg. for the L =   13, J =   14.0 channel.
      13.0  0.95572275  0.09580915i: elastic S-matrix  @@      0.00  0   0 F  0
 Reaction Xsec    13.0-/13 @ 5 =   0.790 , Out:   0.000#   0.612/   1.352/   1.181/   3.197/   0.227/   0.784f

   S-matrix    6 =    0.98876   0.00377 for L=   15, J=   14.0 channel on core I =   2.0 from L=   15,  Acc. loss =  0.0 D.
 Elastic phase shift   6 =    0.109   0.324 deg. for the L =   15, J =   14.0 channel.
      13.0  0.98875897  0.00376837i: elastic S-matrix  @@      0.00  0   0 F  0
 Reaction Xsec    13.0-/15 @ 6 =   0.228 , Out:   0.000#   0.018/   0.727#   0.031/   0.095/   0.056/   0.228f

   S-matrix    7 =    0.98839   0.02043 for L=   15, J=   15.0 channel on core I =   2.0 from L=   15,  Acc. loss =  0.0 D.
 Elastic phase shift   7 =    0.592   0.328 deg. for the L =   15, J =   15.0 channel.
      13.0  0.98839209  0.02042930i: elastic S-matrix  @@      0.00  0   0 F  0
 Reaction Xsec    13.0-/15 @ 7 =   0.231 , Out:   0.000#   0.044/   0.077/   0.083/   0.236/   0.039/   0.231f


 Total SPIN, PARITY =    14.0 +,     29 chs,      0 cc.  Rmin & Coul turning =    1.1    6.2
   S-matrix    1 =    0.92549   0.09537 for L=   12, J=   12.0 channel on core I =   2.0 from L=   12,  Acc. loss =  0.0 D.
 Elastic phase shift   1 =    2.942   2.067 deg. for the L =   12, J =   12.0 channel.
      14.0  0.92549255  0.09536944i: elastic S-matrix  @@      0.00  0   0 F  0
 Reaction Xsec    14.0+/12 @ 1 =   1.473 , Out:   0.000#   1.087/   1.243/   0.738/   5.492/   1.238/   1.463f

   S-matrix    2 =    0.91561   0.14859 for L=   12, J=   13.0 channel on core I =   2.0 from L=   12,  Acc. loss =  0.0 D.
 Elastic phase shift   2 =    4.609   2.153 deg. for the L =   12, J =   13.0 channel.
      14.0  0.91560995  0.14859142i: elastic S-matrix  @@      0.00  0   0 F  0
 Reaction Xsec    14.0+/12 @ 2 =   1.530 , Out:   0.000#   0.696/   0.014/   0.875/   3.513/   1.547/   1.524f

   S-matrix    3 =    0.97941   0.01055 for L=   14, J=   13.0 channel on core I =   2.0 from L=   14,  Acc. loss =  0.0 D.
 Elastic phase shift   3 =    0.309   0.594 deg. for the L =   14, J =   13.0 channel.
      14.0  0.97940784  0.01055275i: elastic S-matrix  @@      0.00  0   0 F  0
 Reaction Xsec    14.0+/14 @ 3 =   0.446 , Out:   0.000#   0.183/   0.302/   0.166/   0.978/   0.097/   0.444f

   S-matrix    4 =    0.97844   0.03465 for L=   14, J=   14.0 channel on core I =   2.0 from L=   14,  Acc. loss =  0.0 D.
 Elastic phase shift   4 =    1.014   0.606 deg. for the L =   14, J =   14.0 channel.
      14.0  0.97844205  0.03464678i: elastic S-matrix  @@      0.00  0   0 F  0
 Reaction Xsec    14.0+/14 @ 4 =   0.454 , Out:   0.000#   0.134/   0.204/   0.063/   0.717/   0.133/   0.453f

   S-matrix    5 =    0.97671   0.06082 for L=   14, J=   15.0 channel on core I =   2.0 from L=   14,  Acc. loss =  0.0 D.
 Elastic phase shift   5 =    1.782   0.620 deg. for the L =   14, J =   15.0 channel.
      14.0  0.97670507  0.06082309i: elastic S-matrix  @@      0.00  0   0 F  0
 Reaction Xsec    14.0+/14 @ 5 =   0.464 , Out:   0.000#   0.217/   0.491/   0.450/   1.156/   0.081/   0.462f

   S-matrix    6 =    0.99388   0.00052 for L=   16, J=   15.0 channel on core I =   2.0 from L=   16,  Acc. loss =  0.0 D.
 Elastic phase shift   6 =    0.015   0.176 deg. for the L =   16, J =   15.0 channel.
      14.0  0.99387604  0.00052125i: elastic S-matrix  @@      0.00  0   0 F  0
 Reaction Xsec    14.0+/16 @ 6 =   0.134 , Out:   0.000#   6.272#   0.227#   0.011/   0.034/   0.020/   0.134f

   S-matrix    7 =    0.99374   0.01196 for L=   16, J=   16.0 channel on core I =   2.0 from L=   16,  Acc. loss =  0.0 D.
 Elastic phase shift   7 =    0.345   0.178 deg. for the L =   16, J =   16.0 channel.
      14.0  0.99374022  0.01196084i: elastic S-matrix  @@      0.00  0   0 F  0
 Reaction Xsec    14.0+/16 @ 7 =   0.135 , Out:   0.000#   0.015/   0.027/   0.030/   0.084/   0.014/   0.135f


 Total SPIN, PARITY =    14.0 -,     30 chs,      0 cc.  Rmin & Coul turning =    1.1    6.2
   S-matrix    1 =    0.84018   0.22272 for L=   11, J=   12.0 channel on core I =   2.0 from L=   11,  Acc. loss =  0.0 D.
 Elastic phase shift   1 =    7.424   4.016 deg. for the L =   11, J =   12.0 channel.
      14.0  0.84017516  0.22272460i: elastic S-matrix  @@      0.00  0   0 F  0
 Reaction Xsec    14.0-/11 @ 1 =   2.681 , Out:   0.000#   0.000#   1.679/   0.494/   0.000#   5.631/   2.673f

   S-matrix    2 =    0.96238   0.02363 for L=   13, J=   12.0 channel on core I =   2.0 from L=   13,  Acc. loss =  0.0 D.
 Elastic phase shift   2 =    0.703   1.090 deg. for the L =   13, J =   12.0 channel.
      14.0  0.96238126  0.02362867i: elastic S-matrix  @@      0.00  0   0 F  0
 Reaction Xsec    14.0-/13 @ 2 =   0.803 , Out:   0.000#   0.758/   0.624/   0.453/   3.962/   0.152/   0.797f

   S-matrix    3 =    0.95991   0.05807 for L=   13, J=   13.0 channel on core I =   2.0 from L=   13,  Acc. loss =  0.0 D.
 Elastic phase shift   3 =    1.731   1.120 deg. for the L =   13, J =   13.0 channel.
      14.0  0.95990831  0.05807266i: elastic S-matrix  @@      0.00  0   0 F  0
 Reaction Xsec    14.0-/13 @ 3 =   0.825 , Out:   0.000#   0.389/   0.413/   0.392/   2.033/   0.409/   0.821f

   S-matrix    4 =    0.95572   0.09581 for L=   13, J=   14.0 channel on core I =   2.0 from L=   13,  Acc. loss =  0.0 D.
 Elastic phase shift   4 =    2.862   1.154 deg. for the L =   13, J =   14.0 channel.
      14.0  0.95572275  0.09580915i: elastic S-matrix  @@      0.00  0   0 F  0
 Reaction Xsec    14.0-/13 @ 4 =   0.849 , Out:   0.000#   0.453/   0.823/   0.208/   2.365/   0.380/   0.845f

   S-matrix    5 =    0.98876   0.00377 for L=   15, J=   14.0 channel on core I =   2.0 from L=   15,  Acc. loss =  0.0 D.
 Elastic phase shift   5 =    0.109   0.324 deg. for the L =   15, J =   14.0 channel.
      14.0  0.98875897  0.00376837i: elastic S-matrix  @@      0.00  0   0 F  0
 Reaction Xsec    14.0-/15 @ 5 =   0.245 , Out:   0.000#   0.039/   0.043/   0.024/   0.211/   0.046/   0.245f

   S-matrix    6 =    0.98839   0.02043 for L=   15, J=   15.0 channel on core I =   2.0 from L=   15,  Acc. loss =  0.0 D.
 Elastic phase shift   6 =    0.592   0.328 deg. for the L =   15, J =   15.0 channel.
      14.0  0.98839209  0.02042930i: elastic S-matrix  @@      0.00  0   0 F  0
 Reaction Xsec    14.0-/15 @ 6 =   0.248 , Out:   0.000#   0.046/   0.085/   0.093/   0.246/   0.043/   0.248f

   S-matrix    7 =    0.98768   0.03839 for L=   15, J=   16.0 channel on core I =   2.0 from L=   15,  Acc. loss =  0.0 D.
 Elastic phase shift   7 =    1.113   0.334 deg. for the L =   15, J =   16.0 channel.
      14.0  0.98767794  0.03838887i: elastic S-matrix  @@      0.00  0   0 F  0
 Reaction Xsec    14.0-/15 @ 7 =   0.252 , Out:   0.000#   0.092/   0.126/   0.160/   0.495/   0.013/   0.251f

   S-matrix    8 =    0.99667  -0.00085 for L=   17, J=   16.0 channel on core I =   2.0 from L=   17,  Acc. loss =  0.0 D.
 Elastic phase shift   8 =   -0.024   0.096 deg. for the L =   17, J =   16.0 channel.
      14.0  0.99666960 -0.00084698i: elastic S-matrix  @@      0.00  0   0 F  0
 Reaction Xsec    14.0-/17 @ 8 =   0.073 , Out:   0.000#   0.000#   4.755#   2.415#   0.000#   7.862#   0.073f


 Total SPIN, PARITY =    15.0 +,     30 chs,      0 cc.  Rmin & Coul turning =    1.2    6.6
   S-matrix    1 =    0.91561   0.14859 for L=   12, J=   13.0 channel on core I =   2.0 from L=   12,  Acc. loss =  0.0 D.
 Elastic phase shift   1 =    4.609   2.153 deg. for the L =   12, J =   13.0 channel.
      15.0  0.91560995  0.14859142i: elastic S-matrix  @@      0.00  0   0 F  0
 Reaction Xsec    15.0+/12 @ 1 =   1.636 , Out:   0.000#   0.000#   0.632/   0.188/   0.000#   2.150/   1.633f

   S-matrix    2 =    0.97941   0.01055 for L=   14, J=   13.0 channel on core I =   2.0 from L=   14,  Acc. loss =  0.0 D.
 Elastic phase shift   2 =    0.309   0.594 deg. for the L =   14, J =   13.0 channel.
      15.0  0.97940784  0.01055275i: elastic S-matrix  @@      0.00  0   0 F  0
 Reaction Xsec    15.0+/14 @ 2 =   0.476 , Out:   0.000#   0.271/   0.221/   0.161/   1.447/   0.054/   0.474f

   S-matrix    3 =    0.97844   0.03465 for L=   14, J=   14.0 channel on core I =   2.0 from L=   14,  Acc. loss =  0.0 D.
 Elastic phase shift   3 =    1.014   0.606 deg. for the L =   14, J =   14.0 channel.
      15.0  0.97844205  0.03464678i: elastic S-matrix  @@      0.00  0   0 F  0
 Reaction Xsec    15.0+/14 @ 3 =   0.486 , Out:   0.000#   0.139/   0.150/   0.138/   0.739/   0.145/   0.484f

   S-matrix    4 =    0.97671   0.06082 for L=   14, J=   15.0 channel on core I =   2.0 from L=   14,  Acc. loss =  0.0 D.
 Elastic phase shift   4 =    1.782   0.620 deg. for the L =   14, J =   15.0 channel.
      15.0  0.97670507  0.06082309i: elastic S-matrix  @@      0.00  0   0 F  0
 Reaction Xsec    15.0+/14 @ 4 =   0.496 , Out:   0.000#   0.159/   0.295/   0.070/   0.849/   0.135/   0.495f

   S-matrix    5 =    0.99388   0.00052 for L=   16, J=   15.0 channel on core I =   2.0 from L=   16,  Acc. loss =  0.0 D.
 Elastic phase shift   5 =    0.015   0.176 deg. for the L =   16, J =   15.0 channel.
      15.0  0.99387604  0.00052125i: elastic S-matrix  @@      0.00  0   0 F  0
 Reaction Xsec    15.0+/16 @ 5 =   0.143 , Out:   0.000#   0.014/   0.015/   8.745#   0.076/   0.016/   0.143f

   S-matrix    6 =    0.99374   0.01196 for L=   16, J=   16.0 channel on core I =   2.0 from L=   16,  Acc. loss =  0.0 D.
 Elastic phase shift   6 =    0.345   0.178 deg. for the L =   16, J =   16.0 channel.
      15.0  0.99374022  0.01196084i: elastic S-matrix  @@      0.00  0   0 F  0
 Reaction Xsec    15.0+/16 @ 6 =   0.145 , Out:   0.000#   0.016/   0.030/   0.032/   0.087/   0.015/   0.144f

   S-matrix    7 =    0.99345   0.02421 for L=   16, J=   17.0 channel on core I =   2.0 from L=   16,  Acc. loss =  0.0 D.
 Elastic phase shift   7 =    0.698   0.180 deg. for the L =   16, J =   17.0 channel.
      15.0  0.99344767  0.02420930i: elastic S-matrix  @@      0.00  0   0 F  0
 Reaction Xsec    15.0+/16 @ 7 =   0.146 , Out:   0.000#   0.032/   0.044/   0.057/   0.174/   4.580#   0.146f

   S-matrix    8 =    0.99819  -0.00128 for L=   18, J=   17.0 channel on core I =   2.0 from L=   18,  Acc. loss =  0.0 D.
 Elastic phase shift   8 =   -0.037   0.052 deg. for the L =   18, J =   17.0 channel.
      15.0  0.99819177 -0.00127527i: elastic S-matrix  @@      0.00  0   0 F  0
 Reaction Xsec    15.0+/18 @ 8 =   0.042 , Out:   0.000#   0.000#   1.665#   0.853#   0.000#   2.765#   0.042f


 Total SPIN, PARITY =    15.0 -,     29 chs,      0 cc.  Rmin & Coul turning =    1.2    6.6
   S-matrix    1 =    0.95991   0.05807 for L=   13, J=   13.0 channel on core I =   2.0 from L=   13,  Acc. loss =  0.0 D.
 Elastic phase shift   1 =    1.731   1.120 deg. for the L =   13, J =   13.0 channel.
      15.0  0.95990831  0.05807266i: elastic S-matrix  @@      0.00  0   0 F  0
 Reaction Xsec    15.0-/13 @ 1 =   0.881 , Out:   0.000#   0.398/   0.447/   0.268/   2.081/   0.449/   0.878f

   S-matrix    2 =    0.95572   0.09581 for L=   13, J=   14.0 channel on core I =   2.0 from L=   13,  Acc. loss =  0.0 D.
 Elastic phase shift   2 =    2.862   1.154 deg. for the L =   13, J =   14.0 channel.
      15.0  0.95572275  0.09580915i: elastic S-matrix  @@      0.00  0   0 F  0
 Reaction Xsec    15.0-/13 @ 2 =   0.907 , Out:   0.000#   0.250/   4.349#   0.314/   1.305/   0.562/   0.905f

   S-matrix    3 =    0.98876   0.00377 for L=   15, J=   14.0 channel on core I =   2.0 from L=   15,  Acc. loss =  0.0 D.
 Elastic phase shift   3 =    0.109   0.324 deg. for the L =   15, J =   14.0 channel.
      15.0  0.98875897  0.00376837i: elastic S-matrix  @@      0.00  0   0 F  0
 Reaction Xsec    15.0-/15 @ 3 =   0.262 , Out:   0.000#   0.065/   0.108/   0.058/   0.352/   0.034/   0.261f

   S-matrix    4 =    0.98839   0.02043 for L=   15, J=   15.0 channel on core I =   2.0 from L=   15,  Acc. loss =  0.0 D.
 Elastic phase shift   4 =    0.592   0.328 deg. for the L =   15, J =   15.0 channel.
      15.0  0.98839209  0.02042930i: elastic S-matrix  @@      0.00  0   0 F  0
 Reaction Xsec    15.0-/15 @ 4 =   0.266 , Out:   0.000#   0.047/   0.072/   0.022/   0.255/   0.047/   0.265f

   S-matrix    5 =    0.98768   0.03839 for L=   15, J=   16.0 channel on core I =   2.0 from L=   15,  Acc. loss =  0.0 D.
 Elastic phase shift   5 =    1.113   0.334 deg. for the L =   15, J =   16.0 channel.
      15.0  0.98767794  0.03838887i: elastic S-matrix  @@      0.00  0   0 F  0
 Reaction Xsec    15.0-/15 @ 5 =   0.270 , Out:   0.000#   0.076/   0.174/   0.162/   0.409/   0.029/   0.269f

   S-matrix    6 =    0.99667  -0.00085 for L=   17, J=   16.0 channel on core I =   2.0 from L=   17,  Acc. loss =  0.0 D.
 Elastic phase shift   6 =   -0.024   0.096 deg. for the L =   17, J =   16.0 channel.
      15.0  0.99666960 -0.00084698i: elastic S-matrix  @@      0.00  0   0 F  0
 Reaction Xsec    15.0-/17 @ 6 =   0.078 , Out:   0.000#   2.225#   0.070#   3.628#   0.012/   6.921#   0.078f

   S-matrix    7 =    0.99662   0.00697 for L=   17, J=   17.0 channel on core I =   2.0 from L=   17,  Acc. loss =  0.0 D.
 Elastic phase shift   7 =    0.200   0.096 deg. for the L =   17, J =   17.0 channel.
      15.0  0.99662071  0.00697029i: elastic S-matrix  @@      0.00  0   0 F  0
 Reaction Xsec    15.0-/17 @ 7 =   0.079 , Out:   0.000#   5.369#   9.568#   0.010/   0.029/   4.872#   0.078f


 Total SPIN, PARITY =    16.0 +,     29 chs,      0 cc.  Rmin & Coul turning =    1.2    7.0
   S-matrix    1 =    0.97844   0.03465 for L=   14, J=   14.0 channel on core I =   2.0 from L=   14,  Acc. loss =  0.0 D.
 Elastic phase shift   1 =    1.014   0.606 deg. for the L =   14, J =   14.0 channel.
      16.0  0.97844205  0.03464678i: elastic S-matrix  @@      0.00  0   0 F  0
 Reaction Xsec    16.0+/14 @ 1 =   0.517 , Out:   0.000#   0.142/   0.157/   0.095/   0.756/   0.159/   0.516f

   S-matrix    2 =    0.97671   0.06082 for L=   14, J=   15.0 channel on core I =   2.0 from L=   14,  Acc. loss =  0.0 D.
 Elastic phase shift   2 =    1.782   0.620 deg. for the L =   14, J =   15.0 channel.
      16.0  0.97670507  0.06082309i: elastic S-matrix  @@      0.00  0   0 F  0
 Reaction Xsec    16.0+/14 @ 2 =   0.528 , Out:   0.000#   0.087/   1.335#   0.109/   0.466/   0.199/   0.527f

   S-matrix    3 =    0.99388   0.00052 for L=   16, J=   15.0 channel on core I =   2.0 from L=   16,  Acc. loss =  0.0 D.
 Elastic phase shift   3 =    0.015   0.176 deg. for the L =   16, J =   15.0 channel.
      16.0  0.99387604  0.00052125i: elastic S-matrix  @@      0.00  0   0 F  0
 Reaction Xsec    16.0+/16 @ 3 =   0.152 , Out:   0.000#   0.023/   0.038/   0.020/   0.125/   0.012/   0.152f

   S-matrix    4 =    0.99374   0.01196 for L=   16, J=   16.0 channel on core I =   2.0 from L=   16,  Acc. loss =  0.0 D.
 Elastic phase shift   4 =    0.345   0.178 deg. for the L =   16, J =   16.0 channel.
      16.0  0.99374022  0.01196084i: elastic S-matrix  @@      0.00  0   0 F  0
 Reaction Xsec    16.0+/16 @ 4 =   0.154 , Out:   0.000#   0.017/   0.025/   7.814#   0.090/   0.016/   0.154f

   S-matrix    5 =    0.99345   0.02421 for L=   16, J=   17.0 channel on core I =   2.0 from L=   16,  Acc. loss =  0.0 D.
 Elastic phase shift   5 =    0.698   0.180 deg. for the L =   16, J =   17.0 channel.
      16.0  0.99344767  0.02420930i: elastic S-matrix  @@      0.00  0   0 F  0
 Reaction Xsec    16.0+/16 @ 5 =   0.156 , Out:   0.000#   0.026/   0.060/   0.057/   0.143/   0.010/   0.155f

   S-matrix    6 =    0.99819  -0.00128 for L=   18, J=   17.0 channel on core I =   2.0 from L=   18,  Acc. loss =  0.0 D.
 Elastic phase shift   6 =   -0.037   0.052 deg. for the L =   18, J =   17.0 channel.
      16.0  0.99819177 -0.00127527i: elastic S-matrix  @@      0.00  0   0 F  0
 Reaction Xsec    16.0+/18 @ 6 =   0.045 , Out:   0.000#   0.785#   0.022#   1.243#   4.323#   2.420#   0.045f

   S-matrix    7 =    0.99817   0.00405 for L=   18, J=   18.0 channel on core I =   2.0 from L=   18,  Acc. loss =  0.0 D.
 Elastic phase shift   7 =    0.116   0.052 deg. for the L =   18, J =   18.0 channel.
      16.0  0.99817477  0.00404830i: elastic S-matrix  @@      0.00  0   0 F  0
 Reaction Xsec    16.0+/18 @ 7 =   0.045 , Out:   0.000#   1.872#   3.343#   3.660#   0.010/   1.708#   0.045f


 Total SPIN, PARITY =    16.0 -,     30 chs,      0 cc.  Rmin & Coul turning =    1.2    7.0
   S-matrix    1 =    0.95572   0.09581 for L=   13, J=   14.0 channel on core I =   2.0 from L=   13,  Acc. loss =  0.0 D.
 Elastic phase shift   1 =    2.862   1.154 deg. for the L =   13, J =   14.0 channel.
      16.0  0.95572275  0.09580915i: elastic S-matrix  @@      0.00  0   0 F  0
 Reaction Xsec    16.0-/13 @ 1 =   0.966 , Out:   0.000#   0.000#   0.227/   0.067/   0.000#   0.776/   0.965f

   S-matrix    2 =    0.98876   0.00377 for L=   15, J=   14.0 channel on core I =   2.0 from L=   15,  Acc. loss =  0.0 D.
 Elastic phase shift   2 =    0.109   0.324 deg. for the L =   15, J =   14.0 channel.
      16.0  0.98875897  0.00376837i: elastic S-matrix  @@      0.00  0   0 F  0
 Reaction Xsec    16.0-/15 @ 2 =   0.279 , Out:   0.000#   0.096/   0.077/   0.056/   0.517/   0.019/   0.278f

   S-matrix    3 =    0.98839   0.02043 for L=   15, J=   15.0 channel on core I =   2.0 from L=   15,  Acc. loss =  0.0 D.
 Elastic phase shift   3 =    0.592   0.328 deg. for the L =   15, J =   15.0 channel.
      16.0  0.98839209  0.02042930i: elastic S-matrix  @@      0.00  0   0 F  0
 Reaction Xsec    16.0-/15 @ 3 =   0.283 , Out:   0.000#   0.049/   0.053/   0.048/   0.263/   0.051/   0.282f

   S-matrix    4 =    0.98768   0.03839 for L=   15, J=   16.0 channel on core I =   2.0 from L=   15,  Acc. loss =  0.0 D.
 Elastic phase shift   4 =    1.113   0.334 deg. for the L =   15, J =   16.0 channel.
      16.0  0.98767794  0.03838887i: elastic S-matrix  @@      0.00  0   0 F  0
 Reaction Xsec    16.0-/15 @ 4 =   0.287 , Out:   0.000#   0.055/   0.103/   0.024/   0.299/   0.047/   0.287f

   S-matrix    5 =    0.99667  -0.00085 for L=   17, J=   16.0 channel on core I =   2.0 from L=   17,  Acc. loss =  0.0 D.
 Elastic phase shift   5 =   -0.024   0.096 deg. for the L =   17, J =   16.0 channel.
      16.0  0.99666960 -0.00084698i: elastic S-matrix  @@      0.00  0   0 F  0
 Reaction Xsec    16.0-/17 @ 5 =   0.083 , Out:   0.000#   4.894#   5.432#   3.121#   0.027/   5.684#   0.083f

   S-matrix    6 =    0.99662   0.00697 for L=   17, J=   17.0 channel on core I =   2.0 from L=   17,  Acc. loss =  0.0 D.
 Elastic phase shift   6 =    0.200   0.096 deg. for the L =   17, J =   17.0 channel.
      16.0  0.99662071  0.00697029i: elastic S-matrix  @@      0.00  0   0 F  0
 Reaction Xsec    16.0-/17 @ 6 =   0.084 , Out:   0.000#   5.575#   0.010/   0.011/   0.031/   5.281#   0.084f

   S-matrix    7 =    0.99650   0.01529 for L=   17, J=   18.0 channel on core I =   2.0 from L=   17,  Acc. loss =  0.0 D.
 Elastic phase shift   7 =    0.440   0.097 deg. for the L =   17, J =   18.0 channel.
      16.0  0.99650096  0.01529324i: elastic S-matrix  @@      0.00  0   0 F  0
 Reaction Xsec    16.0-/17 @ 7 =   0.084 , Out:   0.000#   0.011/   0.015/   0.020/   0.061/   1.609#   0.084f

   S-matrix    8 =    0.99902  -0.00127 for L=   19, J=   18.0 channel on core I =   2.0 from L=   19,  Acc. loss =  0.0 D.
 Elastic phase shift   8 =   -0.036   0.028 deg. for the L =   19, J =   18.0 channel.
      16.0  0.99901970 -0.00127096i: elastic S-matrix  @@      0.00  0   0 F  0
 Reaction Xsec    16.0-/19 @ 8 =   0.024 , Out:   0.000#   0.000#   0.581#   0.300#   0.000#   0.968#   0.024f


 Total SPIN, PARITY =    17.0 +,     30 chs,      0 cc.  Rmin & Coul turning =    1.4    7.5
   S-matrix    1 =    0.97671   0.06082 for L=   14, J=   15.0 channel on core I =   2.0 from L=   14,  Acc. loss =  0.0 D.
 Elastic phase shift   1 =    1.782   0.620 deg. for the L =   14, J =   15.0 channel.
      17.0  0.97670507  0.06082309i: elastic S-matrix  @@      0.00  0   0 F  0
 Reaction Xsec    17.0+/14 @ 1 =   0.560 , Out:   0.000#   0.000#   0.080/   0.024/   0.000#   0.272/   0.560f

   S-matrix    2 =    0.99388   0.00052 for L=   16, J=   15.0 channel on core I =   2.0 from L=   16,  Acc. loss =  0.0 D.
 Elastic phase shift   2 =    0.015   0.176 deg. for the L =   16, J =   15.0 channel.
      17.0  0.99387604  0.00052125i: elastic S-matrix  @@      0.00  0   0 F  0
 Reaction Xsec    17.0+/16 @ 2 =   0.162 , Out:   0.000#   0.034/   0.027/   0.019/   0.182/   6.489#   0.161f

   S-matrix    3 =    0.99374   0.01196 for L=   16, J=   16.0 channel on core I =   2.0 from L=   16,  Acc. loss =  0.0 D.
 Elastic phase shift   3 =    0.345   0.178 deg. for the L =   16, J =   16.0 channel.
      17.0  0.99374022  0.01196084i: elastic S-matrix  @@      0.00  0   0 F  0
 Reaction Xsec    17.0+/16 @ 3 =   0.163 , Out:   0.000#   0.017/   0.019/   0.016/   0.092/   0.018/   0.163f

   S-matrix    4 =    0.99345   0.02421 for L=   16, J=   17.0 channel on core I =   2.0 from L=   16,  Acc. loss =  0.0 D.
 Elastic phase shift   4 =    0.698   0.180 deg. for the L =   16, J =   17.0 channel.
      17.0  0.99344767  0.02420930i: elastic S-matrix  @@      0.00  0   0 F  0
 Reaction Xsec    17.0+/16 @ 4 =   0.165 , Out:   0.000#   0.019/   0.036/   7.870#   0.104/   0.017/   0.165f

   S-matrix    5 =    0.99819  -0.00128 for L=   18, J=   17.0 channel on core I =   2.0 from L=   18,  Acc. loss =  0.0 D.
 Elastic phase shift   5 =   -0.037   0.052 deg. for the L =   18, J =   17.0 channel.
      17.0  0.99819177 -0.00127527i: elastic S-matrix  @@      0.00  0   0 F  0
 Reaction Xsec    17.0+/18 @ 5 =   0.048 , Out:   0.000#   1.717#   1.913#   1.104#   9.457#   1.977#   0.048f

   S-matrix    6 =    0.99817   0.00405 for L=   18, J=   18.0 channel on core I =   2.0 from L=   18,  Acc. loss =  0.0 D.
 Elastic phase shift   6 =    0.116   0.052 deg. for the L =   18, J =   18.0 channel.
      17.0  0.99817477  0.00404830i: elastic S-matrix  @@      0.00  0   0 F  0
 Reaction Xsec    17.0+/18 @ 6 =   0.048 , Out:   0.000#   1.939#   3.543#   3.878#   0.011/   1.842#   0.048f

   S-matrix    7 =    0.99813   0.00969 for L=   18, J=   19.0 channel on core I =   2.0 from L=   18,  Acc. loss =  0.0 D.
 Elastic phase shift   7 =    0.278   0.052 deg. for the L =   18, J =   19.0 channel.
      17.0  0.99812570  0.00968967i: elastic S-matrix  @@      0.00  0   0 F  0
 Reaction Xsec    17.0+/18 @ 7 =   0.048 , Out:   0.000#   3.878#   5.371#   6.847#   0.021/   0.563#   0.048f

   S-matrix    8 =    0.99947  -0.00110 for L=   20, J=   19.0 channel on core I =   2.0 from L=   20,  Acc. loss =  0.0 D.
 Elastic phase shift   8 =   -0.031   0.015 deg. for the L =   20, J =   19.0 channel.
      17.0  0.99946929 -0.00109578i: elastic S-matrix  @@      0.00  0   0 F  0
 Reaction Xsec    17.0+/20 @ 8 =   0.014 , Out:   0.000#   0.000#   0.202#   0.105#   0.000#   0.337#   0.014f


 Total SPIN, PARITY =    17.0 -,     29 chs,      0 cc.  Rmin & Coul turning =    1.4    7.5
   S-matrix    1 =    0.98839   0.02043 for L=   15, J=   15.0 channel on core I =   2.0 from L=   15,  Acc. loss =  0.0 D.
 Elastic phase shift   1 =    0.592   0.328 deg. for the L =   15, J =   15.0 channel.
      17.0  0.98839209  0.02042930i: elastic S-matrix  @@      0.00  0   0 F  0
 Reaction Xsec    17.0-/15 @ 1 =   0.300 , Out:   0.000#   0.050/   0.055/   0.033/   0.269/   0.055/   0.299f

   S-matrix    2 =    0.98768   0.03839 for L=   15, J=   16.0 channel on core I =   2.0 from L=   15,  Acc. loss =  0.0 D.
 Elastic phase shift   2 =    1.113   0.334 deg. for the L =   15, J =   16.0 channel.
      17.0  0.98767794  0.03838887i: elastic S-matrix  @@      0.00  0   0 F  0
 Reaction Xsec    17.0-/15 @ 2 =   0.305 , Out:   0.000#   0.030/   0.409#   0.037/   0.163/   0.069/   0.304f

   S-matrix    3 =    0.99667  -0.00085 for L=   17, J=   16.0 channel on core I =   2.0 from L=   17,  Acc. loss =  0.0 D.
 Elastic phase shift   3 =   -0.024   0.096 deg. for the L =   17, J =   16.0 channel.
      17.0  0.99666960 -0.00084698i: elastic S-matrix  @@      0.00  0   0 F  0
 Reaction Xsec    17.0-/17 @ 3 =   0.088 , Out:   0.000#   8.037#   0.013/   6.917#   0.044/   4.130#   0.088f

   S-matrix    4 =    0.99662   0.00697 for L=   17, J=   17.0 channel on core I =   2.0 from L=   17,  Acc. loss =  0.0 D.
 Elastic phase shift   4 =    0.200   0.096 deg. for the L =   17, J =   17.0 channel.
      17.0  0.99662071  0.00697029i: elastic S-matrix  @@      0.00  0   0 F  0
 Reaction Xsec    17.0-/17 @ 4 =   0.089 , Out:   0.000#   5.754#   8.735#   2.706#   0.032/   5.707#   0.089f

   S-matrix    5 =    0.99650   0.01529 for L=   17, J=   18.0 channel on core I =   2.0 from L=   17,  Acc. loss =  0.0 D.
 Elastic phase shift   5 =    0.440   0.097 deg. for the L =   17, J =   18.0 channel.
      17.0  0.99650096  0.01529324i: elastic S-matrix  @@      0.00  0   0 F  0
 Reaction Xsec    17.0-/17 @ 5 =   0.089 , Out:   0.000#   9.120#   0.021/   0.020/   0.050/   3.520#   0.089f

   S-matrix    6 =    0.99902  -0.00127 for L=   19, J=   18.0 channel on core I =   2.0 from L=   19,  Acc. loss =  0.0 D.
 Elastic phase shift   6 =   -0.036   0.028 deg. for the L =   19, J =   18.0 channel.
      17.0  0.99901970 -0.00127096i: elastic S-matrix  @@      0.00  0   0 F  0
 Reaction Xsec    17.0-/19 @ 6 =   0.026 , Out:   0.000#   0.276#   0.007#   0.426#   1.527#   0.843#   0.026f

   S-matrix    7 =    0.99901   0.00234 for L=   19, J=   19.0 channel on core I =   2.0 from L=   19,  Acc. loss =  0.0 D.
 Elastic phase shift   7 =    0.067   0.028 deg. for the L =   19, J =   19.0 channel.
      17.0  0.99901408  0.00234480i: elastic S-matrix  @@      0.00  0   0 F  0
 Reaction Xsec    17.0-/19 @ 7 =   0.026 , Out:   0.000#   0.651#   1.165#   1.277#   3.604#   0.596#   0.026f


 Total SPIN, PARITY =    18.0 +,     29 chs,      0 cc.  Rmin & Coul turning =    1.4    7.9
   S-matrix    1 =    0.99374   0.01196 for L=   16, J=   16.0 channel on core I =   2.0 from L=   16,  Acc. loss =  0.0 D.
 Elastic phase shift   1 =    0.345   0.178 deg. for the L =   16, J =   16.0 channel.
      18.0  0.99374022  0.01196084i: elastic S-matrix  @@      0.00  0   0 F  0
 Reaction Xsec    18.0+/16 @ 1 =   0.173 , Out:   0.000#   0.017/   0.019/   0.011/   0.094/   0.019/   0.172f

   S-matrix    2 =    0.99345   0.02421 for L=   16, J=   17.0 channel on core I =   2.0 from L=   16,  Acc. loss =  0.0 D.
 Elastic phase shift   2 =    0.698   0.180 deg. for the L =   16, J =   17.0 channel.
      18.0  0.99344767  0.02420930i: elastic S-matrix  @@      0.00  0   0 F  0
 Reaction Xsec    18.0+/16 @ 2 =   0.175 , Out:   0.000#   0.010/   0.126#   0.012/   0.056/   0.024/   0.174f

   S-matrix    3 =    0.99819  -0.00128 for L=   18, J=   17.0 channel on core I =   2.0 from L=   18,  Acc. loss =  0.0 D.
 Elastic phase shift   3 =   -0.037   0.052 deg. for the L =   18, J =   17.0 channel.
      18.0  0.99819177 -0.00127527i: elastic S-matrix  @@      0.00  0   0 F  0
 Reaction Xsec    18.0+/18 @ 3 =   0.051 , Out:   0.000#   2.805#   4.620#   2.387#   0.015/   1.430#   0.050f

   S-matrix    4 =    0.99817   0.00405 for L=   18, J=   18.0 channel on core I =   2.0 from L=   18,  Acc. loss =  0.0 D.
 Elastic phase shift   4 =    0.116   0.052 deg. for the L =   18, J =   18.0 channel.
      18.0  0.99817477  0.00404830i: elastic S-matrix  @@      0.00  0   0 F  0
 Reaction Xsec    18.0+/18 @ 4 =   0.051 , Out:   0.000#   1.997#   3.016#   0.936#   0.011/   1.983#   0.051f

   S-matrix    5 =    0.99813   0.00969 for L=   18, J=   19.0 channel on core I =   2.0 from L=   18,  Acc. loss =  0.0 D.
 Elastic phase shift   5 =    0.278   0.052 deg. for the L =   18, J =   19.0 channel.
      18.0  0.99812570  0.00968967i: elastic S-matrix  @@      0.00  0   0 F  0
 Reaction Xsec    18.0+/18 @ 5 =   0.051 , Out:   0.000#   3.153#   7.196#   6.722#   0.017/   1.226#   0.051f

   S-matrix    6 =    0.99947  -0.00110 for L=   20, J=   19.0 channel on core I =   2.0 from L=   20,  Acc. loss =  0.0 D.
 Elastic phase shift   6 =   -0.031   0.015 deg. for the L =   20, J =   19.0 channel.
      18.0  0.99946929 -0.00109578i: elastic S-matrix  @@      0.00  0   0 F  0
 Reaction Xsec    18.0+/20 @ 6 =   0.015 , Out:   0.000#   0.096#   0.002#   0.146#   0.537#   0.292#   0.015f

   S-matrix    7 =    0.99947   0.00135 for L=   20, J=   20.0 channel on core I =   2.0 from L=   20,  Acc. loss =  0.0 D.
 Elastic phase shift   7 =    0.039   0.015 deg. for the L =   20, J =   20.0 channel.
      18.0  0.99946757  0.00135482i: elastic S-matrix  @@      0.00  0   0 F  0
 Reaction Xsec    18.0+/20 @ 7 =   0.015 , Out:   0.000#   0.225#   0.405#   0.445#   1.255#   0.207#   0.015f


 Total SPIN, PARITY =    18.0 -,     30 chs,      0 cc.  Rmin & Coul turning =    1.4    7.9
   S-matrix    1 =    0.98768   0.03839 for L=   15, J=   16.0 channel on core I =   2.0 from L=   15,  Acc. loss =  0.0 D.
 Elastic phase shift   1 =    1.113   0.334 deg. for the L =   15, J =   16.0 channel.
      18.0  0.98767794  0.03838887i: elastic S-matrix  @@      0.00  0   0 F  0
 Reaction Xsec    18.0-/15 @ 1 =   0.322 , Out:   0.000#   0.000#   0.028/   8.172#   0.000#   0.095/   0.322f

   S-matrix    2 =    0.99667  -0.00085 for L=   17, J=   16.0 channel on core I =   2.0 from L=   17,  Acc. loss =  0.0 D.
 Elastic phase shift   2 =   -0.024   0.096 deg. for the L =   17, J =   16.0 channel.
      18.0  0.99666960 -0.00084698i: elastic S-matrix  @@      0.00  0   0 F  0
 Reaction Xsec    18.0-/17 @ 2 =   0.093 , Out:   0.000#   0.012/   9.322#   6.735#   0.064/   2.242#   0.093f

   S-matrix    3 =    0.99662   0.00697 for L=   17, J=   17.0 channel on core I =   2.0 from L=   17,  Acc. loss =  0.0 D.
 Elastic phase shift   3 =    0.200   0.096 deg. for the L =   17, J =   17.0 channel.
      18.0  0.99662071  0.00697029i: elastic S-matrix  @@      0.00  0   0 F  0
 Reaction Xsec    18.0-/17 @ 3 =   0.094 , Out:   0.000#   5.904#   6.560#   5.596#   0.032/   6.152#   0.094f

   S-matrix    4 =    0.99650   0.01529 for L=   17, J=   18.0 channel on core I =   2.0 from L=   17,  Acc. loss =  0.0 D.
 Elastic phase shift   4 =    0.440   0.097 deg. for the L =   17, J =   18.0 channel.
      18.0  0.99650096  0.01529324i: elastic S-matrix  @@      0.00  0   0 F  0
 Reaction Xsec    18.0-/17 @ 4 =   0.094 , Out:   0.000#   6.597#   0.012/   2.634#   0.036/   5.751#   0.094f

   S-matrix    5 =    0.99902  -0.00127 for L=   19, J=   18.0 channel on core I =   2.0 from L=   19,  Acc. loss =  0.0 D.
 Elastic phase shift   5 =   -0.036   0.028 deg. for the L =   19, J =   18.0 channel.
      18.0  0.99901970 -0.00127096i: elastic S-matrix  @@      0.00  0   0 F  0
 Reaction Xsec    18.0-/19 @ 5 =   0.027 , Out:   0.000#   0.600#   0.670#   0.389#   3.324#   0.686#   0.027f

   S-matrix    6 =    0.99901   0.00234 for L=   19, J=   19.0 channel on core I =   2.0 from L=   19,  Acc. loss =  0.0 D.
 Elastic phase shift   6 =    0.067   0.028 deg. for the L =   19, J =   19.0 channel.
      18.0  0.99901408  0.00234480i: elastic S-matrix  @@      0.00  0   0 F  0
 Reaction Xsec    18.0-/19 @ 6 =   0.027 , Out:   0.000#   0.672#   1.222#   1.337#   3.724#   0.641#   0.027f

   S-matrix    7 =    0.99899   0.00616 for L=   19, J=   20.0 channel on core I =   2.0 from L=   19,  Acc. loss =  0.0 D.
 Elastic phase shift   7 =    0.177   0.028 deg. for the L =   19, J =   20.0 channel.
      18.0  0.99899392  0.00616137i: elastic S-matrix  @@      0.00  0   0 F  0
 Reaction Xsec    18.0-/19 @ 7 =   0.028 , Out:   0.000#   1.343#   1.862#   2.375#   7.443#   0.197#   0.028f

   S-matrix    8 =    0.99971  -0.00088 for L=   21, J=   20.0 channel on core I =   2.0 from L=   21,  Acc. loss =  0.0 D.
 Elastic phase shift   8 =   -0.025   0.008 deg. for the L =   21, J =   20.0 channel.
      18.0  0.99971305 -0.00087698i: elastic S-matrix  @@      0.00  0   0 F  0
 Reaction Xsec    18.0-/21 @ 8 =   8.016/, Out:   0.000#   0.000#   0.070#   0.037#   0.000#   0.117#   0.008f


 Total SPIN, PARITY =    19.0 +,     30 chs,      0 cc.  Rmin & Coul turning =    1.5    8.3
   S-matrix    1 =    0.99345   0.02421 for L=   16, J=   17.0 channel on core I =   2.0 from L=   16,  Acc. loss =  0.0 D.
 Elastic phase shift   1 =    0.698   0.180 deg. for the L =   16, J =   17.0 channel.
      19.0  0.99344767  0.02420930i: elastic S-matrix  @@      0.00  0   0 F  0
 Reaction Xsec    19.0+/16 @ 1 =   0.184 , Out:   0.000#   0.000#   9.567#   2.813#   0.000#   0.033/   0.184f

   S-matrix    2 =    0.99819  -0.00128 for L=   18, J=   17.0 channel on core I =   2.0 from L=   18,  Acc. loss =  0.0 D.
 Elastic phase shift   2 =   -0.037   0.052 deg. for the L =   18, J =   17.0 channel.
      19.0  0.99819177 -0.00127527i: elastic S-matrix  @@      0.00  0   0 F  0
 Reaction Xsec    19.0+/18 @ 2 =   0.053 , Out:   0.000#   4.058#   3.219#   2.329#   0.022/   0.773#   0.053f

   S-matrix    3 =    0.99817   0.00405 for L=   18, J=   18.0 channel on core I =   2.0 from L=   18,  Acc. loss =  0.0 D.
 Elastic phase shift   3 =    0.116   0.052 deg. for the L =   18, J =   18.0 channel.
      19.0  0.99817477  0.00404830i: elastic S-matrix  @@      0.00  0   0 F  0
 Reaction Xsec    19.0+/18 @ 3 =   0.054 , Out:   0.000#   2.047#   2.282#   1.918#   0.011/   2.128#   0.054f

   S-matrix    4 =    0.99813   0.00969 for L=   18, J=   19.0 channel on core I =   2.0 from L=   18,  Acc. loss =  0.0 D.
 Elastic phase shift   4 =    0.278   0.052 deg. for the L =   18, J =   19.0 channel.
      19.0  0.99812570  0.00968967i: elastic S-matrix  @@      0.00  0   0 F  0
 Reaction Xsec    19.0+/18 @ 4 =   0.054 , Out:   0.000#   2.271#   4.159#   0.884#   0.013/   1.994#   0.054f

   S-matrix    5 =    0.99947  -0.00110 for L=   20, J=   19.0 channel on core I =   2.0 from L=   20,  Acc. loss =  0.0 D.
 Elastic phase shift   5 =   -0.031   0.015 deg. for the L =   20, J =   19.0 channel.
      19.0  0.99946929 -0.00109578i: elastic S-matrix  @@      0.00  0   0 F  0
 Reaction Xsec    19.0+/20 @ 5 =   0.016 , Out:   0.000#   0.209#   0.234#   0.137#   1.163#   0.237#   0.016f

   S-matrix    6 =    0.99947   0.00135 for L=   20, J=   20.0 channel on core I =   2.0 from L=   20,  Acc. loss =  0.0 D.
 Elastic phase shift   6 =    0.039   0.015 deg. for the L =   20, J =   20.0 channel.
      19.0  0.99946757  0.00135482i: elastic S-matrix  @@      0.00  0   0 F  0
 Reaction Xsec    19.0+/20 @ 6 =   0.016 , Out:   0.000#   0.232#   0.421#   0.460#   1.294#   0.222#   0.016f

   S-matrix    7 =    0.99946   0.00393 for L=   20, J=   21.0 channel on core I =   2.0 from L=   20,  Acc. loss =  0.0 D.
 Elastic phase shift   7 =    0.113   0.015 deg. for the L =   20, J =   21.0 channel.
      19.0  0.99945927  0.00393291i: elastic S-matrix  @@      0.00  0   0 F  0
 Reaction Xsec    19.0+/20 @ 7 =   0.016 , Out:   0.000#   0.464#   0.644#   0.823#   2.585#   0.068#   0.016f

   S-matrix    8 =    0.99985  -0.00067 for L=   22, J=   21.0 channel on core I =   2.0 from L=   22,  Acc. loss =  0.0 D.
 Elastic phase shift   8 =   -0.019   0.004 deg. for the L =   22, J =   21.0 channel.
      19.0  0.99984503 -0.00067086i: elastic S-matrix  @@      0.00  0   0 F  0
 Reaction Xsec    19.0+/22 @ 8 =   4.563/, Out:   0.000#   0.000#   0.024#   0.013#   0.000#   0.040#   0.005f


 Total SPIN, PARITY =    19.0 -,     29 chs,      0 cc.  Rmin & Coul turning =    1.5    8.3
   S-matrix    1 =    0.99662   0.00697 for L=   17, J=   17.0 channel on core I =   2.0 from L=   17,  Acc. loss =  0.0 D.
 Elastic phase shift   1 =    0.200   0.096 deg. for the L =   17, J =   17.0 channel.
      19.0  0.99662071  0.00697029i: elastic S-matrix  @@      0.00  0   0 F  0
 Reaction Xsec    19.0-/17 @ 1 =   0.099 , Out:   0.000#   6.025#   6.549#   3.939#   0.033/   6.616#   0.099f

   S-matrix    2 =    0.99650   0.01529 for L=   17, J=   18.0 channel on core I =   2.0 from L=   17,  Acc. loss =  0.0 D.
 Elastic phase shift   2 =    0.440   0.097 deg. for the L =   17, J =   18.0 channel.
      19.0  0.99650096  0.01529324i: elastic S-matrix  @@      0.00  0   0 F  0
 Reaction Xsec    19.0-/17 @ 2 =   0.100 , Out:   0.000#   3.566#   0.039#   4.211#   0.020/   8.320#   0.100f

   S-matrix    3 =    0.99902  -0.00127 for L=   19, J=   18.0 channel on core I =   2.0 from L=   19,  Acc. loss =  0.0 D.
 Elastic phase shift   3 =   -0.036   0.028 deg. for the L =   19, J =   18.0 channel.
      19.0  0.99901970 -0.00127096i: elastic S-matrix  @@      0.00  0   0 F  0
 Reaction Xsec    19.0-/19 @ 3 =   0.029 , Out:   0.000#   0.976#   1.603#   0.822#   5.405#   0.494#   0.029f

   S-matrix    4 =    0.99901   0.00234 for L=   19, J=   19.0 channel on core I =   2.0 from L=   19,  Acc. loss =  0.0 D.
 Elastic phase shift   4 =    0.067   0.028 deg. for the L =   19, J =   19.0 channel.
      19.0  0.99901408  0.00234480i: elastic S-matrix  @@      0.00  0   0 F  0
 Reaction Xsec    19.0-/19 @ 4 =   0.029 , Out:   0.000#   0.691#   1.040#   0.323#   3.830#   0.687#   0.029f

   S-matrix    5 =    0.99899   0.00616 for L=   19, J=   20.0 channel on core I =   2.0 from L=   19,  Acc. loss =  0.0 D.
 Elastic phase shift   5 =    0.177   0.028 deg. for the L =   19, J =   20.0 channel.
      19.0  0.99899392  0.00616137i: elastic S-matrix  @@      0.00  0   0 F  0
 Reaction Xsec    19.0-/19 @ 5 =   0.029 , Out:   0.000#   1.088#   2.477#   2.313#   6.027#   0.426#   0.029f

   S-matrix    6 =    0.99971  -0.00088 for L=   21, J=   20.0 channel on core I =   2.0 from L=   21,  Acc. loss =  0.0 D.
 Elastic phase shift   6 =   -0.025   0.008 deg. for the L =   21, J =   20.0 channel.
      19.0  0.99971305 -0.00087698i: elastic S-matrix  @@      0.00  0   0 F  0
 Reaction Xsec    19.0-/21 @ 6 =   8.449/, Out:   0.000#   0.033#   0.001#   0.050#   0.187#   0.101#   0.008f

   S-matrix    7 =    0.99971   0.00078 for L=   21, J=   21.0 channel on core I =   2.0 from L=   21,  Acc. loss =  0.0 D.
 Elastic phase shift   7 =    0.022   0.008 deg. for the L =   21, J =   21.0 channel.
      19.0  0.99971260  0.00078099i: elastic S-matrix  @@      0.00  0   0 F  0
 Reaction Xsec    19.0-/21 @ 7 =   8.465/, Out:   0.000#   0.077#   0.140#   0.154#   0.435#   0.072#   0.008f


 Total SPIN, PARITY =    20.0 +,     29 chs,      0 cc.  Rmin & Coul turning =    1.6    8.7
   S-matrix    1 =    0.99817   0.00405 for L=   18, J=   18.0 channel on core I =   2.0 from L=   18,  Acc. loss =  0.0 D.
 Elastic phase shift   1 =    0.116   0.052 deg. for the L =   18, J =   18.0 channel.
      20.0  0.99817477  0.00404830i: elastic S-matrix  @@      0.00  0   0 F  0
 Reaction Xsec    20.0+/18 @ 1 =   0.056 , Out:   0.000#   2.087#   2.254#   1.360#   0.011/   2.281#   0.056f

   S-matrix    2 =    0.99813   0.00969 for L=   18, J=   19.0 channel on core I =   2.0 from L=   18,  Acc. loss =  0.0 D.
 Elastic phase shift   2 =    0.278   0.052 deg. for the L =   18, J =   19.0 channel.
      20.0  0.99812570  0.00968967i: elastic S-matrix  @@      0.00  0   0 F  0
 Reaction Xsec    20.0+/18 @ 2 =   0.057 , Out:   0.000#   1.223#   0.012#   1.426#   6.735#   2.873#   0.057f

   S-matrix    3 =    0.99947  -0.00110 for L=   20, J=   19.0 channel on core I =   2.0 from L=   20,  Acc. loss =  0.0 D.
 Elastic phase shift   3 =   -0.031   0.015 deg. for the L =   20, J =   19.0 channel.
      20.0  0.99946929 -0.00109578i: elastic S-matrix  @@      0.00  0   0 F  0
 Reaction Xsec    20.0+/20 @ 3 =   0.016 , Out:   0.000#   0.338#   0.554#   0.282#   1.883#   0.170#   0.016f

   S-matrix    4 =    0.99947   0.00135 for L=   20, J=   20.0 channel on core I =   2.0 from L=   20,  Acc. loss =  0.0 D.
 Elastic phase shift   4 =    0.039   0.015 deg. for the L =   20, J =   20.0 channel.
      20.0  0.99946757  0.00135482i: elastic S-matrix  @@      0.00  0   0 F  0
 Reaction Xsec    20.0+/20 @ 4 =   0.016 , Out:   0.000#   0.238#   0.357#   0.112#   1.329#   0.237#   0.016f

   S-matrix    5 =    0.99946   0.00393 for L=   20, J=   21.0 channel on core I =   2.0 from L=   20,  Acc. loss =  0.0 D.
 Elastic phase shift   5 =    0.113   0.015 deg. for the L =   20, J =   21.0 channel.
      20.0  0.99945927  0.00393291i: elastic S-matrix  @@      0.00  0   0 F  0
 Reaction Xsec    20.0+/20 @ 5 =   0.017 , Out:   0.000#   0.374#   0.851#   0.796#   2.086#   0.147#   0.017f

   S-matrix    6 =    0.99985  -0.00067 for L=   22, J=   21.0 channel on core I =   2.0 from L=   22,  Acc. loss =  0.0 D.
 Elastic phase shift   6 =   -0.019   0.004 deg. for the L =   22, J =   21.0 channel.
      20.0  0.99984503 -0.00067086i: elastic S-matrix  @@      0.00  0   0 F  0
 Reaction Xsec    20.0+/22 @ 6 =   4.797/, Out:   0.000#   0.012#   0.000#   0.017#   0.065#   0.035#   0.005f

   S-matrix    7 =    0.99984   0.00045 for L=   22, J=   22.0 channel on core I =   2.0 from L=   22,  Acc. loss =  0.0 D.
 Elastic phase shift   7 =    0.013   0.004 deg. for the L =   22, J =   22.0 channel.
      20.0  0.99984495  0.00044916i: elastic S-matrix  @@      0.00  0   0 F  0
 Reaction Xsec    20.0+/22 @ 7 =   4.803/, Out:   0.000#   0.027#   0.048#   0.053#   0.149#   0.025#   0.005f


 Total SPIN, PARITY =    20.0 -,     30 chs,      0 cc.  Rmin & Coul turning =    1.6    8.7
   S-matrix    1 =    0.99650   0.01529 for L=   17, J=   18.0 channel on core I =   2.0 from L=   17,  Acc. loss =  0.0 D.
 Elastic phase shift   1 =    0.440   0.097 deg. for the L =   17, J =   18.0 channel.
      20.0  0.99650096  0.01529324i: elastic S-matrix  @@      0.00  0   0 F  0
 Reaction Xsec    20.0-/17 @ 1 =   0.105 , Out:   0.000#   0.000#   3.295#   0.967#   0.000#   0.011/   0.105f

   S-matrix    2 =    0.99902  -0.00127 for L=   19, J=   18.0 channel on core I =   2.0 from L=   19,  Acc. loss =  0.0 D.
 Elastic phase shift   2 =   -0.036   0.028 deg. for the L =   19, J =   18.0 channel.
      20.0  0.99901970 -0.00127096i: elastic S-matrix  @@      0.00  0   0 F  0
 Reaction Xsec    20.0-/19 @ 2 =   0.030 , Out:   0.000#   1.406#   1.108#   0.804#   7.787#   0.266#   0.030f

   S-matrix    3 =    0.99901   0.00234 for L=   19, J=   19.0 channel on core I =   2.0 from L=   19,  Acc. loss =  0.0 D.
 Elastic phase shift   3 =    0.067   0.028 deg. for the L =   19, J =   19.0 channel.
      20.0  0.99901408  0.00234480i: elastic S-matrix  @@      0.00  0   0 F  0
 Reaction Xsec    20.0-/19 @ 3 =   0.030 , Out:   0.000#   0.708#   0.792#   0.657#   3.921#   0.735#   0.030f

   S-matrix    4 =    0.99899   0.00616 for L=   19, J=   20.0 channel on core I =   2.0 from L=   19,  Acc. loss =  0.0 D.
 Elastic phase shift   4 =    0.177   0.028 deg. for the L =   19, J =   20.0 channel.
      20.0  0.99899392  0.00616137i: elastic S-matrix  @@      0.00  0   0 F  0
 Reaction Xsec    20.0-/19 @ 4 =   0.031 , Out:   0.000#   0.781#   1.421#   0.297#   4.325#   0.690#   0.031f

   S-matrix    5 =    0.99971  -0.00088 for L=   21, J=   20.0 channel on core I =   2.0 from L=   21,  Acc. loss =  0.0 D.
 Elastic phase shift   5 =   -0.025   0.008 deg. for the L =   21, J =   20.0 channel.
      20.0  0.99971305 -0.00087698i: elastic S-matrix  @@      0.00  0   0 F  0
 Reaction Xsec    20.0-/21 @ 5 =   8.882/, Out:   0.000#   0.072#   0.081#   0.048#   0.404#   0.081#   0.009f

   S-matrix    6 =    0.99971   0.00078 for L=   21, J=   21.0 channel on core I =   2.0 from L=   21,  Acc. loss =  0.0 D.
 Elastic phase shift   6 =    0.022   0.008 deg. for the L =   21, J =   21.0 channel.
      20.0  0.99971260  0.00078099i: elastic S-matrix  @@      0.00  0   0 F  0
 Reaction Xsec    20.0-/21 @ 6 =   8.899/, Out:   0.000#   0.080#   0.144#   0.158#   0.447#   0.076#   0.009f

   S-matrix    7 =    0.99971   0.00252 for L=   21, J=   22.0 channel on core I =   2.0 from L=   21,  Acc. loss =  0.0 D.
 Elastic phase shift   7 =    0.072   0.008 deg. for the L =   21, J =   22.0 channel.
      20.0  0.99970916  0.00252024i: elastic S-matrix  @@      0.00  0   0 F  0
 Reaction Xsec    20.0-/21 @ 7 =   8.916/, Out:   0.000#   0.159#   0.222#   0.285#   0.893#   0.024#   0.009f

   S-matrix    8 =    0.99992  -0.00050 for L=   23, J=   22.0 channel on core I =   2.0 from L=   23,  Acc. loss =  0.0 D.
 Elastic phase shift   8 =   -0.014   0.002 deg. for the L =   23, J =   22.0 channel.
      20.0  0.99991639 -0.00049794i: elastic S-matrix  @@      0.00  0   0 F  0
 Reaction Xsec    20.0-/23 @ 8 =   2.588/, Out:   0.000#   0.000#   0.008#   0.004#   0.000#   0.014#   0.003f


 Total SPIN, PARITY =    21.0 +,     30 chs,      0 cc.  Rmin & Coul turning =    1.7    9.2
   S-matrix    1 =    0.99813   0.00969 for L=   18, J=   19.0 channel on core I =   2.0 from L=   18,  Acc. loss =  0.0 D.
 Elastic phase shift   1 =    0.278   0.052 deg. for the L =   18, J =   19.0 channel.
      21.0  0.99812570  0.00968967i: elastic S-matrix  @@      0.00  0   0 F  0
 Reaction Xsec    21.0+/18 @ 1 =   0.059 , Out:   0.000#   0.000#   1.132#   0.332#   0.000#   3.868#   0.059f

   S-matrix    2 =    0.99947  -0.00110 for L=   20, J=   19.0 channel on core I =   2.0 from L=   20,  Acc. loss =  0.0 D.
 Elastic phase shift   2 =   -0.031   0.015 deg. for the L =   20, J =   19.0 channel.
      21.0  0.99946929 -0.00109578i: elastic S-matrix  @@      0.00  0   0 F  0
 Reaction Xsec    21.0+/20 @ 2 =   0.017 , Out:   0.000#   0.485#   0.380#   0.276#   2.703#   0.091#   0.017f

   S-matrix    3 =    0.99947   0.00135 for L=   20, J=   20.0 channel on core I =   2.0 from L=   20,  Acc. loss =  0.0 D.
 Elastic phase shift   3 =    0.039   0.015 deg. for the L =   20, J =   20.0 channel.
      21.0  0.99946757  0.00135482i: elastic S-matrix  @@      0.00  0   0 F  0
 Reaction Xsec    21.0+/20 @ 3 =   0.017 , Out:   0.000#   0.244#   0.274#   0.224#   1.359#   0.253#   0.017f

   S-matrix    4 =    0.99946   0.00393 for L=   20, J=   21.0 channel on core I =   2.0 from L=   20,  Acc. loss =  0.0 D.
 Elastic phase shift   4 =    0.113   0.015 deg. for the L =   20, J =   21.0 channel.
      21.0  0.99945927  0.00393291i: elastic S-matrix  @@      0.00  0   0 F  0
 Reaction Xsec    21.0+/20 @ 4 =   0.017 , Out:   0.000#   0.268#   0.485#   0.100#   1.492#   0.238#   0.017f

   S-matrix    5 =    0.99985  -0.00067 for L=   22, J=   21.0 channel on core I =   2.0 from L=   22,  Acc. loss =  0.0 D.
 Elastic phase shift   5 =   -0.019   0.004 deg. for the L =   22, J =   21.0 channel.
      21.0  0.99984503 -0.00067086i: elastic S-matrix  @@      0.00  0   0 F  0
 Reaction Xsec    21.0+/22 @ 5 =   5.031/, Out:   0.000#   0.025#   0.028#   0.017#   0.139#   0.028#   0.005f

   S-matrix    6 =    0.99984   0.00045 for L=   22, J=   22.0 channel on core I =   2.0 from L=   22,  Acc. loss =  0.0 D.
 Elastic phase shift   6 =    0.013   0.004 deg. for the L =   22, J =   22.0 channel.
      21.0  0.99984495  0.00044916i: elastic S-matrix  @@      0.00  0   0 F  0
 Reaction Xsec    21.0+/22 @ 6 =   5.038/, Out:   0.000#   0.027#   0.049#   0.054#   0.154#   0.026#   0.005f

   S-matrix    7 =    0.99984   0.00162 for L=   22, J=   23.0 channel on core I =   2.0 from L=   22,  Acc. loss =  0.0 D.
 Elastic phase shift   7 =    0.046   0.004 deg. for the L =   22, J =   23.0 channel.
      21.0  0.99984352  0.00162119i: elastic S-matrix  @@      0.00  0   0 F  0
 Reaction Xsec    21.0+/22 @ 7 =   5.044/, Out:   0.000#   0.054#   0.076#   0.098#   0.306#   0.008#   0.005f

   S-matrix    8 =    0.99995  -0.00036 for L=   24, J=   23.0 channel on core I =   2.0 from L=   24,  Acc. loss =  0.0 D.
 Elastic phase shift   8 =   -0.010   0.001 deg. for the L =   24, J =   23.0 channel.
      21.0  0.99995493 -0.00036174i: elastic S-matrix  @@      0.00  0   0 F  0
 Reaction Xsec    21.0+/24 @ 8 =   1.463/, Out:   0.000#   0.000#   0.003#   0.002#   0.000#   0.005#   0.001f


 Total SPIN, PARITY =    21.0 -,     29 chs,      0 cc.  Rmin & Coul turning =    1.7    9.2
   S-matrix    1 =    0.99901   0.00234 for L=   19, J=   19.0 channel on core I =   2.0 from L=   19,  Acc. loss =  0.0 D.
 Elastic phase shift   1 =    0.067   0.028 deg. for the L =   19, J =   19.0 channel.
      21.0  0.99901408  0.00234480i: elastic S-matrix  @@      0.00  0   0 F  0
 Reaction Xsec    21.0-/19 @ 1 =   0.032 , Out:   0.000#   0.721#   0.774#   0.468#   3.996#   0.785#   0.032f

   S-matrix    2 =    0.99899   0.00616 for L=   19, J=   20.0 channel on core I =   2.0 from L=   19,  Acc. loss =  0.0 D.
 Elastic phase shift   2 =    0.177   0.028 deg. for the L =   19, J =   20.0 channel.
      21.0  0.99899392  0.00616137i: elastic S-matrix  @@      0.00  0   0 F  0
 Reaction Xsec    21.0-/19 @ 2 =   0.032 , Out:   0.000#   0.419#   0.004#   0.483#   2.321#   0.990#   0.032f

   S-matrix    3 =    0.99971  -0.00088 for L=   21, J=   20.0 channel on core I =   2.0 from L=   21,  Acc. loss =  0.0 D.
 Elastic phase shift   3 =   -0.025   0.008 deg. for the L =   21, J =   20.0 channel.
      21.0  0.99971305 -0.00087698i: elastic S-matrix  @@      0.00  0   0 F  0
 Reaction Xsec    21.0-/21 @ 3 =   9.316/, Out:   0.000#   0.116#   0.191#   0.096#   0.652#   0.058#   0.009f

   S-matrix    4 =    0.99971   0.00078 for L=   21, J=   21.0 channel on core I =   2.0 from L=   21,  Acc. loss =  0.0 D.
 Elastic phase shift   4 =    0.022   0.008 deg. for the L =   21, J =   21.0 channel.
      21.0  0.99971260  0.00078099i: elastic S-matrix  @@      0.00  0   0 F  0
 Reaction Xsec    21.0-/21 @ 4 =   9.333/, Out:   0.000#   0.082#   0.123#   0.038#   0.459#   0.081#   0.009f

   S-matrix    5 =    0.99971   0.00252 for L=   21, J=   22.0 channel on core I =   2.0 from L=   21,  Acc. loss =  0.0 D.
 Elastic phase shift   5 =    0.072   0.008 deg. for the L =   21, J =   22.0 channel.
      21.0  0.99970916  0.00252024i: elastic S-matrix  @@      0.00  0   0 F  0
 Reaction Xsec    21.0-/21 @ 5 =   9.351/, Out:   0.000#   0.128#   0.292#   0.273#   0.718#   0.051#   0.009f

   S-matrix    6 =    0.99992  -0.00050 for L=   23, J=   22.0 channel on core I =   2.0 from L=   23,  Acc. loss =  0.0 D.
 Elastic phase shift   6 =   -0.014   0.002 deg. for the L =   23, J =   22.0 channel.
      21.0  0.99991639 -0.00049794i: elastic S-matrix  @@      0.00  0   0 F  0
 Reaction Xsec    21.0-/23 @ 6 =   2.714/, Out:   0.000#   0.004#   0.000#   0.006#   0.022#   0.012#   0.003f

   S-matrix    7 =    0.99992   0.00026 for L=   23, J=   23.0 channel on core I =   2.0 from L=   23,  Acc. loss =  0.0 D.
 Elastic phase shift   7 =    0.007   0.002 deg. for the L =   23, J =   23.0 channel.
      21.0  0.99991640  0.00025769i: elastic S-matrix  @@      0.00  0   0 F  0
 Reaction Xsec    21.0-/23 @ 7 =   2.717/, Out:   0.000#   0.009#   0.017#   0.018#   0.051#   0.008#   0.003f


 Total SPIN, PARITY =    22.0 +,     29 chs,      0 cc.  Rmin & Coul turning =    1.8    9.6
   S-matrix    1 =    0.99947   0.00135 for L=   20, J=   20.0 channel on core I =   2.0 from L=   20,  Acc. loss =  0.0 D.
 Elastic phase shift   1 =    0.039   0.015 deg. for the L =   20, J =   20.0 channel.
      22.0  0.99946757  0.00135482i: elastic S-matrix  @@      0.00  0   0 F  0
 Reaction Xsec    22.0+/20 @ 1 =   0.018 , Out:   0.000#   0.248#   0.265#   0.160#   1.384#   0.269#   0.018f

   S-matrix    2 =    0.99946   0.00393 for L=   20, J=   21.0 channel on core I =   2.0 from L=   20,  Acc. loss =  0.0 D.
 Elastic phase shift   2 =    0.113   0.015 deg. for the L =   20, J =   21.0 channel.
      22.0  0.99945927  0.00393291i: elastic S-matrix  @@      0.00  0   0 F  0
 Reaction Xsec    22.0+/20 @ 2 =   0.018 , Out:   0.000#   0.143#   0.001#   0.164#   0.798#   0.340#   0.018f

   S-matrix    3 =    0.99985  -0.00067 for L=   22, J=   21.0 channel on core I =   2.0 from L=   22,  Acc. loss =  0.0 D.
 Elastic phase shift   3 =   -0.019   0.004 deg. for the L =   22, J =   21.0 channel.
      22.0  0.99984503 -0.00067086i: elastic S-matrix  @@      0.00  0   0 F  0
 Reaction Xsec    22.0+/22 @ 3 =   5.265/, Out:   0.000#   0.040#   0.065#   0.033#   0.224#   0.020#   0.005f

   S-matrix    4 =    0.99984   0.00045 for L=   22, J=   22.0 channel on core I =   2.0 from L=   22,  Acc. loss =  0.0 D.
 Elastic phase shift   4 =    0.013   0.004 deg. for the L =   22, J =   22.0 channel.
      22.0  0.99984495  0.00044916i: elastic S-matrix  @@      0.00  0   0 F  0
 Reaction Xsec    22.0+/22 @ 4 =   5.272/, Out:   0.000#   0.028#   0.042#   0.013#   0.157#   0.028#   0.005f

   S-matrix    5 =    0.99984   0.00162 for L=   22, J=   23.0 channel on core I =   2.0 from L=   22,  Acc. loss =  0.0 D.
 Elastic phase shift   5 =    0.046   0.004 deg. for the L =   22, J =   23.0 channel.
      22.0  0.99984352  0.00162119i: elastic S-matrix  @@      0.00  0   0 F  0
 Reaction Xsec    22.0+/22 @ 5 =   5.279/, Out:   0.000#   0.044#   0.100#   0.093#   0.246#   0.017#   0.005f

   S-matrix    6 =    0.99995  -0.00036 for L=   24, J=   23.0 channel on core I =   2.0 from L=   24,  Acc. loss =  0.0 D.
 Elastic phase shift   6 =   -0.010   0.001 deg. for the L =   24, J =   23.0 channel.
      22.0  0.99995493 -0.00036174i: elastic S-matrix  @@      0.00  0   0 F  0
 Reaction Xsec    22.0+/24 @ 6 =   1.531/, Out:   0.000#   0.001#   0.000#   0.002#   0.008#   0.004#   0.002f

   S-matrix    7 =    0.99995   0.00015 for L=   24, J=   24.0 channel on core I =   2.0 from L=   24,  Acc. loss =  0.0 D.
 Elastic phase shift   7 =    0.004   0.001 deg. for the L =   24, J =   24.0 channel.
      22.0  0.99995496  0.00014746i: elastic S-matrix  @@      0.00  0   0 F  0
 Reaction Xsec    22.0+/24 @ 7 =   1.532/, Out:   0.000#   0.003#   0.006#   0.006#   0.017#   0.003#   0.002f


 Total SPIN, PARITY =    22.0 -,     30 chs,      0 cc.  Rmin & Coul turning =    1.8    9.6
   S-matrix    1 =    0.99899   0.00616 for L=   19, J=   20.0 channel on core I =   2.0 from L=   19,  Acc. loss =  0.0 D.
 Elastic phase shift   1 =    0.177   0.028 deg. for the L =   19, J =   20.0 channel.
      22.0  0.99899392  0.00616137i: elastic S-matrix  @@      0.00  0   0 F  0
 Reaction Xsec    22.0-/19 @ 1 =   0.034 , Out:   0.000#   0.000#   0.388#   0.114#   0.000#   1.328#   0.034f

   S-matrix    2 =    0.99971  -0.00088 for L=   21, J=   20.0 channel on core I =   2.0 from L=   21,  Acc. loss =  0.0 D.
 Elastic phase shift   2 =   -0.025   0.008 deg. for the L =   21, J =   20.0 channel.
      22.0  0.99971305 -0.00087698i: elastic S-matrix  @@      0.00  0   0 F  0
 Reaction Xsec    22.0-/21 @ 2 =   9.749/, Out:   0.000#   0.166#   0.130#   0.094#   0.933#   0.031#   0.010f

   S-matrix    3 =    0.99971   0.00078 for L=   21, J=   21.0 channel on core I =   2.0 from L=   21,  Acc. loss =  0.0 D.
 Elastic phase shift   3 =    0.022   0.008 deg. for the L =   21, J =   21.0 channel.
      22.0  0.99971260  0.00078099i: elastic S-matrix  @@      0.00  0   0 F  0
 Reaction Xsec    22.0-/21 @ 3 =   9.767/, Out:   0.000#   0.084#   0.094#   0.076#   0.469#   0.086#   0.010f

   S-matrix    4 =    0.99971   0.00252 for L=   21, J=   22.0 channel on core I =   2.0 from L=   21,  Acc. loss =  0.0 D.
 Elastic phase shift   4 =    0.072   0.008 deg. for the L =   21, J =   22.0 channel.
      22.0  0.99970916  0.00252024i: elastic S-matrix  @@      0.00  0   0 F  0
 Reaction Xsec    22.0-/21 @ 4 =   9.786/, Out:   0.000#   0.091#   0.165#   0.034#   0.512#   0.082#   0.010f

   S-matrix    5 =    0.99992  -0.00050 for L=   23, J=   22.0 channel on core I =   2.0 from L=   23,  Acc. loss =  0.0 D.
 Elastic phase shift   5 =   -0.014   0.002 deg. for the L =   23, J =   22.0 channel.
      22.0  0.99991639 -0.00049794i: elastic S-matrix  @@      0.00  0   0 F  0
 Reaction Xsec    22.0-/23 @ 5 =   2.841/, Out:   0.000#   0.008#   0.010#   0.006#   0.048#   0.009#   0.003f

   S-matrix    6 =    0.99992   0.00026 for L=   23, J=   23.0 channel on core I =   2.0 from L=   23,  Acc. loss =  0.0 D.
 Elastic phase shift   6 =    0.007   0.002 deg. for the L =   23, J =   23.0 channel.
      22.0  0.99991640  0.00025769i: elastic S-matrix  @@      0.00  0   0 F  0
 Reaction Xsec    22.0-/23 @ 6 =   2.843/, Out:   0.000#   0.009#   0.017#   0.018#   0.052#   0.009#   0.003f

   S-matrix    7 =    0.99992   0.00105 for L=   23, J=   24.0 channel on core I =   2.0 from L=   23,  Acc. loss =  0.0 D.
 Elastic phase shift   7 =    0.030   0.002 deg. for the L =   23, J =   24.0 channel.
      22.0  0.99991581  0.00104668i: elastic S-matrix  @@      0.00  0   0 F  0
 Reaction Xsec    22.0-/23 @ 7 =   2.846/, Out:   0.000#   0.019#   0.026#   0.034#   0.105#   0.003#   0.003f

   S-matrix    8 =    0.99998  -0.00026 for L=   25, J=   24.0 channel on core I =   2.0 from L=   25,  Acc. loss =  0.0 D.
 Elastic phase shift   8 =   -0.007   0.001 deg. for the L =   25, J =   24.0 channel.
      22.0  0.99997573 -0.00025863i: elastic S-matrix  @@      0.00  0   0 F  0
 Reaction Xsec    22.0-/25 @ 8 =   0.825/, Out:   0.000#   0.000#   0.001#   0.001#   0.000#   0.002#   0.001f


 Total SPIN, PARITY =    23.0 +,     30 chs,      0 cc.  Rmin & Coul turning =    1.8   10.0
   S-matrix    1 =    0.99946   0.00393 for L=   20, J=   21.0 channel on core I =   2.0 from L=   20,  Acc. loss =  0.0 D.
 Elastic phase shift   1 =    0.113   0.015 deg. for the L =   20, J =   21.0 channel.
      23.0  0.99945927  0.00393291i: elastic S-matrix  @@      0.00  0   0 F  0
 Reaction Xsec    23.0+/20 @ 1 =   0.019 , Out:   0.000#   0.000#   0.133#   0.039#   0.000#   0.455#   0.019f

   S-matrix    2 =    0.99985  -0.00067 for L=   22, J=   21.0 channel on core I =   2.0 from L=   22,  Acc. loss =  0.0 D.
 Elastic phase shift   2 =   -0.019   0.004 deg. for the L =   22, J =   21.0 channel.
      23.0  0.99984503 -0.00067086i: elastic S-matrix  @@      0.00  0   0 F  0
 Reaction Xsec    23.0+/22 @ 2 =   5.499/, Out:   0.000#   0.057#   0.044#   0.032#   0.320#   0.011#   0.005f

   S-matrix    3 =    0.99984   0.00045 for L=   22, J=   22.0 channel on core I =   2.0 from L=   22,  Acc. loss =  0.0 D.
 Elastic phase shift   3 =    0.013   0.004 deg. for the L =   22, J =   22.0 channel.
      23.0  0.99984495  0.00044916i: elastic S-matrix  @@      0.00  0   0 F  0
 Reaction Xsec    23.0+/22 @ 3 =   5.506/, Out:   0.000#   0.029#   0.032#   0.026#   0.161#   0.029#   0.006f

   S-matrix    4 =    0.99984   0.00162 for L=   22, J=   23.0 channel on core I =   2.0 from L=   22,  Acc. loss =  0.0 D.
 Elastic phase shift   4 =    0.046   0.004 deg. for the L =   22, J =   23.0 channel.
      23.0  0.99984352  0.00162119i: elastic S-matrix  @@      0.00  0   0 F  0
 Reaction Xsec    23.0+/22 @ 4 =   5.514/, Out:   0.000#   0.031#   0.056#   0.011#   0.175#   0.028#   0.006f

   S-matrix    5 =    0.99995  -0.00036 for L=   24, J=   23.0 channel on core I =   2.0 from L=   24,  Acc. loss =  0.0 D.
 Elastic phase shift   5 =   -0.010   0.001 deg. for the L =   24, J =   23.0 channel.
      23.0  0.99995493 -0.00036174i: elastic S-matrix  @@      0.00  0   0 F  0
 Reaction Xsec    23.0+/24 @ 5 =   1.599/, Out:   0.000#   0.003#   0.003#   0.002#   0.016#   0.003#   0.002f

   S-matrix    6 =    0.99995   0.00015 for L=   24, J=   24.0 channel on core I =   2.0 from L=   24,  Acc. loss =  0.0 D.
 Elastic phase shift   6 =    0.004   0.001 deg. for the L =   24, J =   24.0 channel.
      23.0  0.99995496  0.00014746i: elastic S-matrix  @@      0.00  0   0 F  0
 Reaction Xsec    23.0+/24 @ 6 =   1.600/, Out:   0.000#   0.003#   0.006#   0.006#   0.018#   0.003#   0.002f

   S-matrix    7 =    0.99995   0.00068 for L=   24, J=   25.0 channel on core I =   2.0 from L=   24,  Acc. loss =  0.0 D.
 Elastic phase shift   7 =    0.019   0.001 deg. for the L =   24, J =   25.0 channel.
      23.0  0.99995471  0.00067812i: elastic S-matrix  @@      0.00  0   0 F  0
 Reaction Xsec    23.0+/24 @ 7 =   1.601/, Out:   0.000#   0.006#   0.009#   0.011#   0.035#   0.001#   0.002f

   S-matrix    8 =    0.99999  -0.00018 for L=   26, J=   25.0 channel on core I =   2.0 from L=   26,  Acc. loss =  0.0 D.
 Elastic phase shift   8 =   -0.005   0.000 deg. for the L =   26, J =   25.0 channel.
      23.0  0.99998694 -0.00018268i: elastic S-matrix  @@      0.00  0   0 F  0
 Reaction Xsec    23.0+/26 @ 8 =   0.464/, Out:   0.000#   0.000#   0.000#   0.000#   0.000#   0.001#   0.000f


 Total SPIN, PARITY =    23.0 -,     29 chs,      0 cc.  Rmin & Coul turning =    1.8   10.0
   S-matrix    1 =    0.99971   0.00078 for L=   21, J=   21.0 channel on core I =   2.0 from L=   21,  Acc. loss =  0.0 D.
 Elastic phase shift   1 =    0.022   0.008 deg. for the L =   21, J =   21.0 channel.
      23.0  0.99971260  0.00078099i: elastic S-matrix  @@      0.00  0   0 F  0
 Reaction Xsec    23.0-/21 @ 1 =   0.010 , Out:   0.000#   0.085#   0.090#   0.055#   0.477#   0.092#   0.010f

   S-matrix    2 =    0.99971   0.00252 for L=   21, J=   22.0 channel on core I =   2.0 from L=   21,  Acc. loss =  0.0 D.
 Elastic phase shift   2 =    0.072   0.008 deg. for the L =   21, J =   22.0 channel.
      23.0  0.99970916  0.00252024i: elastic S-matrix  @@      0.00  0   0 F  0
 Reaction Xsec    23.0-/21 @ 2 =   0.010 , Out:   0.000#   0.049#   0.000#   0.055#   0.273#   0.116#   0.010f

   S-matrix    3 =    0.99992  -0.00050 for L=   23, J=   22.0 channel on core I =   2.0 from L=   23,  Acc. loss =  0.0 D.
 Elastic phase shift   3 =   -0.014   0.002 deg. for the L =   23, J =   22.0 channel.
      23.0  0.99991639 -0.00049794i: elastic S-matrix  @@      0.00  0   0 F  0
 Reaction Xsec    23.0-/23 @ 3 =   2.967/, Out:   0.000#   0.014#   0.022#   0.011#   0.077#   0.007#   0.003f

   S-matrix    4 =    0.99992   0.00026 for L=   23, J=   23.0 channel on core I =   2.0 from L=   23,  Acc. loss =  0.0 D.
 Elastic phase shift   4 =    0.007   0.002 deg. for the L =   23, J =   23.0 channel.
      23.0  0.99991640  0.00025769i: elastic S-matrix  @@      0.00  0   0 F  0
 Reaction Xsec    23.0-/23 @ 4 =   2.970/, Out:   0.000#   0.010#   0.014#   0.004#   0.054#   0.009#   0.003f

   S-matrix    5 =    0.99992   0.00105 for L=   23, J=   24.0 channel on core I =   2.0 from L=   23,  Acc. loss =  0.0 D.
 Elastic phase shift   5 =    0.030   0.002 deg. for the L =   23, J =   24.0 channel.
      23.0  0.99991581  0.00104668i: elastic S-matrix  @@      0.00  0   0 F  0
 Reaction Xsec    23.0-/23 @ 5 =   2.972/, Out:   0.000#   0.015#   0.034#   0.032#   0.084#   0.006#   0.003f

   S-matrix    6 =    0.99998  -0.00026 for L=   25, J=   24.0 channel on core I =   2.0 from L=   25,  Acc. loss =  0.0 D.
 Elastic phase shift   6 =   -0.007   0.001 deg. for the L =   25, J =   24.0 channel.
      23.0  0.99997573 -0.00025863i: elastic S-matrix  @@      0.00  0   0 F  0
 Reaction Xsec    23.0-/25 @ 6 =   0.861/, Out:   0.000#   0.000#   0.000#   0.001#   0.003#   0.001#   0.001f

   S-matrix    7 =    0.99998   0.00008 for L=   25, J=   25.0 channel on core I =   2.0 from L=   25,  Acc. loss =  0.0 D.
 Elastic phase shift   7 =    0.002   0.001 deg. for the L =   25, J =   25.0 channel.
      23.0  0.99997575  0.00008416i: elastic S-matrix  @@      0.00  0   0 F  0
 Reaction Xsec    23.0-/25 @ 7 =   0.862/, Out:   0.000#   0.001#   0.002#   0.002#   0.006#   0.001#   0.001f


 Total SPIN, PARITY =    24.0 +,     29 chs,      0 cc.  Rmin & Coul turning =    1.9   10.4
   S-matrix    1 =    0.99984   0.00045 for L=   22, J=   22.0 channel on core I =   2.0 from L=   22,  Acc. loss =  0.0 D.
 Elastic phase shift   1 =    0.013   0.004 deg. for the L =   22, J =   22.0 channel.
      24.0  0.99984495  0.00044916i: elastic S-matrix  @@      0.00  0   0 F  0
 Reaction Xsec    24.0+/22 @ 1 =   5.740/, Out:   0.000#   0.029#   0.031#   0.019#   0.163#   0.031#   0.006f

   S-matrix    2 =    0.99984   0.00162 for L=   22, J=   23.0 channel on core I =   2.0 from L=   22,  Acc. loss =  0.0 D.
 Elastic phase shift   2 =    0.046   0.004 deg. for the L =   22, J =   23.0 channel.
      24.0  0.99984352  0.00162119i: elastic S-matrix  @@      0.00  0   0 F  0
 Reaction Xsec    24.0+/22 @ 2 =   5.748/, Out:   0.000#   0.017#   0.000#   0.019#   0.093#   0.040#   0.006f

   S-matrix    3 =    0.99995  -0.00036 for L=   24, J=   23.0 channel on core I =   2.0 from L=   24,  Acc. loss =  0.0 D.
 Elastic phase shift   3 =   -0.010   0.001 deg. for the L =   24, J =   23.0 channel.
      24.0  0.99995493 -0.00036174i: elastic S-matrix  @@      0.00  0   0 F  0
 Reaction Xsec    24.0+/24 @ 3 =   1.667/, Out:   0.000#   0.005#   0.008#   0.004#   0.026#   0.002#   0.002f

   S-matrix    4 =    0.99995   0.00015 for L=   24, J=   24.0 channel on core I =   2.0 from L=   24,  Acc. loss =  0.0 D.
 Elastic phase shift   4 =    0.004   0.001 deg. for the L =   24, J =   24.0 channel.
      24.0  0.99995496  0.00014746i: elastic S-matrix  @@      0.00  0   0 F  0
 Reaction Xsec    24.0+/24 @ 4 =   1.668/, Out:   0.000#   0.003#   0.005#   0.002#   0.018#   0.003#   0.002f

   S-matrix    5 =    0.99995   0.00068 for L=   24, J=   25.0 channel on core I =   2.0 from L=   24,  Acc. loss =  0.0 D.
 Elastic phase shift   5 =    0.019   0.001 deg. for the L =   24, J =   25.0 channel.
      24.0  0.99995471  0.00067812i: elastic S-matrix  @@      0.00  0   0 F  0
 Reaction Xsec    24.0+/24 @ 5 =   1.669/, Out:   0.000#   0.005#   0.012#   0.011#   0.028#   0.002#   0.002f

   S-matrix    6 =    0.99999  -0.00018 for L=   26, J=   25.0 channel on core I =   2.0 from L=   26,  Acc. loss =  0.0 D.
 Elastic phase shift   6 =   -0.005   0.000 deg. for the L =   26, J =   25.0 channel.
      24.0  0.99998694 -0.00018268i: elastic S-matrix  @@      0.00  0   0 F  0
 Reaction Xsec    24.0+/26 @ 6 =   0.483/, Out:   0.000#   0.000#   0.000#   0.000#   0.001#   0.000#   0.000f

   S-matrix    7 =    0.99999   0.00005 for L=   26, J=   26.0 channel on core I =   2.0 from L=   26,  Acc. loss =  0.0 D.
 Elastic phase shift   7 =    0.001   0.000 deg. for the L =   26, J =   26.0 channel.
      24.0  0.99998695  0.00004787i: elastic S-matrix  @@      0.00  0   0 F  0
 Reaction Xsec    24.0+/26 @ 7 =   0.484/, Out:   0.000#   0.000#   0.001#   0.001#   0.002#   0.000#   0.000f


 Total SPIN, PARITY =    24.0 -,     30 chs,      0 cc.  Rmin & Coul turning =    1.9   10.4
   S-matrix    1 =    0.99971   0.00252 for L=   21, J=   22.0 channel on core I =   2.0 from L=   21,  Acc. loss =  0.0 D.
 Elastic phase shift   1 =    0.072   0.008 deg. for the L =   21, J =   22.0 channel.
      24.0  0.99970916  0.00252024i: elastic S-matrix  @@      0.00  0   0 F  0
 Reaction Xsec    24.0-/21 @ 1 =   0.011 , Out:   0.000#   0.000#   0.045#   0.013#   0.000#   0.155#   0.011f

   S-matrix    2 =    0.99992  -0.00050 for L=   23, J=   22.0 channel on core I =   2.0 from L=   23,  Acc. loss =  0.0 D.
 Elastic phase shift   2 =   -0.014   0.002 deg. for the L =   23, J =   22.0 channel.
      24.0  0.99991639 -0.00049794i: elastic S-matrix  @@      0.00  0   0 F  0
 Reaction Xsec    24.0-/23 @ 2 =   3.093/, Out:   0.000#   0.019#   0.015#   0.011#   0.109#   0.004#   0.003f

   S-matrix    3 =    0.99992   0.00026 for L=   23, J=   23.0 channel on core I =   2.0 from L=   23,  Acc. loss =  0.0 D.
 Elastic phase shift   3 =    0.007   0.002 deg. for the L =   23, J =   23.0 channel.
      24.0  0.99991640  0.00025769i: elastic S-matrix  @@      0.00  0   0 F  0
 Reaction Xsec    24.0-/23 @ 3 =   3.096/, Out:   0.000#   0.010#   0.011#   0.009#   0.055#   0.010#   0.003f

   S-matrix    4 =    0.99992   0.00105 for L=   23, J=   24.0 channel on core I =   2.0 from L=   23,  Acc. loss =  0.0 D.
 Elastic phase shift   4 =    0.030   0.002 deg. for the L =   23, J =   24.0 channel.
      24.0  0.99991581  0.00104668i: elastic S-matrix  @@      0.00  0   0 F  0
 Reaction Xsec    24.0-/23 @ 4 =   3.099/, Out:   0.000#   0.011#   0.019#   0.004#   0.059#   0.010#   0.003f

   S-matrix    5 =    0.99998  -0.00026 for L=   25, J=   24.0 channel on core I =   2.0 from L=   25,  Acc. loss =  0.0 D.
 Elastic phase shift   5 =   -0.007   0.001 deg. for the L =   25, J =   24.0 channel.
      24.0  0.99997573 -0.00025863i: elastic S-matrix  @@      0.00  0   0 F  0
 Reaction Xsec    24.0-/25 @ 5 =   0.898/, Out:   0.000#   0.001#   0.001#   0.001#   0.006#   0.001#   0.001f

   S-matrix    6 =    0.99998   0.00008 for L=   25, J=   25.0 channel on core I =   2.0 from L=   25,  Acc. loss =  0.0 D.
 Elastic phase shift   6 =    0.002   0.001 deg. for the L =   25, J =   25.0 channel.
      24.0  0.99997575  0.00008416i: elastic S-matrix  @@      0.00  0   0 F  0
 Reaction Xsec    24.0-/25 @ 6 =   0.898/, Out:   0.000#   0.001#   0.002#   0.002#   0.006#   0.001#   0.001f

   S-matrix    7 =    0.99998   0.00044 for L=   25, J=   26.0 channel on core I =   2.0 from L=   25,  Acc. loss =  0.0 D.
 Elastic phase shift   7 =    0.013   0.001 deg. for the L =   25, J =   26.0 channel.
      24.0  0.99997564  0.00044077i: elastic S-matrix  @@      0.00  0   0 F  0
 Reaction Xsec    24.0-/25 @ 7 =   0.899/, Out:   0.000#   0.002#   0.003#   0.004#   0.012#   0.000#   0.001f

   S-matrix    8 =    0.99999  -0.00013 for L=   27, J=   26.0 channel on core I =   2.0 from L=   27,  Acc. loss =  0.0 D.
 Elastic phase shift   8 =   -0.004   0.000 deg. for the L =   27, J =   26.0 channel.
      24.0  0.99999297 -0.00012778i: elastic S-matrix  @@      0.00  0   0 F  0
 Reaction Xsec    24.0-/27 @ 8 =   0.260/, Out:   0.000#   0.000#   0.000#   0.000#   0.000#   0.000#   0.000f


 Total SPIN, PARITY =    25.0 +,     30 chs,      0 cc.  Rmin & Coul turning =    2.0   10.9
   S-matrix    1 =    0.99984   0.00162 for L=   22, J=   23.0 channel on core I =   2.0 from L=   22,  Acc. loss =  0.0 D.
 Elastic phase shift   1 =    0.046   0.004 deg. for the L =   22, J =   23.0 channel.
      25.0  0.99984352  0.00162119i: elastic S-matrix  @@      0.00  0   0 F  0
 Reaction Xsec    25.0+/22 @ 1 =   5.983/, Out:   0.000#   0.000#   0.015#   0.004#   0.000#   0.053#   0.006f

   S-matrix    2 =    0.99995  -0.00036 for L=   24, J=   23.0 channel on core I =   2.0 from L=   24,  Acc. loss =  0.0 D.
 Elastic phase shift   2 =   -0.010   0.001 deg. for the L =   24, J =   23.0 channel.
      25.0  0.99995493 -0.00036174i: elastic S-matrix  @@      0.00  0   0 F  0
 Reaction Xsec    25.0+/24 @ 2 =   1.735/, Out:   0.000#   0.007#   0.005#   0.004#   0.037#   0.001#   0.002f

   S-matrix    3 =    0.99995   0.00015 for L=   24, J=   24.0 channel on core I =   2.0 from L=   24,  Acc. loss =  0.0 D.
 Elastic phase shift   3 =    0.004   0.001 deg. for the L =   24, J =   24.0 channel.
      25.0  0.99995496  0.00014746i: elastic S-matrix  @@      0.00  0   0 F  0
 Reaction Xsec    25.0+/24 @ 3 =   1.736/, Out:   0.000#   0.003#   0.004#   0.003#   0.019#   0.003#   0.002f

   S-matrix    4 =    0.99995   0.00068 for L=   24, J=   25.0 channel on core I =   2.0 from L=   24,  Acc. loss =  0.0 D.
 Elastic phase shift   4 =    0.019   0.001 deg. for the L =   24, J =   25.0 channel.
      25.0  0.99995471  0.00067812i: elastic S-matrix  @@      0.00  0   0 F  0
 Reaction Xsec    25.0+/24 @ 4 =   1.738/, Out:   0.000#   0.004#   0.006#   0.001#   0.020#   0.003#   0.002f

   S-matrix    5 =    0.99999  -0.00018 for L=   26, J=   25.0 channel on core I =   2.0 from L=   26,  Acc. loss =  0.0 D.
 Elastic phase shift   5 =   -0.005   0.000 deg. for the L =   26, J =   25.0 channel.
      25.0  0.99998694 -0.00018268i: elastic S-matrix  @@      0.00  0   0 F  0
 Reaction Xsec    25.0+/26 @ 5 =   0.503/, Out:   0.000#   0.000#   0.000#   0.000#   0.002#   0.000#   0.001f

   S-matrix    6 =    0.99999   0.00005 for L=   26, J=   26.0 channel on core I =   2.0 from L=   26,  Acc. loss =  0.0 D.
 Elastic phase shift   6 =    0.001   0.000 deg. for the L =   26, J =   26.0 channel.
      25.0  0.99998695  0.00004787i: elastic S-matrix  @@      0.00  0   0 F  0
 Reaction Xsec    25.0+/26 @ 6 =   0.503/, Out:   0.000#   0.000#   0.001#   0.001#   0.002#   0.000#   0.001f

   S-matrix    7 =    0.99999   0.00029 for L=   26, J=   27.0 channel on core I =   2.0 from L=   26,  Acc. loss =  0.0 D.
 Elastic phase shift   7 =    0.008   0.000 deg. for the L =   26, J =   27.0 channel.
      25.0  0.99998690  0.00028734i: elastic S-matrix  @@      0.00  0   0 F  0
 Reaction Xsec    25.0+/26 @ 7 =   0.503/, Out:   0.000#   0.001#   0.001#   0.001#   0.004#   0.000#   0.001f

   S-matrix    8 =    1.00000  -0.00009 for L=   28, J=   27.0 channel on core I =   2.0 from L=   28,  Acc. loss =  0.0 D.
 Elastic phase shift   8 =   -0.003   0.000 deg. for the L =   28, J =   27.0 channel.
      25.0  0.99999622 -0.00008869i: elastic S-matrix  @@      0.00  0   0 F  0
 Reaction Xsec    25.0+/28 @ 8 =   0.145/, Out:   0.000#   0.000#   0.000#   0.000#   0.000#   0.000#   0.000f


 Total SPIN, PARITY =    25.0 -,     29 chs,      0 cc.  Rmin & Coul turning =    2.0   10.9
   S-matrix    1 =    0.99992   0.00026 for L=   23, J=   23.0 channel on core I =   2.0 from L=   23,  Acc. loss =  0.0 D.
 Elastic phase shift   1 =    0.007   0.002 deg. for the L =   23, J =   23.0 channel.
      25.0  0.99991640  0.00025769i: elastic S-matrix  @@      0.00  0   0 F  0
 Reaction Xsec    25.0-/23 @ 1 =   3.222/, Out:   0.000#   0.010#   0.010#   0.006#   0.056#   0.011#   0.003f

   S-matrix    2 =    0.99992   0.00105 for L=   23, J=   24.0 channel on core I =   2.0 from L=   23,  Acc. loss =  0.0 D.
 Elastic phase shift   2 =    0.030   0.002 deg. for the L =   23, J =   24.0 channel.
      25.0  0.99991581  0.00104668i: elastic S-matrix  @@      0.00  0   0 F  0
 Reaction Xsec    25.0-/23 @ 2 =   3.225/, Out:   0.000#   0.006#   0.000#   0.006#   0.031#   0.013#   0.003f

   S-matrix    3 =    0.99998  -0.00026 for L=   25, J=   24.0 channel on core I =   2.0 from L=   25,  Acc. loss =  0.0 D.
 Elastic phase shift   3 =   -0.007   0.001 deg. for the L =   25, J =   24.0 channel.
      25.0  0.99997573 -0.00025863i: elastic S-matrix  @@      0.00  0   0 F  0
 Reaction Xsec    25.0-/25 @ 3 =   0.935/, Out:   0.000#   0.002#   0.003#   0.001#   0.009#   0.001#   0.001f

   S-matrix    4 =    0.99998   0.00008 for L=   25, J=   25.0 channel on core I =   2.0 from L=   25,  Acc. loss =  0.0 D.
 Elastic phase shift   4 =    0.002   0.001 deg. for the L =   25, J =   25.0 channel.
      25.0  0.99997575  0.00008416i: elastic S-matrix  @@      0.00  0   0 F  0
 Reaction Xsec    25.0-/25 @ 4 =   0.935/, Out:   0.000#   0.001#   0.002#   0.001#   0.006#   0.001#   0.001f

   S-matrix    5 =    0.99998   0.00044 for L=   25, J=   26.0 channel on core I =   2.0 from L=   25,  Acc. loss =  0.0 D.
 Elastic phase shift   5 =    0.013   0.001 deg. for the L =   25, J =   26.0 channel.
      25.0  0.99997564  0.00044077i: elastic S-matrix  @@      0.00  0   0 F  0
 Reaction Xsec    25.0-/25 @ 5 =   0.936/, Out:   0.000#   0.002#   0.004#   0.004#   0.010#   0.001#   0.001f

   S-matrix    6 =    0.99999  -0.00013 for L=   27, J=   26.0 channel on core I =   2.0 from L=   27,  Acc. loss =  0.0 D.
 Elastic phase shift   6 =   -0.004   0.000 deg. for the L =   27, J =   26.0 channel.
      25.0  0.99999297 -0.00012778i: elastic S-matrix  @@      0.00  0   0 F  0
 Reaction Xsec    25.0-/27 @ 6 =   0.271/, Out:   0.000#   0.000#   0.000#   0.000#   0.000#   0.000#   0.000f

   S-matrix    7 =    0.99999   0.00003 for L=   27, J=   27.0 channel on core I =   2.0 from L=   27,  Acc. loss =  0.0 D.
 Elastic phase shift   7 =    0.001   0.000 deg. for the L =   27, J =   27.0 channel.
      25.0  0.99999298  0.00002715i: elastic S-matrix  @@      0.00  0   0 F  0
 Reaction Xsec    25.0-/27 @ 7 =   0.271/, Out:   0.000#   0.000#   0.000#   0.000#   0.001#   0.000#   0.000f


 Total SPIN, PARITY =    26.0 +,     29 chs,      0 cc.  Rmin & Coul turning =    2.1   11.3
   S-matrix    1 =    0.99995   0.00015 for L=   24, J=   24.0 channel on core I =   2.0 from L=   24,  Acc. loss =  0.0 D.
 Elastic phase shift   1 =    0.004   0.001 deg. for the L =   24, J =   24.0 channel.
      26.0  0.99995496  0.00014746i: elastic S-matrix  @@      0.00  0   0 F  0
 Reaction Xsec    26.0+/24 @ 1 =   1.805/, Out:   0.000#   0.003#   0.004#   0.002#   0.019#   0.004#   0.002f

   S-matrix    2 =    0.99995   0.00068 for L=   24, J=   25.0 channel on core I =   2.0 from L=   24,  Acc. loss =  0.0 D.
 Elastic phase shift   2 =    0.019   0.001 deg. for the L =   24, J =   25.0 channel.
      26.0  0.99995471  0.00067812i: elastic S-matrix  @@      0.00  0   0 F  0
 Reaction Xsec    26.0+/24 @ 2 =   1.806/, Out:   0.000#   0.002#   0.000#   0.002#   0.011#   0.005#   0.002f

   S-matrix    3 =    0.99999  -0.00018 for L=   26, J=   25.0 channel on core I =   2.0 from L=   26,  Acc. loss =  0.0 D.
 Elastic phase shift   3 =   -0.005   0.000 deg. for the L =   26, J =   25.0 channel.
      26.0  0.99998694 -0.00018268i: elastic S-matrix  @@      0.00  0   0 F  0
 Reaction Xsec    26.0+/26 @ 3 =   0.523/, Out:   0.000#   0.001#   0.001#   0.000#   0.003#   0.000#   0.001f

   S-matrix    4 =    0.99999   0.00005 for L=   26, J=   26.0 channel on core I =   2.0 from L=   26,  Acc. loss =  0.0 D.
 Elastic phase shift   4 =    0.001   0.000 deg. for the L =   26, J =   26.0 channel.
      26.0  0.99998695  0.00004787i: elastic S-matrix  @@      0.00  0   0 F  0
 Reaction Xsec    26.0+/26 @ 4 =   0.523/, Out:   0.000#   0.000#   0.001#   0.000#   0.002#   0.000#   0.001f

   S-matrix    5 =    0.99999   0.00029 for L=   26, J=   27.0 channel on core I =   2.0 from L=   26,  Acc. loss =  0.0 D.
 Elastic phase shift   5 =    0.008   0.000 deg. for the L =   26, J =   27.0 channel.
      26.0  0.99998690  0.00028734i: elastic S-matrix  @@      0.00  0   0 F  0
 Reaction Xsec    26.0+/26 @ 5 =   0.523/, Out:   0.000#   0.001#   0.001#   0.001#   0.003#   0.000#   0.001f

   S-matrix    6 =    1.00000  -0.00009 for L=   28, J=   27.0 channel on core I =   2.0 from L=   28,  Acc. loss =  0.0 D.
 Elastic phase shift   6 =   -0.003   0.000 deg. for the L =   28, J =   27.0 channel.
      26.0  0.99999622 -0.00008869i: elastic S-matrix  @@      0.00  0   0 F  0
 Reaction Xsec    26.0+/28 @ 6 =   0.151/, Out:   0.000#   0.000#   0.000#   0.000#   0.000#   0.000#   0.000f

   S-matrix    7 =    1.00000   0.00002 for L=   28, J=   28.0 channel on core I =   2.0 from L=   28,  Acc. loss =  0.0 D.
 Elastic phase shift   7 =    0.000   0.000 deg. for the L =   28, J =   28.0 channel.
      26.0  0.99999623  0.00001534i: elastic S-matrix  @@      0.00  0   0 F  0
 Reaction Xsec    26.0+/28 @ 7 =   0.151/, Out:   0.000#   0.000#   0.000#   0.000#   0.000#   0.000#   0.000f


 Total SPIN, PARITY =    26.0 -,     30 chs,      0 cc.  Rmin & Coul turning =    2.1   11.3
   S-matrix    1 =    0.99992   0.00105 for L=   23, J=   24.0 channel on core I =   2.0 from L=   23,  Acc. loss =  0.0 D.
 Elastic phase shift   1 =    0.030   0.002 deg. for the L =   23, J =   24.0 channel.
      26.0  0.99991581  0.00104668i: elastic S-matrix  @@      0.00  0   0 F  0
 Reaction Xsec    26.0-/23 @ 1 =   3.352/, Out:   0.000#   0.000#   0.005#   0.002#   0.000#   0.018#   0.003f

   S-matrix    2 =    0.99998  -0.00026 for L=   25, J=   24.0 channel on core I =   2.0 from L=   25,  Acc. loss =  0.0 D.
 Elastic phase shift   2 =   -0.007   0.001 deg. for the L =   25, J =   24.0 channel.
      26.0  0.99997573 -0.00025863i: elastic S-matrix  @@      0.00  0   0 F  0
 Reaction Xsec    26.0-/25 @ 2 =   0.971/, Out:   0.000#   0.002#   0.002#   0.001#   0.013#   0.000#   0.001f

   S-matrix    3 =    0.99998   0.00008 for L=   25, J=   25.0 channel on core I =   2.0 from L=   25,  Acc. loss =  0.0 D.
 Elastic phase shift   3 =    0.002   0.001 deg. for the L =   25, J =   25.0 channel.
      26.0  0.99997575  0.00008416i: elastic S-matrix  @@      0.00  0   0 F  0
 Reaction Xsec    26.0-/25 @ 3 =   0.972/, Out:   0.000#   0.001#   0.001#   0.001#   0.006#   0.001#   0.001f

   S-matrix    4 =    0.99998   0.00044 for L=   25, J=   26.0 channel on core I =   2.0 from L=   25,  Acc. loss =  0.0 D.
 Elastic phase shift   4 =    0.013   0.001 deg. for the L =   25, J =   26.0 channel.
      26.0  0.99997564  0.00044077i: elastic S-matrix  @@      0.00  0   0 F  0
 Reaction Xsec    26.0-/25 @ 4 =   0.972/, Out:   0.000#   0.001#   0.002#   0.000#   0.007#   0.001#   0.001f

   S-matrix    5 =    0.99999  -0.00013 for L=   27, J=   26.0 channel on core I =   2.0 from L=   27,  Acc. loss =  0.0 D.
 Elastic phase shift   5 =   -0.004   0.000 deg. for the L =   27, J =   26.0 channel.
      26.0  0.99999297 -0.00012778i: elastic S-matrix  @@      0.00  0   0 F  0
 Reaction Xsec    26.0-/27 @ 5 =   0.281/, Out:   0.000#   0.000#   0.000#   0.000#   0.001#   0.000#   0.000f

   S-matrix    6 =    0.99999   0.00003 for L=   27, J=   27.0 channel on core I =   2.0 from L=   27,  Acc. loss =  0.0 D.
 Elastic phase shift   6 =    0.001   0.000 deg. for the L =   27, J =   27.0 channel.
      26.0  0.99999298  0.00002715i: elastic S-matrix  @@      0.00  0   0 F  0
 Reaction Xsec    26.0-/27 @ 6 =   0.281/, Out:   0.000#   0.000#   0.000#   0.000#   0.001#   0.000#   0.000f

   S-matrix    7 =    0.99999   0.00019 for L=   27, J=   28.0 channel on core I =   2.0 from L=   27,  Acc. loss =  0.0 D.
 Elastic phase shift   7 =    0.005   0.000 deg. for the L =   27, J =   28.0 channel.
      26.0  0.99999296  0.00018784i: elastic S-matrix  @@      0.00  0   0 F  0
 Reaction Xsec    26.0-/27 @ 7 =   0.281/, Out:   0.000#   0.000#   0.000#   0.000#   0.001#   0.000#   0.000f

   S-matrix    8 =    1.00000  -0.00006 for L=   29, J=   28.0 channel on core I =   2.0 from L=   29,  Acc. loss =  0.0 D.
 Elastic phase shift   8 =   -0.002   0.000 deg. for the L =   29, J =   28.0 channel.
      26.0  0.99999797 -0.00006118i: elastic S-matrix  @@      0.00  0   0 F  0
 Reaction Xsec    26.0-/29 @ 8 =   0.081/, Out:   0.000#   0.000#   0.000#   0.000#   0.000#   0.000#   0.000f


 Total SPIN, PARITY =    27.0 +,     30 chs,      0 cc.  Rmin & Coul turning =    2.1   11.7
   S-matrix    1 =    0.99995   0.00068 for L=   24, J=   25.0 channel on core I =   2.0 from L=   24,  Acc. loss =  0.0 D.
 Elastic phase shift   1 =    0.019   0.001 deg. for the L =   24, J =   25.0 channel.
      27.0  0.99995471  0.00067812i: elastic S-matrix  @@      0.00  0   0 F  0
 Reaction Xsec    27.0+/24 @ 1 =   1.874/, Out:   0.000#   0.000#   0.002#   0.001#   0.000#   0.006#   0.002f

   S-matrix    2 =    0.99999  -0.00018 for L=   26, J=   25.0 channel on core I =   2.0 from L=   26,  Acc. loss =  0.0 D.
 Elastic phase shift   2 =   -0.005   0.000 deg. for the L =   26, J =   25.0 channel.
      27.0  0.99998694 -0.00018268i: elastic S-matrix  @@      0.00  0   0 F  0
 Reaction Xsec    27.0+/26 @ 2 =   0.543/, Out:   0.000#   0.001#   0.001#   0.000#   0.004#   0.000#   0.001f

   S-matrix    3 =    0.99999   0.00005 for L=   26, J=   26.0 channel on core I =   2.0 from L=   26,  Acc. loss =  0.0 D.
 Elastic phase shift   3 =    0.001   0.000 deg. for the L =   26, J =   26.0 channel.
      27.0  0.99998695  0.00004787i: elastic S-matrix  @@      0.00  0   0 F  0
 Reaction Xsec    27.0+/26 @ 3 =   0.543/, Out:   0.000#   0.000#   0.000#   0.000#   0.002#   0.000#   0.001f

   S-matrix    4 =    0.99999   0.00029 for L=   26, J=   27.0 channel on core I =   2.0 from L=   26,  Acc. loss =  0.0 D.
 Elastic phase shift   4 =    0.008   0.000 deg. for the L =   26, J =   27.0 channel.
      27.0  0.99998690  0.00028734i: elastic S-matrix  @@      0.00  0   0 F  0
 Reaction Xsec    27.0+/26 @ 4 =   0.543/, Out:   0.000#   0.000#   0.001#   0.000#   0.002#   0.000#   0.001f

   S-matrix    5 =    1.00000  -0.00009 for L=   28, J=   27.0 channel on core I =   2.0 from L=   28,  Acc. loss =  0.0 D.
 Elastic phase shift   5 =   -0.003   0.000 deg. for the L =   28, J =   27.0 channel.
      27.0  0.99999622 -0.00008869i: elastic S-matrix  @@      0.00  0   0 F  0
 Reaction Xsec    27.0+/28 @ 5 =   0.157/, Out:   0.000#   0.000#   0.000#   0.000#   0.000#   0.000#   0.000f

   S-matrix    6 =    1.00000   0.00002 for L=   28, J=   28.0 channel on core I =   2.0 from L=   28,  Acc. loss =  0.0 D.
 Elastic phase shift   6 =    0.000   0.000 deg. for the L =   28, J =   28.0 channel.
      27.0  0.99999623  0.00001534i: elastic S-matrix  @@      0.00  0   0 F  0
 Reaction Xsec    27.0+/28 @ 6 =   0.157/, Out:   0.000#   0.000#   0.000#   0.000#   0.000#   0.000#   0.000f

   S-matrix    7 =    1.00000   0.00012 for L=   28, J=   29.0 channel on core I =   2.0 from L=   28,  Acc. loss =  0.0 D.
 Elastic phase shift   7 =    0.004   0.000 deg. for the L =   28, J =   29.0 channel.
      27.0  0.99999622  0.00012310i: elastic S-matrix  @@      0.00  0   0 F  0
 Reaction Xsec    27.0+/28 @ 7 =   0.157/, Out:   0.000#   0.000#   0.000#   0.000#   0.000#   0.000#   0.000f

   S-matrix    8 =    1.00000  -0.00004 for L=   30, J=   29.0 channel on core I =   2.0 from L=   30,  Acc. loss =  0.0 D.
 Elastic phase shift   8 =   -0.001   0.000 deg. for the L =   30, J =   29.0 channel.
      27.0  0.99999891 -0.00004198i: elastic S-matrix  @@      0.00  0   0 F  0
 Reaction Xsec    27.0+/30 @ 8 =   0.045/, Out:   0.000#   0.000#   0.000#   0.000#   0.000#   0.000#   0.000f


 Total SPIN, PARITY =    27.0 -,     29 chs,      0 cc.  Rmin & Coul turning =    2.1   11.7
   S-matrix    1 =    0.99998   0.00008 for L=   25, J=   25.0 channel on core I =   2.0 from L=   25,  Acc. loss =  0.0 D.
 Elastic phase shift   1 =    0.002   0.001 deg. for the L =   25, J =   25.0 channel.
      27.0  0.99997575  0.00008416i: elastic S-matrix  @@      0.00  0   0 F  0
 Reaction Xsec    27.0-/25 @ 1 =   1.008/, Out:   0.000#   0.001#   0.001#   0.001#   0.006#   0.001#   0.001f

   S-matrix    2 =    0.99998   0.00044 for L=   25, J=   26.0 channel on core I =   2.0 from L=   25,  Acc. loss =  0.0 D.
 Elastic phase shift   2 =    0.013   0.001 deg. for the L =   25, J =   26.0 channel.
      27.0  0.99997564  0.00044077i: elastic S-matrix  @@      0.00  0   0 F  0
 Reaction Xsec    27.0-/25 @ 2 =   1.009/, Out:   0.000#   0.001#   0.000#   0.001#   0.004#   0.002#   0.001f

   S-matrix    3 =    0.99999  -0.00013 for L=   27, J=   26.0 channel on core I =   2.0 from L=   27,  Acc. loss =  0.0 D.
 Elastic phase shift   3 =   -0.004   0.000 deg. for the L =   27, J =   26.0 channel.
      27.0  0.99999297 -0.00012778i: elastic S-matrix  @@      0.00  0   0 F  0
 Reaction Xsec    27.0-/27 @ 3 =   0.292/, Out:   0.000#   0.000#   0.000#   0.000#   0.001#   0.000#   0.000f

   S-matrix    4 =    0.99999   0.00003 for L=   27, J=   27.0 channel on core I =   2.0 from L=   27,  Acc. loss =  0.0 D.
 Elastic phase shift   4 =    0.001   0.000 deg. for the L =   27, J =   27.0 channel.
      27.0  0.99999298  0.00002715i: elastic S-matrix  @@      0.00  0   0 F  0
 Reaction Xsec    27.0-/27 @ 4 =   0.292/, Out:   0.000#   0.000#   0.000#   0.000#   0.001#   0.000#   0.000f

   S-matrix    5 =    0.99999   0.00019 for L=   27, J=   28.0 channel on core I =   2.0 from L=   27,  Acc. loss =  0.0 D.
 Elastic phase shift   5 =    0.005   0.000 deg. for the L =   27, J =   28.0 channel.
      27.0  0.99999296  0.00018784i: elastic S-matrix  @@      0.00  0   0 F  0
 Reaction Xsec    27.0-/27 @ 5 =   0.292/, Out:   0.000#   0.000#   0.000#   0.000#   0.001#   0.000#   0.000f

   S-matrix    6 =    1.00000  -0.00006 for L=   29, J=   28.0 channel on core I =   2.0 from L=   29,  Acc. loss =  0.0 D.
 Elastic phase shift   6 =   -0.002   0.000 deg. for the L =   29, J =   28.0 channel.
      27.0  0.99999797 -0.00006118i: elastic S-matrix  @@      0.00  0   0 F  0
 Reaction Xsec    27.0-/29 @ 6 =   0.084/, Out:   0.000#   0.000#   0.000#   0.000#   0.000#   0.000#   0.000f

   S-matrix    7 =    1.00000   0.00001 for L=   29, J=   29.0 channel on core I =   2.0 from L=   29,  Acc. loss =  0.0 D.
 Elastic phase shift   7 =    0.000   0.000 deg. for the L =   29, J =   29.0 channel.
      27.0  0.99999797  0.00000862i: elastic S-matrix  @@      0.00  0   0 F  0
 Reaction Xsec    27.0-/29 @ 7 =   0.084/, Out:   0.000#   0.000#   0.000#   0.000#   0.000#   0.000#   0.000f


 Total SPIN, PARITY =    28.0 +,     29 chs,      0 cc.  Rmin & Coul turning =    2.2   12.1
   S-matrix    1 =    0.99999   0.00005 for L=   26, J=   26.0 channel on core I =   2.0 from L=   26,  Acc. loss =  0.0 D.
 Elastic phase shift   1 =    0.001   0.000 deg. for the L =   26, J =   26.0 channel.
      28.0  0.99998695  0.00004787i: elastic S-matrix  @@      0.00  0   0 F  0
 Reaction Xsec    28.0+/26 @ 1 =   0.562/, Out:   0.000#   0.000#   0.000#   0.000#   0.002#   0.000#   0.001f

   S-matrix    2 =    0.99999   0.00029 for L=   26, J=   27.0 channel on core I =   2.0 from L=   26,  Acc. loss =  0.0 D.
 Elastic phase shift   2 =    0.008   0.000 deg. for the L =   26, J =   27.0 channel.
      28.0  0.99998690  0.00028734i: elastic S-matrix  @@      0.00  0   0 F  0
 Reaction Xsec    28.0+/26 @ 2 =   0.563/, Out:   0.000#   0.000#   0.000#   0.000#   0.001#   0.001#   0.001f

   S-matrix    3 =    1.00000  -0.00009 for L=   28, J=   27.0 channel on core I =   2.0 from L=   28,  Acc. loss =  0.0 D.
 Elastic phase shift   3 =   -0.003   0.000 deg. for the L =   28, J =   27.0 channel.
      28.0  0.99999622 -0.00008869i: elastic S-matrix  @@      0.00  0   0 F  0
 Reaction Xsec    28.0+/28 @ 3 =   0.163/, Out:   0.000#   0.000#   0.000#   0.000#   0.000#   0.000#   0.000f

   S-matrix    4 =    1.00000   0.00002 for L=   28, J=   28.0 channel on core I =   2.0 from L=   28,  Acc. loss =  0.0 D.
 Elastic phase shift   4 =    0.000   0.000 deg. for the L =   28, J =   28.0 channel.
      28.0  0.99999623  0.00001534i: elastic S-matrix  @@      0.00  0   0 F  0
 Reaction Xsec    28.0+/28 @ 4 =   0.163/, Out:   0.000#   0.000#   0.000#   0.000#   0.000#   0.000#   0.000f

   S-matrix    5 =    1.00000   0.00012 for L=   28, J=   29.0 channel on core I =   2.0 from L=   28,  Acc. loss =  0.0 D.
 Elastic phase shift   5 =    0.004   0.000 deg. for the L =   28, J =   29.0 channel.
      28.0  0.99999622  0.00012310i: elastic S-matrix  @@      0.00  0   0 F  0
 Reaction Xsec    28.0+/28 @ 5 =   0.163/, Out:   0.000#   0.000#   0.000#   0.000#   0.000#   0.000#   0.000f

   S-matrix    6 =    1.00000  -0.00004 for L=   30, J=   29.0 channel on core I =   2.0 from L=   30,  Acc. loss =  0.0 D.
 Elastic phase shift   6 =   -0.001   0.000 deg. for the L =   30, J =   29.0 channel.
      28.0  0.99999891 -0.00004198i: elastic S-matrix  @@      0.00  0   0 F  0
 Reaction Xsec    28.0+/30 @ 6 =   0.047/, Out:   0.000#   0.000#   0.000#   0.000#   0.000#   0.000#   0.000f

   S-matrix    7 =    1.00000   0.00000 for L=   30, J=   30.0 channel on core I =   2.0 from L=   30,  Acc. loss =  0.0 D.
 Elastic phase shift   7 =    0.000   0.000 deg. for the L =   30, J =   30.0 channel.
      28.0  0.99999891  0.00000484i: elastic S-matrix  @@      0.00  0   0 F  0
 Reaction Xsec    28.0+/30 @ 7 =   0.047/, Out:   0.000#   0.000#   0.000#   0.000#   0.000#   0.000#   0.000f


 Total SPIN, PARITY =    28.0 -,     30 chs,      0 cc.  Rmin & Coul turning =    2.2   12.1
   S-matrix    1 =    0.99998   0.00044 for L=   25, J=   26.0 channel on core I =   2.0 from L=   25,  Acc. loss =  0.0 D.
 Elastic phase shift   1 =    0.013   0.001 deg. for the L =   25, J =   26.0 channel.
      28.0  0.99997564  0.00044077i: elastic S-matrix  @@      0.00  0   0 F  0
 Reaction Xsec    28.0-/25 @ 1 =   1.046/, Out:   0.000#   0.000#   0.001#   0.000#   0.000#   0.002#   0.001f

   S-matrix    2 =    0.99999  -0.00013 for L=   27, J=   26.0 channel on core I =   2.0 from L=   27,  Acc. loss =  0.0 D.
 Elastic phase shift   2 =   -0.004   0.000 deg. for the L =   27, J =   26.0 channel.
      28.0  0.99999297 -0.00012778i: elastic S-matrix  @@      0.00  0   0 F  0
 Reaction Xsec    28.0-/27 @ 2 =   0.302/, Out:   0.000#   0.000#   0.000#   0.000#   0.001#   0.000#   0.000f

   S-matrix    3 =    0.99999   0.00003 for L=   27, J=   27.0 channel on core I =   2.0 from L=   27,  Acc. loss =  0.0 D.
 Elastic phase shift   3 =    0.001   0.000 deg. for the L =   27, J =   27.0 channel.
      28.0  0.99999298  0.00002715i: elastic S-matrix  @@      0.00  0   0 F  0
 Reaction Xsec    28.0-/27 @ 3 =   0.302/, Out:   0.000#   0.000#   0.000#   0.000#   0.001#   0.000#   0.000f

   S-matrix    4 =    0.99999   0.00019 for L=   27, J=   28.0 channel on core I =   2.0 from L=   27,  Acc. loss =  0.0 D.
 Elastic phase shift   4 =    0.005   0.000 deg. for the L =   27, J =   28.0 channel.
      28.0  0.99999296  0.00018784i: elastic S-matrix  @@      0.00  0   0 F  0
 Reaction Xsec    28.0-/27 @ 4 =   0.303/, Out:   0.000#   0.000#   0.000#   0.000#   0.001#   0.000#   0.000f

   S-matrix    5 =    1.00000  -0.00006 for L=   29, J=   28.0 channel on core I =   2.0 from L=   29,  Acc. loss =  0.0 D.
 Elastic phase shift   5 =   -0.002   0.000 deg. for the L =   29, J =   28.0 channel.
      28.0  0.99999797 -0.00006118i: elastic S-matrix  @@      0.00  0   0 F  0
 Reaction Xsec    28.0-/29 @ 5 =   0.087/, Out:   0.000#   0.000#   0.000#   0.000#   0.000#   0.000#   0.000f

   S-matrix    6 =    1.00000   0.00001 for L=   29, J=   29.0 channel on core I =   2.0 from L=   29,  Acc. loss =  0.0 D.
 Elastic phase shift   6 =    0.000   0.000 deg. for the L =   29, J =   29.0 channel.
      28.0  0.99999797  0.00000862i: elastic S-matrix  @@      0.00  0   0 F  0
 Reaction Xsec    28.0-/29 @ 6 =   0.087/, Out:   0.000#   0.000#   0.000#   0.000#   0.000#   0.000#   0.000f

   S-matrix    7 =    1.00000   0.00008 for L=   29, J=   30.0 channel on core I =   2.0 from L=   29,  Acc. loss =  0.0 D.
 Elastic phase shift   7 =    0.002   0.000 deg. for the L =   29, J =   30.0 channel.
      28.0  0.99999797  0.00008084i: elastic S-matrix  @@      0.00  0   0 F  0
 Reaction Xsec    28.0-/29 @ 7 =   0.087/, Out:   0.000#   0.000#   0.000#   0.000#   0.000#   0.000#   0.000f

   S-matrix    8 =    1.00000  -0.00003 for L=   31, J=   30.0 channel on core I =   2.0 from L=   31,  Acc. loss =  0.0 D.
 Elastic phase shift   8 =   -0.001   0.000 deg. for the L =   31, J =   30.0 channel.
      28.0  0.99999942 -0.00002867i: elastic S-matrix  @@      0.00  0   0 F  0
 Reaction Xsec    28.0-/31 @ 8 =   0.025/, Out:   0.000#   0.000#   0.000#   0.000#   0.000#   0.000#   0.000f


 Total SPIN, PARITY =    29.0 +,     30 chs,      0 cc.  Rmin & Coul turning =    2.3   12.6
   S-matrix    1 =    0.99999   0.00029 for L=   26, J=   27.0 channel on core I =   2.0 from L=   26,  Acc. loss =  0.0 D.
 Elastic phase shift   1 =    0.008   0.000 deg. for the L =   26, J =   27.0 channel.
      29.0  0.99998690  0.00028734i: elastic S-matrix  @@      0.00  0   0 F  0
 Reaction Xsec    29.0+/26 @ 1 =   0.582/, Out:   0.000#   0.000#   0.000#   0.000#   0.000#   0.001#   0.001f

   S-matrix    2 =    1.00000  -0.00009 for L=   28, J=   27.0 channel on core I =   2.0 from L=   28,  Acc. loss =  0.0 D.
 Elastic phase shift   2 =   -0.003   0.000 deg. for the L =   28, J =   27.0 channel.
      29.0  0.99999622 -0.00008869i: elastic S-matrix  @@      0.00  0   0 F  0
 Reaction Xsec    29.0+/28 @ 2 =   0.168/, Out:   0.000#   0.000#   0.000#   0.000#   0.000#   0.000#   0.000f

   S-matrix    3 =    1.00000   0.00002 for L=   28, J=   28.0 channel on core I =   2.0 from L=   28,  Acc. loss =  0.0 D.
 Elastic phase shift   3 =    0.000   0.000 deg. for the L =   28, J =   28.0 channel.
      29.0  0.99999623  0.00001534i: elastic S-matrix  @@      0.00  0   0 F  0
 Reaction Xsec    29.0+/28 @ 3 =   0.168/, Out:   0.000#   0.000#   0.000#   0.000#   0.000#   0.000#   0.000f

   S-matrix    4 =    1.00000   0.00012 for L=   28, J=   29.0 channel on core I =   2.0 from L=   28,  Acc. loss =  0.0 D.
 Elastic phase shift   4 =    0.004   0.000 deg. for the L =   28, J =   29.0 channel.
      29.0  0.99999622  0.00012310i: elastic S-matrix  @@      0.00  0   0 F  0
 Reaction Xsec    29.0+/28 @ 4 =   0.168/, Out:   0.000#   0.000#   0.000#   0.000#   0.000#   0.000#   0.000f

   S-matrix    5 =    1.00000  -0.00004 for L=   30, J=   29.0 channel on core I =   2.0 from L=   30,  Acc. loss =  0.0 D.
 Elastic phase shift   5 =   -0.001   0.000 deg. for the L =   30, J =   29.0 channel.
      29.0  0.99999891 -0.00004198i: elastic S-matrix  @@      0.00  0   0 F  0
 Reaction Xsec    29.0+/30 @ 5 =   0.049/, Out:   0.000#   0.000#   0.000#   0.000#   0.000#   0.000#   0.000f

   S-matrix    6 =    1.00000   0.00000 for L=   30, J=   30.0 channel on core I =   2.0 from L=   30,  Acc. loss =  0.0 D.
 Elastic phase shift   6 =    0.000   0.000 deg. for the L =   30, J =   30.0 channel.
      29.0  0.99999891  0.00000484i: elastic S-matrix  @@      0.00  0   0 F  0
 Reaction Xsec    29.0+/30 @ 6 =   0.049/, Out:   0.000#   0.000#   0.000#   0.000#   0.000#   0.000#   0.000f

   S-matrix    7 =    1.00000   0.00005 for L=   30, J=   31.0 channel on core I =   2.0 from L=   30,  Acc. loss =  0.0 D.
 Elastic phase shift   7 =    0.002   0.000 deg. for the L =   30, J =   31.0 channel.
      29.0  0.99999891  0.00005321i: elastic S-matrix  @@      0.00  0   0 F  0
 Reaction Xsec    29.0+/30 @ 7 =   0.049/, Out:   0.000#   0.000#   0.000#   0.000#   0.000#   0.000#   0.000f

   S-matrix    8 =    1.00000  -0.00002 for L=   32, J=   31.0 channel on core I =   2.0 from L=   32,  Acc. loss =  0.0 D.
 Elastic phase shift   8 =   -0.001   0.000 deg. for the L =   32, J =   31.0 channel.
      29.0  0.99999969 -0.00001953i: elastic S-matrix  @@      0.00  0   0 F  0
 Reaction Xsec    29.0+/32 @ 8 =   0.014/, Out:   0.000#   0.000#   0.000#   0.000#   0.000#   0.000#   0.000f


 Total SPIN, PARITY =    29.0 -,     29 chs,      0 cc.  Rmin & Coul turning =    2.3   12.6
   S-matrix    1 =    0.99999   0.00003 for L=   27, J=   27.0 channel on core I =   2.0 from L=   27,  Acc. loss =  0.0 D.
 Elastic phase shift   1 =    0.001   0.000 deg. for the L =   27, J =   27.0 channel.
      29.0  0.99999298  0.00002715i: elastic S-matrix  @@      0.00  0   0 F  0
 Reaction Xsec    29.0-/27 @ 1 =   0.313/, Out:   0.000#   0.000#   0.000#   0.000#   0.001#   0.000#   0.000f

   S-matrix    2 =    0.99999   0.00019 for L=   27, J=   28.0 channel on core I =   2.0 from L=   27,  Acc. loss =  0.0 D.
 Elastic phase shift   2 =    0.005   0.000 deg. for the L =   27, J =   28.0 channel.
      29.0  0.99999296  0.00018784i: elastic S-matrix  @@      0.00  0   0 F  0
 Reaction Xsec    29.0-/27 @ 2 =   0.313/, Out:   0.000#   0.000#   0.000#   0.000#   0.000#   0.000#   0.000f

   S-matrix    3 =    1.00000  -0.00006 for L=   29, J=   28.0 channel on core I =   2.0 from L=   29,  Acc. loss =  0.0 D.
 Elastic phase shift   3 =   -0.002   0.000 deg. for the L =   29, J =   28.0 channel.
      29.0  0.99999797 -0.00006118i: elastic S-matrix  @@      0.00  0   0 F  0
 Reaction Xsec    29.0-/29 @ 3 =   0.090/, Out:   0.000#   0.000#   0.000#   0.000#   0.000#   0.000#   0.000f

   S-matrix    4 =    1.00000   0.00001 for L=   29, J=   29.0 channel on core I =   2.0 from L=   29,  Acc. loss =  0.0 D.
 Elastic phase shift   4 =    0.000   0.000 deg. for the L =   29, J =   29.0 channel.
      29.0  0.99999797  0.00000862i: elastic S-matrix  @@      0.00  0   0 F  0
 Reaction Xsec    29.0-/29 @ 4 =   0.090/, Out:   0.000#   0.000#   0.000#   0.000#   0.000#   0.000#   0.000f

   S-matrix    5 =    1.00000   0.00008 for L=   29, J=   30.0 channel on core I =   2.0 from L=   29,  Acc. loss =  0.0 D.
 Elastic phase shift   5 =    0.002   0.000 deg. for the L =   29, J =   30.0 channel.
      29.0  0.99999797  0.00008084i: elastic S-matrix  @@      0.00  0   0 F  0
 Reaction Xsec    29.0-/29 @ 5 =   0.090/, Out:   0.000#   0.000#   0.000#   0.000#   0.000#   0.000#   0.000f

   S-matrix    6 =    1.00000  -0.00003 for L=   31, J=   30.0 channel on core I =   2.0 from L=   31,  Acc. loss =  0.0 D.
 Elastic phase shift   6 =   -0.001   0.000 deg. for the L =   31, J =   30.0 channel.
      29.0  0.99999942 -0.00002867i: elastic S-matrix  @@      0.00  0   0 F  0
 Reaction Xsec    29.0-/31 @ 6 =   0.026/, Out:   0.000#   0.000#   0.000#   0.000#   0.000#   0.000#   0.000f

   S-matrix    7 =    1.00000   0.00000 for L=   31, J=   31.0 channel on core I =   2.0 from L=   31,  Acc. loss =  0.0 D.
 Elastic phase shift   7 =    0.000   0.000 deg. for the L =   31, J =   31.0 channel.
      29.0  0.99999942  0.00000270i: elastic S-matrix  @@      0.00  0   0 F  0
 Reaction Xsec    29.0-/31 @ 7 =   0.026/, Out:   0.000#   0.000#   0.000#   0.000#   0.000#   0.000#   0.000f


 Total SPIN, PARITY =    30.0 +,     29 chs,      0 cc.  Rmin & Coul turning =    2.4   13.0
   S-matrix    1 =    1.00000   0.00002 for L=   28, J=   28.0 channel on core I =   2.0 from L=   28,  Acc. loss =  0.0 D.
 Elastic phase shift   1 =    0.000   0.000 deg. for the L =   28, J =   28.0 channel.
      30.0  0.99999623  0.00001534i: elastic S-matrix  @@      0.00  0   0 F  0
 Reaction Xsec    30.0+/28 @ 1 =   0.174/, Out:   0.000#   0.000#   0.000#   0.000#   0.000#   0.000#   0.000f

   S-matrix    2 =    1.00000   0.00012 for L=   28, J=   29.0 channel on core I =   2.0 from L=   28,  Acc. loss =  0.0 D.
 Elastic phase shift   2 =    0.004   0.000 deg. for the L =   28, J =   29.0 channel.
      30.0  0.99999622  0.00012310i: elastic S-matrix  @@      0.00  0   0 F  0
 Reaction Xsec    30.0+/28 @ 2 =   0.174/, Out:   0.000#   0.000#   0.000#   0.000#   0.000#   0.000#   0.000f

   S-matrix    3 =    1.00000  -0.00004 for L=   30, J=   29.0 channel on core I =   2.0 from L=   30,  Acc. loss =  0.0 D.
 Elastic phase shift   3 =   -0.001   0.000 deg. for the L =   30, J =   29.0 channel.
      30.0  0.99999891 -0.00004198i: elastic S-matrix  @@      0.00  0   0 F  0
 Reaction Xsec    30.0+/30 @ 3 =   0.050/, Out:   0.000#   0.000#   0.000#   0.000#   0.000#   0.000#   0.000f

   S-matrix    4 =    1.00000   0.00000 for L=   30, J=   30.0 channel on core I =   2.0 from L=   30,  Acc. loss =  0.0 D.
 Elastic phase shift   4 =    0.000   0.000 deg. for the L =   30, J =   30.0 channel.
      30.0  0.99999891  0.00000484i: elastic S-matrix  @@      0.00  0   0 F  0
 Reaction Xsec    30.0+/30 @ 4 =   0.050/, Out:   0.000#   0.000#   0.000#   0.000#   0.000#   0.000#   0.000f

   S-matrix    5 =    1.00000   0.00005 for L=   30, J=   31.0 channel on core I =   2.0 from L=   30,  Acc. loss =  0.0 D.
 Elastic phase shift   5 =    0.002   0.000 deg. for the L =   30, J =   31.0 channel.
      30.0  0.99999891  0.00005321i: elastic S-matrix  @@      0.00  0   0 F  0
 Reaction Xsec    30.0+/30 @ 5 =   0.050/, Out:   0.000#   0.000#   0.000#   0.000#   0.000#   0.000#   0.000f

   S-matrix    6 =    1.00000  -0.00002 for L=   32, J=   31.0 channel on core I =   2.0 from L=   32,  Acc. loss =  0.0 D.
 Elastic phase shift   6 =   -0.001   0.000 deg. for the L =   32, J =   31.0 channel.
      30.0  0.99999969 -0.00001953i: elastic S-matrix  @@      0.00  0   0 F  0
 Reaction Xsec    30.0+/32 @ 6 =   0.014/, Out:   0.000#   0.000#   0.000#   0.000#   0.000#   0.000#   0.000f

   S-matrix    7 =    1.00000   0.00000 for L=   32, J=   32.0 channel on core I =   2.0 from L=   32,  Acc. loss =  0.0 D.
 Elastic phase shift   7 =    0.000   0.000 deg. for the L =   32, J =   32.0 channel.
      30.0  0.99999969  0.00000148i: elastic S-matrix  @@      0.00  0   0 F  0
 Reaction Xsec    30.0+/32 @ 7 =   0.014/, Out:   0.000#   0.000#   0.000#   0.000#   0.000#   0.000#   0.000f


 Total SPIN, PARITY =    30.0 -,     30 chs,      0 cc.  Rmin & Coul turning =    2.4   13.0
   S-matrix    1 =    0.99999   0.00019 for L=   27, J=   28.0 channel on core I =   2.0 from L=   27,  Acc. loss =  0.0 D.
 Elastic phase shift   1 =    0.005   0.000 deg. for the L =   27, J =   28.0 channel.
      30.0  0.99999296  0.00018784i: elastic S-matrix  @@      0.00  0   0 F  0
 Reaction Xsec    30.0-/27 @ 1 =   0.324/, Out:   0.000#   0.000#   0.000#   0.000#   0.000#   0.000#   0.000f

   S-matrix    2 =    1.00000  -0.00006 for L=   29, J=   28.0 channel on core I =   2.0 from L=   29,  Acc. loss =  0.0 D.
 Elastic phase shift   2 =   -0.002   0.000 deg. for the L =   29, J =   28.0 channel.
      30.0  0.99999797 -0.00006118i: elastic S-matrix  @@      0.00  0   0 F  0
 Reaction Xsec    30.0-/29 @ 2 =   0.093/, Out:   0.000#   0.000#   0.000#   0.000#   0.000#   0.000#   0.000f

   S-matrix    3 =    1.00000   0.00001 for L=   29, J=   29.0 channel on core I =   2.0 from L=   29,  Acc. loss =  0.0 D.
 Elastic phase shift   3 =    0.000   0.000 deg. for the L =   29, J =   29.0 channel.
      30.0  0.99999797  0.00000862i: elastic S-matrix  @@      0.00  0   0 F  0
 Reaction Xsec    30.0-/29 @ 3 =   0.093/, Out:   0.000#   0.000#   0.000#   0.000#   0.000#   0.000#   0.000f

   S-matrix    4 =    1.00000   0.00008 for L=   29, J=   30.0 channel on core I =   2.0 from L=   29,  Acc. loss =  0.0 D.
 Elastic phase shift   4 =    0.002   0.000 deg. for the L =   29, J =   30.0 channel.
      30.0  0.99999797  0.00008084i: elastic S-matrix  @@      0.00  0   0 F  0
 Reaction Xsec    30.0-/29 @ 4 =   0.093/, Out:   0.000#   0.000#   0.000#   0.000#   0.000#   0.000#   0.000f

   S-matrix    5 =    1.00000  -0.00003 for L=   31, J=   30.0 channel on core I =   2.0 from L=   31,  Acc. loss =  0.0 D.
 Elastic phase shift   5 =   -0.001   0.000 deg. for the L =   31, J =   30.0 channel.
      30.0  0.99999942 -0.00002867i: elastic S-matrix  @@      0.00  0   0 F  0
 Reaction Xsec    30.0-/31 @ 5 =   0.027/, Out:   0.000#   0.000#   0.000#   0.000#   0.000#   0.000#   0.000f

   S-matrix    6 =    1.00000   0.00000 for L=   31, J=   31.0 channel on core I =   2.0 from L=   31,  Acc. loss =  0.0 D.
 Elastic phase shift   6 =    0.000   0.000 deg. for the L =   31, J =   31.0 channel.
      30.0  0.99999942  0.00000270i: elastic S-matrix  @@      0.00  0   0 F  0
 Reaction Xsec    30.0-/31 @ 6 =   0.027/, Out:   0.000#   0.000#   0.000#   0.000#   0.000#   0.000#   0.000f

   S-matrix    7 =    1.00000   0.00004 for L=   31, J=   32.0 channel on core I =   2.0 from L=   31,  Acc. loss =  0.0 D.
 Elastic phase shift   7 =    0.001   0.000 deg. for the L =   31, J =   32.0 channel.
      30.0  0.99999942  0.00003508i: elastic S-matrix  @@      0.00  0   0 F  0
 Reaction Xsec    30.0-/31 @ 7 =   0.027/, Out:   0.000#   0.000#   0.000#   0.000#   0.000#   0.000#   0.000f

   S-matrix    8 =    1.00000  -0.00001 for L=   33, J=   32.0 channel on core I =   2.0 from L=   33,  Acc. loss =  0.0 D.
 Elastic phase shift   8 =   -0.000   0.000 deg. for the L =   33, J =   32.0 channel.
      30.0  0.99999983 -0.00001325i: elastic S-matrix  @@      0.00  0   0 F  0
 Reaction Xsec    30.0-/33 @ 8 =   7.747#, Out:   0.000#   0.000#   0.000#   0.000#   0.000#   0.000#   0.000f


 Total SPIN, PARITY =    31.0 +,     30 chs,      0 cc.  Rmin & Coul turning =    2.5   13.4
   S-matrix    1 =    1.00000   0.00012 for L=   28, J=   29.0 channel on core I =   2.0 from L=   28,  Acc. loss =  0.0 D.
 Elastic phase shift   1 =    0.004   0.000 deg. for the L =   28, J =   29.0 channel.
      31.0  0.99999622  0.00012310i: elastic S-matrix  @@      0.00  0   0 F  0
 Reaction Xsec    31.0+/28 @ 1 =   0.180/, Out:   0.000#   0.000#   0.000#   0.000#   0.000#   0.000#   0.000f

   S-matrix    2 =    1.00000  -0.00004 for L=   30, J=   29.0 channel on core I =   2.0 from L=   30,  Acc. loss =  0.0 D.
 Elastic phase shift   2 =   -0.001   0.000 deg. for the L =   30, J =   29.0 channel.
      31.0  0.99999891 -0.00004198i: elastic S-matrix  @@      0.00  0   0 F  0
 Reaction Xsec    31.0+/30 @ 2 =   0.052/, Out:   0.000#   0.000#   0.000#   0.000#   0.000#   0.000#   0.000f

   S-matrix    3 =    1.00000   0.00000 for L=   30, J=   30.0 channel on core I =   2.0 from L=   30,  Acc. loss =  0.0 D.
 Elastic phase shift   3 =    0.000   0.000 deg. for the L =   30, J =   30.0 channel.
      31.0  0.99999891  0.00000484i: elastic S-matrix  @@      0.00  0   0 F  0
 Reaction Xsec    31.0+/30 @ 3 =   0.052/, Out:   0.000#   0.000#   0.000#   0.000#   0.000#   0.000#   0.000f

   S-matrix    4 =    1.00000   0.00005 for L=   30, J=   31.0 channel on core I =   2.0 from L=   30,  Acc. loss =  0.0 D.
 Elastic phase shift   4 =    0.002   0.000 deg. for the L =   30, J =   31.0 channel.
      31.0  0.99999891  0.00005321i: elastic S-matrix  @@      0.00  0   0 F  0
 Reaction Xsec    31.0+/30 @ 4 =   0.052/, Out:   0.000#   0.000#   0.000#   0.000#   0.000#   0.000#   0.000f

   S-matrix    5 =    1.00000  -0.00002 for L=   32, J=   31.0 channel on core I =   2.0 from L=   32,  Acc. loss =  0.0 D.
 Elastic phase shift   5 =   -0.001   0.000 deg. for the L =   32, J =   31.0 channel.
      31.0  0.99999969 -0.00001953i: elastic S-matrix  @@      0.00  0   0 F  0
 Reaction Xsec    31.0+/32 @ 5 =   0.015/, Out:   0.000#   0.000#   0.000#   0.000#   0.000#   0.000#   0.000f

   S-matrix    6 =    1.00000   0.00000 for L=   32, J=   32.0 channel on core I =   2.0 from L=   32,  Acc. loss =  0.0 D.
 Elastic phase shift   6 =    0.000   0.000 deg. for the L =   32, J =   32.0 channel.
      31.0  0.99999969  0.00000148i: elastic S-matrix  @@      0.00  0   0 F  0
 Reaction Xsec    31.0+/32 @ 6 =   0.015/, Out:   0.000#   0.000#   0.000#   0.000#   0.000#   0.000#   0.000f

   S-matrix    7 =    1.00000   0.00002 for L=   32, J=   33.0 channel on core I =   2.0 from L=   32,  Acc. loss =  0.0 D.
 Elastic phase shift   7 =    0.001   0.000 deg. for the L =   32, J =   33.0 channel.
      31.0  0.99999969  0.00002315i: elastic S-matrix  @@      0.00  0   0 F  0
 Reaction Xsec    31.0+/32 @ 7 =   0.015/, Out:   0.000#   0.000#   0.000#   0.000#   0.000#   0.000#   0.000f

   S-matrix    8 =    1.00000  -0.00001 for L=   34, J=   33.0 channel on core I =   2.0 from L=   34,  Acc. loss =  0.0 D.
 Elastic phase shift   8 =   -0.000   0.000 deg. for the L =   34, J =   33.0 channel.
      31.0  0.99999991 -0.00000896i: elastic S-matrix  @@      0.00  0   0 F  0
 Reaction Xsec    31.0+/34 @ 8 =   4.288#, Out:   0.000#   0.000#   0.000#   0.000#   0.000#   0.000#   0.000f


 Total SPIN, PARITY =    31.0 -,     29 chs,      0 cc.  Rmin & Coul turning =    2.5   13.4
   S-matrix    1 =    1.00000   0.00001 for L=   29, J=   29.0 channel on core I =   2.0 from L=   29,  Acc. loss =  0.0 D.
 Elastic phase shift   1 =    0.000   0.000 deg. for the L =   29, J =   29.0 channel.
      31.0  0.99999797  0.00000862i: elastic S-matrix  @@      0.00  0   0 F  0
 Reaction Xsec    31.0-/29 @ 1 =   0.097/, Out:   0.000#   0.000#   0.000#   0.000#   0.000#   0.000#   0.000f

   S-matrix    2 =    1.00000   0.00008 for L=   29, J=   30.0 channel on core I =   2.0 from L=   29,  Acc. loss =  0.0 D.
 Elastic phase shift   2 =    0.002   0.000 deg. for the L =   29, J =   30.0 channel.
      31.0  0.99999797  0.00008084i: elastic S-matrix  @@      0.00  0   0 F  0
 Reaction Xsec    31.0-/29 @ 2 =   0.097/, Out:   0.000#   0.000#   0.000#   0.000#   0.000#   0.000#   0.000f

   S-matrix    3 =    1.00000  -0.00003 for L=   31, J=   30.0 channel on core I =   2.0 from L=   31,  Acc. loss =  0.0 D.
 Elastic phase shift   3 =   -0.001   0.000 deg. for the L =   31, J =   30.0 channel.
      31.0  0.99999942 -0.00002867i: elastic S-matrix  @@      0.00  0   0 F  0
 Reaction Xsec    31.0-/31 @ 3 =   0.028/, Out:   0.000#   0.000#   0.000#   0.000#   0.000#   0.000#   0.000f

   S-matrix    4 =    1.00000   0.00000 for L=   31, J=   31.0 channel on core I =   2.0 from L=   31,  Acc. loss =  0.0 D.
 Elastic phase shift   4 =    0.000   0.000 deg. for the L =   31, J =   31.0 channel.
      31.0  0.99999942  0.00000270i: elastic S-matrix  @@      0.00  0   0 F  0
 Reaction Xsec    31.0-/31 @ 4 =   0.028/, Out:   0.000#   0.000#   0.000#   0.000#   0.000#   0.000#   0.000f

   S-matrix    5 =    1.00000   0.00004 for L=   31, J=   32.0 channel on core I =   2.0 from L=   31,  Acc. loss =  0.0 D.
 Elastic phase shift   5 =    0.001   0.000 deg. for the L =   31, J =   32.0 channel.
      31.0  0.99999942  0.00003508i: elastic S-matrix  @@      0.00  0   0 F  0
 Reaction Xsec    31.0-/31 @ 5 =   0.028/, Out:   0.000#   0.000#   0.000#   0.000#   0.000#   0.000#   0.000f

   S-matrix    6 =    1.00000  -0.00001 for L=   33, J=   32.0 channel on core I =   2.0 from L=   33,  Acc. loss =  0.0 D.
 Elastic phase shift   6 =   -0.000   0.000 deg. for the L =   33, J =   32.0 channel.
      31.0  0.99999983 -0.00001325i: elastic S-matrix  @@      0.00  0   0 F  0
 Reaction Xsec    31.0-/33 @ 6 =   8.001#, Out:   0.000#   0.000#   0.000#   0.000#   0.000#   0.000#   0.000f

   S-matrix    7 =    1.00000   0.00000 for L=   33, J=   33.0 channel on core I =   2.0 from L=   33,  Acc. loss =  0.0 D.
 Elastic phase shift   7 =    0.000   0.000 deg. for the L =   33, J =   33.0 channel.
      31.0  0.99999983  0.00000082i: elastic S-matrix  @@      0.00  0   0 F  0
 Reaction Xsec    31.0-/33 @ 7 =   8.001#, Out:   0.000#   0.000#   0.000#   0.000#   0.000#   0.000#   0.000f


 Total SPIN, PARITY =    32.0 +,     29 chs,      0 cc.  Rmin & Coul turning =    2.6   13.8
   S-matrix    1 =    1.00000   0.00000 for L=   30, J=   30.0 channel on core I =   2.0 from L=   30,  Acc. loss =  0.0 D.
 Elastic phase shift   1 =    0.000   0.000 deg. for the L =   30, J =   30.0 channel.
      32.0  0.99999891  0.00000484i: elastic S-matrix  @@      0.00  0   0 F  0
 Reaction Xsec    32.0+/30 @ 1 =   0.053/, Out:   0.000#   0.000#   0.000#   0.000#   0.000#   0.000#   0.000f

   S-matrix    2 =    1.00000   0.00005 for L=   30, J=   31.0 channel on core I =   2.0 from L=   30,  Acc. loss =  0.0 D.
 Elastic phase shift   2 =    0.002   0.000 deg. for the L =   30, J =   31.0 channel.
      32.0  0.99999891  0.00005321i: elastic S-matrix  @@      0.00  0   0 F  0
 Reaction Xsec    32.0+/30 @ 2 =   0.053/, Out:   0.000#   0.000#   0.000#   0.000#   0.000#   0.000#   0.000f

   S-matrix    3 =    1.00000  -0.00002 for L=   32, J=   31.0 channel on core I =   2.0 from L=   32,  Acc. loss =  0.0 D.
 Elastic phase shift   3 =   -0.001   0.000 deg. for the L =   32, J =   31.0 channel.
      32.0  0.99999969 -0.00001953i: elastic S-matrix  @@      0.00  0   0 F  0
 Reaction Xsec    32.0+/32 @ 3 =   0.015/, Out:   0.000#   0.000#   0.000#   0.000#   0.000#   0.000#   0.000f

   S-matrix    4 =    1.00000   0.00000 for L=   32, J=   32.0 channel on core I =   2.0 from L=   32,  Acc. loss =  0.0 D.
 Elastic phase shift   4 =    0.000   0.000 deg. for the L =   32, J =   32.0 channel.
      32.0  0.99999969  0.00000148i: elastic S-matrix  @@      0.00  0   0 F  0
 Reaction Xsec    32.0+/32 @ 4 =   0.015/, Out:   0.000#   0.000#   0.000#   0.000#   0.000#   0.000#   0.000f

   S-matrix    5 =    1.00000   0.00002 for L=   32, J=   33.0 channel on core I =   2.0 from L=   32,  Acc. loss =  0.0 D.
 Elastic phase shift   5 =    0.001   0.000 deg. for the L =   32, J =   33.0 channel.
      32.0  0.99999969  0.00002315i: elastic S-matrix  @@      0.00  0   0 F  0
 Reaction Xsec    32.0+/32 @ 5 =   0.015/, Out:   0.000#   0.000#   0.000#   0.000#   0.000#   0.000#   0.000f

   S-matrix    6 =    1.00000  -0.00001 for L=   34, J=   33.0 channel on core I =   2.0 from L=   34,  Acc. loss =  0.0 D.
 Elastic phase shift   6 =   -0.000   0.000 deg. for the L =   34, J =   33.0 channel.
      32.0  0.99999991 -0.00000896i: elastic S-matrix  @@      0.00  0   0 F  0
 Reaction Xsec    32.0+/34 @ 6 =   4.424#, Out:   0.000#   0.000#   0.000#   0.000#   0.000#   0.000#   0.000f

   S-matrix    7 =    1.00000   0.00000 for L=   34, J=   34.0 channel on core I =   2.0 from L=   34,  Acc. loss =  0.0 D.
 Elastic phase shift   7 =    0.000   0.000 deg. for the L =   34, J =   34.0 channel.
      32.0  0.99999991  0.00000046i: elastic S-matrix  @@      0.00  0   0 F  0
 Reaction Xsec    32.0+/34 @ 7 =   4.424#, Out:   0.000#   0.000#   0.000#   0.000#   0.000#   0.000#   0.000f


 Total SPIN, PARITY =    32.0 -,     30 chs,      0 cc.  Rmin & Coul turning =    2.6   13.8
   S-matrix    1 =    1.00000   0.00008 for L=   29, J=   30.0 channel on core I =   2.0 from L=   29,  Acc. loss =  0.0 D.
 Elastic phase shift   1 =    0.002   0.000 deg. for the L =   29, J =   30.0 channel.
      32.0  0.99999797  0.00008084i: elastic S-matrix  @@      0.00  0   0 F  0
 Reaction Xsec    32.0-/29 @ 1 =   0.100/, Out:   0.000#   0.000#   0.000#   0.000#   0.000#   0.000#   0.000f

   S-matrix    2 =    1.00000  -0.00003 for L=   31, J=   30.0 channel on core I =   2.0 from L=   31,  Acc. loss =  0.0 D.
 Elastic phase shift   2 =   -0.001   0.000 deg. for the L =   31, J =   30.0 channel.
      32.0  0.99999942 -0.00002867i: elastic S-matrix  @@      0.00  0   0 F  0
 Reaction Xsec    32.0-/31 @ 2 =   0.029/, Out:   0.000#   0.000#   0.000#   0.000#   0.000#   0.000#   0.000f

   S-matrix    3 =    1.00000   0.00000 for L=   31, J=   31.0 channel on core I =   2.0 from L=   31,  Acc. loss =  0.0 D.
 Elastic phase shift   3 =    0.000   0.000 deg. for the L =   31, J =   31.0 channel.
      32.0  0.99999942  0.00000270i: elastic S-matrix  @@      0.00  0   0 F  0
 Reaction Xsec    32.0-/31 @ 3 =   0.029/, Out:   0.000#   0.000#   0.000#   0.000#   0.000#   0.000#   0.000f

   S-matrix    4 =    1.00000   0.00004 for L=   31, J=   32.0 channel on core I =   2.0 from L=   31,  Acc. loss =  0.0 D.
 Elastic phase shift   4 =    0.001   0.000 deg. for the L =   31, J =   32.0 channel.
      32.0  0.99999942  0.00003508i: elastic S-matrix  @@      0.00  0   0 F  0
 Reaction Xsec    32.0-/31 @ 4 =   0.029/, Out:   0.000#   0.000#   0.000#   0.000#   0.000#   0.000#   0.000f

   S-matrix    5 =    1.00000  -0.00001 for L=   33, J=   32.0 channel on core I =   2.0 from L=   33,  Acc. loss =  0.0 D.
 Elastic phase shift   5 =   -0.000   0.000 deg. for the L =   33, J =   32.0 channel.
      32.0  0.99999983 -0.00001325i: elastic S-matrix  @@      0.00  0   0 F  0
 Reaction Xsec    32.0-/33 @ 5 =   8.255#, Out:   0.000#   0.000#   0.000#   0.000#   0.000#   0.000#   0.000f

   S-matrix    6 =    1.00000   0.00000 for L=   33, J=   33.0 channel on core I =   2.0 from L=   33,  Acc. loss =  0.0 D.
 Elastic phase shift   6 =    0.000   0.000 deg. for the L =   33, J =   33.0 channel.
      32.0  0.99999983  0.00000082i: elastic S-matrix  @@      0.00  0   0 F  0
 Reaction Xsec    32.0-/33 @ 6 =   8.255#, Out:   0.000#   0.000#   0.000#   0.000#   0.000#   0.000#   0.000f

   S-matrix    7 =    1.00000   0.00002 for L=   33, J=   34.0 channel on core I =   2.0 from L=   33,  Acc. loss =  0.0 D.
 Elastic phase shift   7 =    0.000   0.000 deg. for the L =   33, J =   34.0 channel.
      32.0  0.99999983  0.00001531i: elastic S-matrix  @@      0.00  0   0 F  0
 Reaction Xsec    32.0-/33 @ 7 =   8.255#, Out:   0.000#   0.000#   0.000#   0.000#   0.000#   0.000#   0.000f

   S-matrix    8 =    1.00000  -0.00001 for L=   35, J=   34.0 channel on core I =   2.0 from L=   35,  Acc. loss =  0.0 D.
 Elastic phase shift   8 =   -0.000   0.000 deg. for the L =   35, J =   34.0 channel.
      32.0  0.99999995 -0.00000606i: elastic S-matrix  @@      0.00  0   0 F  0
 Reaction Xsec    32.0-/35 @ 8 =   2.370#, Out:   0.000#   0.000#   0.000#   0.000#   0.000#   0.000#   0.000f


 Total SPIN, PARITY =    33.0 +,     30 chs,      0 cc.  Rmin & Coul turning =    2.6   14.3
   S-matrix    1 =    1.00000   0.00005 for L=   30, J=   31.0 channel on core I =   2.0 from L=   30,  Acc. loss =  0.0 D.
 Elastic phase shift   1 =    0.002   0.000 deg. for the L =   30, J =   31.0 channel.
      33.0  0.99999891  0.00005321i: elastic S-matrix  @@      0.00  0   0 F  0
 Reaction Xsec    33.0+/30 @ 1 =   0.055/, Out:   0.000#   0.000#   0.000#   0.000#   0.000#   0.000#   0.000f

   S-matrix    2 =    1.00000  -0.00002 for L=   32, J=   31.0 channel on core I =   2.0 from L=   32,  Acc. loss =  0.0 D.
 Elastic phase shift   2 =   -0.001   0.000 deg. for the L =   32, J =   31.0 channel.
      33.0  0.99999969 -0.00001953i: elastic S-matrix  @@      0.00  0   0 F  0
 Reaction Xsec    33.0+/32 @ 2 =   0.016/, Out:   0.000#   0.000#   0.000#   0.000#   0.000#   0.000#   0.000f

   S-matrix    3 =    1.00000   0.00000 for L=   32, J=   32.0 channel on core I =   2.0 from L=   32,  Acc. loss =  0.0 D.
 Elastic phase shift   3 =    0.000   0.000 deg. for the L =   32, J =   32.0 channel.
      33.0  0.99999969  0.00000148i: elastic S-matrix  @@      0.00  0   0 F  0
 Reaction Xsec    33.0+/32 @ 3 =   0.016/, Out:   0.000#   0.000#   0.000#   0.000#   0.000#   0.000#   0.000f

   S-matrix    4 =    1.00000   0.00002 for L=   32, J=   33.0 channel on core I =   2.0 from L=   32,  Acc. loss =  0.0 D.
 Elastic phase shift   4 =    0.001   0.000 deg. for the L =   32, J =   33.0 channel.
      33.0  0.99999969  0.00002315i: elastic S-matrix  @@      0.00  0   0 F  0
 Reaction Xsec    33.0+/32 @ 4 =   0.016/, Out:   0.000#   0.000#   0.000#   0.000#   0.000#   0.000#   0.000f

   S-matrix    5 =    1.00000  -0.00001 for L=   34, J=   33.0 channel on core I =   2.0 from L=   34,  Acc. loss =  0.0 D.
 Elastic phase shift   5 =   -0.000   0.000 deg. for the L =   34, J =   33.0 channel.
      33.0  0.99999991 -0.00000896i: elastic S-matrix  @@      0.00  0   0 F  0
 Reaction Xsec    33.0+/34 @ 5 =   4.560#, Out:   0.000#   0.000#   0.000#   0.000#   0.000#   0.000#   0.000f

   S-matrix    6 =    1.00000   0.00000 for L=   34, J=   34.0 channel on core I =   2.0 from L=   34,  Acc. loss =  0.0 D.
 Elastic phase shift   6 =    0.000   0.000 deg. for the L =   34, J =   34.0 channel.
      33.0  0.99999991  0.00000046i: elastic S-matrix  @@      0.00  0   0 F  0
 Reaction Xsec    33.0+/34 @ 6 =   4.561#, Out:   0.000#   0.000#   0.000#   0.000#   0.000#   0.000#   0.000f

   S-matrix    7 =    1.00000   0.00001 for L=   34, J=   35.0 channel on core I =   2.0 from L=   34,  Acc. loss =  0.0 D.
 Elastic phase shift   7 =    0.000   0.000 deg. for the L =   34, J =   35.0 channel.
      33.0  0.99999991  0.00001014i: elastic S-matrix  @@      0.00  0   0 F  0
 Reaction Xsec    33.0+/34 @ 7 =   4.561#, Out:   0.000#   0.000#   0.000#   0.000#   0.000#   0.000#   0.000f

   S-matrix    8 =    1.00000  -0.00000 for L=   36, J=   35.0 channel on core I =   2.0 from L=   36,  Acc. loss =  0.0 D.
 Elastic phase shift   8 =   -0.000   0.000 deg. for the L =   36, J =   35.0 channel.
      33.0  0.99999997 -0.00000409i: elastic S-matrix  @@      0.00  0   0 F  0
 Reaction Xsec    33.0+/36 @ 8 =   1.309#, Out:   0.000#   0.000#   0.000#   0.000#   0.000#   0.000#   0.000f


 Total SPIN, PARITY =    33.0 -,     29 chs,      0 cc.  Rmin & Coul turning =    2.6   14.3
   S-matrix    1 =    1.00000   0.00000 for L=   31, J=   31.0 channel on core I =   2.0 from L=   31,  Acc. loss =  0.0 D.
 Elastic phase shift   1 =    0.000   0.000 deg. for the L =   31, J =   31.0 channel.
      33.0  0.99999942  0.00000270i: elastic S-matrix  @@      0.00  0   0 F  0
 Reaction Xsec    33.0-/31 @ 1 =   0.030/, Out:   0.000#   0.000#   0.000#   0.000#   0.000#   0.000#   0.000f

   S-matrix    2 =    1.00000   0.00004 for L=   31, J=   32.0 channel on core I =   2.0 from L=   31,  Acc. loss =  0.0 D.
 Elastic phase shift   2 =    0.001   0.000 deg. for the L =   31, J =   32.0 channel.
      33.0  0.99999942  0.00003508i: elastic S-matrix  @@      0.00  0   0 F  0
 Reaction Xsec    33.0-/31 @ 2 =   0.030/, Out:   0.000#   0.000#   0.000#   0.000#   0.000#   0.000#   0.000f

   S-matrix    3 =    1.00000  -0.00001 for L=   33, J=   32.0 channel on core I =   2.0 from L=   33,  Acc. loss =  0.0 D.
 Elastic phase shift   3 =   -0.000   0.000 deg. for the L =   33, J =   32.0 channel.
      33.0  0.99999983 -0.00001325i: elastic S-matrix  @@      0.00  0   0 F  0
 Reaction Xsec    33.0-/33 @ 3 =   8.509#, Out:   0.000#   0.000#   0.000#   0.000#   0.000#   0.000#   0.000f

   S-matrix    4 =    1.00000   0.00000 for L=   33, J=   33.0 channel on core I =   2.0 from L=   33,  Acc. loss =  0.0 D.
 Elastic phase shift   4 =    0.000   0.000 deg. for the L =   33, J =   33.0 channel.
      33.0  0.99999983  0.00000082i: elastic S-matrix  @@      0.00  0   0 F  0
 Reaction Xsec    33.0-/33 @ 4 =   8.509#, Out:   0.000#   0.000#   0.000#   0.000#   0.000#   0.000#   0.000f

   S-matrix    5 =    1.00000   0.00002 for L=   33, J=   34.0 channel on core I =   2.0 from L=   33,  Acc. loss =  0.0 D.
 Elastic phase shift   5 =    0.000   0.000 deg. for the L =   33, J =   34.0 channel.
      33.0  0.99999983  0.00001531i: elastic S-matrix  @@      0.00  0   0 F  0
 Reaction Xsec    33.0-/33 @ 5 =   8.509#, Out:   0.000#   0.000#   0.000#   0.000#   0.000#   0.000#   0.000f

   S-matrix    6 =    1.00000  -0.00001 for L=   35, J=   34.0 channel on core I =   2.0 from L=   35,  Acc. loss =  0.0 D.
 Elastic phase shift   6 =   -0.000   0.000 deg. for the L =   35, J =   34.0 channel.
      33.0  0.99999995 -0.00000606i: elastic S-matrix  @@      0.00  0   0 F  0
 Reaction Xsec    33.0-/35 @ 6 =   2.443#, Out:   0.000#   0.000#   0.000#   0.000#   0.000#   0.000#   0.000f

   S-matrix    7 =    1.00000   0.00000 for L=   35, J=   35.0 channel on core I =   2.0 from L=   35,  Acc. loss =  0.0 D.
 Elastic phase shift   7 =    0.000   0.000 deg. for the L =   35, J =   35.0 channel.
      33.0  0.99999995  0.00000024i: elastic S-matrix  @@      0.00  0   0 F  0
 Reaction Xsec    33.0-/35 @ 7 =   2.443#, Out:   0.000#   0.000#   0.000#   0.000#   0.000#   0.000#   0.000f


 Total SPIN, PARITY =    34.0 +,     29 chs,      0 cc.  Rmin & Coul turning =    2.7   14.7
   S-matrix    1 =    1.00000   0.00000 for L=   32, J=   32.0 channel on core I =   2.0 from L=   32,  Acc. loss =  0.0 D.
 Elastic phase shift   1 =    0.000   0.000 deg. for the L =   32, J =   32.0 channel.
      34.0  0.99999969  0.00000148i: elastic S-matrix  @@      0.00  0   0 F  0
 Reaction Xsec    34.0+/32 @ 1 =   0.016/, Out:   0.000#   0.000#   0.000#   0.000#   0.000#   0.000#   0.000f

   S-matrix    2 =    1.00000   0.00002 for L=   32, J=   33.0 channel on core I =   2.0 from L=   32,  Acc. loss =  0.0 D.
 Elastic phase shift   2 =    0.001   0.000 deg. for the L =   32, J =   33.0 channel.
      34.0  0.99999969  0.00002315i: elastic S-matrix  @@      0.00  0   0 F  0
 Reaction Xsec    34.0+/32 @ 2 =   0.016/, Out:   0.000#   0.000#   0.000#   0.000#   0.000#   0.000#   0.000f

   S-matrix    3 =    1.00000  -0.00001 for L=   34, J=   33.0 channel on core I =   2.0 from L=   34,  Acc. loss =  0.0 D.
 Elastic phase shift   3 =   -0.000   0.000 deg. for the L =   34, J =   33.0 channel.
      34.0  0.99999991 -0.00000896i: elastic S-matrix  @@      0.00  0   0 F  0
 Reaction Xsec    34.0+/34 @ 3 =   4.697#, Out:   0.000#   0.000#   0.000#   0.000#   0.000#   0.000#   0.000f

   S-matrix    4 =    1.00000   0.00000 for L=   34, J=   34.0 channel on core I =   2.0 from L=   34,  Acc. loss =  0.0 D.
 Elastic phase shift   4 =    0.000   0.000 deg. for the L =   34, J =   34.0 channel.
      34.0  0.99999991  0.00000046i: elastic S-matrix  @@      0.00  0   0 F  0
 Reaction Xsec    34.0+/34 @ 4 =   4.697#, Out:   0.000#   0.000#   0.000#   0.000#   0.000#   0.000#   0.000f

   S-matrix    5 =    1.00000   0.00001 for L=   34, J=   35.0 channel on core I =   2.0 from L=   34,  Acc. loss =  0.0 D.
 Elastic phase shift   5 =    0.000   0.000 deg. for the L =   34, J =   35.0 channel.
      34.0  0.99999991  0.00001014i: elastic S-matrix  @@      0.00  0   0 F  0
 Reaction Xsec    34.0+/34 @ 5 =   4.697#, Out:   0.000#   0.000#   0.000#   0.000#   0.000#   0.000#   0.000f

   S-matrix    6 =    1.00000  -0.00000 for L=   36, J=   35.0 channel on core I =   2.0 from L=   36,  Acc. loss =  0.0 D.
 Elastic phase shift   6 =   -0.000   0.000 deg. for the L =   36, J =   35.0 channel.
      34.0  0.99999997 -0.00000409i: elastic S-matrix  @@      0.00  0   0 F  0
 Reaction Xsec    34.0+/36 @ 6 =   1.348#, Out:   0.000#   0.000#   0.000#   0.000#   0.000#   0.000#   0.000f

   S-matrix    7 =    1.00000   0.00000 for L=   36, J=   36.0 channel on core I =   2.0 from L=   36,  Acc. loss =  0.0 D.
 Elastic phase shift   7 =    0.000   0.000 deg. for the L =   36, J =   36.0 channel.
      34.0  0.99999997  0.00000012i: elastic S-matrix  @@      0.00  0   0 F  0
 Reaction Xsec    34.0+/36 @ 7 =   1.348#, Out:   0.000#   0.000#   0.000#   0.000#   0.000#   0.000#   0.000f


 Total SPIN, PARITY =    34.0 -,     30 chs,      0 cc.  Rmin & Coul turning =    2.7   14.7
   S-matrix    1 =    1.00000   0.00004 for L=   31, J=   32.0 channel on core I =   2.0 from L=   31,  Acc. loss =  0.0 D.
 Elastic phase shift   1 =    0.001   0.000 deg. for the L =   31, J =   32.0 channel.
      34.0  0.99999942  0.00003508i: elastic S-matrix  @@      0.00  0   0 F  0
 Reaction Xsec    34.0-/31 @ 1 =   0.030/, Out:   0.000#   0.000#   0.000#   0.000#   0.000#   0.000#   0.000f

   S-matrix    2 =    1.00000  -0.00001 for L=   33, J=   32.0 channel on core I =   2.0 from L=   33,  Acc. loss =  0.0 D.
 Elastic phase shift   2 =   -0.000   0.000 deg. for the L =   33, J =   32.0 channel.
      34.0  0.99999983 -0.00001325i: elastic S-matrix  @@      0.00  0   0 F  0
 Reaction Xsec    34.0-/33 @ 2 =   8.763#, Out:   0.000#   0.000#   0.000#   0.000#   0.000#   0.000#   0.000f

   S-matrix    3 =    1.00000   0.00000 for L=   33, J=   33.0 channel on core I =   2.0 from L=   33,  Acc. loss =  0.0 D.
 Elastic phase shift   3 =    0.000   0.000 deg. for the L =   33, J =   33.0 channel.
      34.0  0.99999983  0.00000082i: elastic S-matrix  @@      0.00  0   0 F  0
 Reaction Xsec    34.0-/33 @ 3 =   8.763#, Out:   0.000#   0.000#   0.000#   0.000#   0.000#   0.000#   0.000f

   S-matrix    4 =    1.00000   0.00002 for L=   33, J=   34.0 channel on core I =   2.0 from L=   33,  Acc. loss =  0.0 D.
 Elastic phase shift   4 =    0.000   0.000 deg. for the L =   33, J =   34.0 channel.
      34.0  0.99999983  0.00001531i: elastic S-matrix  @@      0.00  0   0 F  0
 Reaction Xsec    34.0-/33 @ 4 =   8.763#, Out:   0.000#   0.000#   0.000#   0.000#   0.000#   0.000#   0.000f

   S-matrix    5 =    1.00000  -0.00001 for L=   35, J=   34.0 channel on core I =   2.0 from L=   35,  Acc. loss =  0.0 D.
 Elastic phase shift   5 =   -0.000   0.000 deg. for the L =   35, J =   34.0 channel.
      34.0  0.99999995 -0.00000606i: elastic S-matrix  @@      0.00  0   0 F  0
 Reaction Xsec    34.0-/35 @ 5 =   2.516#, Out:   0.000#   0.000#   0.000#   0.000#   0.000#   0.000#   0.000f

   S-matrix    6 =    1.00000   0.00000 for L=   35, J=   35.0 channel on core I =   2.0 from L=   35,  Acc. loss =  0.0 D.
 Elastic phase shift   6 =    0.000   0.000 deg. for the L =   35, J =   35.0 channel.
      34.0  0.99999995  0.00000024i: elastic S-matrix  @@      0.00  0   0 F  0
 Reaction Xsec    34.0-/35 @ 6 =   2.516#, Out:   0.000#   0.000#   0.000#   0.000#   0.000#   0.000#   0.000f

   S-matrix    7 =    1.00000   0.00001 for L=   35, J=   36.0 channel on core I =   2.0 from L=   35,  Acc. loss =  0.0 D.
 Elastic phase shift   7 =    0.000   0.000 deg. for the L =   35, J =   36.0 channel.
      34.0  0.99999995  0.00000671i: elastic S-matrix  @@      0.00  0   0 F  0
 Reaction Xsec    34.0-/35 @ 7 =   2.516#, Out:   0.000#   0.000#   0.000#   0.000#   0.000#   0.000#   0.000f

   S-matrix    8 =    1.00000  -0.00000 for L=   37, J=   36.0 channel on core I =   2.0 from L=   37,  Acc. loss =  0.0 D.
 Elastic phase shift   8 =   -0.000   0.000 deg. for the L =   37, J =   36.0 channel.
      34.0  0.99999999 -0.00000274i: elastic S-matrix  @@      0.00  0   0 F  0
 Reaction Xsec    34.0-/37 @ 8 =   0.721#, Out:   0.000#   0.000#   0.000#   0.000#   0.000#   0.000#   0.000f


 Total SPIN, PARITY =    35.0 +,     30 chs,      0 cc.  Rmin & Coul turning =    2.8   15.1
   S-matrix    1 =    1.00000   0.00002 for L=   32, J=   33.0 channel on core I =   2.0 from L=   32,  Acc. loss =  0.0 D.
 Elastic phase shift   1 =    0.001   0.000 deg. for the L =   32, J =   33.0 channel.
      35.0  0.99999969  0.00002315i: elastic S-matrix  @@      0.00  0   0 F  0
 Reaction Xsec    35.0+/32 @ 1 =   0.017/, Out:   0.000#   0.000#   0.000#   0.000#   0.000#   0.000#   0.000f

   S-matrix    2 =    1.00000  -0.00001 for L=   34, J=   33.0 channel on core I =   2.0 from L=   34,  Acc. loss =  0.0 D.
 Elastic phase shift   2 =   -0.000   0.000 deg. for the L =   34, J =   33.0 channel.
      35.0  0.99999991 -0.00000896i: elastic S-matrix  @@      0.00  0   0 F  0
 Reaction Xsec    35.0+/34 @ 2 =   4.833#, Out:   0.000#   0.000#   0.000#   0.000#   0.000#   0.000#   0.000f

   S-matrix    3 =    1.00000   0.00000 for L=   34, J=   34.0 channel on core I =   2.0 from L=   34,  Acc. loss =  0.0 D.
 Elastic phase shift   3 =    0.000   0.000 deg. for the L =   34, J =   34.0 channel.
      35.0  0.99999991  0.00000046i: elastic S-matrix  @@      0.00  0   0 F  0
 Reaction Xsec    35.0+/34 @ 3 =   4.833#, Out:   0.000#   0.000#   0.000#   0.000#   0.000#   0.000#   0.000f

   S-matrix    4 =    1.00000   0.00001 for L=   34, J=   35.0 channel on core I =   2.0 from L=   34,  Acc. loss =  0.0 D.
 Elastic phase shift   4 =    0.000   0.000 deg. for the L =   34, J =   35.0 channel.
      35.0  0.99999991  0.00001014i: elastic S-matrix  @@      0.00  0   0 F  0
 Reaction Xsec    35.0+/34 @ 4 =   4.833#, Out:   0.000#   0.000#   0.000#   0.000#   0.000#   0.000#   0.000f

   S-matrix    5 =    1.00000  -0.00000 for L=   36, J=   35.0 channel on core I =   2.0 from L=   36,  Acc. loss =  0.0 D.
 Elastic phase shift   5 =   -0.000   0.000 deg. for the L =   36, J =   35.0 channel.
      35.0  0.99999997 -0.00000409i: elastic S-matrix  @@      0.00  0   0 F  0
 Reaction Xsec    35.0+/36 @ 5 =   1.387#, Out:   0.000#   0.000#   0.000#   0.000#   0.000#   0.000#   0.000f

   S-matrix    6 =    1.00000   0.00000 for L=   36, J=   36.0 channel on core I =   2.0 from L=   36,  Acc. loss =  0.0 D.
 Elastic phase shift   6 =    0.000   0.000 deg. for the L =   36, J =   36.0 channel.
      35.0  0.99999997  0.00000012i: elastic S-matrix  @@      0.00  0   0 F  0
 Reaction Xsec    35.0+/36 @ 6 =   1.387#, Out:   0.000#   0.000#   0.000#   0.000#   0.000#   0.000#   0.000f

   S-matrix    7 =    1.00000   0.00000 for L=   36, J=   37.0 channel on core I =   2.0 from L=   36,  Acc. loss =  0.0 D.
 Elastic phase shift   7 =    0.000   0.000 deg. for the L =   36, J =   37.0 channel.
      35.0  0.99999997  0.00000445i: elastic S-matrix  @@      0.00  0   0 F  0
 Reaction Xsec    35.0+/36 @ 7 =   1.387#, Out:   0.000#   0.000#   0.000#   0.000#   0.000#   0.000#   0.000f

   S-matrix    8 =    1.00000  -0.00000 for L=   38, J=   37.0 channel on core I =   2.0 from L=   38,  Acc. loss =  0.0 D.
 Elastic phase shift   8 =   -0.000   0.000 deg. for the L =   38, J =   37.0 channel.
      35.0  0.99999999 -0.00000184i: elastic S-matrix  @@      0.00  0   0 F  0
 Reaction Xsec    35.0+/38 @ 8 =   0.397#, Out:   0.000#   0.000#   0.000#   0.000#   0.000#   0.000#   0.000f


 Total SPIN, PARITY =    35.0 -,     29 chs,      0 cc.  Rmin & Coul turning =    2.8   15.1
   S-matrix    1 =    1.00000   0.00000 for L=   33, J=   33.0 channel on core I =   2.0 from L=   33,  Acc. loss =  0.0 D.
 Elastic phase shift   1 =    0.000   0.000 deg. for the L =   33, J =   33.0 channel.
      35.0  0.99999983  0.00000082i: elastic S-matrix  @@      0.00  0   0 F  0
 Reaction Xsec    35.0-/33 @ 1 =   9.017#, Out:   0.000#   0.000#   0.000#   0.000#   0.000#   0.000#   0.000f

   S-matrix    2 =    1.00000   0.00002 for L=   33, J=   34.0 channel on core I =   2.0 from L=   33,  Acc. loss =  0.0 D.
 Elastic phase shift   2 =    0.000   0.000 deg. for the L =   33, J =   34.0 channel.
      35.0  0.99999983  0.00001531i: elastic S-matrix  @@      0.00  0   0 F  0
 Reaction Xsec    35.0-/33 @ 2 =   9.017#, Out:   0.000#   0.000#   0.000#   0.000#   0.000#   0.000#   0.000f

   S-matrix    3 =    1.00000  -0.00001 for L=   35, J=   34.0 channel on core I =   2.0 from L=   35,  Acc. loss =  0.0 D.
 Elastic phase shift   3 =   -0.000   0.000 deg. for the L =   35, J =   34.0 channel.
      35.0  0.99999995 -0.00000606i: elastic S-matrix  @@      0.00  0   0 F  0
 Reaction Xsec    35.0-/35 @ 3 =   2.589#, Out:   0.000#   0.000#   0.000#   0.000#   0.000#   0.000#   0.000f

   S-matrix    4 =    1.00000   0.00000 for L=   35, J=   35.0 channel on core I =   2.0 from L=   35,  Acc. loss =  0.0 D.
 Elastic phase shift   4 =    0.000   0.000 deg. for the L =   35, J =   35.0 channel.
      35.0  0.99999995  0.00000024i: elastic S-matrix  @@      0.00  0   0 F  0
 Reaction Xsec    35.0-/35 @ 4 =   2.589#, Out:   0.000#   0.000#   0.000#   0.000#   0.000#   0.000#   0.000f

   S-matrix    5 =    1.00000   0.00001 for L=   35, J=   36.0 channel on core I =   2.0 from L=   35,  Acc. loss =  0.0 D.
 Elastic phase shift   5 =    0.000   0.000 deg. for the L =   35, J =   36.0 channel.
      35.0  0.99999995  0.00000671i: elastic S-matrix  @@      0.00  0   0 F  0
 Reaction Xsec    35.0-/35 @ 5 =   2.589#, Out:   0.000#   0.000#   0.000#   0.000#   0.000#   0.000#   0.000f

   S-matrix    6 =    1.00000  -0.00000 for L=   37, J=   36.0 channel on core I =   2.0 from L=   37,  Acc. loss =  0.0 D.
 Elastic phase shift   6 =   -0.000   0.000 deg. for the L =   37, J =   36.0 channel.
      35.0  0.99999999 -0.00000274i: elastic S-matrix  @@      0.00  0   0 F  0
 Reaction Xsec    35.0-/37 @ 6 =   0.742#, Out:   0.000#   0.000#   0.000#   0.000#   0.000#   0.000#   0.000f

   S-matrix    7 =    1.00000   0.00000 for L=   37, J=   37.0 channel on core I =   2.0 from L=   37,  Acc. loss =  0.0 D.
 Elastic phase shift   7 =    0.000   0.000 deg. for the L =   37, J =   37.0 channel.
      35.0  0.99999999  0.00000007i: elastic S-matrix  @@      0.00  0   0 F  0
 Reaction Xsec    35.0-/37 @ 7 =   0.742#, Out:   0.000#   0.000#   0.000#   0.000#   0.000#   0.000#   0.000f


 Total SPIN, PARITY =    36.0 +,     29 chs,      0 cc.  Rmin & Coul turning =    2.9   15.5
   S-matrix    1 =    1.00000   0.00000 for L=   34, J=   34.0 channel on core I =   2.0 from L=   34,  Acc. loss =  0.0 D.
 Elastic phase shift   1 =    0.000   0.000 deg. for the L =   34, J =   34.0 channel.
      36.0  0.99999991  0.00000046i: elastic S-matrix  @@      0.00  0   0 F  0
 Reaction Xsec    36.0+/34 @ 1 =   4.969#, Out:   0.000#   0.000#   0.000#   0.000#   0.000#   0.000#   0.000f

   S-matrix    2 =    1.00000   0.00001 for L=   34, J=   35.0 channel on core I =   2.0 from L=   34,  Acc. loss =  0.0 D.
 Elastic phase shift   2 =    0.000   0.000 deg. for the L =   34, J =   35.0 channel.
      36.0  0.99999991  0.00001014i: elastic S-matrix  @@      0.00  0   0 F  0
 Reaction Xsec    36.0+/34 @ 2 =   4.969#, Out:   0.000#   0.000#   0.000#   0.000#   0.000#   0.000#   0.000f

   S-matrix    3 =    1.00000  -0.00000 for L=   36, J=   35.0 channel on core I =   2.0 from L=   36,  Acc. loss =  0.0 D.
 Elastic phase shift   3 =   -0.000   0.000 deg. for the L =   36, J =   35.0 channel.
      36.0  0.99999997 -0.00000409i: elastic S-matrix  @@      0.00  0   0 F  0
 Reaction Xsec    36.0+/36 @ 3 =   1.426#, Out:   0.000#   0.000#   0.000#   0.000#   0.000#   0.000#   0.000f

   S-matrix    4 =    1.00000   0.00000 for L=   36, J=   36.0 channel on core I =   2.0 from L=   36,  Acc. loss =  0.0 D.
 Elastic phase shift   4 =    0.000   0.000 deg. for the L =   36, J =   36.0 channel.
      36.0  0.99999997  0.00000012i: elastic S-matrix  @@      0.00  0   0 F  0
 Reaction Xsec    36.0+/36 @ 4 =   1.426#, Out:   0.000#   0.000#   0.000#   0.000#   0.000#   0.000#   0.000f

   S-matrix    5 =    1.00000   0.00000 for L=   36, J=   37.0 channel on core I =   2.0 from L=   36,  Acc. loss =  0.0 D.
 Elastic phase shift   5 =    0.000   0.000 deg. for the L =   36, J =   37.0 channel.
      36.0  0.99999997  0.00000445i: elastic S-matrix  @@      0.00  0   0 F  0
 Reaction Xsec    36.0+/36 @ 5 =   1.426#, Out:   0.000#   0.000#   0.000#   0.000#   0.000#   0.000#   0.000f

   S-matrix    6 =    1.00000  -0.00000 for L=   38, J=   37.0 channel on core I =   2.0 from L=   38,  Acc. loss =  0.0 D.
 Elastic phase shift   6 =   -0.000   0.000 deg. for the L =   38, J =   37.0 channel.
      36.0  0.99999999 -0.00000184i: elastic S-matrix  @@      0.00  0   0 F  0
 Reaction Xsec    36.0+/38 @ 6 =   0.409#, Out:   0.000#   0.000#   0.000#   0.000#   0.000#   0.000#   0.000f

   S-matrix    7 =    1.00000   0.00000 for L=   38, J=   38.0 channel on core I =   2.0 from L=   38,  Acc. loss =  0.0 D.
 Elastic phase shift   7 =    0.000   0.000 deg. for the L =   38, J =   38.0 channel.
      36.0  0.99999999  0.00000004i: elastic S-matrix  @@      0.00  0   0 F  0
 Reaction Xsec    36.0+/38 @ 7 =   0.409#, Out:   0.000#   0.000#   0.000#   0.000#   0.000#   0.000#   0.000f


 Total SPIN, PARITY =    36.0 -,     30 chs,      0 cc.  Rmin & Coul turning =    2.9   15.5
   S-matrix    1 =    1.00000   0.00002 for L=   33, J=   34.0 channel on core I =   2.0 from L=   33,  Acc. loss =  0.0 D.
 Elastic phase shift   1 =    0.000   0.000 deg. for the L =   33, J =   34.0 channel.
      36.0  0.99999983  0.00001531i: elastic S-matrix  @@      0.00  0   0 F  0
 Reaction Xsec    36.0-/33 @ 1 =   9.271#, Out:   0.000#   0.000#   0.000#   0.000#   0.000#   0.000#   0.000f

   S-matrix    2 =    1.00000  -0.00001 for L=   35, J=   34.0 channel on core I =   2.0 from L=   35,  Acc. loss =  0.0 D.
 Elastic phase shift   2 =   -0.000   0.000 deg. for the L =   35, J =   34.0 channel.
      36.0  0.99999995 -0.00000606i: elastic S-matrix  @@      0.00  0   0 F  0
 Reaction Xsec    36.0-/35 @ 2 =   2.662#, Out:   0.000#   0.000#   0.000#   0.000#   0.000#   0.000#   0.000f

   S-matrix    3 =    1.00000   0.00000 for L=   35, J=   35.0 channel on core I =   2.0 from L=   35,  Acc. loss =  0.0 D.
 Elastic phase shift   3 =    0.000   0.000 deg. for the L =   35, J =   35.0 channel.
      36.0  0.99999995  0.00000024i: elastic S-matrix  @@      0.00  0   0 F  0
 Reaction Xsec    36.0-/35 @ 3 =   2.662#, Out:   0.000#   0.000#   0.000#   0.000#   0.000#   0.000#   0.000f

   S-matrix    4 =    1.00000   0.00001 for L=   35, J=   36.0 channel on core I =   2.0 from L=   35,  Acc. loss =  0.0 D.
 Elastic phase shift   4 =    0.000   0.000 deg. for the L =   35, J =   36.0 channel.
      36.0  0.99999995  0.00000671i: elastic S-matrix  @@      0.00  0   0 F  0
 Reaction Xsec    36.0-/35 @ 4 =   2.662#, Out:   0.000#   0.000#   0.000#   0.000#   0.000#   0.000#   0.000f

   S-matrix    5 =    1.00000  -0.00000 for L=   37, J=   36.0 channel on core I =   2.0 from L=   37,  Acc. loss =  0.0 D.
 Elastic phase shift   5 =   -0.000   0.000 deg. for the L =   37, J =   36.0 channel.
      36.0  0.99999999 -0.00000274i: elastic S-matrix  @@      0.00  0   0 F  0
 Reaction Xsec    36.0-/37 @ 5 =   0.763#, Out:   0.000#   0.000#   0.000#   0.000#   0.000#   0.000#   0.000f

   S-matrix    6 =    1.00000   0.00000 for L=   37, J=   37.0 channel on core I =   2.0 from L=   37,  Acc. loss =  0.0 D.
 Elastic phase shift   6 =    0.000   0.000 deg. for the L =   37, J =   37.0 channel.
      36.0  0.99999999  0.00000007i: elastic S-matrix  @@      0.00  0   0 F  0
 Reaction Xsec    36.0-/37 @ 6 =   0.763#, Out:   0.000#   0.000#   0.000#   0.000#   0.000#   0.000#   0.000f

   S-matrix    7 =    1.00000   0.00000 for L=   37, J=   38.0 channel on core I =   2.0 from L=   37,  Acc. loss =  0.0 D.
 Elastic phase shift   7 =    0.000   0.000 deg. for the L =   37, J =   38.0 channel.
      36.0  0.99999999  0.00000296i: elastic S-matrix  @@      0.00  0   0 F  0
 Reaction Xsec    36.0-/37 @ 7 =   0.763#, Out:   0.000#   0.000#   0.000#   0.000#   0.000#   0.000#   0.000f

   S-matrix    8 =    1.00000  -0.00000 for L=   39, J=   38.0 channel on core I =   2.0 from L=   39,  Acc. loss =  0.0 D.
 Elastic phase shift   8 =   -0.000   0.000 deg. for the L =   39, J =   38.0 channel.
      36.0  1.00000000 -0.00000125i: elastic S-matrix  @@      0.00  0   0 F  0
 Reaction Xsec    36.0-/39 @ 8 =   0.219#, Out:   0.000#   0.000#   0.000#   0.000#   0.000#   0.000#   0.000f


 Total SPIN, PARITY =    37.0 +,     30 chs,      0 cc.  Rmin & Coul turning =    3.0   16.0
   S-matrix    1 =    1.00000   0.00001 for L=   34, J=   35.0 channel on core I =   2.0 from L=   34,  Acc. loss =  0.0 D.
 Elastic phase shift   1 =    0.000   0.000 deg. for the L =   34, J =   35.0 channel.
      37.0  0.99999991  0.00001014i: elastic S-matrix  @@      0.00  0   0 F  0
 Reaction Xsec    37.0+/34 @ 1 =   5.105#, Out:   0.000#   0.000#   0.000#   0.000#   0.000#   0.000#   0.000f

   S-matrix    2 =    1.00000  -0.00000 for L=   36, J=   35.0 channel on core I =   2.0 from L=   36,  Acc. loss =  0.0 D.
 Elastic phase shift   2 =   -0.000   0.000 deg. for the L =   36, J =   35.0 channel.
      37.0  0.99999997 -0.00000409i: elastic S-matrix  @@      0.00  0   0 F  0
 Reaction Xsec    37.0+/36 @ 2 =   1.465#, Out:   0.000#   0.000#   0.000#   0.000#   0.000#   0.000#   0.000f

   S-matrix    3 =    1.00000   0.00000 for L=   36, J=   36.0 channel on core I =   2.0 from L=   36,  Acc. loss =  0.0 D.
 Elastic phase shift   3 =    0.000   0.000 deg. for the L =   36, J =   36.0 channel.
      37.0  0.99999997  0.00000012i: elastic S-matrix  @@      0.00  0   0 F  0
 Reaction Xsec    37.0+/36 @ 3 =   1.465#, Out:   0.000#   0.000#   0.000#   0.000#   0.000#   0.000#   0.000f

   S-matrix    4 =    1.00000   0.00000 for L=   36, J=   37.0 channel on core I =   2.0 from L=   36,  Acc. loss =  0.0 D.
 Elastic phase shift   4 =    0.000   0.000 deg. for the L =   36, J =   37.0 channel.
      37.0  0.99999997  0.00000445i: elastic S-matrix  @@      0.00  0   0 F  0
 Reaction Xsec    37.0+/36 @ 4 =   1.465#, Out:   0.000#   0.000#   0.000#   0.000#   0.000#   0.000#   0.000f

   S-matrix    5 =    1.00000  -0.00000 for L=   38, J=   37.0 channel on core I =   2.0 from L=   38,  Acc. loss =  0.0 D.
 Elastic phase shift   5 =   -0.000   0.000 deg. for the L =   38, J =   37.0 channel.
      37.0  0.99999999 -0.00000184i: elastic S-matrix  @@      0.00  0   0 F  0
 Reaction Xsec    37.0+/38 @ 5 =   0.420#, Out:   0.000#   0.000#   0.000#   0.000#   0.000#   0.000#   0.000f

   S-matrix    6 =    1.00000   0.00000 for L=   38, J=   38.0 channel on core I =   2.0 from L=   38,  Acc. loss =  0.0 D.
 Elastic phase shift   6 =    0.000   0.000 deg. for the L =   38, J =   38.0 channel.
      37.0  0.99999999  0.00000004i: elastic S-matrix  @@      0.00  0   0 F  0
 Reaction Xsec    37.0+/38 @ 6 =   0.420#, Out:   0.000#   0.000#   0.000#   0.000#   0.000#   0.000#   0.000f

   S-matrix    7 =    1.00000   0.00000 for L=   38, J=   39.0 channel on core I =   2.0 from L=   38,  Acc. loss =  0.0 D.
 Elastic phase shift   7 =    0.000   0.000 deg. for the L =   38, J =   39.0 channel.
      37.0  0.99999999  0.00000196i: elastic S-matrix  @@      0.00  0   0 F  0
 Reaction Xsec    37.0+/38 @ 7 =   0.420#, Out:   0.000#   0.000#   0.000#   0.000#   0.000#   0.000#   0.000f

   S-matrix    8 =    1.00000  -0.00000 for L=   40, J=   39.0 channel on core I =   2.0 from L=   40,  Acc. loss =  0.0 D.
 Elastic phase shift   8 =   -0.000   0.000 deg. for the L =   40, J =   39.0 channel.
      37.0  1.00000000 -0.00000084i: elastic S-matrix  @@      0.00  0   0 F  0
 Reaction Xsec    37.0+/40 @ 8 =   0.120#, Out:   0.000#   0.000#   0.000#   0.000#   0.000#   0.000#   0.000f


 Total SPIN, PARITY =    37.0 -,     29 chs,      0 cc.  Rmin & Coul turning =    3.0   16.0
   S-matrix    1 =    1.00000   0.00000 for L=   35, J=   35.0 channel on core I =   2.0 from L=   35,  Acc. loss =  0.0 D.
 Elastic phase shift   1 =    0.000   0.000 deg. for the L =   35, J =   35.0 channel.
      37.0  0.99999995  0.00000024i: elastic S-matrix  @@      0.00  0   0 F  0
 Reaction Xsec    37.0-/35 @ 1 =   2.735#, Out:   0.000#   0.000#   0.000#   0.000#   0.000#   0.000#   0.000f

   S-matrix    2 =    1.00000   0.00001 for L=   35, J=   36.0 channel on core I =   2.0 from L=   35,  Acc. loss =  0.0 D.
 Elastic phase shift   2 =    0.000   0.000 deg. for the L =   35, J =   36.0 channel.
      37.0  0.99999995  0.00000671i: elastic S-matrix  @@      0.00  0   0 F  0
 Reaction Xsec    37.0-/35 @ 2 =   2.735#, Out:   0.000#   0.000#   0.000#   0.000#   0.000#   0.000#   0.000f

   S-matrix    3 =    1.00000  -0.00000 for L=   37, J=   36.0 channel on core I =   2.0 from L=   37,  Acc. loss =  0.0 D.
 Elastic phase shift   3 =   -0.000   0.000 deg. for the L =   37, J =   36.0 channel.
      37.0  0.99999999 -0.00000274i: elastic S-matrix  @@      0.00  0   0 F  0
 Reaction Xsec    37.0-/37 @ 3 =   0.784#, Out:   0.000#   0.000#   0.000#   0.000#   0.000#   0.000#   0.000f

   S-matrix    4 =    1.00000   0.00000 for L=   37, J=   37.0 channel on core I =   2.0 from L=   37,  Acc. loss =  0.0 D.
 Elastic phase shift   4 =    0.000   0.000 deg. for the L =   37, J =   37.0 channel.
      37.0  0.99999999  0.00000007i: elastic S-matrix  @@      0.00  0   0 F  0
 Reaction Xsec    37.0-/37 @ 4 =   0.784#, Out:   0.000#   0.000#   0.000#   0.000#   0.000#   0.000#   0.000f

   S-matrix    5 =    1.00000   0.00000 for L=   37, J=   38.0 channel on core I =   2.0 from L=   37,  Acc. loss =  0.0 D.
 Elastic phase shift   5 =    0.000   0.000 deg. for the L =   37, J =   38.0 channel.
      37.0  0.99999999  0.00000296i: elastic S-matrix  @@      0.00  0   0 F  0
 Reaction Xsec    37.0-/37 @ 5 =   0.784#, Out:   0.000#   0.000#   0.000#   0.000#   0.000#   0.000#   0.000f

   S-matrix    6 =    1.00000  -0.00000 for L=   39, J=   38.0 channel on core I =   2.0 from L=   39,  Acc. loss =  0.0 D.
 Elastic phase shift   6 =   -0.000   0.000 deg. for the L =   39, J =   38.0 channel.
      37.0  1.00000000 -0.00000125i: elastic S-matrix  @@      0.00  0   0 F  0
 Reaction Xsec    37.0-/39 @ 6 =   0.225#, Out:   0.000#   0.000#   0.000#   0.000#   0.000#   0.000#   0.000f

   S-matrix    7 =    1.00000   0.00000 for L=   39, J=   39.0 channel on core I =   2.0 from L=   39,  Acc. loss =  0.0 D.
 Elastic phase shift   7 =    0.000   0.000 deg. for the L =   39, J =   39.0 channel.
      37.0  1.00000000  0.00000000i: elastic S-matrix  @@      0.00  0   0 F  0
 Reaction Xsec    37.0-/39 @ 7 =   0.225#, Out:   0.000#   0.000#   0.000#   0.000#   0.000#   0.000#   0.000f


 Total SPIN, PARITY =    38.0 +,     29 chs,      0 cc.  Rmin & Coul turning =    3.0   16.4
   S-matrix    1 =    1.00000   0.00000 for L=   36, J=   36.0 channel on core I =   2.0 from L=   36,  Acc. loss =  0.0 D.
 Elastic phase shift   1 =    0.000   0.000 deg. for the L =   36, J =   36.0 channel.
      38.0  0.99999997  0.00000012i: elastic S-matrix  @@      0.00  0   0 F  0
 Reaction Xsec    38.0+/36 @ 1 =   1.504#, Out:   0.000#   0.000#   0.000#   0.000#   0.000#   0.000#   0.000f

   S-matrix    2 =    1.00000   0.00000 for L=   36, J=   37.0 channel on core I =   2.0 from L=   36,  Acc. loss =  0.0 D.
 Elastic phase shift   2 =    0.000   0.000 deg. for the L =   36, J =   37.0 channel.
      38.0  0.99999997  0.00000445i: elastic S-matrix  @@      0.00  0   0 F  0
 Reaction Xsec    38.0+/36 @ 2 =   1.504#, Out:   0.000#   0.000#   0.000#   0.000#   0.000#   0.000#   0.000f

   S-matrix    3 =    1.00000  -0.00000 for L=   38, J=   37.0 channel on core I =   2.0 from L=   38,  Acc. loss =  0.0 D.
 Elastic phase shift   3 =   -0.000   0.000 deg. for the L =   38, J =   37.0 channel.
      38.0  0.99999999 -0.00000184i: elastic S-matrix  @@      0.00  0   0 F  0
 Reaction Xsec    38.0+/38 @ 3 =   0.431#, Out:   0.000#   0.000#   0.000#   0.000#   0.000#   0.000#   0.000f

   S-matrix    4 =    1.00000   0.00000 for L=   38, J=   38.0 channel on core I =   2.0 from L=   38,  Acc. loss =  0.0 D.
 Elastic phase shift   4 =    0.000   0.000 deg. for the L =   38, J =   38.0 channel.
      38.0  0.99999999  0.00000004i: elastic S-matrix  @@      0.00  0   0 F  0
 Reaction Xsec    38.0+/38 @ 4 =   0.431#, Out:   0.000#   0.000#   0.000#   0.000#   0.000#   0.000#   0.000f

   S-matrix    5 =    1.00000   0.00000 for L=   38, J=   39.0 channel on core I =   2.0 from L=   38,  Acc. loss =  0.0 D.
 Elastic phase shift   5 =    0.000   0.000 deg. for the L =   38, J =   39.0 channel.
      38.0  0.99999999  0.00000196i: elastic S-matrix  @@      0.00  0   0 F  0
 Reaction Xsec    38.0+/38 @ 5 =   0.431#, Out:   0.000#   0.000#   0.000#   0.000#   0.000#   0.000#   0.000f

   S-matrix    6 =    1.00000  -0.00000 for L=   40, J=   39.0 channel on core I =   2.0 from L=   40,  Acc. loss =  0.0 D.
 Elastic phase shift   6 =   -0.000   0.000 deg. for the L =   40, J =   39.0 channel.
      38.0  1.00000000 -0.00000084i: elastic S-matrix  @@      0.00  0   0 F  0
 Reaction Xsec    38.0+/40 @ 6 =   0.123#, Out:   0.000#   0.000#   0.000#   0.000#   0.000#   0.000#   0.000f

   S-matrix    7 =    1.00000  -0.00000 for L=   40, J=   40.0 channel on core I =   2.0 from L=   40,  Acc. loss =  0.0 D.
 Elastic phase shift   7 =   -0.000   0.000 deg. for the L =   40, J =   40.0 channel.
      38.0  1.00000000 -0.00000000i: elastic S-matrix  @@      0.00  0   0 F  0
 Reaction Xsec    38.0+/40 @ 7 =   0.123#, Out:   0.000#   0.000#   0.000#   0.000#   0.000#   0.000#   0.000f


 Total SPIN, PARITY =    38.0 -,     30 chs,      0 cc.  Rmin & Coul turning =    3.0   16.4
   S-matrix    1 =    1.00000   0.00001 for L=   35, J=   36.0 channel on core I =   2.0 from L=   35,  Acc. loss =  0.0 D.
 Elastic phase shift   1 =    0.000   0.000 deg. for the L =   35, J =   36.0 channel.
      38.0  0.99999995  0.00000671i: elastic S-matrix  @@      0.00  0   0 F  0
 Reaction Xsec    38.0-/35 @ 1 =   2.808#, Out:   0.000#   0.000#   0.000#   0.000#   0.000#   0.000#   0.000f

   S-matrix    2 =    1.00000  -0.00000 for L=   37, J=   36.0 channel on core I =   2.0 from L=   37,  Acc. loss =  0.0 D.
 Elastic phase shift   2 =   -0.000   0.000 deg. for the L =   37, J =   36.0 channel.
      38.0  0.99999999 -0.00000274i: elastic S-matrix  @@      0.00  0   0 F  0
 Reaction Xsec    38.0-/37 @ 2 =   0.805#, Out:   0.000#   0.000#   0.000#   0.000#   0.000#   0.000#   0.000f

   S-matrix    3 =    1.00000   0.00000 for L=   37, J=   37.0 channel on core I =   2.0 from L=   37,  Acc. loss =  0.0 D.
 Elastic phase shift   3 =    0.000   0.000 deg. for the L =   37, J =   37.0 channel.
      38.0  0.99999999  0.00000007i: elastic S-matrix  @@      0.00  0   0 F  0
 Reaction Xsec    38.0-/37 @ 3 =   0.805#, Out:   0.000#   0.000#   0.000#   0.000#   0.000#   0.000#   0.000f

   S-matrix    4 =    1.00000   0.00000 for L=   37, J=   38.0 channel on core I =   2.0 from L=   37,  Acc. loss =  0.0 D.
 Elastic phase shift   4 =    0.000   0.000 deg. for the L =   37, J =   38.0 channel.
      38.0  0.99999999  0.00000296i: elastic S-matrix  @@      0.00  0   0 F  0
 Reaction Xsec    38.0-/37 @ 4 =   0.805#, Out:   0.000#   0.000#   0.000#   0.000#   0.000#   0.000#   0.000f

   S-matrix    5 =    1.00000  -0.00000 for L=   39, J=   38.0 channel on core I =   2.0 from L=   39,  Acc. loss =  0.0 D.
 Elastic phase shift   5 =   -0.000   0.000 deg. for the L =   39, J =   38.0 channel.
      38.0  1.00000000 -0.00000125i: elastic S-matrix  @@      0.00  0   0 F  0
 Reaction Xsec    38.0-/39 @ 5 =   0.231#, Out:   0.000#   0.000#   0.000#   0.000#   0.000#   0.000#   0.000f

   S-matrix    6 =    1.00000   0.00000 for L=   39, J=   39.0 channel on core I =   2.0 from L=   39,  Acc. loss =  0.0 D.
 Elastic phase shift   6 =    0.000   0.000 deg. for the L =   39, J =   39.0 channel.
      38.0  1.00000000  0.00000000i: elastic S-matrix  @@      0.00  0   0 F  0
 Reaction Xsec    38.0-/39 @ 6 =   0.231#, Out:   0.000#   0.000#   0.000#   0.000#   0.000#   0.000#   0.000f

   S-matrix    7 =    1.00000   0.00000 for L=   39, J=   40.0 channel on core I =   2.0 from L=   39,  Acc. loss =  0.0 D.
 Elastic phase shift   7 =    0.000   0.000 deg. for the L =   39, J =   40.0 channel.
      38.0  1.00000000  0.00000129i: elastic S-matrix  @@      0.00  0   0 F  0
 Reaction Xsec    38.0-/39 @ 7 =   0.231#, Out:   0.000#   0.000#   0.000#   0.000#   0.000#   0.000#   0.000f

   S-matrix    8 =    1.00000  -0.00000 for L=   41, J=   40.0 channel on core I =   2.0 from L=   41,  Acc. loss =  0.0 D.
 Elastic phase shift   8 =   -0.000   0.000 deg. for the L =   41, J =   40.0 channel.
      38.0  1.00000000 -0.00000055i: elastic S-matrix  @@      0.00  0   0 F  0
 Reaction Xsec    38.0-/41 @ 8 =   0.066#, Out:   0.000#   0.000#   0.000#   0.000#   0.000#   0.000#   0.000f


 Total SPIN, PARITY =    39.0 +,     30 chs,      0 cc.  Rmin & Coul turning =    3.1   16.8
   S-matrix    1 =    1.00000   0.00000 for L=   36, J=   37.0 channel on core I =   2.0 from L=   36,  Acc. loss =  0.0 D.
 Elastic phase shift   1 =    0.000   0.000 deg. for the L =   36, J =   37.0 channel.
      39.0  0.99999997  0.00000445i: elastic S-matrix  @@      0.00  0   0 F  0
 Reaction Xsec    39.0+/36 @ 1 =   1.543#, Out:   0.000#   0.000#   0.000#   0.000#   0.000#   0.000#   0.000f

   S-matrix    2 =    1.00000  -0.00000 for L=   38, J=   37.0 channel on core I =   2.0 from L=   38,  Acc. loss =  0.0 D.
 Elastic phase shift   2 =   -0.000   0.000 deg. for the L =   38, J =   37.0 channel.
      39.0  0.99999999 -0.00000184i: elastic S-matrix  @@      0.00  0   0 F  0
 Reaction Xsec    39.0+/38 @ 2 =   0.442#, Out:   0.000#   0.000#   0.000#   0.000#   0.000#   0.000#   0.000f

   S-matrix    3 =    1.00000   0.00000 for L=   38, J=   38.0 channel on core I =   2.0 from L=   38,  Acc. loss =  0.0 D.
 Elastic phase shift   3 =    0.000   0.000 deg. for the L =   38, J =   38.0 channel.
      39.0  0.99999999  0.00000004i: elastic S-matrix  @@      0.00  0   0 F  0
 Reaction Xsec    39.0+/38 @ 3 =   0.442#, Out:   0.000#   0.000#   0.000#   0.000#   0.000#   0.000#   0.000f

   S-matrix    4 =    1.00000   0.00000 for L=   38, J=   39.0 channel on core I =   2.0 from L=   38,  Acc. loss =  0.0 D.
 Elastic phase shift   4 =    0.000   0.000 deg. for the L =   38, J =   39.0 channel.
      39.0  0.99999999  0.00000196i: elastic S-matrix  @@      0.00  0   0 F  0
 Reaction Xsec    39.0+/38 @ 4 =   0.442#, Out:   0.000#   0.000#   0.000#   0.000#   0.000#   0.000#   0.000f

   S-matrix    5 =    1.00000  -0.00000 for L=   40, J=   39.0 channel on core I =   2.0 from L=   40,  Acc. loss =  0.0 D.
 Elastic phase shift   5 =   -0.000   0.000 deg. for the L =   40, J =   39.0 channel.
      39.0  1.00000000 -0.00000084i: elastic S-matrix  @@      0.00  0   0 F  0
 Reaction Xsec    39.0+/40 @ 5 =   0.127#, Out:   0.000#   0.000#   0.000#   0.000#   0.000#   0.000#   0.000f

   S-matrix    6 =    1.00000  -0.00000 for L=   40, J=   40.0 channel on core I =   2.0 from L=   40,  Acc. loss =  0.0 D.
 Elastic phase shift   6 =   -0.000   0.000 deg. for the L =   40, J =   40.0 channel.
0****** WARNING : ACCURACY LOSS IN ERWIN = 14.2 DIGITS, SO EXPECT ERRORS OF   0.0000 % OF UNITARITY

      39.0  1.00000000 -0.00000000i: elastic S-matrix  @@      0.00  0   0 F  0
 Reaction Xsec    39.0+/40 @ 6 =   0.127#, Out:   0.000#   0.000#   0.000#   0.000#   0.000#   0.000#   0.000f

   S-matrix    7 =    1.00000   0.00000 for L=   40, J=   41.0 channel on core I =   2.0 from L=   40,  Acc. loss =  0.0 D.
 Elastic phase shift   7 =    0.000   0.000 deg. for the L =   40, J =   41.0 channel.
      39.0  1.00000000  0.00000086i: elastic S-matrix  @@      0.00  0   0 F  0
 Reaction Xsec    39.0+/40 @ 7 =   0.127#, Out:   0.000#   0.000#   0.000#   0.000#   0.000#   0.000#   0.000f

   S-matrix    8 =    1.00000  -0.00000 for L=   42, J=   41.0 channel on core I =   2.0 from L=   42,  Acc. loss =  0.0 D.
 Elastic phase shift   8 =   -0.000   0.000 deg. for the L =   42, J =   41.0 channel.
      39.0  1.00000000 -0.00000038i: elastic S-matrix  @@      0.00  0   0 F  0
 Reaction Xsec    39.0+/42 @ 8 =   0.036#, Out:   0.000#   0.000#   0.000#   0.000#   0.000#   0.000#   0.000f


 Total SPIN, PARITY =    39.0 -,     29 chs,      0 cc.  Rmin & Coul turning =    3.1   16.8
   S-matrix    1 =    1.00000   0.00000 for L=   37, J=   37.0 channel on core I =   2.0 from L=   37,  Acc. loss =  0.0 D.
 Elastic phase shift   1 =    0.000   0.000 deg. for the L =   37, J =   37.0 channel.
      39.0  0.99999999  0.00000007i: elastic S-matrix  @@      0.00  0   0 F  0
 Reaction Xsec    39.0-/37 @ 1 =   0.826#, Out:   0.000#   0.000#   0.000#   0.000#   0.000#   0.000#   0.000f

   S-matrix    2 =    1.00000   0.00000 for L=   37, J=   38.0 channel on core I =   2.0 from L=   37,  Acc. loss =  0.0 D.
 Elastic phase shift   2 =    0.000   0.000 deg. for the L =   37, J =   38.0 channel.
      39.0  0.99999999  0.00000296i: elastic S-matrix  @@      0.00  0   0 F  0
 Reaction Xsec    39.0-/37 @ 2 =   0.826#, Out:   0.000#   0.000#   0.000#   0.000#   0.000#   0.000#   0.000f

   S-matrix    3 =    1.00000  -0.00000 for L=   39, J=   38.0 channel on core I =   2.0 from L=   39,  Acc. loss =  0.0 D.
 Elastic phase shift   3 =   -0.000   0.000 deg. for the L =   39, J =   38.0 channel.
      39.0  1.00000000 -0.00000125i: elastic S-matrix  @@      0.00  0   0 F  0
 Reaction Xsec    39.0-/39 @ 3 =   0.237#, Out:   0.000#   0.000#   0.000#   0.000#   0.000#   0.000#   0.000f

   S-matrix    4 =    1.00000   0.00000 for L=   39, J=   39.0 channel on core I =   2.0 from L=   39,  Acc. loss =  0.0 D.
 Elastic phase shift   4 =    0.000   0.000 deg. for the L =   39, J =   39.0 channel.
      39.0  1.00000000  0.00000000i: elastic S-matrix  @@      0.00  0   0 F  0
 Reaction Xsec    39.0-/39 @ 4 =   0.237#, Out:   0.000#   0.000#   0.000#   0.000#   0.000#   0.000#   0.000f

   S-matrix    5 =    1.00000   0.00000 for L=   39, J=   40.0 channel on core I =   2.0 from L=   39,  Acc. loss =  0.0 D.
 Elastic phase shift   5 =    0.000   0.000 deg. for the L =   39, J =   40.0 channel.
      39.0  1.00000000  0.00000129i: elastic S-matrix  @@      0.00  0   0 F  0
 Reaction Xsec    39.0-/39 @ 5 =   0.237#, Out:   0.000#   0.000#   0.000#   0.000#   0.000#   0.000#   0.000f

   S-matrix    6 =    1.00000  -0.00000 for L=   41, J=   40.0 channel on core I =   2.0 from L=   41,  Acc. loss =  0.0 D.
 Elastic phase shift   6 =   -0.000   0.000 deg. for the L =   41, J =   40.0 channel.
      39.0  1.00000000 -0.00000055i: elastic S-matrix  @@      0.00  0   0 F  0
 Reaction Xsec    39.0-/41 @ 6 =   0.068#, Out:   0.000#   0.000#   0.000#   0.000#   0.000#   0.000#   0.000f

   S-matrix    7 =    1.00000   0.00000 for L=   41, J=   41.0 channel on core I =   2.0 from L=   41,  Acc. loss =  0.0 D.
 Elastic phase shift   7 =    0.000   0.000 deg. for the L =   41, J =   41.0 channel.
      39.0  1.00000000  0.00000001i: elastic S-matrix  @@      0.00  0   0 F  0
 Reaction Xsec    39.0-/41 @ 7 =   0.068#, Out:   0.000#   0.000#   0.000#   0.000#   0.000#   0.000#   0.000f


 Total SPIN, PARITY =    40.0 +,     29 chs,      0 cc.  Rmin & Coul turning =    3.2   17.2
   S-matrix    1 =    1.00000   0.00000 for L=   38, J=   38.0 channel on core I =   2.0 from L=   38,  Acc. loss =  0.0 D.
 Elastic phase shift   1 =    0.000   0.000 deg. for the L =   38, J =   38.0 channel.
      40.0  0.99999999  0.00000004i: elastic S-matrix  @@      0.00  0   0 F  0
 Reaction Xsec    40.0+/38 @ 1 =   0.453#, Out:   0.000#   0.000#   0.000#   0.000#   0.000#   0.000#   0.000f

   S-matrix    2 =    1.00000   0.00000 for L=   38, J=   39.0 channel on core I =   2.0 from L=   38,  Acc. loss =  0.0 D.
 Elastic phase shift   2 =    0.000   0.000 deg. for the L =   38, J =   39.0 channel.
      40.0  0.99999999  0.00000196i: elastic S-matrix  @@      0.00  0   0 F  0
 Reaction Xsec    40.0+/38 @ 2 =   0.453#, Out:   0.000#   0.000#   0.000#   0.000#   0.000#   0.000#   0.000f

   S-matrix    3 =    1.00000  -0.00000 for L=   40, J=   39.0 channel on core I =   2.0 from L=   40,  Acc. loss =  0.0 D.
 Elastic phase shift   3 =   -0.000   0.000 deg. for the L =   40, J =   39.0 channel.
      40.0  1.00000000 -0.00000084i: elastic S-matrix  @@      0.00  0   0 F  0
 Reaction Xsec    40.0+/40 @ 3 =   0.130#, Out:   0.000#   0.000#   0.000#   0.000#   0.000#   0.000#   0.000f

   S-matrix    4 =    1.00000  -0.00000 for L=   40, J=   40.0 channel on core I =   2.0 from L=   40,  Acc. loss =  0.0 D.
 Elastic phase shift   4 =   -0.000   0.000 deg. for the L =   40, J =   40.0 channel.
      40.0  1.00000000 -0.00000000i: elastic S-matrix  @@      0.00  0   0 F  0
 Reaction Xsec    40.0+/40 @ 4 =   0.130#, Out:   0.000#   0.000#   0.000#   0.000#   0.000#   0.000#   0.000f

   S-matrix    5 =    1.00000   0.00000 for L=   40, J=   41.0 channel on core I =   2.0 from L=   40,  Acc. loss =  0.0 D.
 Elastic phase shift   5 =    0.000   0.000 deg. for the L =   40, J =   41.0 channel.
      40.0  1.00000000  0.00000086i: elastic S-matrix  @@      0.00  0   0 F  0
 Reaction Xsec    40.0+/40 @ 5 =   0.130#, Out:   0.000#   0.000#   0.000#   0.000#   0.000#   0.000#   0.000f

   S-matrix    6 =    1.00000  -0.00000 for L=   42, J=   41.0 channel on core I =   2.0 from L=   42,  Acc. loss =  0.0 D.
 Elastic phase shift   6 =   -0.000   0.000 deg. for the L =   42, J =   41.0 channel.
      40.0  1.00000000 -0.00000038i: elastic S-matrix  @@      0.00  0   0 F  0
 Reaction Xsec    40.0+/42 @ 6 =   0.037#, Out:   0.000#   0.000#   0.000#   0.000#   0.000#   0.000#   0.000f

   S-matrix    7 =    1.00000  -0.00000 for L=   42, J=   42.0 channel on core I =   2.0 from L=   42,  Acc. loss =  0.0 D.
 Elastic phase shift   7 =   -0.000   0.000 deg. for the L =   42, J =   42.0 channel.
      40.0  1.00000000 -0.00000001i: elastic S-matrix  @@      0.00  0   0 F  0
 Reaction Xsec    40.0+/42 @ 7 =   0.037#, Out:   0.000#   0.000#   0.000#   0.000#   0.000#   0.000#   0.000f


 Total SPIN, PARITY =    40.0 -,     30 chs,      0 cc.  Rmin & Coul turning =    3.2   17.2
   S-matrix    1 =    1.00000   0.00000 for L=   37, J=   38.0 channel on core I =   2.0 from L=   37,  Acc. loss =  0.0 D.
 Elastic phase shift   1 =    0.000   0.000 deg. for the L =   37, J =   38.0 channel.
      40.0  0.99999999  0.00000296i: elastic S-matrix  @@      0.00  0   0 F  0
 Reaction Xsec    40.0-/37 @ 1 =   0.847#, Out:   0.000#   0.000#   0.000#   0.000#   0.000#   0.000#   0.000f

   S-matrix    2 =    1.00000  -0.00000 for L=   39, J=   38.0 channel on core I =   2.0 from L=   39,  Acc. loss =  0.0 D.
 Elastic phase shift   2 =   -0.000   0.000 deg. for the L =   39, J =   38.0 channel.
      40.0  1.00000000 -0.00000125i: elastic S-matrix  @@      0.00  0   0 F  0
 Reaction Xsec    40.0-/39 @ 2 =   0.243#, Out:   0.000#   0.000#   0.000#   0.000#   0.000#   0.000#   0.000f

   S-matrix    3 =    1.00000   0.00000 for L=   39, J=   39.0 channel on core I =   2.0 from L=   39,  Acc. loss =  0.0 D.
 Elastic phase shift   3 =    0.000   0.000 deg. for the L =   39, J =   39.0 channel.
      40.0  1.00000000  0.00000000i: elastic S-matrix  @@      0.00  0   0 F  0
 Reaction Xsec    40.0-/39 @ 3 =   0.243#, Out:   0.000#   0.000#   0.000#   0.000#   0.000#   0.000#   0.000f

   S-matrix    4 =    1.00000   0.00000 for L=   39, J=   40.0 channel on core I =   2.0 from L=   39,  Acc. loss =  0.0 D.
 Elastic phase shift   4 =    0.000   0.000 deg. for the L =   39, J =   40.0 channel.
      40.0  1.00000000  0.00000129i: elastic S-matrix  @@      0.00  0   0 F  0
 Reaction Xsec    40.0-/39 @ 4 =   0.243#, Out:   0.000#   0.000#   0.000#   0.000#   0.000#   0.000#   0.000f

   S-matrix    5 =    1.00000  -0.00000 for L=   41, J=   40.0 channel on core I =   2.0 from L=   41,  Acc. loss =  0.0 D.
 Elastic phase shift   5 =   -0.000   0.000 deg. for the L =   41, J =   40.0 channel.
      40.0  1.00000000 -0.00000055i: elastic S-matrix  @@      0.00  0   0 F  0
 Reaction Xsec    40.0-/41 @ 5 =   0.069#, Out:   0.000#   0.000#   0.000#   0.000#   0.000#   0.000#   0.000f

   S-matrix    6 =    1.00000   0.00000 for L=   41, J=   41.0 channel on core I =   2.0 from L=   41,  Acc. loss =  0.0 D.
 Elastic phase shift   6 =    0.000   0.000 deg. for the L =   41, J =   41.0 channel.
      40.0  1.00000000  0.00000001i: elastic S-matrix  @@      0.00  0   0 F  0
 Reaction Xsec    40.0-/41 @ 6 =   0.069#, Out:   0.000#   0.000#   0.000#   0.000#   0.000#   0.000#   0.000f

   S-matrix    7 =    1.00000   0.00000 for L=   41, J=   42.0 channel on core I =   2.0 from L=   41,  Acc. loss =  0.0 D.
 Elastic phase shift   7 =    0.000   0.000 deg. for the L =   41, J =   42.0 channel.
      40.0  1.00000000  0.00000058i: elastic S-matrix  @@      0.00  0   0 F  0
 Reaction Xsec    40.0-/41 @ 7 =   0.069#, Out:   0.000#   0.000#   0.000#   0.000#   0.000#   0.000#   0.000f

   S-matrix    8 =    1.00000  -0.00000 for L=   43, J=   42.0 channel on core I =   2.0 from L=   43,  Acc. loss =  0.0 D.
 Elastic phase shift   8 =   -0.000   0.000 deg. for the L =   43, J =   42.0 channel.
      40.0  1.00000000 -0.00000027i: elastic S-matrix  @@      0.00  0   0 F  0
 Reaction Xsec    40.0-/43 @ 8 =   0.020#, Out:   0.000#   0.000#   0.000#   0.000#   0.000#   0.000#   0.000f

 Finished all CC sets @   0.968666971    
0CUMULATIVE REACTION cross section                 =  587.07164  <L> =     7.55  <L**2> =     68.1
0CUMULATIVE outgoing cross sections in partition 1 :    0.00000
0CUMULATIVE outgoing cross sections in partition 2 :    2.10889    2.32349    0.90393    2.76291    2.10643
0Cumulative ABSORBTION by Imaginary Potentials     =  576.86599  <L> =     7.56  <L**2> =     68.4
   Fusion for specific d        M-states :  588.348507  588.212636  588.348507
0CUMULATIVE OUTGOING cross section                 =   10.20564
 To convert to S-factors (MeV.mb = keV.b),  multiply by  1.1215E+02


 CROSS SECTIONS FOR OUTGOING d        & 8Li      in state #   1 with spins & parities 1.0  + &  2.0  +;  0

     0.01 deg.: X-S =   3.8858E+13 mb/sr,
+                                         /R =   9.9998E-01
     1.00 deg.: X-S =   3.4181E+05 mb/sr,
+                                         /R =   8.7956E-01
     2.00 deg.: X-S =   1.8839E+04 mb/sr,
+                                         /R =   7.7552E-01
     3.00 deg.: X-S =  5851.755119 mb/sr,
+                                         /R =   1.2192E+00
     4.00 deg.: X-S =  4397.782857 mb/sr,
+                                         /R =   2.8949E+00
     5.00 deg.: X-S =  4031.347295 mb/sr,
+                                         /R =   6.4757E+00
     6.00 deg.: X-S =  3736.945345 mb/sr,
+                                         /R =   1.2440E+01
     7.00 deg.: X-S =  3394.516687 mb/sr,
+                                         /R =   2.0922E+01
     8.00 deg.: X-S =  3009.836226 mb/sr,
+                                         /R =   3.1623E+01
     9.00 deg.: X-S =  2606.131441 mb/sr,
+                                         /R =   4.3821E+01
    10.00 deg.: X-S =  2205.275794 mb/sr,
+                                         /R =   5.6463E+01
    11.00 deg.: X-S =  1824.472402 mb/sr,
+                                         /R =   6.8320E+01
    12.00 deg.: X-S =  1475.996345 mb/sr,
+                                         /R =   7.8188E+01
    13.00 deg.: X-S =  1167.609454 mb/sr,
+                                         /R =   8.5084E+01
    14.00 deg.: X-S =   903.163824 mb/sr,
+                                         /R =   8.8402E+01
    15.00 deg.: X-S =   683.283923 mb/sr,
+                                         /R =   8.8005E+01
    16.00 deg.: X-S =   506.080835 mb/sr,
+                                         /R =   8.4248E+01
    17.00 deg.: X-S =   367.858140 mb/sr,
+                                         /R =   7.7912E+01
    18.00 deg.: X-S =   263.770608 mb/sr,
+                                         /R =   7.0093E+01
    19.00 deg.: X-S =   188.403355 mb/sr,
+                                         /R =   6.2036E+01
    20.00 deg.: X-S =   136.249386 mb/sr,
+                                         /R =   5.4971E+01
    21.00 deg.: X-S =   102.075130 mb/sr,
+                                         /R =   4.9954E+01
    22.00 deg.: X-S =    81.174385 mb/sr,
+                                         /R =   4.7745E+01
    23.00 deg.: X-S =    69.519827 mb/sr,
+                                         /R =   4.8736E+01
    24.00 deg.: X-S =    63.827166 mb/sr,
+                                         /R =   5.2922E+01
    25.00 deg.: X-S =    61.550211 mb/sr,
+                                         /R =   5.9937E+01
    26.00 deg.: X-S =    60.825879 mb/sr,
+                                         /R =   6.9112E+01
    27.00 deg.: X-S =    60.387022 mb/sr,
+                                         /R =   7.9579E+01
    28.00 deg.: X-S =    59.458643 mb/sr,
+                                         /R =   9.0372E+01
    29.00 deg.: X-S =    57.649984 mb/sr,
+                                         /R =   1.0053E+02
    30.00 deg.: X-S =    54.851785 mb/sr,
+                                         /R =   1.0922E+02
    31.00 deg.: X-S =    51.144887 mb/sr,
+                                         /R =   1.1575E+02
    32.00 deg.: X-S =    46.723711 mb/sr,
+                                         /R =   1.1968E+02
    33.00 deg.: X-S =    41.835887 mb/sr,
+                                         /R =   1.2079E+02
    34.00 deg.: X-S =    36.737686 mb/sr,
+                                         /R =   1.1912E+02
    35.00 deg.: X-S =    31.663763 mb/sr,
+                                         /R =   1.1488E+02
    36.00 deg.: X-S =    26.809038 mb/sr,
+                                         /R =   1.0847E+02
    37.00 deg.: X-S =    22.320273 mb/sr,
+                                         /R =   1.0040E+02
    38.00 deg.: X-S =    18.294867 mb/sr,
+                                         /R =   9.1204E+01
    39.00 deg.: X-S =    14.784632 mb/sr,
+                                         /R =   8.1453E+01
    40.00 deg.: X-S =    11.802607 mb/sr,
+                                         /R =   7.1664E+01
    41.00 deg.: X-S =     9.331319 mb/sr,
+                                         /R =   6.2282E+01
    42.00 deg.: X-S =     7.331345 mb/sr,
+                                         /R =   5.3656E+01
    43.00 deg.: X-S =     5.749298 mb/sr,
+                                         /R =   4.6029E+01
    44.00 deg.: X-S =     4.524756 mb/sr,
+                                         /R =   3.9538E+01
    45.00 deg.: X-S =     3.595839 mb/sr,
+                                         /R =   3.4220E+01
    46.00 deg.: X-S =     2.903386 mb/sr,
+                                         /R =   3.0028E+01
    47.00 deg.: X-S =     2.393798 mb/sr,
+                                         /R =   2.6854E+01
    48.00 deg.: X-S =     2.020698 mb/sr,
+                                         /R =   2.4540E+01
    49.00 deg.: X-S =     1.745645 mb/sr,
+                                         /R =   2.2908E+01
    50.00 deg.: X-S =     1.538090 mb/sr,
+                                         /R =   2.1772E+01
    51.00 deg.: X-S =     1.374824 mb/sr,
+                                         /R =   2.0956E+01
    52.00 deg.: X-S =     1.239082 mb/sr,
+                                         /R =   2.0304E+01
    53.00 deg.: X-S =     1.119488 mb/sr,
+                                         /R =   1.9690E+01
    54.00 deg.: X-S =     1.008947 mb/sr,
+                                         /R =   1.9018E+01
    55.00 deg.: X-S =     0.903590 mb/sr,
+                                         /R =   1.8227E+01
    56.00 deg.: X-S =     0.801836 mb/sr,
+                                         /R =   1.7284E+01
    57.00 deg.: X-S =     0.703591 mb/sr,
+                                         /R =   1.6184E+01
    58.00 deg.: X-S =     0.609612 mb/sr,
+                                         /R =   1.4944E+01
    59.00 deg.: X-S =     0.521021 mb/sr,
+                                         /R =   1.3593E+01
    60.00 deg.: X-S =     0.438970 mb/sr,
+                                         /R =   1.2174E+01
    61.00 deg.: X-S =     0.364415 mb/sr,
+                                         /R =   1.0730E+01
    62.00 deg.: X-S =     0.298006 mb/sr,
+                                         /R =   9.3046E+00
    63.00 deg.: X-S =     0.240033 mb/sr,
+                                         /R =   7.9383E+00
    64.00 deg.: X-S =     0.190445 mb/sr,
+                                         /R =   6.6638E+00
    65.00 deg.: X-S =     0.148888 mb/sr,
+                                         /R =   5.5061E+00
    66.00 deg.: X-S =     0.114775 mb/sr,
+                                         /R =   4.4812E+00
    67.00 deg.: X-S =     0.087352 mb/sr,
+                                         /R =   3.5971E+00
    68.00 deg.: X-S =     0.065774 mb/sr,
+                                         /R =   2.8538E+00
    69.00 deg.: X-S =     0.049162 mb/sr,
+                                         /R =   2.2452E+00
    70.00 deg.: X-S =     0.036655 mb/sr,
+                                         /R =   1.7604E+00
    71.00 deg.: X-S =     0.027448 mb/sr,
+                                         /R =   1.3850E+00
    72.00 deg.: X-S =     0.020819 mb/sr,
+                                         /R =   1.1027E+00
    73.00 deg.: X-S =     0.016142 mb/sr,
+                                         /R =   8.9668E-01
    74.00 deg.: X-S =     0.012897 mb/sr,
+                                         /R =   7.5071E-01
    75.00 deg.: X-S =     0.010662 mb/sr,
+                                         /R =   6.4977E-01
    76.00 deg.: X-S =     0.009110 mb/sr,
+                                         /R =   5.8077E-01
    77.00 deg.: X-S =     0.007996 mb/sr,
+                                         /R =   5.3282E-01
    78.00 deg.: X-S =     0.007146 mb/sr,
+                                         /R =   4.9737E-01
    79.00 deg.: X-S =     0.006444 mb/sr,
+                                         /R =   4.6808E-01
    80.00 deg.: X-S =     0.005817 mb/sr,
+                                         /R =   4.4066E-01
    81.00 deg.: X-S =     0.005226 mb/sr,
+                                         /R =   4.1256E-01
    82.00 deg.: X-S =     0.004654 mb/sr,
+                                         /R =   3.8261E-01
    83.00 deg.: X-S =     0.004100 mb/sr,
+                                         /R =   3.5072E-01
    84.00 deg.: X-S =     0.003569 mb/sr,
+                                         /R =   3.1750E-01
    85.00 deg.: X-S =     0.003072 mb/sr,
+                                         /R =   2.8396E-01
    86.00 deg.: X-S =     0.002618 mb/sr,
+                                         /R =   2.5129E-01
    87.00 deg.: X-S =     0.002215 mb/sr,
+                                         /R =   2.2063E-01
    88.00 deg.: X-S =     0.001867 mb/sr,
+                                         /R =   1.9295E-01
    89.00 deg.: X-S =     0.001578 mb/sr,
+                                         /R =   1.6895E-01
    90.00 deg.: X-S =     0.001344 mb/sr,
+                                         /R =   1.4906E-01
    91.00 deg.: X-S =     0.001161 mb/sr,
+                                         /R =   1.3335E-01
    92.00 deg.: X-S =     0.001024 mb/sr,
+                                         /R =   1.2168E-01
    93.00 deg.: X-S =     0.000925 mb/sr,
+                                         /R =   1.1363E-01
    94.00 deg.: X-S =     0.000856 mb/sr,
+                                         /R =   1.0866E-01
    95.00 deg.: X-S =     0.000809 mb/sr,
+                                         /R =   1.0609E-01
    96.00 deg.: X-S =     0.000778 mb/sr,
+                                         /R =   1.0523E-01
    97.00 deg.: X-S =     0.000755 mb/sr,
+                                         /R =   1.0538E-01
    98.00 deg.: X-S =     0.000736 mb/sr,
+                                         /R =   1.0591E-01
    99.00 deg.: X-S =     0.000716 mb/sr,
+                                         /R =   1.0629E-01
   100.00 deg.: X-S =     0.000694 mb/sr,
+                                         /R =   1.0608E-01
   101.00 deg.: X-S =     0.000667 mb/sr,
+                                         /R =   1.0497E-01
   102.00 deg.: X-S =     0.000635 mb/sr,
+                                         /R =   1.0277E-01
   103.00 deg.: X-S =     0.000597 mb/sr,
+                                         /R =   9.9419E-02
   104.00 deg.: X-S =     0.000555 mb/sr,
+                                         /R =   9.4938E-02
   105.00 deg.: X-S =     0.000509 mb/sr,
+                                         /R =   8.9446E-02
   106.00 deg.: X-S =     0.000460 mb/sr,
+                                         /R =   8.3122E-02
   107.00 deg.: X-S =     0.000411 mb/sr,
+                                         /R =   7.6187E-02
   108.00 deg.: X-S =     0.000362 mb/sr,
+                                         /R =   6.8880E-02
   109.00 deg.: X-S =     0.000315 mb/sr,
+                                         /R =   6.1447E-02
   110.00 deg.: X-S =     0.000271 mb/sr,
+                                         /R =   5.4117E-02
   111.00 deg.: X-S =     0.000230 mb/sr,
+                                         /R =   4.7099E-02
   112.00 deg.: X-S =     0.000194 mb/sr,
+                                         /R =   4.0571E-02
   113.00 deg.: X-S =     0.000162 mb/sr,
+                                         /R =   3.4673E-02
   114.00 deg.: X-S =     0.000134 mb/sr,
+                                         /R =   2.9505E-02
   115.00 deg.: X-S =     0.000112 mb/sr,
+                                         /R =   2.5126E-02
   116.00 deg.: X-S =   9.3931E-05 mb/sr,
+                                         /R =   2.1558E-02
   117.00 deg.: X-S =   8.0097E-05 mb/sr,
+                                         /R =   1.8784E-02
   118.00 deg.: X-S =   6.9973E-05 mb/sr,
+                                         /R =   1.6761E-02
   119.00 deg.: X-S =   6.3056E-05 mb/sr,
+                                         /R =   1.5421E-02
   120.00 deg.: X-S =   5.8815E-05 mb/sr,
+                                         /R =   1.4680E-02
   121.00 deg.: X-S =   5.6721E-05 mb/sr,
+                                         /R =   1.4443E-02
   122.00 deg.: X-S =   5.6263E-05 mb/sr,
+                                         /R =   1.4609E-02
   123.00 deg.: X-S =   5.6966E-05 mb/sr,
+                                         /R =   1.5077E-02
   124.00 deg.: X-S =   5.8402E-05 mb/sr,
+                                         /R =   1.5750E-02
   125.00 deg.: X-S =   6.0201E-05 mb/sr,
+                                         /R =   1.6536E-02
   126.00 deg.: X-S =   6.2053E-05 mb/sr,
+                                         /R =   1.7354E-02
   127.00 deg.: X-S =   6.3711E-05 mb/sr,
+                                         /R =   1.8134E-02
   128.00 deg.: X-S =   6.4988E-05 mb/sr,
+                                         /R =   1.8819E-02
   129.00 deg.: X-S =   6.5758E-05 mb/sr,
+                                         /R =   1.9365E-02
   130.00 deg.: X-S =   6.5944E-05 mb/sr,
+                                         /R =   1.9742E-02
   131.00 deg.: X-S =   6.5510E-05 mb/sr,
+                                         /R =   1.9930E-02
   132.00 deg.: X-S =   6.4460E-05 mb/sr,
+                                         /R =   1.9922E-02
   133.00 deg.: X-S =   6.2825E-05 mb/sr,
+                                         /R =   1.9717E-02
   134.00 deg.: X-S =   6.0657E-05 mb/sr,
+                                         /R =   1.9324E-02
   135.00 deg.: X-S =   5.8025E-05 mb/sr,
+                                         /R =   1.8758E-02
   136.00 deg.: X-S =   5.5009E-05 mb/sr,
+                                         /R =   1.8039E-02
   137.00 deg.: X-S =   5.1693E-05 mb/sr,
+                                         /R =   1.7189E-02
   138.00 deg.: X-S =   4.8163E-05 mb/sr,
+                                         /R =   1.6235E-02
   139.00 deg.: X-S =   4.4503E-05 mb/sr,
+                                         /R =   1.5201E-02
   140.00 deg.: X-S =   4.0791E-05 mb/sr,
+                                         /R =   1.4113E-02
   141.00 deg.: X-S =   3.7097E-05 mb/sr,
+                                         /R =   1.2997E-02
   142.00 deg.: X-S =   3.3481E-05 mb/sr,
+                                         /R =   1.1874E-02
   143.00 deg.: X-S =   2.9996E-05 mb/sr,
+                                         /R =   1.0765E-02
   144.00 deg.: X-S =   2.6684E-05 mb/sr,
+                                         /R =   9.6870E-03
   145.00 deg.: X-S =   2.3576E-05 mb/sr,
+                                         /R =   8.6550E-03
   146.00 deg.: X-S =   2.0697E-05 mb/sr,
+                                         /R =   7.6808E-03
   147.00 deg.: X-S =   1.8061E-05 mb/sr,
+                                         /R =   6.7736E-03
   148.00 deg.: X-S =   1.5677E-05 mb/sr,
+                                         /R =   5.9396E-03
   149.00 deg.: X-S =   1.3546E-05 mb/sr,
+                                         /R =   5.1827E-03
   150.00 deg.: X-S =   1.1661E-05 mb/sr,
+                                         /R =   4.5044E-03
   151.00 deg.: X-S =   1.0015E-05 mb/sr,
+                                         /R =   3.9041E-03
   152.00 deg.: X-S =   8.5921E-06 mb/sr,
+                                         /R =   3.3793E-03
   153.00 deg.: X-S =   7.3769E-06 mb/sr,
+                                         /R =   2.9263E-03
   154.00 deg.: X-S =   6.3509E-06 mb/sr,
+                                         /R =   2.5401E-03
   155.00 deg.: X-S =   5.4951E-06 mb/sr,
+                                         /R =   2.2152E-03
   156.00 deg.: X-S =   4.7902E-06 mb/sr,
+                                         /R =   1.9458E-03
   157.00 deg.: X-S =   4.2176E-06 mb/sr,
+                                         /R =   1.7256E-03
   158.00 deg.: X-S =   3.7588E-06 mb/sr,
+                                         /R =   1.5486E-03
   159.00 deg.: X-S =   3.3962E-06 mb/sr,
+                                         /R =   1.4085E-03
   160.00 deg.: X-S =   3.1129E-06 mb/sr,
+                                         /R =   1.2992E-03
   161.00 deg.: X-S =   2.8932E-06 mb/sr,
+                                         /R =   1.2148E-03
   162.00 deg.: X-S =   2.7229E-06 mb/sr,
+                                         /R =   1.1498E-03
   163.00 deg.: X-S =   2.5899E-06 mb/sr,
+                                         /R =   1.0995E-03
   164.00 deg.: X-S =   2.4841E-06 mb/sr,
+                                         /R =   1.0600E-03
   165.00 deg.: X-S =   2.3978E-06 mb/sr,
+                                         /R =   1.0280E-03
   166.00 deg.: X-S =   2.3253E-06 mb/sr,
+                                         /R =   1.0014E-03
   167.00 deg.: X-S =   2.2622E-06 mb/sr,
+                                         /R =   9.7825E-04
   168.00 deg.: X-S =   2.2053E-06 mb/sr,
+                                         /R =   9.5731E-04
   169.00 deg.: X-S =   2.1521E-06 mb/sr,
+                                         /R =   9.3747E-04
   170.00 deg.: X-S =   2.1005E-06 mb/sr,
+                                         /R =   9.1792E-04
   171.00 deg.: X-S =   2.0492E-06 mb/sr,
+                                         /R =   8.9815E-04
   172.00 deg.: X-S =   1.9981E-06 mb/sr,
+                                         /R =   8.7800E-04
   173.00 deg.: X-S =   1.9476E-06 mb/sr,
+                                         /R =   8.5777E-04
   174.00 deg.: X-S =   1.8991E-06 mb/sr,
+                                         /R =   8.3807E-04
   175.00 deg.: X-S =   1.8545E-06 mb/sr,
+                                         /R =   8.1978E-04
   176.00 deg.: X-S =   1.8158E-06 mb/sr,
+                                         /R =   8.0376E-04
   177.00 deg.: X-S =   1.7845E-06 mb/sr,
+                                         /R =   7.9073E-04
   178.00 deg.: X-S =   1.7616E-06 mb/sr,
+                                         /R =   7.8118E-04
   179.00 deg.: X-S =   1.7477E-06 mb/sr,
+                                         /R =   7.7538E-04
   179.99 deg.: X-S =   1.7430E-06 mb/sr,
+                                         /R =   7.7344E-04
                                           Integrated********** mb, over [   0.000, 180.000] at    90.0000 MeV 

 CROSS SECTIONS FOR OUTGOING 3He      & 7He      in state #   1 with spins & parities 0.5  + &  1.5  +;  0

     0.00 deg.: X-S =     1.543379 mb/sr,
+                                         REAC   2.1089E+00 mb
     1.00 deg.: X-S =     1.505348 mb/sr,
     2.00 deg.: X-S =     1.395498 mb/sr,
     3.00 deg.: X-S =     1.225997 mb/sr,
     4.00 deg.: X-S =     1.015320 mb/sr,
     5.00 deg.: X-S =     0.785855 mb/sr,
     6.00 deg.: X-S =     0.561086 mb/sr,
     7.00 deg.: X-S =     0.362787 mb/sr,
     8.00 deg.: X-S =     0.208613 mb/sr,
     9.00 deg.: X-S =     0.110390 mb/sr,
    10.00 deg.: X-S =     0.073288 mb/sr,
    11.00 deg.: X-S =     0.095884 mb/sr,
    12.00 deg.: X-S =     0.171019 mb/sr,
    13.00 deg.: X-S =     0.287233 mb/sr,
    14.00 deg.: X-S =     0.430530 mb/sr,
    15.00 deg.: X-S =     0.586182 mb/sr,
    16.00 deg.: X-S =     0.740362 mb/sr,
    17.00 deg.: X-S =     0.881421 mb/sr,
    18.00 deg.: X-S =     1.000720 mb/sr,
    19.00 deg.: X-S =     1.092987 mb/sr,
    20.00 deg.: X-S =     1.156252 mb/sr,
    21.00 deg.: X-S =     1.191434 mb/sr,
    22.00 deg.: X-S =     1.201706 mb/sr,
    23.00 deg.: X-S =     1.191739 mb/sr,
    24.00 deg.: X-S =     1.166937 mb/sr,
    25.00 deg.: X-S =     1.132760 mb/sr,
    26.00 deg.: X-S =     1.094165 mb/sr,
    27.00 deg.: X-S =     1.055224 mb/sr,
    28.00 deg.: X-S =     1.018909 mb/sr,
    29.00 deg.: X-S =     0.987038 mb/sr,
    30.00 deg.: X-S =     0.960339 mb/sr,
    31.00 deg.: X-S =     0.938625 mb/sr,
    32.00 deg.: X-S =     0.921010 mb/sr,
    33.00 deg.: X-S =     0.906158 mb/sr,
    34.00 deg.: X-S =     0.892523 mb/sr,
    35.00 deg.: X-S =     0.878557 mb/sr,
    36.00 deg.: X-S =     0.862878 mb/sr,
    37.00 deg.: X-S =     0.844389 mb/sr,
    38.00 deg.: X-S =     0.822344 mb/sr,
    39.00 deg.: X-S =     0.796372 mb/sr,
    40.00 deg.: X-S =     0.766455 mb/sr,
    41.00 deg.: X-S =     0.732887 mb/sr,
    42.00 deg.: X-S =     0.696210 mb/sr,
    43.00 deg.: X-S =     0.657135 mb/sr,
    44.00 deg.: X-S =     0.616471 mb/sr,
    45.00 deg.: X-S =     0.575058 mb/sr,
    46.00 deg.: X-S =     0.533699 mb/sr,
    47.00 deg.: X-S =     0.493124 mb/sr,
    48.00 deg.: X-S =     0.453951 mb/sr,
    49.00 deg.: X-S =     0.416668 mb/sr,
    50.00 deg.: X-S =     0.381627 mb/sr,
    51.00 deg.: X-S =     0.349049 mb/sr,
    52.00 deg.: X-S =     0.319034 mb/sr,
    53.00 deg.: X-S =     0.291580 mb/sr,
    54.00 deg.: X-S =     0.266599 mb/sr,
    55.00 deg.: X-S =     0.243943 mb/sr,
    56.00 deg.: X-S =     0.223421 mb/sr,
    57.00 deg.: X-S =     0.204822 mb/sr,
    58.00 deg.: X-S =     0.187924 mb/sr,
    59.00 deg.: X-S =     0.172514 mb/sr,
    60.00 deg.: X-S =     0.158394 mb/sr,
    61.00 deg.: X-S =     0.145386 mb/sr,
    62.00 deg.: X-S =     0.133339 mb/sr,
    63.00 deg.: X-S =     0.122128 mb/sr,
    64.00 deg.: X-S =     0.111654 mb/sr,
    65.00 deg.: X-S =     0.101841 mb/sr,
    66.00 deg.: X-S =     0.092632 mb/sr,
    67.00 deg.: X-S =     0.083989 mb/sr,
    68.00 deg.: X-S =     0.075885 mb/sr,
    69.00 deg.: X-S =     0.068303 mb/sr,
    70.00 deg.: X-S =     0.061232 mb/sr,
    71.00 deg.: X-S =     0.054665 mb/sr,
    72.00 deg.: X-S =     0.048592 mb/sr,
    73.00 deg.: X-S =     0.043007 mb/sr,
    74.00 deg.: X-S =     0.037899 mb/sr,
    75.00 deg.: X-S =     0.033254 mb/sr,
    76.00 deg.: X-S =     0.029056 mb/sr,
    77.00 deg.: X-S =     0.025285 mb/sr,
    78.00 deg.: X-S =     0.021920 mb/sr,
    79.00 deg.: X-S =     0.018936 mb/sr,
    80.00 deg.: X-S =     0.016306 mb/sr,
    81.00 deg.: X-S =     0.014002 mb/sr,
    82.00 deg.: X-S =     0.011996 mb/sr,
    83.00 deg.: X-S =     0.010260 mb/sr,
    84.00 deg.: X-S =     0.008766 mb/sr,
    85.00 deg.: X-S =     0.007489 mb/sr,
    86.00 deg.: X-S =     0.006401 mb/sr,
    87.00 deg.: X-S =     0.005480 mb/sr,
    88.00 deg.: X-S =     0.004703 mb/sr,
    89.00 deg.: X-S =     0.004051 mb/sr,
    90.00 deg.: X-S =     0.003506 mb/sr,
    91.00 deg.: X-S =     0.003051 mb/sr,
    92.00 deg.: X-S =     0.002672 mb/sr,
    93.00 deg.: X-S =     0.002356 mb/sr,
    94.00 deg.: X-S =     0.002094 mb/sr,
    95.00 deg.: X-S =     0.001875 mb/sr,
    96.00 deg.: X-S =     0.001692 mb/sr,
    97.00 deg.: X-S =     0.001537 mb/sr,
    98.00 deg.: X-S =     0.001407 mb/sr,
    99.00 deg.: X-S =     0.001295 mb/sr,
   100.00 deg.: X-S =     0.001198 mb/sr,
   101.00 deg.: X-S =     0.001113 mb/sr,
   102.00 deg.: X-S =     0.001038 mb/sr,
   103.00 deg.: X-S =     0.000971 mb/sr,
   104.00 deg.: X-S =     0.000910 mb/sr,
   105.00 deg.: X-S =     0.000853 mb/sr,
   106.00 deg.: X-S =     0.000800 mb/sr,
   107.00 deg.: X-S =     0.000751 mb/sr,
   108.00 deg.: X-S =     0.000704 mb/sr,
   109.00 deg.: X-S =     0.000659 mb/sr,
   110.00 deg.: X-S =     0.000616 mb/sr,
   111.00 deg.: X-S =     0.000575 mb/sr,
   112.00 deg.: X-S =     0.000535 mb/sr,
   113.00 deg.: X-S =     0.000497 mb/sr,
   114.00 deg.: X-S =     0.000461 mb/sr,
   115.00 deg.: X-S =     0.000426 mb/sr,
   116.00 deg.: X-S =     0.000392 mb/sr,
   117.00 deg.: X-S =     0.000360 mb/sr,
   118.00 deg.: X-S =     0.000329 mb/sr,
   119.00 deg.: X-S =     0.000300 mb/sr,
   120.00 deg.: X-S =     0.000272 mb/sr,
   121.00 deg.: X-S =     0.000246 mb/sr,
   122.00 deg.: X-S =     0.000222 mb/sr,
   123.00 deg.: X-S =     0.000199 mb/sr,
   124.00 deg.: X-S =     0.000177 mb/sr,
   125.00 deg.: X-S =     0.000158 mb/sr,
   126.00 deg.: X-S =     0.000139 mb/sr,
   127.00 deg.: X-S =     0.000122 mb/sr,
   128.00 deg.: X-S =     0.000107 mb/sr,
   129.00 deg.: X-S =   9.3231E-05 mb/sr,
   130.00 deg.: X-S =   8.0675E-05 mb/sr,
   131.00 deg.: X-S =   6.9417E-05 mb/sr,
   132.00 deg.: X-S =   5.9388E-05 mb/sr,
   133.00 deg.: X-S =   5.0514E-05 mb/sr,
   134.00 deg.: X-S =   4.2715E-05 mb/sr,
   135.00 deg.: X-S =   3.5911E-05 mb/sr,
   136.00 deg.: X-S =   3.0020E-05 mb/sr,
   137.00 deg.: X-S =   2.4960E-05 mb/sr,
   138.00 deg.: X-S =   2.0652E-05 mb/sr,
   139.00 deg.: X-S =   1.7016E-05 mb/sr,
   140.00 deg.: X-S =   1.3978E-05 mb/sr,
   141.00 deg.: X-S =   1.1465E-05 mb/sr,
   142.00 deg.: X-S =   9.4124E-06 mb/sr,
   143.00 deg.: X-S =   7.7569E-06 mb/sr,
   144.00 deg.: X-S =   6.4422E-06 mb/sr,
   145.00 deg.: X-S =   5.4168E-06 mb/sr,
   146.00 deg.: X-S =   4.6346E-06 mb/sr,
   147.00 deg.: X-S =   4.0549E-06 mb/sr,
   148.00 deg.: X-S =   3.6416E-06 mb/sr,
   149.00 deg.: X-S =   3.3638E-06 mb/sr,
   150.00 deg.: X-S =   3.1945E-06 mb/sr,
   151.00 deg.: X-S =   3.1112E-06 mb/sr,
   152.00 deg.: X-S =   3.0948E-06 mb/sr,
   153.00 deg.: X-S =   3.1293E-06 mb/sr,
   154.00 deg.: X-S =   3.2019E-06 mb/sr,
   155.00 deg.: X-S =   3.3021E-06 mb/sr,
   156.00 deg.: X-S =   3.4213E-06 mb/sr,
   157.00 deg.: X-S =   3.5531E-06 mb/sr,
   158.00 deg.: X-S =   3.6923E-06 mb/sr,
   159.00 deg.: X-S =   3.8350E-06 mb/sr,
   160.00 deg.: X-S =   3.9782E-06 mb/sr,
   161.00 deg.: X-S =   4.1198E-06 mb/sr,
   162.00 deg.: X-S =   4.2584E-06 mb/sr,
   163.00 deg.: X-S =   4.3926E-06 mb/sr,
   164.00 deg.: X-S =   4.5219E-06 mb/sr,
   165.00 deg.: X-S =   4.6456E-06 mb/sr,
   166.00 deg.: X-S =   4.7634E-06 mb/sr,
   167.00 deg.: X-S =   4.8750E-06 mb/sr,
   168.00 deg.: X-S =   4.9800E-06 mb/sr,
   169.00 deg.: X-S =   5.0783E-06 mb/sr,
   170.00 deg.: X-S =   5.1696E-06 mb/sr,
   171.00 deg.: X-S =   5.2536E-06 mb/sr,
   172.00 deg.: X-S =   5.3300E-06 mb/sr,
   173.00 deg.: X-S =   5.3984E-06 mb/sr,
   174.00 deg.: X-S =   5.4587E-06 mb/sr,
   175.00 deg.: X-S =   5.5103E-06 mb/sr,
   176.00 deg.: X-S =   5.5531E-06 mb/sr,
   177.00 deg.: X-S =   5.5866E-06 mb/sr,
   178.00 deg.: X-S =   5.6108E-06 mb/sr,
   179.00 deg.: X-S =   5.6253E-06 mb/sr,
   180.00 deg.: X-S =   5.6302E-06 mb/sr,
                                           Integrated    2.1086 mb, over [   0.000, 180.000] at    90.0000 MeV 

 CROSS SECTIONS FOR OUTGOING 3He      & 7He      in state #   2 with spins & parities 0.5  + &  1.5  -;  0

     0.00 deg.: X-S =     0.413876 mb/sr,
+                                         REAC   2.3235E+00 mb
     1.00 deg.: X-S =     0.448528 mb/sr,
     2.00 deg.: X-S =     0.548222 mb/sr,
     3.00 deg.: X-S =     0.700788 mb/sr,
     4.00 deg.: X-S =     0.887880 mb/sr,
     5.00 deg.: X-S =     1.087542 mb/sr,
     6.00 deg.: X-S =     1.277190 mb/sr,
     7.00 deg.: X-S =     1.436533 mb/sr,
     8.00 deg.: X-S =     1.550016 mb/sr,
     9.00 deg.: X-S =     1.608444 mb/sr,
    10.00 deg.: X-S =     1.609629 mb/sr,
    11.00 deg.: X-S =     1.558055 mb/sr,
    12.00 deg.: X-S =     1.463710 mb/sr,
    13.00 deg.: X-S =     1.340331 mb/sr,
    14.00 deg.: X-S =     1.203389 mb/sr,
    15.00 deg.: X-S =     1.068097 mb/sr,
    16.00 deg.: X-S =     0.947707 mb/sr,
    17.00 deg.: X-S =     0.852277 mb/sr,
    18.00 deg.: X-S =     0.787981 mb/sr,
    19.00 deg.: X-S =     0.756971 mb/sr,
    20.00 deg.: X-S =     0.757716 mb/sr,
    21.00 deg.: X-S =     0.785690 mb/sr,
    22.00 deg.: X-S =     0.834284 mb/sr,
    23.00 deg.: X-S =     0.895783 mb/sr,
    24.00 deg.: X-S =     0.962296 mb/sr,
    25.00 deg.: X-S =     1.026544 mb/sr,
    26.00 deg.: X-S =     1.082447 mb/sr,
    27.00 deg.: X-S =     1.125488 mb/sr,
    28.00 deg.: X-S =     1.152855 mb/sr,
    29.00 deg.: X-S =     1.163400 mb/sr,
    30.00 deg.: X-S =     1.157442 mb/sr,
    31.00 deg.: X-S =     1.136478 mb/sr,
    32.00 deg.: X-S =     1.102843 mb/sr,
    33.00 deg.: X-S =     1.059356 mb/sr,
    34.00 deg.: X-S =     1.009002 mb/sr,
    35.00 deg.: X-S =     0.954659 mb/sr,
    36.00 deg.: X-S =     0.898894 mb/sr,
    37.00 deg.: X-S =     0.843826 mb/sr,
    38.00 deg.: X-S =     0.791055 mb/sr,
    39.00 deg.: X-S =     0.741657 mb/sr,
    40.00 deg.: X-S =     0.696214 mb/sr,
    41.00 deg.: X-S =     0.654888 mb/sr,
    42.00 deg.: X-S =     0.617505 mb/sr,
    43.00 deg.: X-S =     0.583654 mb/sr,
    44.00 deg.: X-S =     0.552782 mb/sr,
    45.00 deg.: X-S =     0.524273 mb/sr,
    46.00 deg.: X-S =     0.497524 mb/sr,
    47.00 deg.: X-S =     0.471993 mb/sr,
    48.00 deg.: X-S =     0.447234 mb/sr,
    49.00 deg.: X-S =     0.422917 mb/sr,
    50.00 deg.: X-S =     0.398832 mb/sr,
    51.00 deg.: X-S =     0.374880 mb/sr,
    52.00 deg.: X-S =     0.351061 mb/sr,
    53.00 deg.: X-S =     0.327451 mb/sr,
    54.00 deg.: X-S =     0.304182 mb/sr,
    55.00 deg.: X-S =     0.281418 mb/sr,
    56.00 deg.: X-S =     0.259334 mb/sr,
    57.00 deg.: X-S =     0.238104 mb/sr,
    58.00 deg.: X-S =     0.217879 mb/sr,
    59.00 deg.: X-S =     0.198786 mb/sr,
    60.00 deg.: X-S =     0.180914 mb/sr,
    61.00 deg.: X-S =     0.164321 mb/sr,
    62.00 deg.: X-S =     0.149027 mb/sr,
    63.00 deg.: X-S =     0.135019 mb/sr,
    64.00 deg.: X-S =     0.122258 mb/sr,
    65.00 deg.: X-S =     0.110683 mb/sr,
    66.00 deg.: X-S =     0.100216 mb/sr,
    67.00 deg.: X-S =     0.090769 mb/sr,
    68.00 deg.: X-S =     0.082248 mb/sr,
    69.00 deg.: X-S =     0.074558 mb/sr,
    70.00 deg.: X-S =     0.067608 mb/sr,
    71.00 deg.: X-S =     0.061312 mb/sr,
    72.00 deg.: X-S =     0.055593 mb/sr,
    73.00 deg.: X-S =     0.050382 mb/sr,
    74.00 deg.: X-S =     0.045618 mb/sr,
    75.00 deg.: X-S =     0.041252 mb/sr,
    76.00 deg.: X-S =     0.037241 mb/sr,
    77.00 deg.: X-S =     0.033550 mb/sr,
    78.00 deg.: X-S =     0.030152 mb/sr,
    79.00 deg.: X-S =     0.027024 mb/sr,
    80.00 deg.: X-S =     0.024147 mb/sr,
    81.00 deg.: X-S =     0.021507 mb/sr,
    82.00 deg.: X-S =     0.019090 mb/sr,
    83.00 deg.: X-S =     0.016885 mb/sr,
    84.00 deg.: X-S =     0.014881 mb/sr,
    85.00 deg.: X-S =     0.013068 mb/sr,
    86.00 deg.: X-S =     0.011436 mb/sr,
    87.00 deg.: X-S =     0.009974 mb/sr,
    88.00 deg.: X-S =     0.008672 mb/sr,
    89.00 deg.: X-S =     0.007519 mb/sr,
    90.00 deg.: X-S =     0.006503 mb/sr,
    91.00 deg.: X-S =     0.005613 mb/sr,
    92.00 deg.: X-S =     0.004839 mb/sr,
    93.00 deg.: X-S =     0.004169 mb/sr,
    94.00 deg.: X-S =     0.003592 mb/sr,
    95.00 deg.: X-S =     0.003099 mb/sr,
    96.00 deg.: X-S =     0.002678 mb/sr,
    97.00 deg.: X-S =     0.002322 mb/sr,
    98.00 deg.: X-S =     0.002022 mb/sr,
    99.00 deg.: X-S =     0.001769 mb/sr,
   100.00 deg.: X-S =     0.001557 mb/sr,
   101.00 deg.: X-S =     0.001380 mb/sr,
   102.00 deg.: X-S =     0.001232 mb/sr,
   103.00 deg.: X-S =     0.001108 mb/sr,
   104.00 deg.: X-S =     0.001004 mb/sr,
   105.00 deg.: X-S =     0.000917 mb/sr,
   106.00 deg.: X-S =     0.000842 mb/sr,
   107.00 deg.: X-S =     0.000779 mb/sr,
   108.00 deg.: X-S =     0.000724 mb/sr,
   109.00 deg.: X-S =     0.000676 mb/sr,
   110.00 deg.: X-S =     0.000633 mb/sr,
   111.00 deg.: X-S =     0.000594 mb/sr,
   112.00 deg.: X-S =     0.000559 mb/sr,
   113.00 deg.: X-S =     0.000527 mb/sr,
   114.00 deg.: X-S =     0.000497 mb/sr,
   115.00 deg.: X-S =     0.000469 mb/sr,
   116.00 deg.: X-S =     0.000442 mb/sr,
   117.00 deg.: X-S =     0.000416 mb/sr,
   118.00 deg.: X-S =     0.000392 mb/sr,
   119.00 deg.: X-S =     0.000368 mb/sr,
   120.00 deg.: X-S =     0.000346 mb/sr,
   121.00 deg.: X-S =     0.000324 mb/sr,
   122.00 deg.: X-S =     0.000303 mb/sr,
   123.00 deg.: X-S =     0.000282 mb/sr,
   124.00 deg.: X-S =     0.000263 mb/sr,
   125.00 deg.: X-S =     0.000244 mb/sr,
   126.00 deg.: X-S =     0.000226 mb/sr,
   127.00 deg.: X-S =     0.000209 mb/sr,
   128.00 deg.: X-S =     0.000192 mb/sr,
   129.00 deg.: X-S =     0.000176 mb/sr,
   130.00 deg.: X-S =     0.000161 mb/sr,
   131.00 deg.: X-S =     0.000147 mb/sr,
   132.00 deg.: X-S =     0.000134 mb/sr,
   133.00 deg.: X-S =     0.000121 mb/sr,
   134.00 deg.: X-S =     0.000109 mb/sr,
   135.00 deg.: X-S =   9.8147E-05 mb/sr,
   136.00 deg.: X-S =   8.7867E-05 mb/sr,
   137.00 deg.: X-S =   7.8353E-05 mb/sr,
   138.00 deg.: X-S =   6.9593E-05 mb/sr,
   139.00 deg.: X-S =   6.1567E-05 mb/sr,
   140.00 deg.: X-S =   5.4254E-05 mb/sr,
   141.00 deg.: X-S =   4.7629E-05 mb/sr,
   142.00 deg.: X-S =   4.1663E-05 mb/sr,
   143.00 deg.: X-S =   3.6325E-05 mb/sr,
   144.00 deg.: X-S =   3.1579E-05 mb/sr,
   145.00 deg.: X-S =   2.7391E-05 mb/sr,
   146.00 deg.: X-S =   2.3721E-05 mb/sr,
   147.00 deg.: X-S =   2.0530E-05 mb/sr,
   148.00 deg.: X-S =   1.7779E-05 mb/sr,
   149.00 deg.: X-S =   1.5425E-05 mb/sr,
   150.00 deg.: X-S =   1.3430E-05 mb/sr,
   151.00 deg.: X-S =   1.1754E-05 mb/sr,
   152.00 deg.: X-S =   1.0358E-05 mb/sr,
   153.00 deg.: X-S =   9.2067E-06 mb/sr,
   154.00 deg.: X-S =   8.2652E-06 mb/sr,
   155.00 deg.: X-S =   7.5014E-06 mb/sr,
   156.00 deg.: X-S =   6.8859E-06 mb/sr,
   157.00 deg.: X-S =   6.3918E-06 mb/sr,
   158.00 deg.: X-S =   5.9954E-06 mb/sr,
   159.00 deg.: X-S =   5.6757E-06 mb/sr,
   160.00 deg.: X-S =   5.4145E-06 mb/sr,
   161.00 deg.: X-S =   5.1966E-06 mb/sr,
   162.00 deg.: X-S =   5.0094E-06 mb/sr,
   163.00 deg.: X-S =   4.8428E-06 mb/sr,
   164.00 deg.: X-S =   4.6891E-06 mb/sr,
   165.00 deg.: X-S =   4.5426E-06 mb/sr,
   166.00 deg.: X-S =   4.3996E-06 mb/sr,
   167.00 deg.: X-S =   4.2577E-06 mb/sr,
   168.00 deg.: X-S =   4.1162E-06 mb/sr,
   169.00 deg.: X-S =   3.9753E-06 mb/sr,
   170.00 deg.: X-S =   3.8360E-06 mb/sr,
   171.00 deg.: X-S =   3.7001E-06 mb/sr,
   172.00 deg.: X-S =   3.5696E-06 mb/sr,
   173.00 deg.: X-S =   3.4469E-06 mb/sr,
   174.00 deg.: X-S =   3.3344E-06 mb/sr,
   175.00 deg.: X-S =   3.2346E-06 mb/sr,
   176.00 deg.: X-S =   3.1497E-06 mb/sr,
   177.00 deg.: X-S =   3.0814E-06 mb/sr,
   178.00 deg.: X-S =   3.0315E-06 mb/sr,
   179.00 deg.: X-S =   3.0011E-06 mb/sr,
   180.00 deg.: X-S =   2.9909E-06 mb/sr,
                                           Integrated    2.3234 mb, over [   0.000, 180.000] at    90.0000 MeV 

 CROSS SECTIONS FOR OUTGOING 3He      & 7He      in state #   3 with spins & parities 0.5  + &  1.5  +;  0

     0.00 deg.: X-S =     0.636807 mb/sr,
+                                         REAC   9.0393E-01 mb
     1.00 deg.: X-S =     0.626544 mb/sr,
     2.00 deg.: X-S =     0.597345 mb/sr,
     3.00 deg.: X-S =     0.553717 mb/sr,
     4.00 deg.: X-S =     0.502337 mb/sr,
     5.00 deg.: X-S =     0.450955 mb/sr,
     6.00 deg.: X-S =     0.407161 mb/sr,
     7.00 deg.: X-S =     0.377208 mb/sr,
     8.00 deg.: X-S =     0.365111 mb/sr,
     9.00 deg.: X-S =     0.372135 mb/sr,
    10.00 deg.: X-S =     0.396739 mb/sr,
    11.00 deg.: X-S =     0.434948 mb/sr,
    12.00 deg.: X-S =     0.481059 mb/sr,
    13.00 deg.: X-S =     0.528543 mb/sr,
    14.00 deg.: X-S =     0.570983 mb/sr,
    15.00 deg.: X-S =     0.602906 mb/sr,
    16.00 deg.: X-S =     0.620410 mb/sr,
    17.00 deg.: X-S =     0.621513 mb/sr,
    18.00 deg.: X-S =     0.606213 mb/sr,
    19.00 deg.: X-S =     0.576298 mb/sr,
    20.00 deg.: X-S =     0.534949 mb/sr,
    21.00 deg.: X-S =     0.486238 mb/sr,
    22.00 deg.: X-S =     0.434574 mb/sr,
    23.00 deg.: X-S =     0.384200 mb/sr,
    24.00 deg.: X-S =     0.338764 mb/sr,
    25.00 deg.: X-S =     0.301027 mb/sr,
    26.00 deg.: X-S =     0.272703 mb/sr,
    27.00 deg.: X-S =     0.254439 mb/sr,
    28.00 deg.: X-S =     0.245894 mb/sr,
    29.00 deg.: X-S =     0.245921 mb/sr,
    30.00 deg.: X-S =     0.252788 mb/sr,
    31.00 deg.: X-S =     0.264422 mb/sr,
    32.00 deg.: X-S =     0.278645 mb/sr,
    33.00 deg.: X-S =     0.293382 mb/sr,
    34.00 deg.: X-S =     0.306820 mb/sr,
    35.00 deg.: X-S =     0.317522 mb/sr,
    36.00 deg.: X-S =     0.324478 mb/sr,
    37.00 deg.: X-S =     0.327120 mb/sr,
    38.00 deg.: X-S =     0.325291 mb/sr,
    39.00 deg.: X-S =     0.319186 mb/sr,
    40.00 deg.: X-S =     0.309274 mb/sr,
    41.00 deg.: X-S =     0.296215 mb/sr,
    42.00 deg.: X-S =     0.280776 mb/sr,
    43.00 deg.: X-S =     0.263751 mb/sr,
    44.00 deg.: X-S =     0.245905 mb/sr,
    45.00 deg.: X-S =     0.227918 mb/sr,
    46.00 deg.: X-S =     0.210360 mb/sr,
    47.00 deg.: X-S =     0.193667 mb/sr,
    48.00 deg.: X-S =     0.178146 mb/sr,
    49.00 deg.: X-S =     0.163975 mb/sr,
    50.00 deg.: X-S =     0.151220 mb/sr,
    51.00 deg.: X-S =     0.139857 mb/sr,
    52.00 deg.: X-S =     0.129795 mb/sr,
    53.00 deg.: X-S =     0.120893 mb/sr,
    54.00 deg.: X-S =     0.112985 mb/sr,
    55.00 deg.: X-S =     0.105898 mb/sr,
    56.00 deg.: X-S =     0.099464 mb/sr,
    57.00 deg.: X-S =     0.093530 mb/sr,
    58.00 deg.: X-S =     0.087968 mb/sr,
    59.00 deg.: X-S =     0.082677 mb/sr,
    60.00 deg.: X-S =     0.077582 mb/sr,
    61.00 deg.: X-S =     0.072634 mb/sr,
    62.00 deg.: X-S =     0.067806 mb/sr,
    63.00 deg.: X-S =     0.063091 mb/sr,
    64.00 deg.: X-S =     0.058496 mb/sr,
    65.00 deg.: X-S =     0.054036 mb/sr,
    66.00 deg.: X-S =     0.049732 mb/sr,
    67.00 deg.: X-S =     0.045608 mb/sr,
    68.00 deg.: X-S =     0.041686 mb/sr,
    69.00 deg.: X-S =     0.037985 mb/sr,
    70.00 deg.: X-S =     0.034521 mb/sr,
    71.00 deg.: X-S =     0.031301 mb/sr,
    72.00 deg.: X-S =     0.028330 mb/sr,
    73.00 deg.: X-S =     0.025606 mb/sr,
    74.00 deg.: X-S =     0.023123 mb/sr,
    75.00 deg.: X-S =     0.020871 mb/sr,
    76.00 deg.: X-S =     0.018835 mb/sr,
    77.00 deg.: X-S =     0.017001 mb/sr,
    78.00 deg.: X-S =     0.015350 mb/sr,
    79.00 deg.: X-S =     0.013867 mb/sr,
    80.00 deg.: X-S =     0.012534 mb/sr,
    81.00 deg.: X-S =     0.011333 mb/sr,
    82.00 deg.: X-S =     0.010250 mb/sr,
    83.00 deg.: X-S =     0.009271 mb/sr,
    84.00 deg.: X-S =     0.008384 mb/sr,
    85.00 deg.: X-S =     0.007576 mb/sr,
    86.00 deg.: X-S =     0.006839 mb/sr,
    87.00 deg.: X-S =     0.006165 mb/sr,
    88.00 deg.: X-S =     0.005548 mb/sr,
    89.00 deg.: X-S =     0.004981 mb/sr,
    90.00 deg.: X-S =     0.004461 mb/sr,
    91.00 deg.: X-S =     0.003983 mb/sr,
    92.00 deg.: X-S =     0.003545 mb/sr,
    93.00 deg.: X-S =     0.003144 mb/sr,
    94.00 deg.: X-S =     0.002777 mb/sr,
    95.00 deg.: X-S =     0.002444 mb/sr,
    96.00 deg.: X-S =     0.002141 mb/sr,
    97.00 deg.: X-S =     0.001868 mb/sr,
    98.00 deg.: X-S =     0.001623 mb/sr,
    99.00 deg.: X-S =     0.001404 mb/sr,
   100.00 deg.: X-S =     0.001210 mb/sr,
   101.00 deg.: X-S =     0.001039 mb/sr,
   102.00 deg.: X-S =     0.000889 mb/sr,
   103.00 deg.: X-S =     0.000759 mb/sr,
   104.00 deg.: X-S =     0.000646 mb/sr,
   105.00 deg.: X-S =     0.000551 mb/sr,
   106.00 deg.: X-S =     0.000470 mb/sr,
   107.00 deg.: X-S =     0.000402 mb/sr,
   108.00 deg.: X-S =     0.000346 mb/sr,
   109.00 deg.: X-S =     0.000300 mb/sr,
   110.00 deg.: X-S =     0.000264 mb/sr,
   111.00 deg.: X-S =     0.000235 mb/sr,
   112.00 deg.: X-S =     0.000212 mb/sr,
   113.00 deg.: X-S =     0.000195 mb/sr,
   114.00 deg.: X-S =     0.000182 mb/sr,
   115.00 deg.: X-S =     0.000173 mb/sr,
   116.00 deg.: X-S =     0.000166 mb/sr,
   117.00 deg.: X-S =     0.000162 mb/sr,
   118.00 deg.: X-S =     0.000159 mb/sr,
   119.00 deg.: X-S =     0.000156 mb/sr,
   120.00 deg.: X-S =     0.000155 mb/sr,
   121.00 deg.: X-S =     0.000153 mb/sr,
   122.00 deg.: X-S =     0.000152 mb/sr,
   123.00 deg.: X-S =     0.000151 mb/sr,
   124.00 deg.: X-S =     0.000149 mb/sr,
   125.00 deg.: X-S =     0.000146 mb/sr,
   126.00 deg.: X-S =     0.000143 mb/sr,
   127.00 deg.: X-S =     0.000140 mb/sr,
   128.00 deg.: X-S =     0.000136 mb/sr,
   129.00 deg.: X-S =     0.000131 mb/sr,
   130.00 deg.: X-S =     0.000127 mb/sr,
   131.00 deg.: X-S =     0.000121 mb/sr,
   132.00 deg.: X-S =     0.000116 mb/sr,
   133.00 deg.: X-S =     0.000111 mb/sr,
   134.00 deg.: X-S =     0.000105 mb/sr,
   135.00 deg.: X-S =   9.9174E-05 mb/sr,
   136.00 deg.: X-S =   9.3521E-05 mb/sr,
   137.00 deg.: X-S =   8.7973E-05 mb/sr,
   138.00 deg.: X-S =   8.2585E-05 mb/sr,
   139.00 deg.: X-S =   7.7405E-05 mb/sr,
   140.00 deg.: X-S =   7.2470E-05 mb/sr,
   141.00 deg.: X-S =   6.7810E-05 mb/sr,
   142.00 deg.: X-S =   6.3445E-05 mb/sr,
   143.00 deg.: X-S =   5.9387E-05 mb/sr,
   144.00 deg.: X-S =   5.5641E-05 mb/sr,
   145.00 deg.: X-S =   5.2204E-05 mb/sr,
   146.00 deg.: X-S =   4.9070E-05 mb/sr,
   147.00 deg.: X-S =   4.6225E-05 mb/sr,
   148.00 deg.: X-S =   4.3653E-05 mb/sr,
   149.00 deg.: X-S =   4.1333E-05 mb/sr,
   150.00 deg.: X-S =   3.9243E-05 mb/sr,
   151.00 deg.: X-S =   3.7361E-05 mb/sr,
   152.00 deg.: X-S =   3.5661E-05 mb/sr,
   153.00 deg.: X-S =   3.4121E-05 mb/sr,
   154.00 deg.: X-S =   3.2717E-05 mb/sr,
   155.00 deg.: X-S =   3.1427E-05 mb/sr,
   156.00 deg.: X-S =   3.0233E-05 mb/sr,
   157.00 deg.: X-S =   2.9114E-05 mb/sr,
   158.00 deg.: X-S =   2.8057E-05 mb/sr,
   159.00 deg.: X-S =   2.7048E-05 mb/sr,
   160.00 deg.: X-S =   2.6076E-05 mb/sr,
   161.00 deg.: X-S =   2.5133E-05 mb/sr,
   162.00 deg.: X-S =   2.4213E-05 mb/sr,
   163.00 deg.: X-S =   2.3312E-05 mb/sr,
   164.00 deg.: X-S =   2.2430E-05 mb/sr,
   165.00 deg.: X-S =   2.1565E-05 mb/sr,
   166.00 deg.: X-S =   2.0721E-05 mb/sr,
   167.00 deg.: X-S =   1.9900E-05 mb/sr,
   168.00 deg.: X-S =   1.9107E-05 mb/sr,
   169.00 deg.: X-S =   1.8346E-05 mb/sr,
   170.00 deg.: X-S =   1.7625E-05 mb/sr,
   171.00 deg.: X-S =   1.6948E-05 mb/sr,
   172.00 deg.: X-S =   1.6322E-05 mb/sr,
   173.00 deg.: X-S =   1.5753E-05 mb/sr,
   174.00 deg.: X-S =   1.5247E-05 mb/sr,
   175.00 deg.: X-S =   1.4809E-05 mb/sr,
   176.00 deg.: X-S =   1.4444E-05 mb/sr,
   177.00 deg.: X-S =   1.4156E-05 mb/sr,
   178.00 deg.: X-S =   1.3947E-05 mb/sr,
   179.00 deg.: X-S =   1.3821E-05 mb/sr,
   180.00 deg.: X-S =   1.3779E-05 mb/sr,
                                           Integrated    0.9038 mb, over [   0.000, 180.000] at    90.0000 MeV 

 CROSS SECTIONS FOR OUTGOING 3He      & 7He      in state #   4 with spins & parities 0.5  + &  1.5  +;  0

     0.00 deg.: X-S =    13.945379 mb/sr,
+                                         REAC   2.7629E+00 mb
     1.00 deg.: X-S =    13.687651 mb/sr,
     2.00 deg.: X-S =    12.938777 mb/sr,
     3.00 deg.: X-S =    11.768582 mb/sr,
     4.00 deg.: X-S =    10.283554 mb/sr,
     5.00 deg.: X-S =     8.613662 mb/sr,
     6.00 deg.: X-S =     6.896841 mb/sr,
     7.00 deg.: X-S =     5.263434 mb/sr,
     8.00 deg.: X-S =     3.822730 mb/sr,
     9.00 deg.: X-S =     2.653238 mb/sr,
    10.00 deg.: X-S =     1.797664 mb/sr,
    11.00 deg.: X-S =     1.262724 mb/sr,
    12.00 deg.: X-S =     1.023246 mb/sr,
    13.00 deg.: X-S =     1.029465 mb/sr,
    14.00 deg.: X-S =     1.216118 mb/sr,
    15.00 deg.: X-S =     1.511930 mb/sr,
    16.00 deg.: X-S =     1.848242 mb/sr,
    17.00 deg.: X-S =     2.165868 mb/sr,
    18.00 deg.: X-S =     2.419663 mb/sr,
    19.00 deg.: X-S =     2.580678 mb/sr,
    20.00 deg.: X-S =     2.636101 mb/sr,
    21.00 deg.: X-S =     2.587430 mb/sr,
    22.00 deg.: X-S =     2.447438 mb/sr,
    23.00 deg.: X-S =     2.236530 mb/sr,
    24.00 deg.: X-S =     1.979026 mb/sr,
    25.00 deg.: X-S =     1.699798 mb/sr,
    26.00 deg.: X-S =     1.421561 mb/sr,
    27.00 deg.: X-S =     1.162971 mb/sr,
    28.00 deg.: X-S =     0.937549 mb/sr,
    29.00 deg.: X-S =     0.753372 mb/sr,
    30.00 deg.: X-S =     0.613387 mb/sr,
    31.00 deg.: X-S =     0.516179 mb/sr,
    32.00 deg.: X-S =     0.457004 mb/sr,
    33.00 deg.: X-S =     0.428934 mb/sr,
    34.00 deg.: X-S =     0.423958 mb/sr,
    35.00 deg.: X-S =     0.433949 mb/sr,
    36.00 deg.: X-S =     0.451432 mb/sr,
    37.00 deg.: X-S =     0.470111 mb/sr,
    38.00 deg.: X-S =     0.485177 mb/sr,
    39.00 deg.: X-S =     0.493403 mb/sr,
    40.00 deg.: X-S =     0.493073 mb/sr,
    41.00 deg.: X-S =     0.483785 mb/sr,
    42.00 deg.: X-S =     0.466187 mb/sr,
    43.00 deg.: X-S =     0.441666 mb/sr,
    44.00 deg.: X-S =     0.412055 mb/sr,
    45.00 deg.: X-S =     0.379356 mb/sr,
    46.00 deg.: X-S =     0.345520 mb/sr,
    47.00 deg.: X-S =     0.312274 mb/sr,
    48.00 deg.: X-S =     0.281017 mb/sr,
    49.00 deg.: X-S =     0.252761 mb/sr,
    50.00 deg.: X-S =     0.228124 mb/sr,
    51.00 deg.: X-S =     0.207358 mb/sr,
    52.00 deg.: X-S =     0.190400 mb/sr,
    53.00 deg.: X-S =     0.176943 mb/sr,
    54.00 deg.: X-S =     0.166509 mb/sr,
    55.00 deg.: X-S =     0.158521 mb/sr,
    56.00 deg.: X-S =     0.152367 mb/sr,
    57.00 deg.: X-S =     0.147455 mb/sr,
    58.00 deg.: X-S =     0.143250 mb/sr,
    59.00 deg.: X-S =     0.139306 mb/sr,
    60.00 deg.: X-S =     0.135276 mb/sr,
    61.00 deg.: X-S =     0.130919 mb/sr,
    62.00 deg.: X-S =     0.126091 mb/sr,
    63.00 deg.: X-S =     0.120740 mb/sr,
    64.00 deg.: X-S =     0.114883 mb/sr,
    65.00 deg.: X-S =     0.108594 mb/sr,
    66.00 deg.: X-S =     0.101983 mb/sr,
    67.00 deg.: X-S =     0.095183 mb/sr,
    68.00 deg.: X-S =     0.088330 mb/sr,
    69.00 deg.: X-S =     0.081559 mb/sr,
    70.00 deg.: X-S =     0.074986 mb/sr,
    71.00 deg.: X-S =     0.068709 mb/sr,
    72.00 deg.: X-S =     0.062805 mb/sr,
    73.00 deg.: X-S =     0.057323 mb/sr,
    74.00 deg.: X-S =     0.052292 mb/sr,
    75.00 deg.: X-S =     0.047717 mb/sr,
    76.00 deg.: X-S =     0.043589 mb/sr,
    77.00 deg.: X-S =     0.039884 mb/sr,
    78.00 deg.: X-S =     0.036567 mb/sr,
    79.00 deg.: X-S =     0.033598 mb/sr,
    80.00 deg.: X-S =     0.030934 mb/sr,
    81.00 deg.: X-S =     0.028533 mb/sr,
    82.00 deg.: X-S =     0.026352 mb/sr,
    83.00 deg.: X-S =     0.024356 mb/sr,
    84.00 deg.: X-S =     0.022511 mb/sr,
    85.00 deg.: X-S =     0.020791 mb/sr,
    86.00 deg.: X-S =     0.019176 mb/sr,
    87.00 deg.: X-S =     0.017648 mb/sr,
    88.00 deg.: X-S =     0.016196 mb/sr,
    89.00 deg.: X-S =     0.014813 mb/sr,
    90.00 deg.: X-S =     0.013495 mb/sr,
    91.00 deg.: X-S =     0.012240 mb/sr,
    92.00 deg.: X-S =     0.011050 mb/sr,
    93.00 deg.: X-S =     0.009925 mb/sr,
    94.00 deg.: X-S =     0.008868 mb/sr,
    95.00 deg.: X-S =     0.007881 mb/sr,
    96.00 deg.: X-S =     0.006965 mb/sr,
    97.00 deg.: X-S =     0.006122 mb/sr,
    98.00 deg.: X-S =     0.005351 mb/sr,
    99.00 deg.: X-S =     0.004653 mb/sr,
   100.00 deg.: X-S =     0.004026 mb/sr,
   101.00 deg.: X-S =     0.003468 mb/sr,
   102.00 deg.: X-S =     0.002975 mb/sr,
   103.00 deg.: X-S =     0.002544 mb/sr,
   104.00 deg.: X-S =     0.002171 mb/sr,
   105.00 deg.: X-S =     0.001850 mb/sr,
   106.00 deg.: X-S =     0.001578 mb/sr,
   107.00 deg.: X-S =     0.001348 mb/sr,
   108.00 deg.: X-S =     0.001157 mb/sr,
   109.00 deg.: X-S =     0.000999 mb/sr,
   110.00 deg.: X-S =     0.000870 mb/sr,
   111.00 deg.: X-S =     0.000765 mb/sr,
   112.00 deg.: X-S =     0.000680 mb/sr,
   113.00 deg.: X-S =     0.000613 mb/sr,
   114.00 deg.: X-S =     0.000559 mb/sr,
   115.00 deg.: X-S =     0.000516 mb/sr,
   116.00 deg.: X-S =     0.000481 mb/sr,
   117.00 deg.: X-S =     0.000453 mb/sr,
   118.00 deg.: X-S =     0.000430 mb/sr,
   119.00 deg.: X-S =     0.000410 mb/sr,
   120.00 deg.: X-S =     0.000392 mb/sr,
   121.00 deg.: X-S =     0.000377 mb/sr,
   122.00 deg.: X-S =     0.000362 mb/sr,
   123.00 deg.: X-S =     0.000347 mb/sr,
   124.00 deg.: X-S =     0.000333 mb/sr,
   125.00 deg.: X-S =     0.000319 mb/sr,
   126.00 deg.: X-S =     0.000304 mb/sr,
   127.00 deg.: X-S =     0.000290 mb/sr,
   128.00 deg.: X-S =     0.000275 mb/sr,
   129.00 deg.: X-S =     0.000260 mb/sr,
   130.00 deg.: X-S =     0.000245 mb/sr,
   131.00 deg.: X-S =     0.000230 mb/sr,
   132.00 deg.: X-S =     0.000216 mb/sr,
   133.00 deg.: X-S =     0.000201 mb/sr,
   134.00 deg.: X-S =     0.000186 mb/sr,
   135.00 deg.: X-S =     0.000172 mb/sr,
   136.00 deg.: X-S =     0.000159 mb/sr,
   137.00 deg.: X-S =     0.000145 mb/sr,
   138.00 deg.: X-S =     0.000133 mb/sr,
   139.00 deg.: X-S =     0.000120 mb/sr,
   140.00 deg.: X-S =     0.000109 mb/sr,
   141.00 deg.: X-S =   9.7484E-05 mb/sr,
   142.00 deg.: X-S =   8.7036E-05 mb/sr,
   143.00 deg.: X-S =   7.7237E-05 mb/sr,
   144.00 deg.: X-S =   6.8100E-05 mb/sr,
   145.00 deg.: X-S =   5.9632E-05 mb/sr,
   146.00 deg.: X-S =   5.1832E-05 mb/sr,
   147.00 deg.: X-S =   4.4695E-05 mb/sr,
   148.00 deg.: X-S =   3.8212E-05 mb/sr,
   149.00 deg.: X-S =   3.2367E-05 mb/sr,
   150.00 deg.: X-S =   2.7140E-05 mb/sr,
   151.00 deg.: X-S =   2.2507E-05 mb/sr,
   152.00 deg.: X-S =   1.8439E-05 mb/sr,
   153.00 deg.: X-S =   1.4906E-05 mb/sr,
   154.00 deg.: X-S =   1.1873E-05 mb/sr,
   155.00 deg.: X-S =   9.3032E-06 mb/sr,
   156.00 deg.: X-S =   7.1597E-06 mb/sr,
   157.00 deg.: X-S =   5.4035E-06 mb/sr,
   158.00 deg.: X-S =   3.9955E-06 mb/sr,
   159.00 deg.: X-S =   2.8972E-06 mb/sr,
   160.00 deg.: X-S =   2.0708E-06 mb/sr,
   161.00 deg.: X-S =   1.4798E-06 mb/sr,
   162.00 deg.: X-S =   1.0897E-06 mb/sr,
   163.00 deg.: X-S =   8.6799E-07 mb/sr,
   164.00 deg.: X-S =   7.8460E-07 mb/sr,
   165.00 deg.: X-S =   8.1208E-07 mb/sr,
   166.00 deg.: X-S =   9.2570E-07 mb/sr,
   167.00 deg.: X-S =   1.1035E-06 mb/sr,
   168.00 deg.: X-S =   1.3261E-06 mb/sr,
   169.00 deg.: X-S =   1.5769E-06 mb/sr,
   170.00 deg.: X-S =   1.8416E-06 mb/sr,
   171.00 deg.: X-S =   2.1085E-06 mb/sr,
   172.00 deg.: X-S =   2.3676E-06 mb/sr,
   173.00 deg.: X-S =   2.6110E-06 mb/sr,
   174.00 deg.: X-S =   2.8322E-06 mb/sr,
   175.00 deg.: X-S =   3.0264E-06 mb/sr,
   176.00 deg.: X-S =   3.1898E-06 mb/sr,
   177.00 deg.: X-S =   3.3194E-06 mb/sr,
   178.00 deg.: X-S =   3.4133E-06 mb/sr,
   179.00 deg.: X-S =   3.4701E-06 mb/sr,
   180.00 deg.: X-S =   3.4891E-06 mb/sr,
                                           Integrated    2.7607 mb, over [   0.000, 180.000] at    90.0000 MeV 

 CROSS SECTIONS FOR OUTGOING 3He      & 7He      in state #   5 with spins & parities 0.5  + &  2.5  +;  0

     0.00 deg.: X-S =     1.539839 mb/sr,
+                                         REAC   2.1064E+00 mb
     1.00 deg.: X-S =     1.501846 mb/sr,
     2.00 deg.: X-S =     1.392110 mb/sr,
     3.00 deg.: X-S =     1.222791 mb/sr,
     4.00 deg.: X-S =     1.012359 mb/sr,
     5.00 deg.: X-S =     0.783188 mb/sr,
     6.00 deg.: X-S =     0.558752 mb/sr,
     7.00 deg.: X-S =     0.360808 mb/sr,
     8.00 deg.: X-S =     0.206996 mb/sr,
     9.00 deg.: X-S =     0.109129 mb/sr,
    10.00 deg.: X-S =     0.072361 mb/sr,
    11.00 deg.: X-S =     0.095257 mb/sr,
    12.00 deg.: X-S =     0.170647 mb/sr,
    13.00 deg.: X-S =     0.287063 mb/sr,
    14.00 deg.: X-S =     0.430502 mb/sr,
    15.00 deg.: X-S =     0.586232 mb/sr,
    16.00 deg.: X-S =     0.740427 mb/sr,
    17.00 deg.: X-S =     0.881440 mb/sr,
    18.00 deg.: X-S =     1.000633 mb/sr,
    19.00 deg.: X-S =     1.092743 mb/sr,
    20.00 deg.: X-S =     1.155804 mb/sr,
    21.00 deg.: X-S =     1.190747 mb/sr,
    22.00 deg.: X-S =     1.200752 mb/sr,
    23.00 deg.: X-S =     1.190499 mb/sr,
    24.00 deg.: X-S =     1.165405 mb/sr,
    25.00 deg.: X-S =     1.130937 mb/sr,
    26.00 deg.: X-S =     1.092060 mb/sr,
    27.00 deg.: X-S =     1.052856 mb/sr,
    28.00 deg.: X-S =     1.016303 mb/sr,
    29.00 deg.: X-S =     0.984225 mb/sr,
    30.00 deg.: X-S =     0.957355 mb/sr,
    31.00 deg.: X-S =     0.935508 mb/sr,
    32.00 deg.: X-S =     0.917802 mb/sr,
    33.00 deg.: X-S =     0.902902 mb/sr,
    34.00 deg.: X-S =     0.889261 mb/sr,
    35.00 deg.: X-S =     0.875331 mb/sr,
    36.00 deg.: X-S =     0.859727 mb/sr,
    37.00 deg.: X-S =     0.841350 mb/sr,
    38.00 deg.: X-S =     0.819451 mb/sr,
    39.00 deg.: X-S =     0.793653 mb/sr,
    40.00 deg.: X-S =     0.763936 mb/sr,
    41.00 deg.: X-S =     0.730589 mb/sr,
    42.00 deg.: X-S =     0.694149 mb/sr,
    43.00 deg.: X-S =     0.655322 mb/sr,
    44.00 deg.: X-S =     0.614913 mb/sr,
    45.00 deg.: X-S =     0.573757 mb/sr,
    46.00 deg.: X-S =     0.532655 mb/sr,
    47.00 deg.: X-S =     0.492330 mb/sr,
    48.00 deg.: X-S =     0.453399 mb/sr,
    49.00 deg.: X-S =     0.416345 mb/sr,
    50.00 deg.: X-S =     0.381519 mb/sr,
    51.00 deg.: X-S =     0.349141 mb/sr,
    52.00 deg.: X-S =     0.319307 mb/sr,
    53.00 deg.: X-S =     0.292014 mb/sr,
    54.00 deg.: X-S =     0.267174 mb/sr,
    55.00 deg.: X-S =     0.244639 mb/sr,
    56.00 deg.: X-S =     0.224217 mb/sr,
    57.00 deg.: X-S =     0.205698 mb/sr,
    58.00 deg.: X-S =     0.188860 mb/sr,
    59.00 deg.: X-S =     0.173492 mb/sr,
    60.00 deg.: X-S =     0.159395 mb/sr,
    61.00 deg.: X-S =     0.146395 mb/sr,
    62.00 deg.: X-S =     0.134341 mb/sr,
    63.00 deg.: X-S =     0.123110 mb/sr,
    64.00 deg.: X-S =     0.112603 mb/sr,
    65.00 deg.: X-S =     0.102747 mb/sr,
    66.00 deg.: X-S =     0.093488 mb/sr,
    67.00 deg.: X-S =     0.084787 mb/sr,
    68.00 deg.: X-S =     0.076620 mb/sr,
    69.00 deg.: X-S =     0.068972 mb/sr,
    70.00 deg.: X-S =     0.061832 mb/sr,
    71.00 deg.: X-S =     0.055194 mb/sr,
    72.00 deg.: X-S =     0.049052 mb/sr,
    73.00 deg.: X-S =     0.043399 mb/sr,
    74.00 deg.: X-S =     0.038224 mb/sr,
    75.00 deg.: X-S =     0.033515 mb/sr,
    76.00 deg.: X-S =     0.029258 mb/sr,
    77.00 deg.: X-S =     0.025432 mb/sr,
    78.00 deg.: X-S =     0.022016 mb/sr,
    79.00 deg.: X-S =     0.018985 mb/sr,
    80.00 deg.: X-S =     0.016314 mb/sr,
    81.00 deg.: X-S =     0.013974 mb/sr,
    82.00 deg.: X-S =     0.011938 mb/sr,
    83.00 deg.: X-S =     0.010176 mb/sr,
    84.00 deg.: X-S =     0.008662 mb/sr,
    85.00 deg.: X-S =     0.007368 mb/sr,
    86.00 deg.: X-S =     0.006268 mb/sr,
    87.00 deg.: X-S =     0.005339 mb/sr,
    88.00 deg.: X-S =     0.004559 mb/sr,
    89.00 deg.: X-S =     0.003906 mb/sr,
    90.00 deg.: X-S =     0.003363 mb/sr,
    91.00 deg.: X-S =     0.002912 mb/sr,
    92.00 deg.: X-S =     0.002540 mb/sr,
    93.00 deg.: X-S =     0.002233 mb/sr,
    94.00 deg.: X-S =     0.001981 mb/sr,
    95.00 deg.: X-S =     0.001773 mb/sr,
    96.00 deg.: X-S =     0.001601 mb/sr,
    97.00 deg.: X-S =     0.001459 mb/sr,
    98.00 deg.: X-S =     0.001340 mb/sr,
    99.00 deg.: X-S =     0.001241 mb/sr,
   100.00 deg.: X-S =     0.001156 mb/sr,
   101.00 deg.: X-S =     0.001083 mb/sr,
   102.00 deg.: X-S =     0.001018 mb/sr,
   103.00 deg.: X-S =     0.000961 mb/sr,
   104.00 deg.: X-S =     0.000909 mb/sr,
   105.00 deg.: X-S =     0.000860 mb/sr,
   106.00 deg.: X-S =     0.000815 mb/sr,
   107.00 deg.: X-S =     0.000772 mb/sr,
   108.00 deg.: X-S =     0.000730 mb/sr,
   109.00 deg.: X-S =     0.000690 mb/sr,
   110.00 deg.: X-S =     0.000650 mb/sr,
   111.00 deg.: X-S =     0.000612 mb/sr,
   112.00 deg.: X-S =     0.000574 mb/sr,
   113.00 deg.: X-S =     0.000538 mb/sr,
   114.00 deg.: X-S =     0.000502 mb/sr,
   115.00 deg.: X-S =     0.000466 mb/sr,
   116.00 deg.: X-S =     0.000432 mb/sr,
   117.00 deg.: X-S =     0.000399 mb/sr,
   118.00 deg.: X-S =     0.000367 mb/sr,
   119.00 deg.: X-S =     0.000336 mb/sr,
   120.00 deg.: X-S =     0.000307 mb/sr,
   121.00 deg.: X-S =     0.000278 mb/sr,
   122.00 deg.: X-S =     0.000252 mb/sr,
   123.00 deg.: X-S =     0.000226 mb/sr,
   124.00 deg.: X-S =     0.000203 mb/sr,
   125.00 deg.: X-S =     0.000181 mb/sr,
   126.00 deg.: X-S =     0.000160 mb/sr,
   127.00 deg.: X-S =     0.000141 mb/sr,
   128.00 deg.: X-S =     0.000124 mb/sr,
   129.00 deg.: X-S =     0.000108 mb/sr,
   130.00 deg.: X-S =   9.3648E-05 mb/sr,
   131.00 deg.: X-S =   8.0718E-05 mb/sr,
   132.00 deg.: X-S =   6.9156E-05 mb/sr,
   133.00 deg.: X-S =   5.8887E-05 mb/sr,
   134.00 deg.: X-S =   4.9831E-05 mb/sr,
   135.00 deg.: X-S =   4.1905E-05 mb/sr,
   136.00 deg.: X-S =   3.5022E-05 mb/sr,
   137.00 deg.: X-S =   2.9091E-05 mb/sr,
   138.00 deg.: X-S =   2.4026E-05 mb/sr,
   139.00 deg.: X-S =   1.9739E-05 mb/sr,
   140.00 deg.: X-S =   1.6146E-05 mb/sr,
   141.00 deg.: X-S =   1.3167E-05 mb/sr,
   142.00 deg.: X-S =   1.0724E-05 mb/sr,
   143.00 deg.: X-S =   8.7487E-06 mb/sr,
   144.00 deg.: X-S =   7.1742E-06 mb/sr,
   145.00 deg.: X-S =   5.9416E-06 mb/sr,
   146.00 deg.: X-S =   4.9971E-06 mb/sr,
   147.00 deg.: X-S =   4.2930E-06 mb/sr,
   148.00 deg.: X-S =   3.7872E-06 mb/sr,
   149.00 deg.: X-S =   3.4430E-06 mb/sr,
   150.00 deg.: X-S =   3.2287E-06 mb/sr,
   151.00 deg.: X-S =   3.1173E-06 mb/sr,
   152.00 deg.: X-S =   3.0860E-06 mb/sr,
   153.00 deg.: X-S =   3.1159E-06 mb/sr,
   154.00 deg.: X-S =   3.1914E-06 mb/sr,
   155.00 deg.: X-S =   3.2997E-06 mb/sr,
   156.00 deg.: X-S =   3.4307E-06 mb/sr,
   157.00 deg.: X-S =   3.5765E-06 mb/sr,
   158.00 deg.: X-S =   3.7308E-06 mb/sr,
   159.00 deg.: X-S =   3.8888E-06 mb/sr,
   160.00 deg.: X-S =   4.0472E-06 mb/sr,
   161.00 deg.: X-S =   4.2032E-06 mb/sr,
   162.00 deg.: X-S =   4.3550E-06 mb/sr,
   163.00 deg.: X-S =   4.5015E-06 mb/sr,
   164.00 deg.: X-S =   4.6418E-06 mb/sr,
   165.00 deg.: X-S =   4.7753E-06 mb/sr,
   166.00 deg.: X-S =   4.9017E-06 mb/sr,
   167.00 deg.: X-S =   5.0207E-06 mb/sr,
   168.00 deg.: X-S =   5.1322E-06 mb/sr,
   169.00 deg.: X-S =   5.2360E-06 mb/sr,
   170.00 deg.: X-S =   5.3320E-06 mb/sr,
   171.00 deg.: X-S =   5.4200E-06 mb/sr,
   172.00 deg.: X-S =   5.4997E-06 mb/sr,
   173.00 deg.: X-S =   5.5709E-06 mb/sr,
   174.00 deg.: X-S =   5.6334E-06 mb/sr,
   175.00 deg.: X-S =   5.6869E-06 mb/sr,
   176.00 deg.: X-S =   5.7311E-06 mb/sr,
   177.00 deg.: X-S =   5.7658E-06 mb/sr,
   178.00 deg.: X-S =   5.7907E-06 mb/sr,
   179.00 deg.: X-S =   5.8057E-06 mb/sr,
   180.00 deg.: X-S =   5.8108E-06 mb/sr,
                                           Integrated    2.1062 mb, over [   0.000, 180.000] at    90.0000 MeV 
 Finished all xsecs @    1.06538701    

  The following files have been created:
   3:local copy of User input.            6:standard output.                   
   7:elastic  S-matrix elements.         12:transfer kernels.                  
  13:total cross sections/state.         16:tables of cross sections.          
  35:Astrophysics S-factors  / Ecm.      38:cross sections for each J/pi.      
  39:cross sections for each Ecm.        40:all cross sectns. for each Elab.   
  45:scat phase shift as E functions.    46:bs wave functions & ANC ratios.    
  56:Fusion for each Jtotal.             75:S-factors for lab energies.        
 201:Separate cross sections.           202:Separate cross sections.           
 203:Separate cross sections.           204:Separate cross sections.           
 205:Separate cross sections.           206:Separate cross sections.           

 PARAMETERS : MAXQRN   MFNL   MLOC  LMAX1 MCLIST
    ALLOWED :     15    900     13     60      6
    REQUIRED:      5     70     13     44      4


 ACCURACY ANALYSIS at    90.000 MeV :

  Elastic h*k = 0.118 so OK       compared with 0.200

   Real(S-el) > 0.01 first at J =       1.0
   Real(S-el) > 0.10 first at J =       1.0
   Real(S-el) > 0.50 first at J =       6.0
   Real(S-el) > 0.90 first at J =       9.0
   Real(S-el) > 0.99 first at J =      13.0
   R-turn =    17.24 fm    at J =      40.0

 Forward-angle excitation cut off below   0.200 deg by max JT =      40.0
                              and below   0.138 deg by max R.


 1: Recommended RNL: non-local width >   2.80 cf:   5.00 fm: OK      
    Recommended CENTRE: centration   ~   0.00 cf:   0.80 fm

 Total CPU  0 time =       1.07 seconds
