 FRESCO - FRES 3.4: Coupled Reaction Channels
 Assuming NAMELIST input.

 16N(d,3He)15C @ 40AMeV Haixia (d) + HT1p (3He)                                  

   0.050  25.000   0.500   0.200   5.000   0.800   0.000   0.000   0.000   0.000

 Centre-of-mass Range is    502 * 0.0500 fm., Maximum at  25.00 fm., Interpolating NL forms every  0.50 fm.
 Non - locality width is     26 * 0.2000 fm., Maximum of   5.00 fm., Centred at  0.80 fm.
 2-Nucleon Separation of      0 * 0.5000 fm., Maximum of   0.00 fm., Minimum at  0.00 fm.
 Maximum single particle bins of 25.0000 fm.
               M,Mint =          501         501


 Range of total J is     0.0 <= J <=    40.0 (at least     0.0) and Absorbtion =>    -0.1000 mb.
 Dry Run = F, CC set limits =  0  0, Relativistic kinematics =  , Both/Far/Near Analyses =  1                     

 Cross Sections (and up to T0 for 0=projectile) for Theta from   0.0 to 180.0 in steps of  2.0 degrees, DGAM=0,  Coordinates = 0 (Mads)

 Lower Radial Cutoff = maximum of -1.60*L*h &       0.0 fm.,  Lower Cutoff for Couplings =   0.0  fm.


 Iterate Couplings between   0 and   1 times, to  0.000 % if sooner.                                          
  Block solved exactly =   0 chs., with Pade = 0 & Isocen =  =0, NOSOL = F, initwf =  0
  NL quadrature with   18 Gaussian points, Calculate multipoles up to    46 from   0
  M-transfers for lp+lt greater than or equal to  6, Angular Integration Cutoff below  2.7778 %


 Trace switches are :  CHANS =  1, LISTCC =  0, TRENEG =  0, CDETR =  0, SMATS =  2, XSTABL =  1, NLPL =  0

                       WAVES =  0, LAMPL =  0, VEFF =  0, KFUS =  0, WDISK =  0, BPM =  0, MELFIL =  0

                       CDCC =  0, NFUS =  0

 Using unit mass = 1.000000 amu and 1/fine-structure constant = 137.03599 ( 1.000000 * true ) with hc = 197.32705 MeV.fm,
  thus 2*amu/hbar^2 = 0.0478450 = 1/20.9008 and Coulomb constant = 0.1574855 so e^2 = 1.43997, and nuclear magneton= 0.1261183

 Now pre-scan input and save to file 3



 *********** PARTITION NUMBER  1 ******************************************************************************************

   PROJ=d          MASS=  2.0136 Z=   1.0,        # STATES=    1T, TARG=16N      MASS= 16.0023 Z=   7.0,     Q-VALUE =   0.0000 MEV.

     1:  J= 1.0+ (B# 1), E=  0.0000, K= 0.0              Potl#  1       J= 2.0- (B#-1), E=  0.0000, K= 0.0    


 *********** PARTITION NUMBER  2 ******************************************************************************************

   PROJ=3He        MASS=  3.0155 Z=   2.0,        # STATES=    2T, TARG=15C      MASS= 15.0073 Z=   6.0,     Q-VALUE =  -5.9847 MEV.

     1:  J= 0.5+ (B# 1), E=  0.0000, K= 0.5              Potl#  2       J= 0.5+ (B# 1), E=  0.0000, K= 0.5    

     2:  J= 0.5+ (B# 1), E=  0.0000, K= 0.5              Potl#  5       J= 2.5+ (B# 1), E=  0.7400, K= 0.5    
                                  (Just State  1)


 ************************************************************************************************************************************

 The following POTENTIALS are defined :

  KP#       TYPE      IT    SHAPE      at     V1        r1        a1        V2        r2        a2        A-in     A-used


                                            A#1       A#2        r0c       ac                                                h @ 1
    1    0=Coulomb       0=CHARGE (WS)  1    16.000     0.000    1.3030    0.0000    0.0000    0.0000     0.000    16.000   0.05000

    1    1=Volume        0=Woods-Saxon  2   74.4494    1.1489    0.7508    6.0800    1.3446    0.6030     0.000    16.000

    1    2=Surface       0=Woods-Saxon  3    0.0000    0.0000    0.0000    8.3820    1.3943    0.6872     0.000    16.000

    1    3=Projtl S.O.   0=Woods-Saxon  4    1.7785    0.9720    1.0110    0.0000    0.0000    0.0000     0.000    16.000
   --------------------------------------------------------------------------------------------------------------------

                                            A#1       A#2        r0c       ac                                                h @ 2
    2    0=Coulomb       0=CHARGE (WS)  5    15.000     0.000    1.3000    0.0000    0.0000    0.0000     0.000    15.000   0.05000

    2    1=Volume        0=Woods-Saxon  6  106.5210    1.0539    0.7920    5.5066    1.3651    0.8010     0.000    15.000

    2    2=Surface       0=Woods-Saxon  7    0.0000    0.0000    0.0000    9.8945    1.3651    0.8010     0.000    15.000
   --------------------------------------------------------------------------------------------------------------------

                                            A#1       A#2        r0c       ac                                                h @ 2
    5    0=Coulomb       0=CHARGE (WS)  8    15.000     0.000    1.3000    0.0000    0.0000    0.0000     0.000    15.000   0.05000

    5    1=Volume        0=Woods-Saxon  9  107.1264    1.0527    0.7920    5.4288    1.3651    0.8010     0.000    15.000

    5    2=Surface       0=Woods-Saxon 10    0.0000    0.0000    0.0000    9.9439    1.3651    0.8010     0.000    15.000
   --------------------------------------------------------------------------------------------------------------------

                                            A#1       A#2        r0c       ac                                                h @ 0
    3    0=Coulomb       0=CHARGE (WS) 11     1.000     0.000    2.0000    0.0000    0.0000    0.0000     0.000     1.000   0.05000

    3    1=Volume        0=Woods-Saxon 12  179.9400    0.5400    0.6800    0.0000    0.0000    0.0000     0.000     1.000

    3    1=Volume        2=Gaussian    13 -203.3300    0.0000    0.6400    0.0000    0.0000    0.0000     0.000     1.000
   --------------------------------------------------------------------------------------------------------------------

                                            A#1       A#2        r0c       ac                                                h @ 0
    4    0=Coulomb       0=CHARGE (WS) 14    15.000     0.000    1.2500    0.0000    0.0000    0.0000     0.000    15.000   0.05000

    4    1=Volume        0=Woods-Saxon 15   60.0000    1.2500    0.6500    0.0000    0.0000    0.0000     0.000    15.000

    4    3=Projtl S.O.   0=Woods-Saxon 16    6.0000    1.1000    0.6500    0.0000    0.0000    0.0000     0.000    15.000


 ************************************************************************************************************************************

 The following SINGLE-PARTICLE FORM FACTORS are constructed :


 No.   P1 P2 IN KIND T N  L  S1 IA J/S  IB BIND XFER  BE    SC PC FIL AFRAC Adjust  to  Z  Mass   K     Norm    rms      D0     D   ANC/Gsp

    Parameters      Mismatch   Nodes -> 1 in ch  1

      1.000000     0.00191463     1    57
      0.999160     0.00000257     1    57

 No.   P1 P2 IN KIND T N  L  S1 IA J/S  IB BIND XFER  BE    SC PC FIL AFRAC Adjust  to  Z  Mass   K     Norm    rms      D0     D   ANC/Gsp

    1:  1  2  1  0     1  0 0.5  1 0.5   0   3   0   5.4934  1  4  0 1.0000 VR  0.9992; 1. 1.008 0.4202 1.0000  2.785 -163.8 -171.0  1.8334

    Parameters      Mismatch   Nodes -> 1 in ch  1

      1.000000    -8.29929845     2    75
      0.500000    -0.96246660     1    56
      0.914601     1.67439061     1    73
      0.870561     0.58656623     1    73
      0.834269     0.12637615     1    73
      0.821621     0.00848044     1    73
      0.820646     0.00004300     1    73

 No.   P1 P2 IN KIND T N  L  S1 IA J/S  IB BIND XFER  BE    SC PC FIL AFRAC Adjust  to  Z  Mass   K     Norm    rms      D0     D   ANC/Gsp

    2:  2  1  2  0     1  1 0.5  1 1.5   0   4   0  11.4783  1  4  0 1.0000 VR  0.8206; 1. 1.007 0.7200 1.0000  2.834 -170.9  -52.4  8.9015

    Parameters      Mismatch   Nodes -> 1 in ch  1

      1.000000   -72.70461804     2    74
      0.500000    -1.00516992     1    53
      0.927527     1.54835519     1    73
      0.884405     0.52607375     1    73
      0.851024     0.10539285     1    73
      0.840604     0.00597955     1    73
      0.839940     0.00002129     1    73

 No.   P1 P2 IN KIND T N  L  S1 IA J/S  IB BIND XFER  BE    SC PC FIL AFRAC Adjust  to  Z  Mass   K     Norm    rms      D0     D   ANC/Gsp

    3:  2  1  2  0     1  1 0.5  1 1.5   0   4   0  12.2183  1  4  0 1.0000 VR  0.8399; 1. 1.008 0.7431 1.0000  2.807 -175.7  -58.5  9.5680

 ************************************************************************************************************************************

 TWO-way COUPLING # 1 for partitions  2 <-  1 of KIND  7,   1  0  0 -1 -1 & P1,P2 =    0.0000   0.0000 : for J <=    40.5 & R <  25.0 fm.


 data =  1  1  1  1  1.1446,  so  < [3He      #  1] / [d        #  1]  * Eigen-form #  1>  =   1.1446            BE =  5.493     1

 data =  2  1  1  2  1.0000,  so  < [16N      #  1] / [15C      #  1]  * Eigen-form #  2>  =   1.0000            BE = 11.478     2

 data = -2  1  2  3  1.0000,  so  < [16N      #  1] / [15C      #  2]  * Eigen-form #  3>  =   1.0000            BE = 12.218     3
 KNT =   2, KNP =   1: NK,NG,loc=   1   1   1  17  T  T  F
 KNT =   3, KNP =   1: NK,NG,loc=   2   2   2  18  T  T  F

     So FINITE-RANGE TRANSFER : IP1 = 1 (PRIOR   ), IP2= 0 =NONE        ,  for   2 pairs of bound states summed into   2 pairs
      The main coupling potential is that binding the transferred particle to the d        core.

   A real*8 is            8  bytes
   NLL,NLN,NLO =          51          51          26
0File  11 needs RL =    1326    REAL*8 numbers, and NR =    95. i.e.     1.01 Megabytes
   File           11  RECL =       10400
0RECOMMENDED NON-LOCAL WIDTH IS GREATER THAN    2.40 FM.,  RECOMMENDED CENTRATION   0.00, after    0.00 secs.
0Relative non-local usages (rms) are
    0.001   0.006   0.064   0.323   1.337   9.209  26.465  83.188  88.494  86.655 100.000  75.678  32.518  10.956   3.289
    0.869   0.180   0.029   0.034   0.029   0.020   0.013   0.009   0.006   0.004   0.003

 Incoming partition  1 in excitation state # 1,   Laboratory Energy given for partition  1 Nucleus 1 in Excitation pair 1

0Lab. ENERGY ranges :

   from    80.0000     to   0.00000     in     0 intervals
   from    0.00000     to   0.00000     in     0 intervals
   from    0.00000     to   0.00000     in     0 intervals

 Largest real,imaginary parts of any form factor at R=   24.50 are   5.88E-02  1.38E-10 MeV
 Finished all Couplings @    6.50600065E-03          16

 Symmetric Hamiltonian
1***********************************************************************************************************************************
************************************************************************************************************************************

        INCOMING d        ;    LABORATORY d        ENERGY =   80.000     MeV.

 ***********************************************************************************************************************************
 ***********************************************************************************************************************************

 Allocate arrays for            4  channels, of which            4  need wfs.

 ######################################################################################################################
 #                                                                                                                    #
 # Total SPIN and PARITY =     0.0 +,      4 channels,    0 in 1st block.  Rmin & Coul turning =    0.0    0.1 fm.  #
 #                                                                                                                    #
 ######################################################################################################################



    C Projectl Target   #   EX.   (L  Proj) J  + Targ = Jtotal     E-cm      Re K     Re Eta     RM*K            CH
    1 d        16N      #    1: I   1 1.0    2.0  2.0     0.0    71.05873   2.46588   0.17489   61.6471  -0.17886  -0.46775 1 1 1   1
    2 d        16N      #    1: I   3 1.0    2.0  2.0     0.0    71.05873   2.46588   0.17489   61.6471   0.06920   0.49631 1 1 1   1
    3 3He      15C      #    1:     0 0.5    0.5  0.5     0.0    65.07403   2.79603   0.37123   69.9008   0.47453   0.16174 2 1 2   1
    4 3He      15C      #    2:     2 0.5    2.5  2.5     0.0    64.33403   2.78009   0.37335   69.5022  -0.43872  -0.24298 2 1 2   2
   S-matrix    1 =    0.21835   0.18292 for L=    1, J=    2.0 channel on core I =   2.0 from L=    1,  Acc. loss =  0.0 D.
 Elastic phase shift   1 =   19.977  35.977 deg. for the L =    1, J =    2.0 channel.
       0.0  0.21834769  0.18291584i: elastic S-matrix  @@      0.00  0   0 F  0
 Reaction Xsec     0.0+/ 1 @ 1 =   0.316 , Out:   0.000#   4.737/   2.354/   0.309f

   S-matrix    2 =    0.23797  -0.12919 for L=    3, J=    2.0 channel on core I =   2.0 from L=    3,  Acc. loss =  0.0 D.
 Elastic phase shift   2 =  -14.248  37.427 deg. for the L =    3, J =    2.0 channel.
       0.0  0.23797099 -0.12919009i: elastic S-matrix  @@      0.00  0   0 F  0
 Reaction Xsec     0.0+/ 3 @ 2 =   0.319 , Out:   0.000#   0.000#   0.061/   0.319f


 Total SPIN, PARITY =     0.0 -,      3 chs,      0 cc.  Rmin & Coul turning =    0.0    0.1
   S-matrix    1 =    0.27651   0.04229 for L=    2, J=    2.0 channel on core I =   2.0 from L=    2,  Acc. loss =  0.0 D.
 Elastic phase shift   1 =    4.348  36.496 deg. for the L =    2, J =    2.0 channel.
       0.0  0.27651089  0.04229130i: elastic S-matrix  @@      0.00  0   0 F  0
 Reaction Xsec     0.0-/ 2 @ 1 =   0.317 , Out:   0.000#   2.783/   2.099/   0.313f

 Allocate arrays for            9  channels, of which            9  need wfs.

 Total SPIN, PARITY =     1.0 +,      9 chs,      0 cc.  Rmin & Coul turning =    0.1    0.6
   S-matrix    1 =    0.24795   0.13661 for L=    1, J=    1.0 channel on core I =   2.0 from L=    1,  Acc. loss =  0.0 D.
 Elastic phase shift   1 =   14.427  36.153 deg. for the L =    1, J =    1.0 channel.
       1.0  0.24794990  0.13661429i: elastic S-matrix  @@      0.00  0   0 F  0
 Reaction Xsec     1.0+/ 1 @ 1 =   0.951 , Out:   0.000#   3.306/   6.018/   0.941f

   S-matrix    2 =    0.21835   0.18292 for L=    1, J=    2.0 channel on core I =   2.0 from L=    1,  Acc. loss =  0.0 D.
 Elastic phase shift   2 =   19.977  35.977 deg. for the L =    1, J =    2.0 channel.
       1.0  0.21834769  0.18291584i: elastic S-matrix  @@      0.00  0   0 F  0
 Reaction Xsec     1.0+/ 1 @ 2 =   0.949 , Out:   0.000#   8.022/   4.525/   0.937f

   S-matrix    3 =    0.23797  -0.12919 for L=    3, J=    2.0 channel on core I =   2.0 from L=    3,  Acc. loss =  0.0 D.
 Elastic phase shift   3 =  -14.248  37.427 deg. for the L =    3, J =    2.0 channel.
       1.0  0.23797099 -0.12919009i: elastic S-matrix  @@      0.00  0   0 F  0
 Reaction Xsec     1.0+/ 3 @ 3 =   0.958 , Out:   0.000#   0.677/   2.451/   0.954f

   S-matrix    4 =    0.26582  -0.06400 for L=    3, J=    3.0 channel on core I =   2.0 from L=    3,  Acc. loss =  0.0 D.
 Elastic phase shift   4 =   -6.768  37.149 deg. for the L =    3, J =    3.0 channel.
       1.0  0.26582252 -0.06399764i: elastic S-matrix  @@      0.00  0   0 F  0
 Reaction Xsec     1.0+/ 3 @ 4 =   0.956 , Out:   0.000#   6.005/   4.610/   0.945f

 Allocate arrays for           10  channels, of which           10  need wfs.

 Total SPIN, PARITY =     1.0 -,     10 chs,      0 cc.  Rmin & Coul turning =    0.1    0.6
   S-matrix    1 =    0.14514   0.24673 for L=    0, J=    1.0 channel on core I =   2.0 from L=    0,  Acc. loss =  0.0 D.
 Elastic phase shift   1 =   29.767  35.835 deg. for the L =    0, J =    1.0 channel.
       1.0  0.14514134  0.24672589i: elastic S-matrix  @@      0.00  0   0 F  0
 Reaction Xsec     1.0-/ 0 @ 1 =   0.949 , Out:   0.000#   8.832/   4.398/   0.935f

   S-matrix    2 =    0.27789  -0.00842 for L=    2, J=    1.0 channel on core I =   2.0 from L=    2,  Acc. loss =  0.0 D.
 Elastic phase shift   2 =   -0.868  36.671 deg. for the L =    2, J =    1.0 channel.
       1.0  0.27788965 -0.00841818i: elastic S-matrix  @@      0.00  0   0 F  0
 Reaction Xsec     1.0-/ 2 @ 2 =   0.953 , Out:   0.000#   0.770/   2.884/   0.950f

   S-matrix    3 =    0.27651   0.04229 for L=    2, J=    2.0 channel on core I =   2.0 from L=    2,  Acc. loss =  0.0 D.
 Elastic phase shift   3 =    4.348  36.496 deg. for the L =    2, J =    2.0 channel.
       1.0  0.27651089  0.04229130i: elastic S-matrix  @@      0.00  0   0 F  0
 Reaction Xsec     1.0-/ 2 @ 3 =   0.952 , Out:   0.000#   4.174/   4.489/   0.944f

   S-matrix    4 =    0.25732   0.11596 for L=    2, J=    3.0 channel on core I =   2.0 from L=    2,  Acc. loss =  0.0 D.
 Elastic phase shift   4 =   12.129  36.239 deg. for the L =    2, J =    3.0 channel.
       1.0  0.25732459  0.11596336i: elastic S-matrix  @@      0.00  0   0 F  0
 Reaction Xsec     1.0-/ 2 @ 4 =   0.951 , Out:   0.000#   0.013    6.462/   0.932f

   S-matrix    5 =    0.13427  -0.22515 for L=    4, J=    3.0 channel on core I =   2.0 from L=    4,  Acc. loss =  0.0 D.
 Elastic phase shift   5 =  -29.595  38.355 deg. for the L =    4, J =    3.0 channel.
       1.0  0.13426686 -0.22514997i: elastic S-matrix  @@      0.00  0   0 F  0
 Reaction Xsec     1.0-/ 4 @ 5 =   0.962 , Out:   0.000#   0.000#   0.313/   0.962f

 Allocate arrays for           14  channels, of which           14  need wfs.

 Total SPIN, PARITY =     2.0 +,     14 chs,      0 cc.  Rmin & Coul turning =    0.2    1.1
   S-matrix    1 =    0.25923   0.11156 for L=    1, J=    0.0 channel on core I =   2.0 from L=    1,  Acc. loss =  0.0 D.
 Elastic phase shift   1 =   11.642  36.242 deg. for the L =    1, J =    0.0 channel.
       2.0  0.25923271  0.11155991i: elastic S-matrix  @@      0.00  0   0 F  0
 Reaction Xsec     2.0+/ 1 @ 1 =   1.585 , Out:   0.000#   6.808/   7.285/   1.571f

   S-matrix    2 =    0.24795   0.13661 for L=    1, J=    1.0 channel on core I =   2.0 from L=    1,  Acc. loss =  0.0 D.
 Elastic phase shift   2 =   14.427  36.153 deg. for the L =    1, J =    1.0 channel.
       2.0  0.24794990  0.13661429i: elastic S-matrix  @@      0.00  0   0 F  0
 Reaction Xsec     2.0+/ 1 @ 2 =   1.584 , Out:   0.000#   0.011    4.657/   1.569f

   S-matrix    3 =    0.21835   0.18292 for L=    1, J=    2.0 channel on core I =   2.0 from L=    1,  Acc. loss =  0.0 D.
 Elastic phase shift   3 =   19.977  35.977 deg. for the L =    1, J =    2.0 channel.
       2.0  0.21834769  0.18291584i: elastic S-matrix  @@      0.00  0   0 F  0
 Reaction Xsec     2.0+/ 1 @ 3 =   1.582 , Out:   0.000#   5.467/   4.857/   1.572f

   S-matrix    4 =    0.23797  -0.12919 for L=    3, J=    2.0 channel on core I =   2.0 from L=    3,  Acc. loss =  0.0 D.
 Elastic phase shift   4 =  -14.248  37.427 deg. for the L =    3, J =    2.0 channel.
       2.0  0.23797099 -0.12919009i: elastic S-matrix  @@      0.00  0   0 F  0
 Reaction Xsec     2.0+/ 3 @ 4 =   1.596 , Out:   0.000#   1.664/   8.639/   1.586f

   S-matrix    5 =    0.26582  -0.06400 for L=    3, J=    3.0 channel on core I =   2.0 from L=    3,  Acc. loss =  0.0 D.
 Elastic phase shift   5 =   -6.768  37.149 deg. for the L =    3, J =    3.0 channel.
       2.0  0.26582252 -0.06399764i: elastic S-matrix  @@      0.00  0   0 F  0
 Reaction Xsec     2.0+/ 3 @ 5 =   1.593 , Out:   0.000#   4.168/   6.238/   1.583f

   S-matrix    6 =    0.27525   0.03019 for L=    3, J=    4.0 channel on core I =   2.0 from L=    3,  Acc. loss =  0.0 D.
 Elastic phase shift   6 =    3.130  36.786 deg. for the L =    3, J =    4.0 channel.
       2.0  0.27525152  0.03019386i: elastic S-matrix  @@      0.00  0   0 F  0
 Reaction Xsec     2.0+/ 3 @ 6 =   1.590 , Out:   0.000#   0.018    0.010    1.562f

   S-matrix    7 =   -0.01911  -0.24839 for L=    5, J=    4.0 channel on core I =   2.0 from L=    5,  Acc. loss =  0.0 D.
 Elastic phase shift   7 =  -47.199  39.815 deg. for the L =    5, J =    4.0 channel.
       2.0 -0.01910567 -0.24839184i: elastic S-matrix  @@      0.00  0   0 F  0
 Reaction Xsec     2.0+/ 5 @ 7 =   1.615 , Out:   0.000#   0.000#   0.500/   1.615f


 Total SPIN, PARITY =     2.0 -,     13 chs,      0 cc.  Rmin & Coul turning =    0.2    1.1
   S-matrix    1 =    0.14514   0.24673 for L=    0, J=    1.0 channel on core I =   2.0 from L=    0,  Acc. loss =  0.0 D.
 Elastic phase shift   1 =   29.767  35.835 deg. for the L =    0, J =    1.0 channel.
       2.0  0.14514134  0.24672589i: elastic S-matrix  @@      0.00  0   0 F  0
 Reaction Xsec     2.0-/ 0 @ 1 =   1.581 , Out:   0.000#   7.757/   5.838/   1.567f

   S-matrix    2 =    0.27789  -0.00842 for L=    2, J=    1.0 channel on core I =   2.0 from L=    2,  Acc. loss =  0.0 D.
 Elastic phase shift   2 =   -0.868  36.671 deg. for the L =    2, J =    1.0 channel.
       2.0  0.27788965 -0.00841818i: elastic S-matrix  @@      0.00  0   0 F  0
 Reaction Xsec     2.0-/ 2 @ 2 =   1.589 , Out:   0.000#   1.875/   9.359/   1.578f

   S-matrix    3 =    0.27651   0.04229 for L=    2, J=    2.0 channel on core I =   2.0 from L=    2,  Acc. loss =  0.0 D.
 Elastic phase shift   3 =    4.348  36.496 deg. for the L =    2, J =    2.0 channel.
       2.0  0.27651089  0.04229130i: elastic S-matrix  @@      0.00  0   0 F  0
 Reaction Xsec     2.0-/ 2 @ 3 =   1.587 , Out:   0.000#   2.961/   5.862/   1.579f

   S-matrix    4 =    0.25732   0.11596 for L=    2, J=    3.0 channel on core I =   2.0 from L=    2,  Acc. loss =  0.0 D.
 Elastic phase shift   4 =   12.129  36.239 deg. for the L =    2, J =    3.0 channel.
       2.0  0.25732459  0.11596336i: elastic S-matrix  @@      0.00  0   0 F  0
 Reaction Xsec     2.0-/ 2 @ 4 =   1.585 , Out:   0.000#   9.394/   6.286/   1.569f

   S-matrix    5 =    0.13427  -0.22515 for L=    4, J=    3.0 channel on core I =   2.0 from L=    4,  Acc. loss =  0.0 D.
 Elastic phase shift   5 =  -29.595  38.355 deg. for the L =    4, J =    3.0 channel.
       2.0  0.13426686 -0.22514997i: elastic S-matrix  @@      0.00  0   0 F  0
 Reaction Xsec     2.0-/ 4 @ 5 =   1.604 , Out:   0.000#   1.297/   5.598/   1.597f

   S-matrix    6 =    0.20307  -0.17110 for L=    4, J=    4.0 channel on core I =   2.0 from L=    4,  Acc. loss =  0.0 D.
 Elastic phase shift   6 =  -20.059  37.987 deg. for the L =    4, J =    4.0 channel.
       2.0  0.20306506 -0.17110376i: elastic S-matrix  @@      0.00  0   0 F  0
 Reaction Xsec     2.0-/ 4 @ 6 =   1.601 , Out:   0.000#   7.314/   6.353/   1.587f

 Allocate arrays for           15  channels, of which           15  need wfs.

 Total SPIN, PARITY =     3.0 +,     15 chs,      0 cc.  Rmin & Coul turning =    0.2    1.5
   S-matrix    1 =    0.24795   0.13661 for L=    1, J=    1.0 channel on core I =   2.0 from L=    1,  Acc. loss =  0.0 D.
 Elastic phase shift   1 =   14.427  36.153 deg. for the L =    1, J =    1.0 channel.
       3.0  0.24794990  0.13661429i: elastic S-matrix  @@      0.00  0   0 F  0
 Reaction Xsec     3.0+/ 1 @ 1 =   2.218 , Out:   0.000#   6.004/   0.011    2.201f

   S-matrix    2 =    0.21835   0.18292 for L=    1, J=    2.0 channel on core I =   2.0 from L=    1,  Acc. loss =  0.0 D.
 Elastic phase shift   2 =   19.977  35.977 deg. for the L =    1, J =    2.0 channel.
       3.0  0.21834769  0.18291584i: elastic S-matrix  @@      0.00  0   0 F  0
 Reaction Xsec     3.0+/ 1 @ 2 =   2.215 , Out:   0.000#   0.013    0.011    2.191f

   S-matrix    3 =    0.23797  -0.12919 for L=    3, J=    2.0 channel on core I =   2.0 from L=    3,  Acc. loss =  0.0 D.
 Elastic phase shift   3 =  -14.248  37.427 deg. for the L =    3, J =    2.0 channel.
       3.0  0.23797099 -0.12919009i: elastic S-matrix  @@      0.00  0   0 F  0
 Reaction Xsec     3.0+/ 3 @ 3 =   2.234 , Out:   0.000#   3.636/   0.014    2.217f

   S-matrix    4 =    0.26582  -0.06400 for L=    3, J=    3.0 channel on core I =   2.0 from L=    3,  Acc. loss =  0.0 D.
 Elastic phase shift   4 =   -6.768  37.149 deg. for the L =    3, J =    3.0 channel.
       3.0  0.26582252 -0.06399764i: elastic S-matrix  @@      0.00  0   0 F  0
 Reaction Xsec     3.0+/ 3 @ 4 =   2.231 , Out:   0.000#   4.598/   9.627/   2.217f

   S-matrix    5 =    0.27525   0.03019 for L=    3, J=    4.0 channel on core I =   2.0 from L=    3,  Acc. loss =  0.0 D.
 Elastic phase shift   5 =    3.130  36.786 deg. for the L =    3, J =    4.0 channel.
       3.0  0.27525152  0.03019386i: elastic S-matrix  @@      0.00  0   0 F  0
 Reaction Xsec     3.0+/ 3 @ 5 =   2.226 , Out:   0.000#   9.685/   7.772/   2.209f

   S-matrix    6 =   -0.01911  -0.24839 for L=    5, J=    4.0 channel on core I =   2.0 from L=    5,  Acc. loss =  0.0 D.
 Elastic phase shift   6 =  -47.199  39.815 deg. for the L =    5, J =    4.0 channel.
       3.0 -0.01910567 -0.24839184i: elastic S-matrix  @@      0.00  0   0 F  0
 Reaction Xsec     3.0+/ 5 @ 6 =   2.261 , Out:   0.000#   1.574/   8.376/   2.251f

   S-matrix    7 =    0.08000  -0.24089 for L=    5, J=    5.0 channel on core I =   2.0 from L=    5,  Acc. loss =  0.0 D.
 Elastic phase shift   7 =  -35.814  39.280 deg. for the L =    5, J =    5.0 channel.
       3.0  0.08000012 -0.24088720i: elastic S-matrix  @@      0.00  0   0 F  0
 Reaction Xsec     3.0+/ 5 @ 7 =   2.256 , Out:   0.000#   7.157/   7.486/   2.241f

 Allocate arrays for           16  channels, of which           16  need wfs.

 Total SPIN, PARITY =     3.0 -,     16 chs,      0 cc.  Rmin & Coul turning =    0.2    1.5
   S-matrix    1 =    0.14514   0.24673 for L=    0, J=    1.0 channel on core I =   2.0 from L=    0,  Acc. loss =  0.0 D.
 Elastic phase shift   1 =   29.767  35.835 deg. for the L =    0, J =    1.0 channel.
       3.0  0.14514134  0.24672589i: elastic S-matrix  @@      0.00  0   0 F  0
 Reaction Xsec     3.0-/ 0 @ 1 =   2.214 , Out:   0.000#   0.000#   6.883/   2.207f

   S-matrix    2 =    0.27789  -0.00842 for L=    2, J=    1.0 channel on core I =   2.0 from L=    2,  Acc. loss =  0.0 D.
 Elastic phase shift   2 =   -0.868  36.671 deg. for the L =    2, J =    1.0 channel.
       3.0  0.27788965 -0.00841818i: elastic S-matrix  @@      0.00  0   0 F  0
 Reaction Xsec     3.0-/ 2 @ 2 =   2.225 , Out:   0.000#   0.019    0.011    2.195f

   S-matrix    3 =    0.27651   0.04229 for L=    2, J=    2.0 channel on core I =   2.0 from L=    2,  Acc. loss =  0.0 D.
 Elastic phase shift   3 =    4.348  36.496 deg. for the L =    2, J =    2.0 channel.
       3.0  0.27651089  0.04229130i: elastic S-matrix  @@      0.00  0   0 F  0
 Reaction Xsec     3.0-/ 2 @ 3 =   2.222 , Out:   0.000#   0.013    0.012    2.197f

   S-matrix    4 =    0.25732   0.11596 for L=    2, J=    3.0 channel on core I =   2.0 from L=    2,  Acc. loss =  0.0 D.
 Elastic phase shift   4 =   12.129  36.239 deg. for the L =    2, J =    3.0 channel.
       3.0  0.25732459  0.11596336i: elastic S-matrix  @@      0.00  0   0 F  0
 Reaction Xsec     3.0-/ 2 @ 4 =   2.219 , Out:   0.000#   7.251/   7.847/   2.204f

   S-matrix    5 =    0.13427  -0.22515 for L=    4, J=    3.0 channel on core I =   2.0 from L=    4,  Acc. loss =  0.0 D.
 Elastic phase shift   5 =  -29.595  38.355 deg. for the L =    4, J =    3.0 channel.
       3.0  0.13426686 -0.22514997i: elastic S-matrix  @@      0.00  0   0 F  0
 Reaction Xsec     3.0-/ 4 @ 5 =   2.245 , Out:   0.000#   2.017/   0.013    2.230f

   S-matrix    6 =    0.20307  -0.17110 for L=    4, J=    4.0 channel on core I =   2.0 from L=    4,  Acc. loss =  0.0 D.
 Elastic phase shift   6 =  -20.059  37.987 deg. for the L =    4, J =    4.0 channel.
       3.0  0.20306506 -0.17110376i: elastic S-matrix  @@      0.00  0   0 F  0
 Reaction Xsec     3.0-/ 4 @ 6 =   2.241 , Out:   0.000#   4.096/   8.240/   2.229f

   S-matrix    7 =    0.25864  -0.07637 for L=    4, J=    5.0 channel on core I =   2.0 from L=    4,  Acc. loss =  0.0 D.
 Elastic phase shift   7 =   -8.226  37.544 deg. for the L =    4, J =    5.0 channel.
       3.0  0.25863842 -0.07637465i: elastic S-matrix  @@      0.00  0   0 F  0
 Reaction Xsec     3.0-/ 4 @ 7 =   2.236 , Out:   0.000#   0.020    0.013    2.203f

   S-matrix    8 =   -0.16804  -0.16357 for L=    6, J=    5.0 channel on core I =   2.0 from L=    6,  Acc. loss =  0.0 D.
 Elastic phase shift   8 =  -67.886  41.547 deg. for the L =    6, J =    5.0 channel.
       3.0 -0.16803863 -0.16357257i: elastic S-matrix  @@      0.00  0   0 F  0
 Reaction Xsec     3.0-/ 6 @ 8 =   2.278 , Out:   0.000#   0.000#   0.557/   2.278f


 Total SPIN, PARITY =     4.0 +,     16 chs,      0 cc.  Rmin & Coul turning =    0.3    1.9
   S-matrix    1 =    0.21835   0.18292 for L=    1, J=    2.0 channel on core I =   2.0 from L=    1,  Acc. loss =  0.0 D.
 Elastic phase shift   1 =   19.977  35.977 deg. for the L =    1, J =    2.0 channel.
       4.0  0.21834769  0.18291584i: elastic S-matrix  @@      0.00  0   0 F  0
 Reaction Xsec     4.0+/ 1 @ 1 =   2.848 , Out:   0.000#   0.000#   9.520/   2.839f

   S-matrix    2 =    0.23797  -0.12919 for L=    3, J=    2.0 channel on core I =   2.0 from L=    3,  Acc. loss =  0.0 D.
 Elastic phase shift   2 =  -14.248  37.427 deg. for the L =    3, J =    2.0 channel.
       4.0  0.23797099 -0.12919009i: elastic S-matrix  @@      0.00  0   0 F  0
 Reaction Xsec     4.0+/ 3 @ 2 =   2.873 , Out:   0.000#   0.030    0.013    2.830f

   S-matrix    3 =    0.26582  -0.06400 for L=    3, J=    3.0 channel on core I =   2.0 from L=    3,  Acc. loss =  0.0 D.
 Elastic phase shift   3 =   -6.768  37.149 deg. for the L =    3, J =    3.0 channel.
       4.0  0.26582252 -0.06399764i: elastic S-matrix  @@      0.00  0   0 F  0
 Reaction Xsec     4.0+/ 3 @ 3 =   2.868 , Out:   0.000#   0.016    0.017    2.836f

   S-matrix    4 =    0.27525   0.03019 for L=    3, J=    4.0 channel on core I =   2.0 from L=    3,  Acc. loss =  0.0 D.
 Elastic phase shift   4 =    3.130  36.786 deg. for the L =    3, J =    4.0 channel.
       4.0  0.27525152  0.03019386i: elastic S-matrix  @@      0.00  0   0 F  0
 Reaction Xsec     4.0+/ 3 @ 4 =   2.862 , Out:   0.000#   9.388/   9.807/   2.843f

   S-matrix    5 =   -0.01911  -0.24839 for L=    5, J=    4.0 channel on core I =   2.0 from L=    5,  Acc. loss =  0.0 D.
 Elastic phase shift   5 =  -47.199  39.815 deg. for the L =    5, J =    4.0 channel.
       4.0 -0.01910567 -0.24839184i: elastic S-matrix  @@      0.00  0   0 F  0
 Reaction Xsec     4.0+/ 5 @ 5 =   2.908 , Out:   0.000#   1.974/   0.017    2.889f

   S-matrix    6 =    0.08000  -0.24089 for L=    5, J=    5.0 channel on core I =   2.0 from L=    5,  Acc. loss =  0.0 D.
 Elastic phase shift   6 =  -35.814  39.280 deg. for the L =    5, J =    5.0 channel.
       4.0  0.08000012 -0.24088720i: elastic S-matrix  @@      0.00  0   0 F  0
 Reaction Xsec     4.0+/ 5 @ 6 =   2.900 , Out:   0.000#   3.680/   9.765/   2.887f

   S-matrix    7 =    0.18487  -0.18190 for L=    5, J=    6.0 channel on core I =   2.0 from L=    5,  Acc. loss =  0.0 D.
 Elastic phase shift   7 =  -22.268  38.662 deg. for the L =    5, J =    6.0 channel.
       4.0  0.18486746 -0.18190141i: elastic S-matrix  @@      0.00  0   0 F  0
 Reaction Xsec     4.0+/ 5 @ 7 =   2.891 , Out:   0.000#   0.018    0.015    2.858f

   S-matrix    8 =   -0.21784   0.00378 for L=    7, J=    6.0 channel on core I =   2.0 from L=    7,  Acc. loss =  0.0 D.
 Elastic phase shift   8 =   89.502  43.655 deg. for the L =    7, J =    6.0 channel.
       4.0 -0.21783629  0.00378491i: elastic S-matrix  @@      0.00  0   0 F  0
 Reaction Xsec     4.0+/ 7 @ 8 =   2.953 , Out:   0.000#   0.000#   0.481/   2.952f


 Total SPIN, PARITY =     4.0 -,     15 chs,      0 cc.  Rmin & Coul turning =    0.3    1.9
   S-matrix    1 =    0.27651   0.04229 for L=    2, J=    2.0 channel on core I =   2.0 from L=    2,  Acc. loss =  0.0 D.
 Elastic phase shift   1 =    4.348  36.496 deg. for the L =    2, J =    2.0 channel.
       4.0  0.27651089  0.04229130i: elastic S-matrix  @@      0.00  0   0 F  0
 Reaction Xsec     4.0-/ 2 @ 1 =   2.857 , Out:   0.000#   0.013    0.013    2.832f

   S-matrix    2 =    0.25732   0.11596 for L=    2, J=    3.0 channel on core I =   2.0 from L=    2,  Acc. loss =  0.0 D.
 Elastic phase shift   2 =   12.129  36.239 deg. for the L =    2, J =    3.0 channel.
       4.0  0.25732459  0.11596336i: elastic S-matrix  @@      0.00  0   0 F  0
 Reaction Xsec     4.0-/ 2 @ 2 =   2.853 , Out:   0.000#   0.018    0.016    2.819f

   S-matrix    3 =    0.13427  -0.22515 for L=    4, J=    3.0 channel on core I =   2.0 from L=    4,  Acc. loss =  0.0 D.
 Elastic phase shift   3 =  -29.595  38.355 deg. for the L =    4, J =    3.0 channel.
       4.0  0.13426686 -0.22514997i: elastic S-matrix  @@      0.00  0   0 F  0
 Reaction Xsec     4.0-/ 4 @ 3 =   2.887 , Out:   0.000#   5.463/   0.017    2.864f

   S-matrix    4 =    0.20307  -0.17110 for L=    4, J=    4.0 channel on core I =   2.0 from L=    4,  Acc. loss =  0.0 D.
 Elastic phase shift   4 =  -20.059  37.987 deg. for the L =    4, J =    4.0 channel.
       4.0  0.20306506 -0.17110376i: elastic S-matrix  @@      0.00  0   0 F  0
 Reaction Xsec     4.0-/ 4 @ 4 =   2.881 , Out:   0.000#   5.994/   0.013    2.863f

   S-matrix    5 =    0.25864  -0.07637 for L=    4, J=    5.0 channel on core I =   2.0 from L=    4,  Acc. loss =  0.0 D.
 Elastic phase shift   5 =   -8.226  37.544 deg. for the L =    4, J =    5.0 channel.
       4.0  0.25863842 -0.07637465i: elastic S-matrix  @@      0.00  0   0 F  0
 Reaction Xsec     4.0-/ 4 @ 5 =   2.875 , Out:   0.000#   8.979/   8.444/   2.857f

   S-matrix    6 =   -0.16804  -0.16357 for L=    6, J=    5.0 channel on core I =   2.0 from L=    6,  Acc. loss =  0.0 D.
 Elastic phase shift   6 =  -67.886  41.547 deg. for the L =    6, J =    5.0 channel.
       4.0 -0.16803863 -0.16357257i: elastic S-matrix  @@      0.00  0   0 F  0
 Reaction Xsec     4.0-/ 6 @ 6 =   2.929 , Out:   0.000#   1.546/   0.010    2.918f

   S-matrix    7 =   -0.08176  -0.22458 for L=    6, J=    6.0 channel on core I =   2.0 from L=    6,  Acc. loss =  0.0 D.
 Elastic phase shift   7 =  -55.002  41.004 deg. for the L =    6, J =    6.0 channel.
       4.0 -0.08175713 -0.22458073i: elastic S-matrix  @@      0.00  0   0 F  0
 Reaction Xsec     4.0-/ 6 @ 7 =   2.923 , Out:   0.000#   6.111/   7.953/   2.909f


 Total SPIN, PARITY =     5.0 +,     15 chs,      0 cc.  Rmin & Coul turning =    0.4    2.3
   S-matrix    1 =    0.26582  -0.06400 for L=    3, J=    3.0 channel on core I =   2.0 from L=    3,  Acc. loss =  0.0 D.
 Elastic phase shift   1 =   -6.768  37.149 deg. for the L =    3, J =    3.0 channel.
       5.0  0.26582252 -0.06399764i: elastic S-matrix  @@      0.00  0   0 F  0
 Reaction Xsec     5.0+/ 3 @ 1 =   3.506 , Out:   0.000#   0.019    0.015    3.471f

   S-matrix    2 =    0.27525   0.03019 for L=    3, J=    4.0 channel on core I =   2.0 from L=    3,  Acc. loss =  0.0 D.
 Elastic phase shift   2 =    3.130  36.786 deg. for the L =    3, J =    4.0 channel.
       5.0  0.27525152  0.03019386i: elastic S-matrix  @@      0.00  0   0 F  0
 Reaction Xsec     5.0+/ 3 @ 2 =   3.498 , Out:   0.000#   0.022    0.019    3.457f

   S-matrix    3 =   -0.01911  -0.24839 for L=    5, J=    4.0 channel on core I =   2.0 from L=    5,  Acc. loss =  0.0 D.
 Elastic phase shift   3 =  -47.199  39.815 deg. for the L =    5, J =    4.0 channel.
       5.0 -0.01910567 -0.24839184i: elastic S-matrix  @@      0.00  0   0 F  0
 Reaction Xsec     5.0+/ 5 @ 3 =   3.554 , Out:   0.000#   7.110/   0.019    3.527f

   S-matrix    4 =    0.08000  -0.24089 for L=    5, J=    5.0 channel on core I =   2.0 from L=    5,  Acc. loss =  0.0 D.
 Elastic phase shift   4 =  -35.814  39.280 deg. for the L =    5, J =    5.0 channel.
       5.0  0.08000012 -0.24088720i: elastic S-matrix  @@      0.00  0   0 F  0
 Reaction Xsec     5.0+/ 5 @ 4 =   3.545 , Out:   0.000#   6.938/   0.015    3.523f

   S-matrix    5 =    0.18487  -0.18190 for L=    5, J=    6.0 channel on core I =   2.0 from L=    5,  Acc. loss =  0.0 D.
 Elastic phase shift   5 =  -22.268  38.662 deg. for the L =    5, J =    6.0 channel.
       5.0  0.18486746 -0.18190141i: elastic S-matrix  @@      0.00  0   0 F  0
 Reaction Xsec     5.0+/ 5 @ 5 =   3.534 , Out:   0.000#   7.506/   8.147/   3.518f

   S-matrix    6 =   -0.21784   0.00378 for L=    7, J=    6.0 channel on core I =   2.0 from L=    7,  Acc. loss =  0.0 D.
 Elastic phase shift   6 =   89.502  43.655 deg. for the L =    7, J =    6.0 channel.
       5.0 -0.21783629  0.00378491i: elastic S-matrix  @@      0.00  0   0 F  0
 Reaction Xsec     5.0+/ 7 @ 6 =   3.609 , Out:   0.000#   1.252/   0.011    3.596f

   S-matrix    7 =   -0.20096  -0.09875 for L=    7, J=    7.0 channel on core I =   2.0 from L=    7,  Acc. loss =  0.0 D.
 Elastic phase shift   7 =  -76.916  42.872 deg. for the L =    7, J =    7.0 channel.
       5.0 -0.20096173 -0.09874748i: elastic S-matrix  @@      0.00  0   0 F  0
 Reaction Xsec     5.0+/ 7 @ 7 =   3.599 , Out:   0.000#   4.443/   7.589/   3.587f


 Total SPIN, PARITY =     5.0 -,     16 chs,      0 cc.  Rmin & Coul turning =    0.4    2.3
   S-matrix    1 =    0.25732   0.11596 for L=    2, J=    3.0 channel on core I =   2.0 from L=    2,  Acc. loss =  0.0 D.
 Elastic phase shift   1 =   12.129  36.239 deg. for the L =    2, J =    3.0 channel.
       5.0  0.25732459  0.11596336i: elastic S-matrix  @@      0.00  0   0 F  0
 Reaction Xsec     5.0-/ 2 @ 1 =   3.487 , Out:   0.000#   0.000#   0.013    3.474f

   S-matrix    2 =    0.13427  -0.22515 for L=    4, J=    3.0 channel on core I =   2.0 from L=    4,  Acc. loss =  0.0 D.
 Elastic phase shift   2 =  -29.595  38.355 deg. for the L =    4, J =    3.0 channel.
       5.0  0.13426686 -0.22514997i: elastic S-matrix  @@      0.00  0   0 F  0
 Reaction Xsec     5.0-/ 4 @ 2 =   3.528 , Out:   0.000#   0.038    0.014    3.476f

   S-matrix    3 =    0.20307  -0.17110 for L=    4, J=    4.0 channel on core I =   2.0 from L=    4,  Acc. loss =  0.0 D.
 Elastic phase shift   3 =  -20.059  37.987 deg. for the L =    4, J =    4.0 channel.
       5.0  0.20306506 -0.17110376i: elastic S-matrix  @@      0.00  0   0 F  0
 Reaction Xsec     5.0-/ 4 @ 3 =   3.522 , Out:   0.000#   0.018    0.019    3.485f

   S-matrix    4 =    0.25864  -0.07637 for L=    4, J=    5.0 channel on core I =   2.0 from L=    4,  Acc. loss =  0.0 D.
 Elastic phase shift   4 =   -8.226  37.544 deg. for the L =    4, J =    5.0 channel.
       5.0  0.25863842 -0.07637465i: elastic S-matrix  @@      0.00  0   0 F  0
 Reaction Xsec     5.0-/ 4 @ 4 =   3.513 , Out:   0.000#   0.011    0.010    3.492f

   S-matrix    5 =   -0.16804  -0.16357 for L=    6, J=    5.0 channel on core I =   2.0 from L=    6,  Acc. loss =  0.0 D.
 Elastic phase shift   5 =  -67.886  41.547 deg. for the L =    6, J =    5.0 channel.
       5.0 -0.16803863 -0.16357257i: elastic S-matrix  @@      0.00  0   0 F  0
 Reaction Xsec     5.0-/ 6 @ 5 =   3.580 , Out:   0.000#   1.708/   0.019    3.560f

   S-matrix    6 =   -0.08176  -0.22458 for L=    6, J=    6.0 channel on core I =   2.0 from L=    6,  Acc. loss =  0.0 D.
 Elastic phase shift   6 =  -55.002  41.004 deg. for the L =    6, J =    6.0 channel.
       5.0 -0.08175713 -0.22458073i: elastic S-matrix  @@      0.00  0   0 F  0
 Reaction Xsec     5.0-/ 6 @ 6 =   3.572 , Out:   0.000#   3.023/   0.011    3.559f

   S-matrix    7 =    0.04264  -0.24073 for L=    6, J=    7.0 channel on core I =   2.0 from L=    6,  Acc. loss =  0.0 D.
 Elastic phase shift   7 =  -39.978  40.355 deg. for the L =    6, J =    7.0 channel.
       5.0  0.04263957 -0.24072578i: elastic S-matrix  @@      0.00  0   0 F  0
 Reaction Xsec     5.0-/ 6 @ 7 =   3.562 , Out:   0.000#   0.015    0.016    3.532f

   S-matrix    8 =   -0.11626   0.16138 for L=    8, J=    7.0 channel on core I =   2.0 from L=    8,  Acc. loss =  0.0 D.
 Elastic phase shift   8 =   62.885  46.265 deg. for the L =    8, J =    7.0 channel.
       5.0 -0.11626282  0.16137865i: elastic S-matrix  @@      0.00  0   0 F  0
 Reaction Xsec     5.0-/ 8 @ 8 =   3.639 , Out:   0.000#   0.000#   0.345/   3.639f


 Total SPIN, PARITY =     6.0 +,     16 chs,      0 cc.  Rmin & Coul turning =    0.5    2.7
   S-matrix    1 =    0.27525   0.03019 for L=    3, J=    4.0 channel on core I =   2.0 from L=    3,  Acc. loss =  0.0 D.
 Elastic phase shift   1 =    3.130  36.786 deg. for the L =    3, J =    4.0 channel.
       6.0  0.27525152  0.03019386i: elastic S-matrix  @@      0.00  0   0 F  0
 Reaction Xsec     6.0+/ 3 @ 1 =   4.134 , Out:   0.000#   0.000#   0.015    4.120f

   S-matrix    2 =   -0.01911  -0.24839 for L=    5, J=    4.0 channel on core I =   2.0 from L=    5,  Acc. loss =  0.0 D.
 Elastic phase shift   2 =  -47.199  39.815 deg. for the L =    5, J =    4.0 channel.
       6.0 -0.01910567 -0.24839184i: elastic S-matrix  @@      0.00  0   0 F  0
 Reaction Xsec     6.0+/ 5 @ 2 =   4.200 , Out:   0.000#   0.045    0.015    4.140f

   S-matrix    3 =    0.08000  -0.24089 for L=    5, J=    5.0 channel on core I =   2.0 from L=    5,  Acc. loss =  0.0 D.
 Elastic phase shift   3 =  -35.814  39.280 deg. for the L =    5, J =    5.0 channel.
       6.0  0.08000012 -0.24088720i: elastic S-matrix  @@      0.00  0   0 F  0
 Reaction Xsec     6.0+/ 5 @ 3 =   4.189 , Out:   0.000#   0.020    0.020    4.149f

   S-matrix    4 =    0.18487  -0.18190 for L=    5, J=    6.0 channel on core I =   2.0 from L=    5,  Acc. loss =  0.0 D.
 Elastic phase shift   4 =  -22.268  38.662 deg. for the L =    5, J =    6.0 channel.
       6.0  0.18486746 -0.18190141i: elastic S-matrix  @@      0.00  0   0 F  0
 Reaction Xsec     6.0+/ 5 @ 4 =   4.177 , Out:   0.000#   0.013    9.286/   4.154f

   S-matrix    5 =   -0.21784   0.00378 for L=    7, J=    6.0 channel on core I =   2.0 from L=    7,  Acc. loss =  0.0 D.
 Elastic phase shift   5 =   89.502  43.655 deg. for the L =    7, J =    6.0 channel.
       6.0 -0.21783629  0.00378491i: elastic S-matrix  @@      0.00  0   0 F  0
 Reaction Xsec     6.0+/ 7 @ 5 =   4.265 , Out:   0.000#   1.271/   0.019    4.245f

   S-matrix    6 =   -0.20096  -0.09875 for L=    7, J=    7.0 channel on core I =   2.0 from L=    7,  Acc. loss =  0.0 D.
 Elastic phase shift   6 =  -76.916  42.872 deg. for the L =    7, J =    7.0 channel.
       6.0 -0.20096173 -0.09874748i: elastic S-matrix  @@      0.00  0   0 F  0
 Reaction Xsec     6.0+/ 7 @ 6 =   4.253 , Out:   0.000#   2.157/   0.010    4.241f

   S-matrix    7 =   -0.12399  -0.19415 for L=    7, J=    8.0 channel on core I =   2.0 from L=    7,  Acc. loss =  0.0 D.
 Elastic phase shift   7 =  -61.282  42.058 deg. for the L =    7, J =    8.0 channel.
       6.0 -0.12399238 -0.19414896i: elastic S-matrix  @@      0.00  0   0 F  0
 Reaction Xsec     6.0+/ 7 @ 7 =   4.240 , Out:   0.000#   0.010    0.015    4.215f

   S-matrix    8 =    0.09170   0.24412 for L=    9, J=    8.0 channel on core I =   2.0 from L=    9,  Acc. loss =  0.0 D.
 Elastic phase shift   8 =   34.706  38.506 deg. for the L =    9, J =    8.0 channel.
       6.0  0.09169676  0.24411919i: elastic S-matrix  @@      0.00  0   0 F  0
 Reaction Xsec     6.0+/ 9 @ 8 =   4.173 , Out:   0.000#   0.000#   0.271/   4.173f


 Total SPIN, PARITY =     6.0 -,     15 chs,      0 cc.  Rmin & Coul turning =    0.5    2.7
   S-matrix    1 =    0.20307  -0.17110 for L=    4, J=    4.0 channel on core I =   2.0 from L=    4,  Acc. loss =  0.0 D.
 Elastic phase shift   1 =  -20.059  37.987 deg. for the L =    4, J =    4.0 channel.
       6.0  0.20306506 -0.17110376i: elastic S-matrix  @@      0.00  0   0 F  0
 Reaction Xsec     6.0-/ 4 @ 1 =   4.162 , Out:   0.000#   0.025    0.017    4.120f

   S-matrix    2 =    0.25864  -0.07637 for L=    4, J=    5.0 channel on core I =   2.0 from L=    4,  Acc. loss =  0.0 D.
 Elastic phase shift   2 =   -8.226  37.544 deg. for the L =    4, J =    5.0 channel.
       6.0  0.25863842 -0.07637465i: elastic S-matrix  @@      0.00  0   0 F  0
 Reaction Xsec     6.0-/ 4 @ 2 =   4.152 , Out:   0.000#   0.025    0.020    4.107f

   S-matrix    3 =   -0.16804  -0.16357 for L=    6, J=    5.0 channel on core I =   2.0 from L=    6,  Acc. loss =  0.0 D.
 Elastic phase shift   3 =  -67.886  41.547 deg. for the L =    6, J =    5.0 channel.
       6.0 -0.16803863 -0.16357257i: elastic S-matrix  @@      0.00  0   0 F  0
 Reaction Xsec     6.0-/ 6 @ 3 =   4.231 , Out:   0.000#   8.353/   0.020    4.203f

   S-matrix    4 =   -0.08176  -0.22458 for L=    6, J=    6.0 channel on core I =   2.0 from L=    6,  Acc. loss =  0.0 D.
 Elastic phase shift   4 =  -55.002  41.004 deg. for the L =    6, J =    6.0 channel.
       6.0 -0.08175713 -0.22458073i: elastic S-matrix  @@      0.00  0   0 F  0
 Reaction Xsec     6.0-/ 6 @ 4 =   4.222 , Out:   0.000#   7.345/   0.015    4.199f

   S-matrix    5 =    0.04264  -0.24073 for L=    6, J=    7.0 channel on core I =   2.0 from L=    6,  Acc. loss =  0.0 D.
 Elastic phase shift   5 =  -39.978  40.355 deg. for the L =    6, J =    7.0 channel.
       6.0  0.04263957 -0.24072578i: elastic S-matrix  @@      0.00  0   0 F  0
 Reaction Xsec     6.0-/ 6 @ 5 =   4.210 , Out:   0.000#   5.709/   7.098/   4.197f

   S-matrix    6 =   -0.11626   0.16138 for L=    8, J=    7.0 channel on core I =   2.0 from L=    8,  Acc. loss =  0.0 D.
 Elastic phase shift   6 =   62.885  46.265 deg. for the L =    8, J =    7.0 channel.
       6.0 -0.11626282  0.16137865i: elastic S-matrix  @@      0.00  0   0 F  0
 Reaction Xsec     6.0-/ 8 @ 6 =   4.301 , Out:   0.000#   0.869/   0.012    4.288f

   S-matrix    7 =   -0.18023   0.08505 for L=    8, J=    8.0 channel on core I =   2.0 from L=    8,  Acc. loss =  0.0 D.
 Elastic phase shift   7 =   77.369  46.208 deg. for the L =    8, J =    8.0 channel.
       6.0 -0.18023318  0.08505346i: elastic S-matrix  @@      0.00  0   0 F  0
 Reaction Xsec     6.0-/ 8 @ 7 =   4.300 , Out:   0.000#   2.678/   6.663/   4.291f


 Total SPIN, PARITY =     7.0 +,     15 chs,      0 cc.  Rmin & Coul turning =    0.6    3.1
   S-matrix    1 =    0.08000  -0.24089 for L=    5, J=    5.0 channel on core I =   2.0 from L=    5,  Acc. loss =  0.0 D.
 Elastic phase shift   1 =  -35.814  39.280 deg. for the L =    5, J =    5.0 channel.
       7.0  0.08000012 -0.24088720i: elastic S-matrix  @@      0.00  0   0 F  0
 Reaction Xsec     7.0+/ 5 @ 1 =   4.834 , Out:   0.000#   0.029    0.018    4.787f

   S-matrix    2 =    0.18487  -0.18190 for L=    5, J=    6.0 channel on core I =   2.0 from L=    5,  Acc. loss =  0.0 D.
 Elastic phase shift   2 =  -22.268  38.662 deg. for the L =    5, J =    6.0 channel.
       7.0  0.18486746 -0.18190141i: elastic S-matrix  @@      0.00  0   0 F  0
 Reaction Xsec     7.0+/ 5 @ 2 =   4.819 , Out:   0.000#   0.028    0.018    4.773f

   S-matrix    3 =   -0.21784   0.00378 for L=    7, J=    6.0 channel on core I =   2.0 from L=    7,  Acc. loss =  0.0 D.
 Elastic phase shift   3 =   89.502  43.655 deg. for the L =    7, J =    6.0 channel.
       7.0 -0.21783629  0.00378491i: elastic S-matrix  @@      0.00  0   0 F  0
 Reaction Xsec     7.0+/ 7 @ 3 =   4.921 , Out:   0.000#   8.836/   0.020    4.893f

   S-matrix    4 =   -0.20096  -0.09875 for L=    7, J=    7.0 channel on core I =   2.0 from L=    7,  Acc. loss =  0.0 D.
 Elastic phase shift   4 =  -76.916  42.872 deg. for the L =    7, J =    7.0 channel.
       7.0 -0.20096173 -0.09874748i: elastic S-matrix  @@      0.00  0   0 F  0
 Reaction Xsec     7.0+/ 7 @ 4 =   4.908 , Out:   0.000#   7.060/   0.015    4.886f

   S-matrix    5 =   -0.12399  -0.19415 for L=    7, J=    8.0 channel on core I =   2.0 from L=    7,  Acc. loss =  0.0 D.
 Elastic phase shift   5 =  -61.282  42.058 deg. for the L =    7, J =    8.0 channel.
       7.0 -0.12399238 -0.19414896i: elastic S-matrix  @@      0.00  0   0 F  0
 Reaction Xsec     7.0+/ 7 @ 5 =   4.892 , Out:   0.000#   3.798/   5.492/   4.883f

   S-matrix    6 =    0.09170   0.24412 for L=    9, J=    8.0 channel on core I =   2.0 from L=    9,  Acc. loss =  0.0 D.
 Elastic phase shift   6 =   34.706  38.506 deg. for the L =    9, J =    8.0 channel.
       7.0  0.09169676  0.24411919i: elastic S-matrix  @@      0.00  0   0 F  0
 Reaction Xsec     7.0+/ 9 @ 6 =   4.815 , Out:   0.000#   0.673/   0.016    4.799f

   S-matrix    7 =   -0.01065   0.23440 for L=    9, J=    9.0 channel on core I =   2.0 from L=    9,  Acc. loss =  0.0 D.
 Elastic phase shift   7 =   46.301  41.531 deg. for the L =    9, J =    9.0 channel.
       7.0 -0.01065263  0.23439786i: elastic S-matrix  @@      0.00  0   0 F  0
 Reaction Xsec     7.0+/ 9 @ 7 =   4.882 , Out:   0.000#   1.744/   7.625/   4.873f


 Total SPIN, PARITY =     7.0 -,     16 chs,      0 cc.  Rmin & Coul turning =    0.6    3.1
   S-matrix    1 =    0.25864  -0.07637 for L=    4, J=    5.0 channel on core I =   2.0 from L=    4,  Acc. loss =  0.0 D.
 Elastic phase shift   1 =   -8.226  37.544 deg. for the L =    4, J =    5.0 channel.
       7.0  0.25863842 -0.07637465i: elastic S-matrix  @@      0.00  0   0 F  0
 Reaction Xsec     7.0-/ 4 @ 1 =   4.791 , Out:   0.000#   0.000#   0.017    4.774f

   S-matrix    2 =   -0.16804  -0.16357 for L=    6, J=    5.0 channel on core I =   2.0 from L=    6,  Acc. loss =  0.0 D.
 Elastic phase shift   2 =  -67.886  41.547 deg. for the L =    6, J =    5.0 channel.
       7.0 -0.16803863 -0.16357257i: elastic S-matrix  @@      0.00  0   0 F  0
 Reaction Xsec     7.0-/ 6 @ 2 =   4.882 , Out:   0.000#   0.050    0.014    4.818f

   S-matrix    3 =   -0.08176  -0.22458 for L=    6, J=    6.0 channel on core I =   2.0 from L=    6,  Acc. loss =  0.0 D.
 Elastic phase shift   3 =  -55.002  41.004 deg. for the L =    6, J =    6.0 channel.
       7.0 -0.08175713 -0.22458073i: elastic S-matrix  @@      0.00  0   0 F  0
 Reaction Xsec     7.0-/ 6 @ 3 =   4.871 , Out:   0.000#   0.020    0.020    4.831f

   S-matrix    4 =    0.04264  -0.24073 for L=    6, J=    7.0 channel on core I =   2.0 from L=    6,  Acc. loss =  0.0 D.
 Elastic phase shift   4 =  -39.978  40.355 deg. for the L =    6, J =    7.0 channel.
       7.0  0.04263957 -0.24072578i: elastic S-matrix  @@      0.00  0   0 F  0
 Reaction Xsec     7.0-/ 6 @ 4 =   4.858 , Out:   0.000#   0.014    7.494/   4.836f

   S-matrix    5 =   -0.11626   0.16138 for L=    8, J=    7.0 channel on core I =   2.0 from L=    8,  Acc. loss =  0.0 D.
 Elastic phase shift   5 =   62.885  46.265 deg. for the L =    8, J =    7.0 channel.
       7.0 -0.11626282  0.16137865i: elastic S-matrix  @@      0.00  0   0 F  0
 Reaction Xsec     7.0-/ 8 @ 5 =   4.962 , Out:   0.000#   0.831/   0.019    4.943f

   S-matrix    6 =   -0.18023   0.08505 for L=    8, J=    8.0 channel on core I =   2.0 from L=    8,  Acc. loss =  0.0 D.
 Elastic phase shift   6 =   77.369  46.208 deg. for the L =    8, J =    8.0 channel.
       7.0 -0.18023318  0.08505346i: elastic S-matrix  @@      0.00  0   0 F  0
 Reaction Xsec     7.0-/ 8 @ 6 =   4.961 , Out:   0.000#   1.287/   9.182/   4.951f

   S-matrix    7 =   -0.20272  -0.02747 for L=    8, J=    9.0 channel on core I =   2.0 from L=    8,  Acc. loss =  0.0 D.
 Elastic phase shift   7 =  -86.141  45.460 deg. for the L =    8, J =    9.0 channel.
       7.0 -0.20271511 -0.02747335i: elastic S-matrix  @@      0.00  0   0 F  0
 Reaction Xsec     7.0-/ 8 @ 7 =   4.950 , Out:   0.000#   5.528/   0.013    4.932f

   S-matrix    8 =    0.33241   0.25260 for L=   10, J=    9.0 channel on core I =   2.0 from L=   10,  Acc. loss =  0.0 D.
 Elastic phase shift   8 =   18.616  25.023 deg. for the L =   10, J =    9.0 channel.
       7.0  0.33241330  0.25260036i: elastic S-matrix  @@      0.00  0   0 F  0
 Reaction Xsec     7.0-/10 @ 8 =   4.266 , Out:   0.000#   0.000#   0.211/   4.266f


 Total SPIN, PARITY =     8.0 +,     16 chs,      0 cc.  Rmin & Coul turning =    0.6    3.5
   S-matrix    1 =    0.18487  -0.18190 for L=    5, J=    6.0 channel on core I =   2.0 from L=    5,  Acc. loss =  0.0 D.
 Elastic phase shift   1 =  -22.268  38.662 deg. for the L =    5, J =    6.0 channel.
       8.0  0.18486746 -0.18190141i: elastic S-matrix  @@      0.00  0   0 F  0
 Reaction Xsec     8.0+/ 5 @ 1 =   5.462 , Out:   0.000#   0.000#   0.018    5.444f

   S-matrix    2 =   -0.21784   0.00378 for L=    7, J=    6.0 channel on core I =   2.0 from L=    7,  Acc. loss =  0.0 D.
 Elastic phase shift   2 =   89.502  43.655 deg. for the L =    7, J =    6.0 channel.
       8.0 -0.21783629  0.00378491i: elastic S-matrix  @@      0.00  0   0 F  0
 Reaction Xsec     8.0+/ 7 @ 2 =   5.578 , Out:   0.000#   0.050    0.013    5.515f

   S-matrix    3 =   -0.20096  -0.09875 for L=    7, J=    7.0 channel on core I =   2.0 from L=    7,  Acc. loss =  0.0 D.
 Elastic phase shift   3 =  -76.916  42.872 deg. for the L =    7, J =    7.0 channel.
       8.0 -0.20096173 -0.09874748i: elastic S-matrix  @@      0.00  0   0 F  0
 Reaction Xsec     8.0+/ 7 @ 3 =   5.562 , Out:   0.000#   0.020    0.019    5.524f

   S-matrix    4 =   -0.12399  -0.19415 for L=    7, J=    8.0 channel on core I =   2.0 from L=    7,  Acc. loss =  0.0 D.
 Elastic phase shift   4 =  -61.282  42.058 deg. for the L =    7, J =    8.0 channel.
       8.0 -0.12399238 -0.19414896i: elastic S-matrix  @@      0.00  0   0 F  0
 Reaction Xsec     8.0+/ 7 @ 4 =   5.545 , Out:   0.000#   0.014    5.251/   5.526f

   S-matrix    5 =    0.09170   0.24412 for L=    9, J=    8.0 channel on core I =   2.0 from L=    9,  Acc. loss =  0.0 D.
 Elastic phase shift   5 =   34.706  38.506 deg. for the L =    9, J =    8.0 channel.
       8.0  0.09169676  0.24411919i: elastic S-matrix  @@      0.00  0   0 F  0
 Reaction Xsec     8.0+/ 9 @ 5 =   5.457 , Out:   0.000#   0.615/   0.025    5.432f

   S-matrix    6 =   -0.01065   0.23440 for L=    9, J=    9.0 channel on core I =   2.0 from L=    9,  Acc. loss =  0.0 D.
 Elastic phase shift   6 =   46.301  41.531 deg. for the L =    9, J =    9.0 channel.
       8.0 -0.01065263  0.23439786i: elastic S-matrix  @@      0.00  0   0 F  0
 Reaction Xsec     8.0+/ 9 @ 6 =   5.533 , Out:   0.000#   0.835/   0.011    5.522f

   S-matrix    7 =   -0.11128   0.17882 for L=    9, J=   10.0 channel on core I =   2.0 from L=    9,  Acc. loss =  0.0 D.
 Elastic phase shift   7 =   60.946  44.625 deg. for the L =    9, J =   10.0 channel.
       8.0 -0.11127579  0.17882439i: elastic S-matrix  @@      0.00  0   0 F  0
 Reaction Xsec     8.0+/ 9 @ 7 =   5.596 , Out:   0.000#   3.098/   0.014    5.579f

   S-matrix    8 =    0.55042   0.21322 for L=   11, J=   10.0 channel on core I =   2.0 from L=   11,  Acc. loss =  0.0 D.
 Elastic phase shift   8 =   10.588  15.102 deg. for the L =   11, J =   10.0 channel.
       8.0  0.55041984  0.21321756i: elastic S-matrix  @@      0.00  0   0 F  0
 Reaction Xsec     8.0+/11 @ 8 =   3.815 , Out:   0.000#   0.000#   0.279/   3.815f


 Total SPIN, PARITY =     8.0 -,     15 chs,      0 cc.  Rmin & Coul turning =    0.6    3.5
   S-matrix    1 =   -0.08176  -0.22458 for L=    6, J=    6.0 channel on core I =   2.0 from L=    6,  Acc. loss =  0.0 D.
 Elastic phase shift   1 =  -55.002  41.004 deg. for the L =    6, J =    6.0 channel.
       8.0 -0.08175713 -0.22458073i: elastic S-matrix  @@      0.00  0   0 F  0
 Reaction Xsec     8.0-/ 6 @ 1 =   5.521 , Out:   0.000#   0.032    0.017    5.471f

   S-matrix    2 =    0.04264  -0.24073 for L=    6, J=    7.0 channel on core I =   2.0 from L=    6,  Acc. loss =  0.0 D.
 Elastic phase shift   2 =  -39.978  40.355 deg. for the L =    6, J =    7.0 channel.
       8.0  0.04263957 -0.24072578i: elastic S-matrix  @@      0.00  0   0 F  0
 Reaction Xsec     8.0-/ 6 @ 2 =   5.506 , Out:   0.000#   0.028    0.016    5.461f

   S-matrix    3 =   -0.11626   0.16138 for L=    8, J=    7.0 channel on core I =   2.0 from L=    8,  Acc. loss =  0.0 D.
 Elastic phase shift   3 =   62.885  46.265 deg. for the L =    8, J =    7.0 channel.
       8.0 -0.11626282  0.16137865i: elastic S-matrix  @@      0.00  0   0 F  0
 Reaction Xsec     8.0-/ 8 @ 3 =   5.624 , Out:   0.000#   8.962/   0.019    5.596f

   S-matrix    4 =   -0.18023   0.08505 for L=    8, J=    8.0 channel on core I =   2.0 from L=    8,  Acc. loss =  0.0 D.
 Elastic phase shift   4 =   77.369  46.208 deg. for the L =    8, J =    8.0 channel.
       8.0 -0.18023318  0.08505346i: elastic S-matrix  @@      0.00  0   0 F  0
 Reaction Xsec     8.0-/ 8 @ 4 =   5.623 , Out:   0.000#   6.280/   0.013    5.604f

   S-matrix    5 =   -0.20272  -0.02747 for L=    8, J=    9.0 channel on core I =   2.0 from L=    8,  Acc. loss =  0.0 D.
 Elastic phase shift   5 =  -86.141  45.460 deg. for the L =    8, J =    9.0 channel.
       8.0 -0.20271511 -0.02747335i: elastic S-matrix  @@      0.00  0   0 F  0
 Reaction Xsec     8.0-/ 8 @ 5 =   5.610 , Out:   0.000#   2.053/   3.679/   5.605f

   S-matrix    6 =    0.33241   0.25260 for L=   10, J=    9.0 channel on core I =   2.0 from L=   10,  Acc. loss =  0.0 D.
 Elastic phase shift   6 =   18.616  25.023 deg. for the L =   10, J =    9.0 channel.
       8.0  0.33241330  0.25260036i: elastic S-matrix  @@      0.00  0   0 F  0
 Reaction Xsec     8.0-/10 @ 6 =   4.835 , Out:   0.000#   0.507/   0.023    4.811f

   S-matrix    7 =    0.23738   0.30128 for L=   10, J=   10.0 channel on core I =   2.0 from L=   10,  Acc. loss =  0.0 D.
 Elastic phase shift   7 =   25.883  27.452 deg. for the L =   10, J =   10.0 channel.
       8.0  0.23737804  0.30127679i: elastic S-matrix  @@      0.00  0   0 F  0
 Reaction Xsec     8.0-/10 @ 7 =   4.994 , Out:   0.000#   1.276/   0.010    4.983f


 Total SPIN, PARITY =     9.0 +,     15 chs,      0 cc.  Rmin & Coul turning =    0.7    3.9
   S-matrix    1 =   -0.20096  -0.09875 for L=    7, J=    7.0 channel on core I =   2.0 from L=    7,  Acc. loss =  0.0 D.
 Elastic phase shift   1 =  -76.916  42.872 deg. for the L =    7, J =    7.0 channel.
       9.0 -0.20096173 -0.09874748i: elastic S-matrix  @@      0.00  0   0 F  0
 Reaction Xsec     9.0+/ 7 @ 1 =   6.216 , Out:   0.000#   0.032    0.016    6.168f

   S-matrix    2 =   -0.12399  -0.19415 for L=    7, J=    8.0 channel on core I =   2.0 from L=    7,  Acc. loss =  0.0 D.
 Elastic phase shift   2 =  -61.282  42.058 deg. for the L =    7, J =    8.0 channel.
       9.0 -0.12399238 -0.19414896i: elastic S-matrix  @@      0.00  0   0 F  0
 Reaction Xsec     9.0+/ 7 @ 2 =   6.197 , Out:   0.000#   0.027    0.013    6.157f

   S-matrix    3 =    0.09170   0.24412 for L=    9, J=    8.0 channel on core I =   2.0 from L=    9,  Acc. loss =  0.0 D.
 Elastic phase shift   3 =   34.706  38.506 deg. for the L =    9, J =    8.0 channel.
       9.0  0.09169676  0.24411919i: elastic S-matrix  @@      0.00  0   0 F  0
 Reaction Xsec     9.0+/ 9 @ 3 =   6.099 , Out:   0.000#   0.012    0.024    6.063f

   S-matrix    4 =   -0.01065   0.23440 for L=    9, J=    9.0 channel on core I =   2.0 from L=    9,  Acc. loss =  0.0 D.
 Elastic phase shift   4 =   46.301  41.531 deg. for the L =    9, J =    9.0 channel.
       9.0 -0.01065263  0.23439786i: elastic S-matrix  @@      0.00  0   0 F  0
 Reaction Xsec     9.0+/ 9 @ 4 =   6.184 , Out:   0.000#   7.281/   0.015    6.162f

   S-matrix    5 =   -0.11128   0.17882 for L=    9, J=   10.0 channel on core I =   2.0 from L=    9,  Acc. loss =  0.0 D.
 Elastic phase shift   5 =   60.946  44.625 deg. for the L =    9, J =   10.0 channel.
       9.0 -0.11127579  0.17882439i: elastic S-matrix  @@      0.00  0   0 F  0
 Reaction Xsec     9.0+/ 9 @ 5 =   6.254 , Out:   0.000#   1.191/   3.027/   6.250f

   S-matrix    6 =    0.55042   0.21322 for L=   11, J=   10.0 channel on core I =   2.0 from L=   11,  Acc. loss =  0.0 D.
 Elastic phase shift   6 =   10.588  15.102 deg. for the L =   11, J =   10.0 channel.
       9.0  0.55041984  0.21321756i: elastic S-matrix  @@      0.00  0   0 F  0
 Reaction Xsec     9.0+/11 @ 6 =   4.264 , Out:   0.000#   0.580/   0.026    4.237f

   S-matrix    7 =    0.48431   0.28995 for L=   11, J=   11.0 channel on core I =   2.0 from L=   11,  Acc. loss =  0.0 D.
 Elastic phase shift   7 =   15.454  16.383 deg. for the L =   11, J =   11.0 channel.
       9.0  0.48430643  0.28995340i: elastic S-matrix  @@      0.00  0   0 F  0
 Reaction Xsec     9.0+/11 @ 7 =   4.459 , Out:   0.000#   1.696/   0.011    4.446f


 Total SPIN, PARITY =     9.0 -,     16 chs,      0 cc.  Rmin & Coul turning =    0.7    3.9
   S-matrix    1 =    0.04264  -0.24073 for L=    6, J=    7.0 channel on core I =   2.0 from L=    6,  Acc. loss =  0.0 D.
 Elastic phase shift   1 =  -39.978  40.355 deg. for the L =    6, J =    7.0 channel.
       9.0  0.04263957 -0.24072578i: elastic S-matrix  @@      0.00  0   0 F  0
 Reaction Xsec     9.0-/ 6 @ 1 =   6.153 , Out:   0.000#   0.000#   0.018    6.136f

   S-matrix    2 =   -0.11626   0.16138 for L=    8, J=    7.0 channel on core I =   2.0 from L=    8,  Acc. loss =  0.0 D.
 Elastic phase shift   2 =   62.885  46.265 deg. for the L =    8, J =    7.0 channel.
       9.0 -0.11626282  0.16137865i: elastic S-matrix  @@      0.00  0   0 F  0
 Reaction Xsec     9.0-/ 8 @ 2 =   6.285 , Out:   0.000#   0.049    0.012    6.225f

   S-matrix    3 =   -0.18023   0.08505 for L=    8, J=    8.0 channel on core I =   2.0 from L=    8,  Acc. loss =  0.0 D.
 Elastic phase shift   3 =   77.369  46.208 deg. for the L =    8, J =    8.0 channel.
       9.0 -0.18023318  0.08505346i: elastic S-matrix  @@      0.00  0   0 F  0
 Reaction Xsec     9.0-/ 8 @ 3 =   6.284 , Out:   0.000#   0.018    0.016    6.251f

   S-matrix    4 =   -0.20272  -0.02747 for L=    8, J=    9.0 channel on core I =   2.0 from L=    8,  Acc. loss =  0.0 D.
 Elastic phase shift   4 =  -86.141  45.460 deg. for the L =    8, J =    9.0 channel.
       9.0 -0.20271511 -0.02747335i: elastic S-matrix  @@      0.00  0   0 F  0
 Reaction Xsec     9.0-/ 8 @ 4 =   6.270 , Out:   0.000#   0.012    3.028/   6.255f

   S-matrix    5 =    0.33241   0.25260 for L=   10, J=    9.0 channel on core I =   2.0 from L=   10,  Acc. loss =  0.0 D.
 Elastic phase shift   5 =   18.616  25.023 deg. for the L =   10, J =    9.0 channel.
       9.0  0.33241330  0.25260036i: elastic S-matrix  @@      0.00  0   0 F  0
 Reaction Xsec     9.0-/10 @ 5 =   5.404 , Out:   0.000#   0.447/   0.035    5.368f

   S-matrix    6 =    0.23738   0.30128 for L=   10, J=   10.0 channel on core I =   2.0 from L=   10,  Acc. loss =  0.0 D.
 Elastic phase shift   6 =   25.883  27.452 deg. for the L =   10, J =   10.0 channel.
       9.0  0.23737804  0.30127679i: elastic S-matrix  @@      0.00  0   0 F  0
 Reaction Xsec     9.0-/10 @ 6 =   5.582 , Out:   0.000#   0.609/   0.015    5.566f

   S-matrix    7 =    0.11981   0.32220 for L=   10, J=   11.0 channel on core I =   2.0 from L=   10,  Acc. loss =  0.0 D.
 Elastic phase shift   7 =   34.801  30.591 deg. for the L =   10, J =   11.0 channel.
       9.0  0.11981136  0.32220177i: elastic S-matrix  @@      0.00  0   0 F  0
 Reaction Xsec     9.0-/10 @ 7 =   5.771 , Out:   0.000#   2.384/   0.019    5.750f

   S-matrix    8 =    0.71709   0.15544 for L=   12, J=   11.0 channel on core I =   2.0 from L=   12,  Acc. loss =  0.0 D.
 Elastic phase shift   8 =    6.115   8.869 deg. for the L =   12, J =   11.0 channel.
       9.0  0.71709291  0.15544338i: elastic S-matrix  @@      0.00  0   0 F  0
 Reaction Xsec     9.0-/12 @ 8 =   3.021 , Out:   0.000#   0.000#   0.476/   3.021f


 Total SPIN, PARITY =    10.0 +,     16 chs,      0 cc.  Rmin & Coul turning =    0.8    4.3
   S-matrix    1 =   -0.12399  -0.19415 for L=    7, J=    8.0 channel on core I =   2.0 from L=    7,  Acc. loss =  0.0 D.
 Elastic phase shift   1 =  -61.282  42.058 deg. for the L =    7, J =    8.0 channel.
      10.0 -0.12399238 -0.19414896i: elastic S-matrix  @@      0.00  0   0 F  0
 Reaction Xsec    10.0+/ 7 @ 1 =   6.849 , Out:   0.000#   0.000#   0.016    6.833f

   S-matrix    2 =    0.09170   0.24412 for L=    9, J=    8.0 channel on core I =   2.0 from L=    9,  Acc. loss =  0.0 D.
 Elastic phase shift   2 =   34.706  38.506 deg. for the L =    9, J =    8.0 channel.
      10.0  0.09169676  0.24411919i: elastic S-matrix  @@      0.00  0   0 F  0
 Reaction Xsec    10.0+/ 9 @ 2 =   6.741 , Out:   0.000#   0.064    0.014    6.663f

   S-matrix    3 =   -0.01065   0.23440 for L=    9, J=    9.0 channel on core I =   2.0 from L=    9,  Acc. loss =  0.0 D.
 Elastic phase shift   3 =   46.301  41.531 deg. for the L =    9, J =    9.0 channel.
      10.0 -0.01065263  0.23439786i: elastic S-matrix  @@      0.00  0   0 F  0
 Reaction Xsec    10.0+/ 9 @ 3 =   6.835 , Out:   0.000#   0.021    0.018    6.796f

   S-matrix    4 =   -0.11128   0.17882 for L=    9, J=   10.0 channel on core I =   2.0 from L=    9,  Acc. loss =  0.0 D.
 Elastic phase shift   4 =   60.946  44.625 deg. for the L =    9, J =   10.0 channel.
      10.0 -0.11127579  0.17882439i: elastic S-matrix  @@      0.00  0   0 F  0
 Reaction Xsec    10.0+/ 9 @ 4 =   6.912 , Out:   0.000#   0.013    2.021/   6.897f

   S-matrix    5 =    0.55042   0.21322 for L=   11, J=   10.0 channel on core I =   2.0 from L=   11,  Acc. loss =  0.0 D.
 Elastic phase shift   5 =   10.588  15.102 deg. for the L =   11, J =   10.0 channel.
      10.0  0.55041984  0.21321756i: elastic S-matrix  @@      0.00  0   0 F  0
 Reaction Xsec    10.0+/11 @ 5 =   4.713 , Out:   0.000#   0.497/   0.040    4.673f

   S-matrix    6 =    0.48431   0.28995 for L=   11, J=   11.0 channel on core I =   2.0 from L=   11,  Acc. loss =  0.0 D.
 Elastic phase shift   6 =   15.454  16.383 deg. for the L =   11, J =   11.0 channel.
      10.0  0.48430643  0.28995340i: elastic S-matrix  @@      0.00  0   0 F  0
 Reaction Xsec    10.0+/11 @ 6 =   4.929 , Out:   0.000#   0.809/   0.017    4.911f

   S-matrix    7 =    0.39369   0.35928 for L=   11, J=   12.0 channel on core I =   2.0 from L=   11,  Acc. loss =  0.0 D.
 Elastic phase shift   7 =   21.192  18.027 deg. for the L =   11, J =   12.0 channel.
      10.0  0.39368859  0.35928265i: elastic S-matrix  @@      0.00  0   0 F  0
 Reaction Xsec    10.0+/11 @ 7 =   5.178 , Out:   0.000#   3.997/   0.021    5.153f

   S-matrix    8 =    0.82975   0.10136 for L=   13, J=   12.0 channel on core I =   2.0 from L=   13,  Acc. loss =  0.0 D.
 Elastic phase shift   8 =    3.482   5.134 deg. for the L =   13, J =   12.0 channel.
      10.0  0.82974856  0.10135751i: elastic S-matrix  @@      0.00  0   0 F  0
 Reaction Xsec    10.0+/13 @ 8 =   2.179 , Out:   0.000#   0.000#   0.585/   2.178f


 Total SPIN, PARITY =    10.0 -,     15 chs,      0 cc.  Rmin & Coul turning =    0.8    4.3
   S-matrix    1 =   -0.18023   0.08505 for L=    8, J=    8.0 channel on core I =   2.0 from L=    8,  Acc. loss =  0.0 D.
 Elastic phase shift   1 =   77.369  46.208 deg. for the L =    8, J =    8.0 channel.
      10.0 -0.18023318  0.08505346i: elastic S-matrix  @@      0.00  0   0 F  0
 Reaction Xsec    10.0-/ 8 @ 1 =   6.946 , Out:   0.000#   0.030    0.014    6.902f

   S-matrix    2 =   -0.20272  -0.02747 for L=    8, J=    9.0 channel on core I =   2.0 from L=    8,  Acc. loss =  0.0 D.
 Elastic phase shift   2 =  -86.141  45.460 deg. for the L =    8, J =    9.0 channel.
      10.0 -0.20271511 -0.02747335i: elastic S-matrix  @@      0.00  0   0 F  0
 Reaction Xsec    10.0-/ 8 @ 2 =   6.931 , Out:   0.000#   0.023    9.646/   6.898f

   S-matrix    3 =    0.33241   0.25260 for L=   10, J=    9.0 channel on core I =   2.0 from L=   10,  Acc. loss =  0.0 D.
 Elastic phase shift   3 =   18.616  25.023 deg. for the L =   10, J =    9.0 channel.
      10.0  0.33241330  0.25260036i: elastic S-matrix  @@      0.00  0   0 F  0
 Reaction Xsec    10.0-/10 @ 3 =   5.972 , Out:   0.000#   0.018    0.034    5.921f

   S-matrix    4 =    0.23738   0.30128 for L=   10, J=   10.0 channel on core I =   2.0 from L=   10,  Acc. loss =  0.0 D.
 Elastic phase shift   4 =   25.883  27.452 deg. for the L =   10, J =   10.0 channel.
      10.0  0.23737804  0.30127679i: elastic S-matrix  @@      0.00  0   0 F  0
 Reaction Xsec    10.0-/10 @ 4 =   6.169 , Out:   0.000#   9.919/   0.020    6.139f

   S-matrix    5 =    0.11981   0.32220 for L=   10, J=   11.0 channel on core I =   2.0 from L=   10,  Acc. loss =  0.0 D.
 Elastic phase shift   5 =   34.801  30.591 deg. for the L =   10, J =   11.0 channel.
      10.0  0.11981136  0.32220177i: elastic S-matrix  @@      0.00  0   0 F  0
 Reaction Xsec    10.0-/10 @ 5 =   6.378 , Out:   0.000#   0.967/   3.450/   6.374f

   S-matrix    6 =    0.71709   0.15544 for L=   12, J=   11.0 channel on core I =   2.0 from L=   12,  Acc. loss =  0.0 D.
 Elastic phase shift   6 =    6.115   8.869 deg. for the L =   12, J =   11.0 channel.
      10.0  0.71709291  0.15544338i: elastic S-matrix  @@      0.00  0   0 F  0
 Reaction Xsec    10.0-/12 @ 6 =   3.339 , Out:   0.000#   0.951/   0.023    3.315f

   S-matrix    7 =    0.67943   0.23332 for L=   12, J=   12.0 channel on core I =   2.0 from L=   12,  Acc. loss =  0.0 D.
 Elastic phase shift   7 =    9.476   9.475 deg. for the L =   12, J =   12.0 channel.
      10.0  0.67943484  0.23332464i: elastic S-matrix  @@      0.00  0   0 F  0
 Reaction Xsec    10.0-/12 @ 7 =   3.500 , Out:   0.000#   2.832/   9.777/   3.488f


 Total SPIN, PARITY =    11.0 +,     15 chs,      0 cc.  Rmin & Coul turning =    0.9    4.7
   S-matrix    1 =   -0.01065   0.23440 for L=    9, J=    9.0 channel on core I =   2.0 from L=    9,  Acc. loss =  0.0 D.
 Elastic phase shift   1 =   46.301  41.531 deg. for the L =    9, J =    9.0 channel.
      11.0 -0.01065263  0.23439786i: elastic S-matrix  @@      0.00  0   0 F  0
 Reaction Xsec    11.0+/ 9 @ 1 =   7.486 , Out:   0.000#   0.036    0.016    7.435f

   S-matrix    2 =   -0.11128   0.17882 for L=    9, J=   10.0 channel on core I =   2.0 from L=    9,  Acc. loss =  0.0 D.
 Elastic phase shift   2 =   60.946  44.625 deg. for the L =    9, J =   10.0 channel.
      11.0 -0.11127579  0.17882439i: elastic S-matrix  @@      0.00  0   0 F  0
 Reaction Xsec    11.0+/ 9 @ 2 =   7.571 , Out:   0.000#   0.025    9.043/   7.537f

   S-matrix    3 =    0.55042   0.21322 for L=   11, J=   10.0 channel on core I =   2.0 from L=   11,  Acc. loss =  0.0 D.
 Elastic phase shift   3 =   10.588  15.102 deg. for the L =   11, J =   10.0 channel.
      11.0  0.55041984  0.21321756i: elastic S-matrix  @@      0.00  0   0 F  0
 Reaction Xsec    11.0+/11 @ 3 =   5.162 , Out:   0.000#   0.021    0.037    5.104f

   S-matrix    4 =    0.48431   0.28995 for L=   11, J=   11.0 channel on core I =   2.0 from L=   11,  Acc. loss =  0.0 D.
 Elastic phase shift   4 =   15.454  16.383 deg. for the L =   11, J =   11.0 channel.
      11.0  0.48430643  0.28995340i: elastic S-matrix  @@      0.00  0   0 F  0
 Reaction Xsec    11.0+/11 @ 4 =   5.398 , Out:   0.000#   0.011    0.023    5.364f

   S-matrix    5 =    0.39369   0.35928 for L=   11, J=   12.0 channel on core I =   2.0 from L=   11,  Acc. loss =  0.0 D.
 Elastic phase shift   5 =   21.192  18.027 deg. for the L =   11, J =   12.0 channel.
      11.0  0.39368859  0.35928265i: elastic S-matrix  @@      0.00  0   0 F  0
 Reaction Xsec    11.0+/11 @ 5 =   5.672 , Out:   0.000#   1.444/   4.184/   5.666f

   S-matrix    6 =    0.82975   0.10136 for L=   13, J=   12.0 channel on core I =   2.0 from L=   13,  Acc. loss =  0.0 D.
 Elastic phase shift   6 =    3.482   5.134 deg. for the L =   13, J =   12.0 channel.
      11.0  0.82974856  0.10135751i: elastic S-matrix  @@      0.00  0   0 F  0
 Reaction Xsec    11.0+/13 @ 6 =   2.386 , Out:   0.000#   1.183/   0.017    2.368f

   S-matrix    7 =    0.81104   0.16688 for L=   13, J=   13.0 channel on core I =   2.0 from L=   13,  Acc. loss =  0.0 D.
 Elastic phase shift   7 =    5.813   5.406 deg. for the L =   13, J =   13.0 channel.
      11.0  0.81104010  0.16688067i: elastic S-matrix  @@      0.00  0   0 F  0
 Reaction Xsec    11.0+/13 @ 7 =   2.490 , Out:   0.000#   3.372/   7.034/   2.480f


 Total SPIN, PARITY =    11.0 -,     16 chs,      0 cc.  Rmin & Coul turning =    0.9    4.7
   S-matrix    1 =   -0.20272  -0.02747 for L=    8, J=    9.0 channel on core I =   2.0 from L=    8,  Acc. loss =  0.0 D.
 Elastic phase shift   1 =  -86.141  45.460 deg. for the L =    8, J =    9.0 channel.
      11.0 -0.20271511 -0.02747335i: elastic S-matrix  @@      0.00  0   0 F  0
 Reaction Xsec    11.0-/ 8 @ 1 =   7.591 , Out:   0.000#   0.000#   0.014    7.577f

   S-matrix    2 =    0.33241   0.25260 for L=   10, J=    9.0 channel on core I =   2.0 from L=   10,  Acc. loss =  0.0 D.
 Elastic phase shift   2 =   18.616  25.023 deg. for the L =   10, J =    9.0 channel.
      11.0  0.33241330  0.25260036i: elastic S-matrix  @@      0.00  0   0 F  0
 Reaction Xsec    11.0-/10 @ 2 =   6.541 , Out:   0.000#   0.092    0.019    6.430f

   S-matrix    3 =    0.23738   0.30128 for L=   10, J=   10.0 channel on core I =   2.0 from L=   10,  Acc. loss =  0.0 D.
 Elastic phase shift   3 =   25.883  27.452 deg. for the L =   10, J =   10.0 channel.
      11.0  0.23737804  0.30127679i: elastic S-matrix  @@      0.00  0   0 F  0
 Reaction Xsec    11.0-/10 @ 3 =   6.757 , Out:   0.000#   0.028    0.024    6.704f

   S-matrix    4 =    0.11981   0.32220 for L=   10, J=   11.0 channel on core I =   2.0 from L=   10,  Acc. loss =  0.0 D.
 Elastic phase shift   4 =   34.801  30.591 deg. for the L =   10, J =   11.0 channel.
      11.0  0.11981136  0.32220177i: elastic S-matrix  @@      0.00  0   0 F  0
 Reaction Xsec    11.0-/10 @ 4 =   6.986 , Out:   0.000#   0.018    2.126/   6.966f

   S-matrix    5 =    0.71709   0.15544 for L=   12, J=   11.0 channel on core I =   2.0 from L=   12,  Acc. loss =  0.0 D.
 Elastic phase shift   5 =    6.115   8.869 deg. for the L =   12, J =   11.0 channel.
      11.0  0.71709291  0.15544338i: elastic S-matrix  @@      0.00  0   0 F  0
 Reaction Xsec    11.0-/12 @ 5 =   3.657 , Out:   0.000#   0.798/   0.034    3.622f

   S-matrix    6 =    0.67943   0.23332 for L=   12, J=   12.0 channel on core I =   2.0 from L=   12,  Acc. loss =  0.0 D.
 Elastic phase shift   6 =    9.476   9.475 deg. for the L =   12, J =   12.0 channel.
      11.0  0.67943484  0.23332464i: elastic S-matrix  @@      0.00  0   0 F  0
 Reaction Xsec    11.0-/12 @ 6 =   3.834 , Out:   0.000#   1.352/   0.015    3.817f

   S-matrix    7 =    0.62523   0.31414 for L=   12, J=   13.0 channel on core I =   2.0 from L=   12,  Acc. loss =  0.0 D.
 Elastic phase shift   7 =   13.339  10.230 deg. for the L =   12, J =   13.0 channel.
      11.0  0.62522557  0.31414493i: elastic S-matrix  @@      0.00  0   0 F  0
 Reaction Xsec    11.0-/12 @ 7 =   4.043 , Out:   0.000#   6.882/   0.018    4.018f

   S-matrix    8 =    0.90011   0.06064 for L=   14, J=   13.0 channel on core I =   2.0 from L=   14,  Acc. loss =  0.0 D.
 Elastic phase shift   8 =    1.927   2.950 deg. for the L =   14, J =   13.0 channel.
      11.0  0.90010796  0.06063987i: elastic S-matrix  @@      0.00  0   0 F  0
 Reaction Xsec    11.0-/14 @ 8 =   1.475 , Out:   0.000#   0.000#   0.525/   1.474f


 Total SPIN, PARITY =    12.0 +,     16 chs,      0 cc.  Rmin & Coul turning =    1.0    5.1
   S-matrix    1 =   -0.11128   0.17882 for L=    9, J=   10.0 channel on core I =   2.0 from L=    9,  Acc. loss =  0.0 D.
 Elastic phase shift   1 =   60.946  44.625 deg. for the L =    9, J =   10.0 channel.
      12.0 -0.11127579  0.17882439i: elastic S-matrix  @@      0.00  0   0 F  0
 Reaction Xsec    12.0+/ 9 @ 1 =   8.229 , Out:   0.000#   0.000#   0.014    8.215f

   S-matrix    2 =    0.55042   0.21322 for L=   11, J=   10.0 channel on core I =   2.0 from L=   11,  Acc. loss =  0.0 D.
 Elastic phase shift   2 =   10.588  15.102 deg. for the L =   11, J =   10.0 channel.
      12.0  0.55041984  0.21321756i: elastic S-matrix  @@      0.00  0   0 F  0
 Reaction Xsec    12.0+/11 @ 2 =   5.611 , Out:   0.000#   0.104    0.021    5.486f

   S-matrix    3 =    0.48431   0.28995 for L=   11, J=   11.0 channel on core I =   2.0 from L=   11,  Acc. loss =  0.0 D.
 Elastic phase shift   3 =   15.454  16.383 deg. for the L =   11, J =   11.0 channel.
      12.0  0.48430643  0.28995340i: elastic S-matrix  @@      0.00  0   0 F  0
 Reaction Xsec    12.0+/11 @ 3 =   5.867 , Out:   0.000#   0.032    0.027    5.808f

   S-matrix    4 =    0.39369   0.35928 for L=   11, J=   12.0 channel on core I =   2.0 from L=   11,  Acc. loss =  0.0 D.
 Elastic phase shift   4 =   21.192  18.027 deg. for the L =   11, J =   12.0 channel.
      12.0  0.39368859  0.35928265i: elastic S-matrix  @@      0.00  0   0 F  0
 Reaction Xsec    12.0+/11 @ 4 =   6.165 , Out:   0.000#   0.021    3.352/   6.141f

   S-matrix    5 =    0.82975   0.10136 for L=   13, J=   12.0 channel on core I =   2.0 from L=   13,  Acc. loss =  0.0 D.
 Elastic phase shift   5 =    3.482   5.134 deg. for the L =   13, J =   12.0 channel.
      12.0  0.82974856  0.10135751i: elastic S-matrix  @@      0.00  0   0 F  0
 Reaction Xsec    12.0+/13 @ 5 =   2.594 , Out:   0.000#   0.973/   0.024    2.569f

   S-matrix    6 =    0.81104   0.16688 for L=   13, J=   13.0 channel on core I =   2.0 from L=   13,  Acc. loss =  0.0 D.
 Elastic phase shift   6 =    5.813   5.406 deg. for the L =   13, J =   13.0 channel.
      12.0  0.81104010  0.16688067i: elastic S-matrix  @@      0.00  0   0 F  0
 Reaction Xsec    12.0+/13 @ 6 =   2.707 , Out:   0.000#   1.611/   0.011    2.694f

   S-matrix    7 =    0.78338   0.23767 for L=   13, J=   14.0 channel on core I =   2.0 from L=   13,  Acc. loss =  0.0 D.
 Elastic phase shift   7 =    8.439   5.733 deg. for the L =   13, J =   14.0 channel.
      12.0  0.78337928  0.23766726i: elastic S-matrix  @@      0.00  0   0 F  0
 Reaction Xsec    12.0+/13 @ 7 =   2.840 , Out:   0.000#   7.949/   0.013    2.819f

   S-matrix    8 =    0.94215   0.03376 for L=   15, J=   14.0 channel on core I =   2.0 from L=   15,  Acc. loss =  0.0 D.
 Elastic phase shift   8 =    1.026   1.689 deg. for the L =   15, J =   14.0 channel.
      12.0  0.94215368  0.03375524i: elastic S-matrix  @@      0.00  0   0 F  0
 Reaction Xsec    12.0+/15 @ 8 =   0.958 , Out:   0.000#   0.000#   0.381/   0.957f


 Total SPIN, PARITY =    12.0 -,     15 chs,      0 cc.  Rmin & Coul turning =    1.0    5.1
   S-matrix    1 =    0.23738   0.30128 for L=   10, J=   10.0 channel on core I =   2.0 from L=   10,  Acc. loss =  0.0 D.
 Elastic phase shift   1 =   25.883  27.452 deg. for the L =   10, J =   10.0 channel.
      12.0  0.23737804  0.30127679i: elastic S-matrix  @@      0.00  0   0 F  0
 Reaction Xsec    12.0-/10 @ 1 =   7.344 , Out:   0.000#   0.050    0.021    7.274f

   S-matrix    2 =    0.11981   0.32220 for L=   10, J=   11.0 channel on core I =   2.0 from L=   10,  Acc. loss =  0.0 D.
 Elastic phase shift   2 =   34.801  30.591 deg. for the L =   10, J =   11.0 channel.
      12.0  0.11981136  0.32220177i: elastic S-matrix  @@      0.00  0   0 F  0
 Reaction Xsec    12.0-/10 @ 2 =   7.593 , Out:   0.000#   0.034    0.012    7.548f

   S-matrix    3 =    0.71709   0.15544 for L=   12, J=   11.0 channel on core I =   2.0 from L=   12,  Acc. loss =  0.0 D.
 Elastic phase shift   3 =    6.115   8.869 deg. for the L =   12, J =   11.0 channel.
      12.0  0.71709291  0.15544338i: elastic S-matrix  @@      0.00  0   0 F  0
 Reaction Xsec    12.0-/12 @ 3 =   3.975 , Out:   0.000#   0.018    0.031    3.925f

   S-matrix    4 =    0.67943   0.23332 for L=   12, J=   12.0 channel on core I =   2.0 from L=   12,  Acc. loss =  0.0 D.
 Elastic phase shift   4 =    9.476   9.475 deg. for the L =   12, J =   12.0 channel.
      12.0  0.67943484  0.23332464i: elastic S-matrix  @@      0.00  0   0 F  0
 Reaction Xsec    12.0-/12 @ 4 =   4.167 , Out:   0.000#   9.792/   0.021    4.136f

   S-matrix    5 =    0.62523   0.31414 for L=   12, J=   13.0 channel on core I =   2.0 from L=   12,  Acc. loss =  0.0 D.
 Elastic phase shift   5 =   13.339  10.230 deg. for the L =   12, J =   13.0 channel.
      12.0  0.62522557  0.31414493i: elastic S-matrix  @@      0.00  0   0 F  0
 Reaction Xsec    12.0-/12 @ 5 =   4.395 , Out:   0.000#   2.249/   4.547/   4.388f

   S-matrix    6 =    0.90011   0.06064 for L=   14, J=   13.0 channel on core I =   2.0 from L=   14,  Acc. loss =  0.0 D.
 Elastic phase shift   6 =    1.927   2.950 deg. for the L =   14, J =   13.0 channel.
      12.0  0.90010796  0.06063987i: elastic S-matrix  @@      0.00  0   0 F  0
 Reaction Xsec    12.0-/14 @ 6 =   1.603 , Out:   0.000#   1.079/   0.011    1.591f

   S-matrix    7 =    0.89159   0.11084 for L=   14, J=   14.0 channel on core I =   2.0 from L=   14,  Acc. loss =  0.0 D.
 Elastic phase shift   7 =    3.543   3.068 deg. for the L =   14, J =   14.0 channel.
      12.0  0.89159064  0.11084308i: elastic S-matrix  @@      0.00  0   0 F  0
 Reaction Xsec    12.0-/14 @ 7 =   1.660 , Out:   0.000#   2.942/   4.422/   1.653f


 Total SPIN, PARITY =    13.0 +,     15 chs,      0 cc.  Rmin & Coul turning =    1.0    5.5
   S-matrix    1 =    0.48431   0.28995 for L=   11, J=   11.0 channel on core I =   2.0 from L=   11,  Acc. loss =  0.0 D.
 Elastic phase shift   1 =   15.454  16.383 deg. for the L =   11, J =   11.0 channel.
      13.0  0.48430643  0.28995340i: elastic S-matrix  @@      0.00  0   0 F  0
 Reaction Xsec    13.0+/11 @ 1 =   6.337 , Out:   0.000#   0.057    0.022    6.258f

   S-matrix    2 =    0.39369   0.35928 for L=   11, J=   12.0 channel on core I =   2.0 from L=   11,  Acc. loss =  0.0 D.
 Elastic phase shift   2 =   21.192  18.027 deg. for the L =   11, J =   12.0 channel.
      13.0  0.39368859  0.35928265i: elastic S-matrix  @@      0.00  0   0 F  0
 Reaction Xsec    13.0+/11 @ 2 =   6.658 , Out:   0.000#   0.038    0.014    6.606f

   S-matrix    3 =    0.82975   0.10136 for L=   13, J=   12.0 channel on core I =   2.0 from L=   13,  Acc. loss =  0.0 D.
 Elastic phase shift   3 =    3.482   5.134 deg. for the L =   13, J =   12.0 channel.
      13.0  0.82974856  0.10135751i: elastic S-matrix  @@      0.00  0   0 F  0
 Reaction Xsec    13.0+/13 @ 3 =   2.802 , Out:   0.000#   0.013    0.022    2.766f

   S-matrix    4 =    0.81104   0.16688 for L=   13, J=   13.0 channel on core I =   2.0 from L=   13,  Acc. loss =  0.0 D.
 Elastic phase shift   4 =    5.813   5.406 deg. for the L =   13, J =   13.0 channel.
      13.0  0.81104010  0.16688067i: elastic S-matrix  @@      0.00  0   0 F  0
 Reaction Xsec    13.0+/13 @ 4 =   2.924 , Out:   0.000#   7.095/   0.015    2.901f

   S-matrix    5 =    0.78338   0.23767 for L=   13, J=   14.0 channel on core I =   2.0 from L=   13,  Acc. loss =  0.0 D.
 Elastic phase shift   5 =    8.439   5.733 deg. for the L =   13, J =   14.0 channel.
      13.0  0.78337928  0.23766726i: elastic S-matrix  @@      0.00  0   0 F  0
 Reaction Xsec    13.0+/13 @ 5 =   3.067 , Out:   0.000#   2.479/   4.039/   3.061f

   S-matrix    6 =    0.94215   0.03376 for L=   15, J=   14.0 channel on core I =   2.0 from L=   15,  Acc. loss =  0.0 D.
 Elastic phase shift   6 =    1.026   1.689 deg. for the L =   15, J =   14.0 channel.
      13.0  0.94215368  0.03375524i: elastic S-matrix  @@      0.00  0   0 F  0
 Reaction Xsec    13.0+/15 @ 6 =   1.034 , Out:   0.000#   0.792/   6.337/   1.027f

   S-matrix    7 =    0.93848   0.07043 for L=   15, J=   15.0 channel on core I =   2.0 from L=   15,  Acc. loss =  0.0 D.
 Elastic phase shift   7 =    2.146   1.739 deg. for the L =   15, J =   15.0 channel.
      13.0  0.93847989  0.07043418i: elastic S-matrix  @@      0.00  0   0 F  0
 Reaction Xsec    13.0+/15 @ 7 =   1.063 , Out:   0.000#   2.080/   2.540/   1.058f


 Total SPIN, PARITY =    13.0 -,     16 chs,      0 cc.  Rmin & Coul turning =    1.0    5.5
   S-matrix    1 =    0.11981   0.32220 for L=   10, J=   11.0 channel on core I =   2.0 from L=   10,  Acc. loss =  0.0 D.
 Elastic phase shift   1 =   34.801  30.591 deg. for the L =   10, J =   11.0 channel.
      13.0  0.11981136  0.32220177i: elastic S-matrix  @@      0.00  0   0 F  0
 Reaction Xsec    13.0-/10 @ 1 =   8.201 , Out:   0.000#   0.000#   0.019    8.182f

   S-matrix    2 =    0.71709   0.15544 for L=   12, J=   11.0 channel on core I =   2.0 from L=   12,  Acc. loss =  0.0 D.
 Elastic phase shift   2 =    6.115   8.869 deg. for the L =   12, J =   11.0 channel.
      13.0  0.71709291  0.15544338i: elastic S-matrix  @@      0.00  0   0 F  0
 Reaction Xsec    13.0-/12 @ 2 =   4.293 , Out:   0.000#   0.090    0.018    4.185f

   S-matrix    3 =    0.67943   0.23332 for L=   12, J=   12.0 channel on core I =   2.0 from L=   12,  Acc. loss =  0.0 D.
 Elastic phase shift   3 =    9.476   9.475 deg. for the L =   12, J =   12.0 channel.
      13.0  0.67943484  0.23332464i: elastic S-matrix  @@      0.00  0   0 F  0
 Reaction Xsec    13.0-/12 @ 3 =   4.500 , Out:   0.000#   0.027    0.024    4.449f

   S-matrix    4 =    0.62523   0.31414 for L=   12, J=   13.0 channel on core I =   2.0 from L=   12,  Acc. loss =  0.0 D.
 Elastic phase shift   4 =   13.339  10.230 deg. for the L =   12, J =   13.0 channel.
      13.0  0.62522557  0.31414493i: elastic S-matrix  @@      0.00  0   0 F  0
 Reaction Xsec    13.0-/12 @ 4 =   4.747 , Out:   0.000#   0.018    4.747/   4.724f

   S-matrix    5 =    0.90011   0.06064 for L=   14, J=   13.0 channel on core I =   2.0 from L=   14,  Acc. loss =  0.0 D.
 Elastic phase shift   5 =    1.927   2.950 deg. for the L =   14, J =   13.0 channel.
      13.0  0.90010796  0.06063987i: elastic S-matrix  @@      0.00  0   0 F  0
 Reaction Xsec    13.0-/14 @ 5 =   1.731 , Out:   0.000#   0.873/   0.015    1.715f

   S-matrix    6 =    0.89159   0.11084 for L=   14, J=   14.0 channel on core I =   2.0 from L=   14,  Acc. loss =  0.0 D.
 Elastic phase shift   6 =    3.543   3.068 deg. for the L =   14, J =   14.0 channel.
      13.0  0.89159064  0.11084308i: elastic S-matrix  @@      0.00  0   0 F  0
 Reaction Xsec    13.0-/14 @ 6 =   1.793 , Out:   0.000#   1.407/   7.295/   1.784f

   S-matrix    7 =    0.87871   0.16550 for L=   14, J=   15.0 channel on core I =   2.0 from L=   14,  Acc. loss =  0.0 D.
 Elastic phase shift   7 =    5.333   3.205 deg. for the L =   14, J =   15.0 channel.
      13.0  0.87870965  0.16550103i: elastic S-matrix  @@      0.00  0   0 F  0
 Reaction Xsec    13.0-/14 @ 7 =   1.864 , Out:   0.000#   6.715/   8.119/   1.850f

   S-matrix    8 =    0.96672   0.01747 for L=   16, J=   15.0 channel on core I =   2.0 from L=   16,  Acc. loss =  0.0 D.
 Elastic phase shift   8 =    0.518   0.965 deg. for the L =   16, J =   15.0 channel.
      13.0  0.96672382  0.01746927i: elastic S-matrix  @@      0.00  0   0 F  0
 Reaction Xsec    13.0-/16 @ 8 =   0.606 , Out:   0.000#   0.000#   0.241/   0.606f


 Total SPIN, PARITY =    14.0 +,     16 chs,      0 cc.  Rmin & Coul turning =    1.1    5.9
   S-matrix    1 =    0.39369   0.35928 for L=   11, J=   12.0 channel on core I =   2.0 from L=   11,  Acc. loss =  0.0 D.
 Elastic phase shift   1 =   21.192  18.027 deg. for the L =   11, J =   12.0 channel.
      14.0  0.39368859  0.35928265i: elastic S-matrix  @@      0.00  0   0 F  0
 Reaction Xsec    14.0+/11 @ 1 =   7.151 , Out:   0.000#   0.000#   0.021    7.130f

   S-matrix    2 =    0.82975   0.10136 for L=   13, J=   12.0 channel on core I =   2.0 from L=   13,  Acc. loss =  0.0 D.
 Elastic phase shift   2 =    3.482   5.134 deg. for the L =   13, J =   12.0 channel.
      14.0  0.82974856  0.10135751i: elastic S-matrix  @@      0.00  0   0 F  0
 Reaction Xsec    14.0+/13 @ 2 =   3.009 , Out:   0.000#   0.065    0.013    2.932f

   S-matrix    3 =    0.81104   0.16688 for L=   13, J=   13.0 channel on core I =   2.0 from L=   13,  Acc. loss =  0.0 D.
 Elastic phase shift   3 =    5.813   5.406 deg. for the L =   13, J =   13.0 channel.
      14.0  0.81104010  0.16688067i: elastic S-matrix  @@      0.00  0   0 F  0
 Reaction Xsec    14.0+/13 @ 3 =   3.140 , Out:   0.000#   0.019    0.017    3.104f

   S-matrix    4 =    0.78338   0.23767 for L=   13, J=   14.0 channel on core I =   2.0 from L=   13,  Acc. loss =  0.0 D.
 Elastic phase shift   4 =    8.439   5.733 deg. for the L =   13, J =   14.0 channel.
      14.0  0.78337928  0.23766726i: elastic S-matrix  @@      0.00  0   0 F  0
 Reaction Xsec    14.0+/13 @ 4 =   3.295 , Out:   0.000#   0.013    4.874/   3.277f

   S-matrix    5 =    0.94215   0.03376 for L=   15, J=   14.0 channel on core I =   2.0 from L=   15,  Acc. loss =  0.0 D.
 Elastic phase shift   5 =    1.026   1.689 deg. for the L =   15, J =   14.0 channel.
      14.0  0.94215368  0.03375524i: elastic S-matrix  @@      0.00  0   0 F  0
 Reaction Xsec    14.0+/15 @ 5 =   1.111 , Out:   0.000#   0.632/   8.627/   1.102f

   S-matrix    6 =    0.93848   0.07043 for L=   15, J=   15.0 channel on core I =   2.0 from L=   15,  Acc. loss =  0.0 D.
 Elastic phase shift   6 =    2.146   1.739 deg. for the L =   15, J =   15.0 channel.
      14.0  0.93847989  0.07043418i: elastic S-matrix  @@      0.00  0   0 F  0
 Reaction Xsec    14.0+/15 @ 6 =   1.142 , Out:   0.000#   0.996/   4.277/   1.136f

   S-matrix    7 =    0.93277   0.11023 for L=   15, J=   16.0 channel on core I =   2.0 from L=   15,  Acc. loss =  0.0 D.
 Elastic phase shift   7 =    3.370   1.795 deg. for the L =   15, J =   16.0 channel.
      14.0  0.93276589  0.11023313i: elastic S-matrix  @@      0.00  0   0 F  0
 Reaction Xsec    14.0+/15 @ 7 =   1.177 , Out:   0.000#   4.623/   4.581/   1.167f

   S-matrix    8 =    0.98093   0.00821 for L=   17, J=   16.0 channel on core I =   2.0 from L=   17,  Acc. loss =  0.0 D.
 Elastic phase shift   8 =    0.240   0.551 deg. for the L =   17, J =   16.0 channel.
      14.0  0.98092629  0.00821399i: elastic S-matrix  @@      0.00  0   0 F  0
 Reaction Xsec    14.0+/17 @ 8 =   0.377 , Out:   0.000#   0.000#   0.140/   0.377f


 Total SPIN, PARITY =    14.0 -,     15 chs,      0 cc.  Rmin & Coul turning =    1.1    5.9
   S-matrix    1 =    0.67943   0.23332 for L=   12, J=   12.0 channel on core I =   2.0 from L=   12,  Acc. loss =  0.0 D.
 Elastic phase shift   1 =    9.476   9.475 deg. for the L =   12, J =   12.0 channel.
      14.0  0.67943484  0.23332464i: elastic S-matrix  @@      0.00  0   0 F  0
 Reaction Xsec    14.0-/12 @ 1 =   4.834 , Out:   0.000#   0.049    0.019    4.766f

   S-matrix    2 =    0.62523   0.31414 for L=   12, J=   13.0 channel on core I =   2.0 from L=   12,  Acc. loss =  0.0 D.
 Elastic phase shift   2 =   13.339  10.230 deg. for the L =   12, J =   13.0 channel.
      14.0  0.62522557  0.31414493i: elastic S-matrix  @@      0.00  0   0 F  0
 Reaction Xsec    14.0-/12 @ 2 =   5.098 , Out:   0.000#   0.033    0.014    5.052f

   S-matrix    3 =    0.90011   0.06064 for L=   14, J=   13.0 channel on core I =   2.0 from L=   14,  Acc. loss =  0.0 D.
 Elastic phase shift   3 =    1.927   2.950 deg. for the L =   14, J =   13.0 channel.
      14.0  0.90010796  0.06063987i: elastic S-matrix  @@      0.00  0   0 F  0
 Reaction Xsec    14.0-/14 @ 3 =   1.859 , Out:   0.000#   8.463/   0.013    1.837f

   S-matrix    4 =    0.89159   0.11084 for L=   14, J=   14.0 channel on core I =   2.0 from L=   14,  Acc. loss =  0.0 D.
 Elastic phase shift   4 =    3.543   3.068 deg. for the L =   14, J =   14.0 channel.
      14.0  0.89159064  0.11084308i: elastic S-matrix  @@      0.00  0   0 F  0
 Reaction Xsec    14.0-/14 @ 4 =   1.926 , Out:   0.000#   4.482/   9.881/   1.911f

   S-matrix    5 =    0.87871   0.16550 for L=   14, J=   15.0 channel on core I =   2.0 from L=   14,  Acc. loss =  0.0 D.
 Elastic phase shift   5 =    5.333   3.205 deg. for the L =   14, J =   15.0 channel.
      14.0  0.87870965  0.16550103i: elastic S-matrix  @@      0.00  0   0 F  0
 Reaction Xsec    14.0-/14 @ 5 =   2.003 , Out:   0.000#   2.040/   2.960/   1.998f

   S-matrix    6 =    0.96672   0.01747 for L=   16, J=   15.0 channel on core I =   2.0 from L=   16,  Acc. loss =  0.0 D.
 Elastic phase shift   6 =    0.518   0.965 deg. for the L =   16, J =   15.0 channel.
      14.0  0.96672382  0.01746927i: elastic S-matrix  @@      0.00  0   0 F  0
 Reaction Xsec    14.0-/16 @ 6 =   0.651 , Out:   0.000#   0.506/   3.478/   0.647f

   S-matrix    7 =    0.96519   0.04361 for L=   16, J=   16.0 channel on core I =   2.0 from L=   16,  Acc. loss =  0.0 D.
 Elastic phase shift   7 =    1.294   0.986 deg. for the L =   16, J =   16.0 channel.
      14.0  0.96519285  0.04361382i: elastic S-matrix  @@      0.00  0   0 F  0
 Reaction Xsec    14.0-/16 @ 7 =   0.664 , Out:   0.000#   1.290/   1.377/   0.662f


 Total SPIN, PARITY =    15.0 +,     15 chs,      0 cc.  Rmin & Coul turning =    1.2    6.4
   S-matrix    1 =    0.81104   0.16688 for L=   13, J=   13.0 channel on core I =   2.0 from L=   13,  Acc. loss =  0.0 D.
 Elastic phase shift   1 =    5.813   5.406 deg. for the L =   13, J =   13.0 channel.
      15.0  0.81104010  0.16688067i: elastic S-matrix  @@      0.00  0   0 F  0
 Reaction Xsec    15.0+/13 @ 1 =   3.357 , Out:   0.000#   0.035    0.013    3.309f

   S-matrix    2 =    0.78338   0.23767 for L=   13, J=   14.0 channel on core I =   2.0 from L=   13,  Acc. loss =  0.0 D.
 Elastic phase shift   2 =    8.439   5.733 deg. for the L =   13, J =   14.0 channel.
      15.0  0.78337928  0.23766726i: elastic S-matrix  @@      0.00  0   0 F  0
 Reaction Xsec    15.0+/13 @ 2 =   3.522 , Out:   0.000#   0.023    0.011    3.488f

   S-matrix    3 =    0.94215   0.03376 for L=   15, J=   14.0 channel on core I =   2.0 from L=   15,  Acc. loss =  0.0 D.
 Elastic phase shift   3 =    1.026   1.689 deg. for the L =   15, J =   14.0 channel.
      15.0  0.94215368  0.03375524i: elastic S-matrix  @@      0.00  0   0 F  0
 Reaction Xsec    15.0+/15 @ 3 =   1.187 , Out:   0.000#   4.899/   7.495/   1.175f

   S-matrix    4 =    0.93848   0.07043 for L=   15, J=   15.0 channel on core I =   2.0 from L=   15,  Acc. loss =  0.0 D.
 Elastic phase shift   4 =    2.146   1.739 deg. for the L =   15, J =   15.0 channel.
      15.0  0.93847989  0.07043418i: elastic S-matrix  @@      0.00  0   0 F  0
 Reaction Xsec    15.0+/15 @ 4 =   1.220 , Out:   0.000#   2.586/   5.754/   1.212f

   S-matrix    5 =    0.93277   0.11023 for L=   15, J=   16.0 channel on core I =   2.0 from L=   15,  Acc. loss =  0.0 D.
 Elastic phase shift   5 =    3.370   1.795 deg. for the L =   15, J =   16.0 channel.
      15.0  0.93276589  0.11023313i: elastic S-matrix  @@      0.00  0   0 F  0
 Reaction Xsec    15.0+/15 @ 5 =   1.258 , Out:   0.000#   1.380/   1.878/   1.255f

   S-matrix    6 =    0.98093   0.00821 for L=   17, J=   16.0 channel on core I =   2.0 from L=   17,  Acc. loss =  0.0 D.
 Elastic phase shift   6 =    0.240   0.551 deg. for the L =   17, J =   16.0 channel.
      15.0  0.98092629  0.00821399i: elastic S-matrix  @@      0.00  0   0 F  0
 Reaction Xsec    15.0+/17 @ 6 =   0.403 , Out:   0.000#   0.296/   1.840/   0.401f

   S-matrix    7 =    0.98030   0.02660 for L=   17, J=   17.0 channel on core I =   2.0 from L=   17,  Acc. loss =  0.0 D.
 Elastic phase shift   7 =    0.777   0.559 deg. for the L =   17, J =   17.0 channel.
      15.0  0.98030346  0.02660079i: elastic S-matrix  @@      0.00  0   0 F  0
 Reaction Xsec    15.0+/17 @ 7 =   0.409 , Out:   0.000#   0.737/   0.720/   0.407f


 Total SPIN, PARITY =    15.0 -,     16 chs,      0 cc.  Rmin & Coul turning =    1.2    6.4
   S-matrix    1 =    0.62523   0.31414 for L=   12, J=   13.0 channel on core I =   2.0 from L=   12,  Acc. loss =  0.0 D.
 Elastic phase shift   1 =   13.339  10.230 deg. for the L =   12, J =   13.0 channel.
      15.0  0.62522557  0.31414493i: elastic S-matrix  @@      0.00  0   0 F  0
 Reaction Xsec    15.0-/12 @ 1 =   5.450 , Out:   0.000#   0.000#   0.018    5.432f

   S-matrix    2 =    0.90011   0.06064 for L=   14, J=   13.0 channel on core I =   2.0 from L=   14,  Acc. loss =  0.0 D.
 Elastic phase shift   2 =    1.927   2.950 deg. for the L =   14, J =   13.0 channel.
      15.0  0.90010796  0.06063987i: elastic S-matrix  @@      0.00  0   0 F  0
 Reaction Xsec    15.0-/14 @ 2 =   1.987 , Out:   0.000#   0.040    7.843/   1.939f

   S-matrix    3 =    0.89159   0.11084 for L=   14, J=   14.0 channel on core I =   2.0 from L=   14,  Acc. loss =  0.0 D.
 Elastic phase shift   3 =    3.543   3.068 deg. for the L =   14, J =   14.0 channel.
      15.0  0.89159064  0.11084308i: elastic S-matrix  @@      0.00  0   0 F  0
 Reaction Xsec    15.0-/14 @ 3 =   2.058 , Out:   0.000#   0.012    0.011    2.036f

   S-matrix    4 =    0.87871   0.16550 for L=   14, J=   15.0 channel on core I =   2.0 from L=   14,  Acc. loss =  0.0 D.
 Elastic phase shift   4 =    5.333   3.205 deg. for the L =   14, J =   15.0 channel.
      15.0  0.87870965  0.16550103i: elastic S-matrix  @@      0.00  0   0 F  0
 Reaction Xsec    15.0-/14 @ 4 =   2.141 , Out:   0.000#   7.845/   3.843/   2.129f

   S-matrix    5 =    0.96672   0.01747 for L=   16, J=   15.0 channel on core I =   2.0 from L=   16,  Acc. loss =  0.0 D.
 Elastic phase shift   5 =    0.518   0.965 deg. for the L =   16, J =   15.0 channel.
      15.0  0.96672382  0.01746927i: elastic S-matrix  @@      0.00  0   0 F  0
 Reaction Xsec    15.0-/16 @ 5 =   0.696 , Out:   0.000#   0.399/   4.652/   0.690f

   S-matrix    6 =    0.96519   0.04361 for L=   16, J=   16.0 channel on core I =   2.0 from L=   16,  Acc. loss =  0.0 D.
 Elastic phase shift   6 =    1.294   0.986 deg. for the L =   16, J =   16.0 channel.
      15.0  0.96519285  0.04361382i: elastic S-matrix  @@      0.00  0   0 F  0
 Reaction Xsec    15.0-/16 @ 6 =   0.710 , Out:   0.000#   0.618/   2.356/   0.707f

   S-matrix    7 =    0.96272   0.07180 for L=   16, J=   17.0 channel on core I =   2.0 from L=   16,  Acc. loss =  0.0 D.
 Elastic phase shift   7 =    2.133   1.009 deg. for the L =   16, J =   17.0 channel.
      15.0  0.96271960  0.07179896i: elastic S-matrix  @@      0.00  0   0 F  0
 Reaction Xsec    15.0-/16 @ 7 =   0.726 , Out:   0.000#   2.807/   2.446/   0.721f

   S-matrix    8 =    0.98909   0.00325 for L=   18, J=   17.0 channel on core I =   2.0 from L=   18,  Acc. loss =  0.0 D.
 Elastic phase shift   8 =    0.094   0.314 deg. for the L =   18, J =   17.0 channel.
      15.0  0.98909110  0.00324836i: elastic S-matrix  @@      0.00  0   0 F  0
 Reaction Xsec    15.0-/18 @ 8 =   0.232 , Out:   0.000#   0.000#   0.076/   0.232f


 Total SPIN, PARITY =    16.0 +,     16 chs,      0 cc.  Rmin & Coul turning =    1.2    6.8
   S-matrix    1 =    0.78338   0.23767 for L=   13, J=   14.0 channel on core I =   2.0 from L=   13,  Acc. loss =  0.0 D.
 Elastic phase shift   1 =    8.439   5.733 deg. for the L =   13, J =   14.0 channel.
      16.0  0.78337928  0.23766726i: elastic S-matrix  @@      0.00  0   0 F  0
 Reaction Xsec    16.0+/13 @ 1 =   3.749 , Out:   0.000#   0.000#   0.012    3.737f

   S-matrix    2 =    0.94215   0.03376 for L=   15, J=   14.0 channel on core I =   2.0 from L=   15,  Acc. loss =  0.0 D.
 Elastic phase shift   2 =    1.026   1.689 deg. for the L =   15, J =   14.0 channel.
      16.0  0.94215368  0.03375524i: elastic S-matrix  @@      0.00  0   0 F  0
 Reaction Xsec    16.0+/15 @ 2 =   1.264 , Out:   0.000#   0.023    4.484/   1.236f

   S-matrix    3 =    0.93848   0.07043 for L=   15, J=   15.0 channel on core I =   2.0 from L=   15,  Acc. loss =  0.0 D.
 Elastic phase shift   3 =    2.146   1.739 deg. for the L =   15, J =   15.0 channel.
      16.0  0.93847989  0.07043418i: elastic S-matrix  @@      0.00  0   0 F  0
 Reaction Xsec    16.0+/15 @ 3 =   1.299 , Out:   0.000#   6.653/   6.185/   1.286f

   S-matrix    4 =    0.93277   0.11023 for L=   15, J=   16.0 channel on core I =   2.0 from L=   15,  Acc. loss =  0.0 D.
 Elastic phase shift   4 =    3.370   1.795 deg. for the L =   15, J =   16.0 channel.
      16.0  0.93276589  0.11023313i: elastic S-matrix  @@      0.00  0   0 F  0
 Reaction Xsec    16.0+/15 @ 4 =   1.339 , Out:   0.000#   4.393/   2.533/   1.332f

   S-matrix    5 =    0.98093   0.00821 for L=   17, J=   16.0 channel on core I =   2.0 from L=   17,  Acc. loss =  0.0 D.
 Elastic phase shift   5 =    0.240   0.551 deg. for the L =   17, J =   16.0 channel.
      16.0  0.98092629  0.00821399i: elastic S-matrix  @@      0.00  0   0 F  0
 Reaction Xsec    16.0+/17 @ 5 =   0.429 , Out:   0.000#   0.231/   2.426/   0.426f

   S-matrix    6 =    0.98030   0.02660 for L=   17, J=   17.0 channel on core I =   2.0 from L=   17,  Acc. loss =  0.0 D.
 Elastic phase shift   6 =    0.777   0.559 deg. for the L =   17, J =   17.0 channel.
      16.0  0.98030346  0.02660079i: elastic S-matrix  @@      0.00  0   0 F  0
 Reaction Xsec    16.0+/17 @ 6 =   0.435 , Out:   0.000#   0.354/   1.247/   0.434f

   S-matrix    7 =    0.97925   0.04629 for L=   17, J=   18.0 channel on core I =   2.0 from L=   17,  Acc. loss =  0.0 D.
 Elastic phase shift   7 =    1.353   0.569 deg. for the L =   17, J =   18.0 channel.
      16.0  0.97924565  0.04629076i: elastic S-matrix  @@      0.00  0   0 F  0
 Reaction Xsec    16.0+/17 @ 7 =   0.443 , Out:   0.000#   1.578/   1.263/   0.440f

   S-matrix    8 =    0.99377   0.00076 for L=   19, J=   18.0 channel on core I =   2.0 from L=   19,  Acc. loss =  0.0 D.
 Elastic phase shift   8 =    0.022   0.179 deg. for the L =   19, J =   18.0 channel.
      16.0  0.99377062  0.00075541i: elastic S-matrix  @@      0.00  0   0 F  0
 Reaction Xsec    16.0+/19 @ 8 =   0.141 , Out:   0.000#   0.000#   0.040/   0.141f


 Total SPIN, PARITY =    16.0 -,     15 chs,      0 cc.  Rmin & Coul turning =    1.2    6.8
   S-matrix    1 =    0.89159   0.11084 for L=   14, J=   14.0 channel on core I =   2.0 from L=   14,  Acc. loss =  0.0 D.
 Elastic phase shift   1 =    3.543   3.068 deg. for the L =   14, J =   14.0 channel.
      16.0  0.89159064  0.11084308i: elastic S-matrix  @@      0.00  0   0 F  0
 Reaction Xsec    16.0-/14 @ 1 =   2.191 , Out:   0.000#   0.022    7.841/   2.162f

   S-matrix    2 =    0.87871   0.16550 for L=   14, J=   15.0 channel on core I =   2.0 from L=   14,  Acc. loss =  0.0 D.
 Elastic phase shift   2 =    5.333   3.205 deg. for the L =   14, J =   15.0 channel.
      16.0  0.87870965  0.16550103i: elastic S-matrix  @@      0.00  0   0 F  0
 Reaction Xsec    16.0-/14 @ 2 =   2.279 , Out:   0.000#   0.014    7.514/   2.258f

   S-matrix    3 =    0.96672   0.01747 for L=   16, J=   15.0 channel on core I =   2.0 from L=   16,  Acc. loss =  0.0 D.
 Elastic phase shift   3 =    0.518   0.965 deg. for the L =   16, J =   15.0 channel.
      16.0  0.96672382  0.01746927i: elastic S-matrix  @@      0.00  0   0 F  0
 Reaction Xsec    16.0-/16 @ 3 =   0.740 , Out:   0.000#   2.684/   3.993/   0.734f

   S-matrix    4 =    0.96519   0.04361 for L=   16, J=   16.0 channel on core I =   2.0 from L=   16,  Acc. loss =  0.0 D.
 Elastic phase shift   4 =    1.294   0.986 deg. for the L =   16, J =   16.0 channel.
      16.0  0.96519285  0.04361382i: elastic S-matrix  @@      0.00  0   0 F  0
 Reaction Xsec    16.0-/16 @ 4 =   0.756 , Out:   0.000#   1.410/   3.150/   0.751f

   S-matrix    5 =    0.96272   0.07180 for L=   16, J=   17.0 channel on core I =   2.0 from L=   16,  Acc. loss =  0.0 D.
 Elastic phase shift   5 =    2.133   1.009 deg. for the L =   16, J =   17.0 channel.
      16.0  0.96271960  0.07179896i: elastic S-matrix  @@      0.00  0   0 F  0
 Reaction Xsec    16.0-/16 @ 5 =   0.773 , Out:   0.000#   0.827/   1.083/   0.771f

   S-matrix    6 =    0.98909   0.00325 for L=   18, J=   17.0 channel on core I =   2.0 from L=   18,  Acc. loss =  0.0 D.
 Elastic phase shift   6 =    0.094   0.314 deg. for the L =   18, J =   17.0 channel.
      16.0  0.98909110  0.00324836i: elastic S-matrix  @@      0.00  0   0 F  0
 Reaction Xsec    16.0-/18 @ 6 =   0.247 , Out:   0.000#   0.163/   0.949/   0.245f

   S-matrix    7 =    0.98884   0.01608 for L=   18, J=   18.0 channel on core I =   2.0 from L=   18,  Acc. loss =  0.0 D.
 Elastic phase shift   7 =    0.466   0.318 deg. for the L =   18, J =   18.0 channel.
      16.0  0.98884253  0.01607815i: elastic S-matrix  @@      0.00  0   0 F  0
 Reaction Xsec    16.0-/18 @ 7 =   0.249 , Out:   0.000#   0.398/   0.367/   0.249f


 Total SPIN, PARITY =    17.0 +,     15 chs,      0 cc.  Rmin & Coul turning =    1.4    7.2
   S-matrix    1 =    0.93848   0.07043 for L=   15, J=   15.0 channel on core I =   2.0 from L=   15,  Acc. loss =  0.0 D.
 Elastic phase shift   1 =    2.146   1.739 deg. for the L =   15, J =   15.0 channel.
      17.0  0.93847989  0.07043418i: elastic S-matrix  @@      0.00  0   0 F  0
 Reaction Xsec    17.0+/15 @ 1 =   1.378 , Out:   0.000#   0.012    4.364/   1.361f

   S-matrix    2 =    0.93277   0.11023 for L=   15, J=   16.0 channel on core I =   2.0 from L=   15,  Acc. loss =  0.0 D.
 Elastic phase shift   2 =    3.370   1.795 deg. for the L =   15, J =   16.0 channel.
      17.0  0.93276589  0.11023313i: elastic S-matrix  @@      0.00  0   0 F  0
 Reaction Xsec    17.0+/15 @ 2 =   1.420 , Out:   0.000#   7.618/   4.523/   1.408f

   S-matrix    3 =    0.98093   0.00821 for L=   17, J=   16.0 channel on core I =   2.0 from L=   17,  Acc. loss =  0.0 D.
 Elastic phase shift   3 =    0.240   0.551 deg. for the L =   17, J =   16.0 channel.
      17.0  0.98092629  0.00821399i: elastic S-matrix  @@      0.00  0   0 F  0
 Reaction Xsec    17.0+/17 @ 3 =   0.455 , Out:   0.000#   1.421/   2.061/   0.451f

   S-matrix    4 =    0.98030   0.02660 for L=   17, J=   17.0 channel on core I =   2.0 from L=   17,  Acc. loss =  0.0 D.
 Elastic phase shift   4 =    0.777   0.559 deg. for the L =   17, J =   17.0 channel.
      17.0  0.98030346  0.02660079i: elastic S-matrix  @@      0.00  0   0 F  0
 Reaction Xsec    17.0+/17 @ 4 =   0.462 , Out:   0.000#   0.741/   1.657/   0.459f

   S-matrix    5 =    0.97925   0.04629 for L=   17, J=   18.0 channel on core I =   2.0 from L=   17,  Acc. loss =  0.0 D.
 Elastic phase shift   5 =    1.353   0.569 deg. for the L =   17, J =   18.0 channel.
      17.0  0.97924565  0.04629076i: elastic S-matrix  @@      0.00  0   0 F  0
 Reaction Xsec    17.0+/17 @ 5 =   0.469 , Out:   0.000#   0.460/   0.588/   0.468f

   S-matrix    6 =    0.99377   0.00076 for L=   19, J=   18.0 channel on core I =   2.0 from L=   19,  Acc. loss =  0.0 D.
 Elastic phase shift   6 =    0.022   0.179 deg. for the L =   19, J =   18.0 channel.
      17.0  0.99377062  0.00075541i: elastic S-matrix  @@      0.00  0   0 F  0
 Reaction Xsec    17.0+/19 @ 6 =   0.150 , Out:   0.000#   0.086/   0.481/   0.149f

   S-matrix    7 =    0.99367   0.00966 for L=   19, J=   19.0 channel on core I =   2.0 from L=   19,  Acc. loss =  0.0 D.
 Elastic phase shift   7 =    0.279   0.180 deg. for the L =   19, J =   19.0 channel.
      17.0  0.99367316  0.00966324i: elastic S-matrix  @@      0.00  0   0 F  0
 Reaction Xsec    17.0+/19 @ 7 =   0.151 , Out:   0.000#   0.206/   0.184/   0.151f


 Total SPIN, PARITY =    17.0 -,     16 chs,      0 cc.  Rmin & Coul turning =    1.4    7.2
   S-matrix    1 =    0.87871   0.16550 for L=   14, J=   15.0 channel on core I =   2.0 from L=   14,  Acc. loss =  0.0 D.
 Elastic phase shift   1 =    5.333   3.205 deg. for the L =   14, J =   15.0 channel.
      17.0  0.87870965  0.16550103i: elastic S-matrix  @@      0.00  0   0 F  0
 Reaction Xsec    17.0-/14 @ 1 =   2.417 , Out:   0.000#   0.000#   7.096/   2.410f

   S-matrix    2 =    0.96672   0.01747 for L=   16, J=   15.0 channel on core I =   2.0 from L=   16,  Acc. loss =  0.0 D.
 Elastic phase shift   2 =    0.518   0.965 deg. for the L =   16, J =   15.0 channel.
      17.0  0.96672382  0.01746927i: elastic S-matrix  @@      0.00  0   0 F  0
 Reaction Xsec    17.0-/16 @ 2 =   0.785 , Out:   0.000#   0.013    2.422/   0.770f

   S-matrix    3 =    0.96519   0.04361 for L=   16, J=   16.0 channel on core I =   2.0 from L=   16,  Acc. loss =  0.0 D.
 Elastic phase shift   3 =    1.294   0.986 deg. for the L =   16, J =   16.0 channel.
      17.0  0.96519285  0.04361382i: elastic S-matrix  @@      0.00  0   0 F  0
 Reaction Xsec    17.0-/16 @ 3 =   0.802 , Out:   0.000#   3.557/   3.340/   0.795f

   S-matrix    4 =    0.96272   0.07180 for L=   16, J=   17.0 channel on core I =   2.0 from L=   16,  Acc. loss =  0.0 D.
 Elastic phase shift   4 =    2.133   1.009 deg. for the L =   16, J =   17.0 channel.
      17.0  0.96271960  0.07179896i: elastic S-matrix  @@      0.00  0   0 F  0
 Reaction Xsec    17.0-/16 @ 4 =   0.820 , Out:   0.000#   2.337/   1.492/   0.816f

   S-matrix    5 =    0.98909   0.00325 for L=   18, J=   17.0 channel on core I =   2.0 from L=   18,  Acc. loss =  0.0 D.
 Elastic phase shift   5 =    0.094   0.314 deg. for the L =   18, J =   17.0 channel.
      17.0  0.98909110  0.00324836i: elastic S-matrix  @@      0.00  0   0 F  0
 Reaction Xsec    17.0-/18 @ 5 =   0.261 , Out:   0.000#   0.126/   1.237/   0.260f

   S-matrix    6 =    0.98884   0.01608 for L=   18, J=   18.0 channel on core I =   2.0 from L=   18,  Acc. loss =  0.0 D.
 Elastic phase shift   6 =    0.466   0.318 deg. for the L =   18, J =   18.0 channel.
      17.0  0.98884253  0.01607815i: elastic S-matrix  @@      0.00  0   0 F  0
 Reaction Xsec    17.0-/18 @ 6 =   0.264 , Out:   0.000#   0.191/   0.642/   0.264f

   S-matrix    7 =    0.98839   0.02974 for L=   18, J=   19.0 channel on core I =   2.0 from L=   18,  Acc. loss =  0.0 D.
 Elastic phase shift   7 =    0.862   0.322 deg. for the L =   18, J =   19.0 channel.
      17.0  0.98839258  0.02973565i: elastic S-matrix  @@      0.00  0   0 F  0
 Reaction Xsec    17.0-/18 @ 7 =   0.268 , Out:   0.000#   0.842/   0.638/   0.266f

   S-matrix    8 =    0.99645  -0.00038 for L=   20, J=   19.0 channel on core I =   2.0 from L=   20,  Acc. loss =  0.0 D.
 Elastic phase shift   8 =   -0.011   0.102 deg. for the L =   20, J =   19.0 channel.
      17.0  0.99644725 -0.00037782i: elastic S-matrix  @@      0.00  0   0 F  0
 Reaction Xsec    17.0-/20 @ 8 =   0.086 , Out:   0.000#   0.000#   0.020/   0.085f


 Total SPIN, PARITY =    18.0 +,     16 chs,      0 cc.  Rmin & Coul turning =    1.4    7.6
   S-matrix    1 =    0.93277   0.11023 for L=   15, J=   16.0 channel on core I =   2.0 from L=   15,  Acc. loss =  0.0 D.
 Elastic phase shift   1 =    3.370   1.795 deg. for the L =   15, J =   16.0 channel.
      18.0  0.93276589  0.11023313i: elastic S-matrix  @@      0.00  0   0 F  0
 Reaction Xsec    18.0+/15 @ 1 =   1.501 , Out:   0.000#   0.000#   3.867/   1.497f

   S-matrix    2 =    0.98093   0.00821 for L=   17, J=   16.0 channel on core I =   2.0 from L=   17,  Acc. loss =  0.0 D.
 Elastic phase shift   2 =    0.240   0.551 deg. for the L =   17, J =   16.0 channel.
      18.0  0.98092629  0.00821399i: elastic S-matrix  @@      0.00  0   0 F  0
 Reaction Xsec    18.0+/17 @ 2 =   0.481 , Out:   0.000#   6.568/   1.262/   0.473f

   S-matrix    3 =    0.98030   0.02660 for L=   17, J=   17.0 channel on core I =   2.0 from L=   17,  Acc. loss =  0.0 D.
 Elastic phase shift   3 =    0.777   0.559 deg. for the L =   17, J =   17.0 channel.
      18.0  0.98030346  0.02660079i: elastic S-matrix  @@      0.00  0   0 F  0
 Reaction Xsec    18.0+/17 @ 3 =   0.488 , Out:   0.000#   1.844/   1.738/   0.484f

   S-matrix    4 =    0.97925   0.04629 for L=   17, J=   18.0 channel on core I =   2.0 from L=   17,  Acc. loss =  0.0 D.
 Elastic phase shift   4 =    1.353   0.569 deg. for the L =   17, J =   18.0 channel.
      18.0  0.97924565  0.04629076i: elastic S-matrix  @@      0.00  0   0 F  0
 Reaction Xsec    18.0+/17 @ 4 =   0.496 , Out:   0.000#   1.207/   0.819/   0.494f

   S-matrix    5 =    0.99377   0.00076 for L=   19, J=   18.0 channel on core I =   2.0 from L=   19,  Acc. loss =  0.0 D.
 Elastic phase shift   5 =    0.022   0.179 deg. for the L =   19, J =   18.0 channel.
      18.0  0.99377062  0.00075541i: elastic S-matrix  @@      0.00  0   0 F  0
 Reaction Xsec    18.0+/19 @ 5 =   0.158 , Out:   0.000#   0.066/   0.622/   0.158f

   S-matrix    6 =    0.99367   0.00966 for L=   19, J=   19.0 channel on core I =   2.0 from L=   19,  Acc. loss =  0.0 D.
 Elastic phase shift   6 =    0.279   0.180 deg. for the L =   19, J =   19.0 channel.
      18.0  0.99367316  0.00966324i: elastic S-matrix  @@      0.00  0   0 F  0
 Reaction Xsec    18.0+/19 @ 6 =   0.160 , Out:   0.000#   0.099/   0.324/   0.159f

   S-matrix    7 =    0.99348   0.01910 for L=   19, J=   20.0 channel on core I =   2.0 from L=   19,  Acc. loss =  0.0 D.
 Elastic phase shift   7 =    0.551   0.182 deg. for the L =   19, J =   20.0 channel.
      18.0  0.99348215  0.01909794i: elastic S-matrix  @@      0.00  0   0 F  0
 Reaction Xsec    18.0+/19 @ 7 =   0.161 , Out:   0.000#   0.432/   0.317/   0.160f

   S-matrix    8 =    0.99798  -0.00080 for L=   21, J=   20.0 channel on core I =   2.0 from L=   21,  Acc. loss =  0.0 D.
 Elastic phase shift   8 =   -0.023   0.058 deg. for the L =   21, J =   20.0 channel.
      18.0  0.99797595 -0.00079943i: elastic S-matrix  @@      0.00  0   0 F  0
 Reaction Xsec    18.0+/21 @ 8 =   0.052 , Out:   0.000#   0.000#   0.010/   0.052f


 Total SPIN, PARITY =    18.0 -,     15 chs,      0 cc.  Rmin & Coul turning =    1.4    7.6
   S-matrix    1 =    0.96519   0.04361 for L=   16, J=   16.0 channel on core I =   2.0 from L=   16,  Acc. loss =  0.0 D.
 Elastic phase shift   1 =    1.294   0.986 deg. for the L =   16, J =   16.0 channel.
      18.0  0.96519285  0.04361382i: elastic S-matrix  @@      0.00  0   0 F  0
 Reaction Xsec    18.0-/16 @ 1 =   0.848 , Out:   0.000#   6.598/   2.306/   0.839f

   S-matrix    2 =    0.96272   0.07180 for L=   16, J=   17.0 channel on core I =   2.0 from L=   16,  Acc. loss =  0.0 D.
 Elastic phase shift   2 =    2.133   1.009 deg. for the L =   16, J =   17.0 channel.
      18.0  0.96271960  0.07179896i: elastic S-matrix  @@      0.00  0   0 F  0
 Reaction Xsec    18.0-/16 @ 2 =   0.867 , Out:   0.000#   4.022/   2.517/   0.860f

   S-matrix    3 =    0.98909   0.00325 for L=   18, J=   17.0 channel on core I =   2.0 from L=   18,  Acc. loss =  0.0 D.
 Elastic phase shift   3 =    0.094   0.314 deg. for the L =   18, J =   17.0 channel.
      18.0  0.98909110  0.00324836i: elastic S-matrix  @@      0.00  0   0 F  0
 Reaction Xsec    18.0-/18 @ 3 =   0.276 , Out:   0.000#   0.736/   1.042/   0.275f

   S-matrix    4 =    0.98884   0.01608 for L=   18, J=   18.0 channel on core I =   2.0 from L=   18,  Acc. loss =  0.0 D.
 Elastic phase shift   4 =    0.466   0.318 deg. for the L =   18, J =   18.0 channel.
      18.0  0.98884253  0.01607815i: elastic S-matrix  @@      0.00  0   0 F  0
 Reaction Xsec    18.0-/18 @ 4 =   0.280 , Out:   0.000#   0.381/   0.849/   0.278f

   S-matrix    5 =    0.98839   0.02974 for L=   18, J=   19.0 channel on core I =   2.0 from L=   18,  Acc. loss =  0.0 D.
 Elastic phase shift   5 =    0.862   0.322 deg. for the L =   18, J =   19.0 channel.
      18.0  0.98839258  0.02973565i: elastic S-matrix  @@      0.00  0   0 F  0
 Reaction Xsec    18.0-/18 @ 5 =   0.283 , Out:   0.000#   0.243/   0.306/   0.282f

   S-matrix    6 =    0.99645  -0.00038 for L=   20, J=   19.0 channel on core I =   2.0 from L=   20,  Acc. loss =  0.0 D.
 Elastic phase shift   6 =   -0.011   0.102 deg. for the L =   20, J =   19.0 channel.
      18.0  0.99644725 -0.00037782i: elastic S-matrix  @@      0.00  0   0 F  0
 Reaction Xsec    18.0-/20 @ 6 =   0.090 , Out:   0.000#   0.044/   0.241/   0.090f

   S-matrix    7 =    0.99641   0.00579 for L=   20, J=   20.0 channel on core I =   2.0 from L=   20,  Acc. loss =  0.0 D.
 Elastic phase shift   7 =    0.166   0.103 deg. for the L =   20, J =   20.0 channel.
      18.0  0.99640975  0.00578591i: elastic S-matrix  @@      0.00  0   0 F  0
 Reaction Xsec    18.0-/20 @ 7 =   0.091 , Out:   0.000#   0.104/   0.091/   0.091f


 Total SPIN, PARITY =    19.0 +,     15 chs,      0 cc.  Rmin & Coul turning =    1.5    8.0
   S-matrix    1 =    0.98030   0.02660 for L=   17, J=   17.0 channel on core I =   2.0 from L=   17,  Acc. loss =  0.0 D.
 Elastic phase shift   1 =    0.777   0.559 deg. for the L =   17, J =   17.0 channel.
      19.0  0.98030346  0.02660079i: elastic S-matrix  @@      0.00  0   0 F  0
 Reaction Xsec    19.0+/17 @ 1 =   0.514 , Out:   0.000#   3.437/   1.181/   0.510f

   S-matrix    2 =    0.97925   0.04629 for L=   17, J=   18.0 channel on core I =   2.0 from L=   17,  Acc. loss =  0.0 D.
 Elastic phase shift   2 =    1.353   0.569 deg. for the L =   17, J =   18.0 channel.
      19.0  0.97924565  0.04629076i: elastic S-matrix  @@      0.00  0   0 F  0
 Reaction Xsec    19.0+/17 @ 2 =   0.523 , Out:   0.000#   2.063/   1.333/   0.520f

   S-matrix    3 =    0.99377   0.00076 for L=   19, J=   18.0 channel on core I =   2.0 from L=   19,  Acc. loss =  0.0 D.
 Elastic phase shift   3 =    0.022   0.179 deg. for the L =   19, J =   18.0 channel.
      19.0  0.99377062  0.00075541i: elastic S-matrix  @@      0.00  0   0 F  0
 Reaction Xsec    19.0+/19 @ 3 =   0.167 , Out:   0.000#   0.375/   0.520/   0.166f

   S-matrix    4 =    0.99367   0.00966 for L=   19, J=   19.0 channel on core I =   2.0 from L=   19,  Acc. loss =  0.0 D.
 Elastic phase shift   4 =    0.279   0.180 deg. for the L =   19, J =   19.0 channel.
      19.0  0.99367316  0.00966324i: elastic S-matrix  @@      0.00  0   0 F  0
 Reaction Xsec    19.0+/19 @ 4 =   0.168 , Out:   0.000#   0.192/   0.427/   0.168f

   S-matrix    5 =    0.99348   0.01910 for L=   19, J=   20.0 channel on core I =   2.0 from L=   19,  Acc. loss =  0.0 D.
 Elastic phase shift   5 =    0.551   0.182 deg. for the L =   19, J =   20.0 channel.
      19.0  0.99348215  0.01909794i: elastic S-matrix  @@      0.00  0   0 F  0
 Reaction Xsec    19.0+/19 @ 5 =   0.170 , Out:   0.000#   0.124/   0.154/   0.169f

   S-matrix    6 =    0.99798  -0.00080 for L=   21, J=   20.0 channel on core I =   2.0 from L=   21,  Acc. loss =  0.0 D.
 Elastic phase shift   6 =   -0.023   0.058 deg. for the L =   21, J =   20.0 channel.
      19.0  0.99797595 -0.00079943i: elastic S-matrix  @@      0.00  0   0 F  0
 Reaction Xsec    19.0+/21 @ 6 =   0.054 , Out:   0.000#   0.022/   0.120/   0.054f

   S-matrix    7 =    0.99796   0.00345 for L=   21, J=   21.0 channel on core I =   2.0 from L=   21,  Acc. loss =  0.0 D.
 Elastic phase shift   7 =    0.099   0.058 deg. for the L =   21, J =   21.0 channel.
      19.0  0.99796183  0.00345488i: elastic S-matrix  @@      0.00  0   0 F  0
 Reaction Xsec    19.0+/21 @ 7 =   0.055 , Out:   0.000#   0.052/   0.045/   0.054f


 Total SPIN, PARITY =    19.0 -,     16 chs,      0 cc.  Rmin & Coul turning =    1.5    8.0
   S-matrix    1 =    0.96272   0.07180 for L=   16, J=   17.0 channel on core I =   2.0 from L=   16,  Acc. loss =  0.0 D.
 Elastic phase shift   1 =    2.133   1.009 deg. for the L =   16, J =   17.0 channel.
      19.0  0.96271960  0.07179896i: elastic S-matrix  @@      0.00  0   0 F  0
 Reaction Xsec    19.0-/16 @ 1 =   0.914 , Out:   0.000#   0.000#   2.008/   0.912f

   S-matrix    2 =    0.98909   0.00325 for L=   18, J=   17.0 channel on core I =   2.0 from L=   18,  Acc. loss =  0.0 D.
 Elastic phase shift   2 =    0.094   0.314 deg. for the L =   18, J =   17.0 channel.
      19.0  0.98909110  0.00324836i: elastic S-matrix  @@      0.00  0   0 F  0
 Reaction Xsec    19.0-/18 @ 2 =   0.291 , Out:   0.000#   3.373/   0.641/   0.287f

   S-matrix    3 =    0.98884   0.01608 for L=   18, J=   18.0 channel on core I =   2.0 from L=   18,  Acc. loss =  0.0 D.
 Elastic phase shift   3 =    0.466   0.318 deg. for the L =   18, J =   18.0 channel.
      19.0  0.98884253  0.01607815i: elastic S-matrix  @@      0.00  0   0 F  0
 Reaction Xsec    19.0-/18 @ 3 =   0.295 , Out:   0.000#   0.937/   0.882/   0.293f

   S-matrix    4 =    0.98839   0.02974 for L=   18, J=   19.0 channel on core I =   2.0 from L=   18,  Acc. loss =  0.0 D.
 Elastic phase shift   4 =    0.862   0.322 deg. for the L =   18, J =   19.0 channel.
      19.0  0.98839258  0.02973565i: elastic S-matrix  @@      0.00  0   0 F  0
 Reaction Xsec    19.0-/18 @ 4 =   0.298 , Out:   0.000#   0.612/   0.429/   0.297f

   S-matrix    5 =    0.99645  -0.00038 for L=   20, J=   19.0 channel on core I =   2.0 from L=   20,  Acc. loss =  0.0 D.
 Elastic phase shift   5 =   -0.011   0.102 deg. for the L =   20, J =   19.0 channel.
      19.0  0.99644725 -0.00037782i: elastic S-matrix  @@      0.00  0   0 F  0
 Reaction Xsec    19.0-/20 @ 5 =   0.095 , Out:   0.000#   0.033/   0.309/   0.095f

   S-matrix    6 =    0.99641   0.00579 for L=   20, J=   20.0 channel on core I =   2.0 from L=   20,  Acc. loss =  0.0 D.
 Elastic phase shift   6 =    0.166   0.103 deg. for the L =   20, J =   20.0 channel.
      19.0  0.99640975  0.00578591i: elastic S-matrix  @@      0.00  0   0 F  0
 Reaction Xsec    19.0-/20 @ 6 =   0.096 , Out:   0.000#   0.050/   0.162/   0.096f

   S-matrix    7 =    0.99633   0.01229 for L=   20, J=   21.0 channel on core I =   2.0 from L=   20,  Acc. loss =  0.0 D.
 Elastic phase shift   7 =    0.353   0.103 deg. for the L =   20, J =   21.0 channel.
      19.0  0.99632868  0.01228665i: elastic S-matrix  @@      0.00  0   0 F  0
 Reaction Xsec    19.0-/20 @ 7 =   0.096 , Out:   0.000#   0.217/   0.157/   0.096f

   S-matrix    8 =    0.99885  -0.00087 for L=   22, J=   21.0 channel on core I =   2.0 from L=   22,  Acc. loss =  0.0 D.
 Elastic phase shift   8 =   -0.025   0.033 deg. for the L =   22, J =   21.0 channel.
      19.0  0.99884795 -0.00087221i: elastic S-matrix  @@      0.00  0   0 F  0
 Reaction Xsec    19.0-/22 @ 8 =   0.031 , Out:   0.000#   0.000#   5.037#   0.031f


 Total SPIN, PARITY =    20.0 +,     16 chs,      0 cc.  Rmin & Coul turning =    1.6    8.4
   S-matrix    1 =    0.97925   0.04629 for L=   17, J=   18.0 channel on core I =   2.0 from L=   17,  Acc. loss =  0.0 D.
 Elastic phase shift   1 =    1.353   0.569 deg. for the L =   17, J =   18.0 channel.
      20.0  0.97924565  0.04629076i: elastic S-matrix  @@      0.00  0   0 F  0
 Reaction Xsec    20.0+/17 @ 1 =   0.550 , Out:   0.000#   0.000#   1.014/   0.549f

   S-matrix    2 =    0.99377   0.00076 for L=   19, J=   18.0 channel on core I =   2.0 from L=   19,  Acc. loss =  0.0 D.
 Elastic phase shift   2 =    0.022   0.179 deg. for the L =   19, J =   18.0 channel.
      20.0  0.99377062  0.00075541i: elastic S-matrix  @@      0.00  0   0 F  0
 Reaction Xsec    20.0+/19 @ 2 =   0.175 , Out:   0.000#   1.707/   0.320/   0.173f

   S-matrix    3 =    0.99367   0.00966 for L=   19, J=   19.0 channel on core I =   2.0 from L=   19,  Acc. loss =  0.0 D.
 Elastic phase shift   3 =    0.279   0.180 deg. for the L =   19, J =   19.0 channel.
      20.0  0.99367316  0.00966324i: elastic S-matrix  @@      0.00  0   0 F  0
 Reaction Xsec    20.0+/19 @ 3 =   0.177 , Out:   0.000#   0.470/   0.440/   0.176f

   S-matrix    4 =    0.99348   0.01910 for L=   19, J=   20.0 channel on core I =   2.0 from L=   19,  Acc. loss =  0.0 D.
 Elastic phase shift   4 =    0.551   0.182 deg. for the L =   19, J =   20.0 channel.
      20.0  0.99348215  0.01909794i: elastic S-matrix  @@      0.00  0   0 F  0
 Reaction Xsec    20.0+/19 @ 4 =   0.178 , Out:   0.000#   0.307/   0.217/   0.178f

   S-matrix    5 =    0.99798  -0.00080 for L=   21, J=   20.0 channel on core I =   2.0 from L=   21,  Acc. loss =  0.0 D.
 Elastic phase shift   5 =   -0.023   0.058 deg. for the L =   21, J =   20.0 channel.
      20.0  0.99797595 -0.00079943i: elastic S-matrix  @@      0.00  0   0 F  0
 Reaction Xsec    20.0+/21 @ 5 =   0.057 , Out:   0.000#   0.017/   0.153/   0.057f

   S-matrix    6 =    0.99796   0.00345 for L=   21, J=   21.0 channel on core I =   2.0 from L=   21,  Acc. loss =  0.0 D.
 Elastic phase shift   6 =    0.099   0.058 deg. for the L =   21, J =   21.0 channel.
      20.0  0.99796183  0.00345488i: elastic S-matrix  @@      0.00  0   0 F  0
 Reaction Xsec    20.0+/21 @ 6 =   0.057 , Out:   0.000#   0.025/   0.080/   0.057f

   S-matrix    7 =    0.99793   0.00793 for L=   21, J=   22.0 channel on core I =   2.0 from L=   21,  Acc. loss =  0.0 D.
 Elastic phase shift   7 =    0.228   0.059 deg. for the L =   21, J =   22.0 channel.
      20.0  0.99792739  0.00792594i: elastic S-matrix  @@      0.00  0   0 F  0
 Reaction Xsec    20.0+/21 @ 7 =   0.058 , Out:   0.000#   0.108/   0.077/   0.057f

   S-matrix    8 =    0.99934  -0.00079 for L=   23, J=   22.0 channel on core I =   2.0 from L=   23,  Acc. loss =  0.0 D.
 Elastic phase shift   8 =   -0.023   0.019 deg. for the L =   23, J =   22.0 channel.
      20.0  0.99934481 -0.00079153i: elastic S-matrix  @@      0.00  0   0 F  0
 Reaction Xsec    20.0+/23 @ 8 =   0.018 , Out:   0.000#   0.000#   2.488#   0.018f


 Total SPIN, PARITY =    20.0 -,     15 chs,      0 cc.  Rmin & Coul turning =    1.6    8.4
   S-matrix    1 =    0.98884   0.01608 for L=   18, J=   18.0 channel on core I =   2.0 from L=   18,  Acc. loss =  0.0 D.
 Elastic phase shift   1 =    0.466   0.318 deg. for the L =   18, J =   18.0 channel.
      20.0  0.98884253  0.01607815i: elastic S-matrix  @@      0.00  0   0 F  0
 Reaction Xsec    20.0-/18 @ 1 =   0.310 , Out:   0.000#   1.755/   0.592/   0.307f

   S-matrix    2 =    0.98839   0.02974 for L=   18, J=   19.0 channel on core I =   2.0 from L=   18,  Acc. loss =  0.0 D.
 Elastic phase shift   2 =    0.862   0.322 deg. for the L =   18, J =   19.0 channel.
      20.0  0.98839258  0.02973565i: elastic S-matrix  @@      0.00  0   0 F  0
 Reaction Xsec    20.0-/18 @ 2 =   0.313 , Out:   0.000#   1.039/   0.683/   0.312f

   S-matrix    3 =    0.99645  -0.00038 for L=   20, J=   19.0 channel on core I =   2.0 from L=   20,  Acc. loss =  0.0 D.
 Elastic phase shift   3 =   -0.011   0.102 deg. for the L =   20, J =   19.0 channel.
      20.0  0.99644725 -0.00037782i: elastic S-matrix  @@      0.00  0   0 F  0
 Reaction Xsec    20.0-/20 @ 3 =   0.100 , Out:   0.000#   0.189/   0.257/   0.100f

   S-matrix    4 =    0.99641   0.00579 for L=   20, J=   20.0 channel on core I =   2.0 from L=   20,  Acc. loss =  0.0 D.
 Elastic phase shift   4 =    0.166   0.103 deg. for the L =   20, J =   20.0 channel.
      20.0  0.99640975  0.00578591i: elastic S-matrix  @@      0.00  0   0 F  0
 Reaction Xsec    20.0-/20 @ 4 =   0.101 , Out:   0.000#   0.096/   0.212/   0.100f

   S-matrix    5 =    0.99633   0.01229 for L=   20, J=   21.0 channel on core I =   2.0 from L=   20,  Acc. loss =  0.0 D.
 Elastic phase shift   5 =    0.353   0.103 deg. for the L =   20, J =   21.0 channel.
      20.0  0.99632868  0.01228665i: elastic S-matrix  @@      0.00  0   0 F  0
 Reaction Xsec    20.0-/20 @ 5 =   0.101 , Out:   0.000#   0.062/   0.076/   0.101f

   S-matrix    6 =    0.99885  -0.00087 for L=   22, J=   21.0 channel on core I =   2.0 from L=   22,  Acc. loss =  0.0 D.
 Elastic phase shift   6 =   -0.025   0.033 deg. for the L =   22, J =   21.0 channel.
      20.0  0.99884795 -0.00087221i: elastic S-matrix  @@      0.00  0   0 F  0
 Reaction Xsec    20.0-/22 @ 6 =   0.033 , Out:   0.000#   0.011/   0.060/   0.032f

   S-matrix    7 =    0.99884   0.00206 for L=   22, J=   22.0 channel on core I =   2.0 from L=   22,  Acc. loss =  0.0 D.
 Elastic phase shift   7 =    0.059   0.033 deg. for the L =   22, J =   22.0 channel.
      20.0  0.99884278  0.00205849i: elastic S-matrix  @@      0.00  0   0 F  0
 Reaction Xsec    20.0-/22 @ 7 =   0.033 , Out:   0.000#   0.026/   0.022/   0.033f


 Total SPIN, PARITY =    21.0 +,     15 chs,      0 cc.  Rmin & Coul turning =    1.7    8.8
   S-matrix    1 =    0.99367   0.00966 for L=   19, J=   19.0 channel on core I =   2.0 from L=   19,  Acc. loss =  0.0 D.
 Elastic phase shift   1 =    0.279   0.180 deg. for the L =   19, J =   19.0 channel.
      21.0  0.99367316  0.00966324i: elastic S-matrix  @@      0.00  0   0 F  0
 Reaction Xsec    21.0+/19 @ 1 =   0.185 , Out:   0.000#   0.884/   0.293/   0.184f

   S-matrix    2 =    0.99348   0.01910 for L=   19, J=   20.0 channel on core I =   2.0 from L=   19,  Acc. loss =  0.0 D.
 Elastic phase shift   2 =    0.551   0.182 deg. for the L =   19, J =   20.0 channel.
      21.0  0.99348215  0.01909794i: elastic S-matrix  @@      0.00  0   0 F  0
 Reaction Xsec    21.0+/19 @ 2 =   0.187 , Out:   0.000#   0.518/   0.341/   0.186f

   S-matrix    3 =    0.99798  -0.00080 for L=   21, J=   20.0 channel on core I =   2.0 from L=   21,  Acc. loss =  0.0 D.
 Elastic phase shift   3 =   -0.023   0.058 deg. for the L =   21, J =   20.0 channel.
      21.0  0.99797595 -0.00079943i: elastic S-matrix  @@      0.00  0   0 F  0
 Reaction Xsec    21.0+/21 @ 3 =   0.060 , Out:   0.000#   0.095/   0.127/   0.060f

   S-matrix    4 =    0.99796   0.00345 for L=   21, J=   21.0 channel on core I =   2.0 from L=   21,  Acc. loss =  0.0 D.
 Elastic phase shift   4 =    0.099   0.058 deg. for the L =   21, J =   21.0 channel.
      21.0  0.99796183  0.00345488i: elastic S-matrix  @@      0.00  0   0 F  0
 Reaction Xsec    21.0+/21 @ 4 =   0.060 , Out:   0.000#   0.048/   0.105/   0.060f

   S-matrix    5 =    0.99793   0.00793 for L=   21, J=   22.0 channel on core I =   2.0 from L=   21,  Acc. loss =  0.0 D.
 Elastic phase shift   5 =    0.228   0.059 deg. for the L =   21, J =   22.0 channel.
      21.0  0.99792739  0.00792594i: elastic S-matrix  @@      0.00  0   0 F  0
 Reaction Xsec    21.0+/21 @ 5 =   0.060 , Out:   0.000#   0.030/   0.037/   0.060f

   S-matrix    6 =    0.99934  -0.00079 for L=   23, J=   22.0 channel on core I =   2.0 from L=   23,  Acc. loss =  0.0 D.
 Elastic phase shift   6 =   -0.023   0.019 deg. for the L =   23, J =   22.0 channel.
      21.0  0.99934481 -0.00079153i: elastic S-matrix  @@      0.00  0   0 F  0
 Reaction Xsec    21.0+/23 @ 6 =   0.019 , Out:   0.000#   5.507#   0.029/   0.019f

   S-matrix    7 =    0.99934   0.00122 for L=   23, J=   23.0 channel on core I =   2.0 from L=   23,  Acc. loss =  0.0 D.
 Elastic phase shift   7 =    0.035   0.019 deg. for the L =   23, J =   23.0 channel.
      21.0  0.99934299  0.00122417i: elastic S-matrix  @@      0.00  0   0 F  0
 Reaction Xsec    21.0+/23 @ 7 =   0.019 , Out:   0.000#   0.013/   0.011/   0.019f


 Total SPIN, PARITY =    21.0 -,     16 chs,      0 cc.  Rmin & Coul turning =    1.7    8.8
   S-matrix    1 =    0.98839   0.02974 for L=   18, J=   19.0 channel on core I =   2.0 from L=   18,  Acc. loss =  0.0 D.
 Elastic phase shift   1 =    0.862   0.322 deg. for the L =   18, J =   19.0 channel.
      21.0  0.98839258  0.02973565i: elastic S-matrix  @@      0.00  0   0 F  0
 Reaction Xsec    21.0-/18 @ 1 =   0.329 , Out:   0.000#   0.000#   0.503/   0.328f

   S-matrix    2 =    0.99645  -0.00038 for L=   20, J=   19.0 channel on core I =   2.0 from L=   20,  Acc. loss =  0.0 D.
 Elastic phase shift   2 =   -0.011   0.102 deg. for the L =   20, J =   19.0 channel.
      21.0  0.99644725 -0.00037782i: elastic S-matrix  @@      0.00  0   0 F  0
 Reaction Xsec    21.0-/20 @ 2 =   0.105 , Out:   0.000#   0.856/   0.158/   0.104f

   S-matrix    3 =    0.99641   0.00579 for L=   20, J=   20.0 channel on core I =   2.0 from L=   20,  Acc. loss =  0.0 D.
 Elastic phase shift   3 =    0.166   0.103 deg. for the L =   20, J =   20.0 channel.
      21.0  0.99640975  0.00578591i: elastic S-matrix  @@      0.00  0   0 F  0
 Reaction Xsec    21.0-/20 @ 3 =   0.106 , Out:   0.000#   0.234/   0.217/   0.105f

   S-matrix    4 =    0.99633   0.01229 for L=   20, J=   21.0 channel on core I =   2.0 from L=   20,  Acc. loss =  0.0 D.
 Elastic phase shift   4 =    0.353   0.103 deg. for the L =   20, J =   21.0 channel.
      21.0  0.99632868  0.01228665i: elastic S-matrix  @@      0.00  0   0 F  0
 Reaction Xsec    21.0-/20 @ 4 =   0.106 , Out:   0.000#   0.153/   0.108/   0.106f

   S-matrix    5 =    0.99885  -0.00087 for L=   22, J=   21.0 channel on core I =   2.0 from L=   22,  Acc. loss =  0.0 D.
 Elastic phase shift   5 =   -0.025   0.033 deg. for the L =   22, J =   21.0 channel.
      21.0  0.99884795 -0.00087221i: elastic S-matrix  @@      0.00  0   0 F  0
 Reaction Xsec    21.0-/22 @ 5 =   0.034 , Out:   0.000#   8.325#   0.075/   0.034f

   S-matrix    6 =    0.99884   0.00206 for L=   22, J=   22.0 channel on core I =   2.0 from L=   22,  Acc. loss =  0.0 D.
 Elastic phase shift   6 =    0.059   0.033 deg. for the L =   22, J =   22.0 channel.
      21.0  0.99884278  0.00205849i: elastic S-matrix  @@      0.00  0   0 F  0
 Reaction Xsec    21.0-/22 @ 6 =   0.034 , Out:   0.000#   0.012/   0.039/   0.034f

   S-matrix    7 =    0.99883   0.00513 for L=   22, J=   23.0 channel on core I =   2.0 from L=   22,  Acc. loss =  0.0 D.
 Elastic phase shift   7 =    0.147   0.033 deg. for the L =   22, J =   23.0 channel.
      21.0  0.99882811  0.00512931i: elastic S-matrix  @@      0.00  0   0 F  0
 Reaction Xsec    21.0-/22 @ 7 =   0.034 , Out:   0.000#   0.053/   0.038/   0.034f

   S-matrix    8 =    0.99963  -0.00066 for L=   24, J=   23.0 channel on core I =   2.0 from L=   24,  Acc. loss =  0.0 D.
 Elastic phase shift   8 =   -0.019   0.011 deg. for the L =   24, J =   23.0 channel.
      21.0  0.99962766 -0.00065780i: elastic S-matrix  @@      0.00  0   0 F  0
 Reaction Xsec    21.0-/24 @ 8 =   0.011 , Out:   0.000#   0.000#   1.227#   0.011f


 Total SPIN, PARITY =    22.0 +,     16 chs,      0 cc.  Rmin & Coul turning =    1.8    9.2
   S-matrix    1 =    0.99348   0.01910 for L=   19, J=   20.0 channel on core I =   2.0 from L=   19,  Acc. loss =  0.0 D.
 Elastic phase shift   1 =    0.551   0.182 deg. for the L =   19, J =   20.0 channel.
      22.0  0.99348215  0.01909794i: elastic S-matrix  @@      0.00  0   0 F  0
 Reaction Xsec    22.0+/19 @ 1 =   0.196 , Out:   0.000#   0.000#   0.247/   0.195f

   S-matrix    2 =    0.99798  -0.00080 for L=   21, J=   20.0 channel on core I =   2.0 from L=   21,  Acc. loss =  0.0 D.
 Elastic phase shift   2 =   -0.023   0.058 deg. for the L =   21, J =   20.0 channel.
      22.0  0.99797595 -0.00079943i: elastic S-matrix  @@      0.00  0   0 F  0
 Reaction Xsec    22.0+/21 @ 2 =   0.063 , Out:   0.000#   0.427/   0.078/   0.062f

   S-matrix    3 =    0.99796   0.00345 for L=   21, J=   21.0 channel on core I =   2.0 from L=   21,  Acc. loss =  0.0 D.
 Elastic phase shift   3 =    0.099   0.058 deg. for the L =   21, J =   21.0 channel.
      22.0  0.99796183  0.00345488i: elastic S-matrix  @@      0.00  0   0 F  0
 Reaction Xsec    22.0+/21 @ 3 =   0.063 , Out:   0.000#   0.116/   0.106/   0.063f

   S-matrix    4 =    0.99793   0.00793 for L=   21, J=   22.0 channel on core I =   2.0 from L=   21,  Acc. loss =  0.0 D.
 Elastic phase shift   4 =    0.228   0.059 deg. for the L =   21, J =   22.0 channel.
      22.0  0.99792739  0.00792594i: elastic S-matrix  @@      0.00  0   0 F  0
 Reaction Xsec    22.0+/21 @ 4 =   0.063 , Out:   0.000#   0.076/   0.053/   0.063f

   S-matrix    5 =    0.99934  -0.00079 for L=   23, J=   22.0 channel on core I =   2.0 from L=   23,  Acc. loss =  0.0 D.
 Elastic phase shift   5 =   -0.023   0.019 deg. for the L =   23, J =   22.0 channel.
      22.0  0.99934481 -0.00079153i: elastic S-matrix  @@      0.00  0   0 F  0
 Reaction Xsec    22.0+/23 @ 5 =   0.020 , Out:   0.000#   4.115#   0.037/   0.020f

   S-matrix    6 =    0.99934   0.00122 for L=   23, J=   23.0 channel on core I =   2.0 from L=   23,  Acc. loss =  0.0 D.
 Elastic phase shift   6 =    0.035   0.019 deg. for the L =   23, J =   23.0 channel.
      22.0  0.99934299  0.00122417i: elastic S-matrix  @@      0.00  0   0 F  0
 Reaction Xsec    22.0+/23 @ 6 =   0.020 , Out:   0.000#   6.119#   0.019/   0.020f

   S-matrix    7 =    0.99934   0.00333 for L=   23, J=   24.0 channel on core I =   2.0 from L=   23,  Acc. loss =  0.0 D.
 Elastic phase shift   7 =    0.095   0.019 deg. for the L =   23, J =   24.0 channel.
      22.0  0.99933673  0.00333087i: elastic S-matrix  @@      0.00  0   0 F  0
 Reaction Xsec    22.0+/23 @ 7 =   0.020 , Out:   0.000#   0.026/   0.018/   0.020f

   S-matrix    8 =    0.99979  -0.00052 for L=   25, J=   24.0 channel on core I =   2.0 from L=   25,  Acc. loss =  0.0 D.
 Elastic phase shift   8 =   -0.015   0.006 deg. for the L =   25, J =   24.0 channel.
      22.0  0.99978853 -0.00051925i: elastic S-matrix  @@      0.00  0   0 F  0
 Reaction Xsec    22.0+/25 @ 8 =   6.551/, Out:   0.000#   0.000#   0.603#   0.007f


 Total SPIN, PARITY =    22.0 -,     15 chs,      0 cc.  Rmin & Coul turning =    1.8    9.2
   S-matrix    1 =    0.99641   0.00579 for L=   20, J=   20.0 channel on core I =   2.0 from L=   20,  Acc. loss =  0.0 D.
 Elastic phase shift   1 =    0.166   0.103 deg. for the L =   20, J =   20.0 channel.
      22.0  0.99640975  0.00578591i: elastic S-matrix  @@      0.00  0   0 F  0
 Reaction Xsec    22.0-/20 @ 1 =   0.111 , Out:   0.000#   0.442/   0.144/   0.110f

   S-matrix    2 =    0.99633   0.01229 for L=   20, J=   21.0 channel on core I =   2.0 from L=   20,  Acc. loss =  0.0 D.
 Elastic phase shift   2 =    0.353   0.103 deg. for the L =   20, J =   21.0 channel.
      22.0  0.99632868  0.01228665i: elastic S-matrix  @@      0.00  0   0 F  0
 Reaction Xsec    22.0-/20 @ 2 =   0.111 , Out:   0.000#   0.256/   0.168/   0.111f

   S-matrix    3 =    0.99885  -0.00087 for L=   22, J=   21.0 channel on core I =   2.0 from L=   22,  Acc. loss =  0.0 D.
 Elastic phase shift   3 =   -0.025   0.033 deg. for the L =   22, J =   21.0 channel.
      22.0  0.99884795 -0.00087221i: elastic S-matrix  @@      0.00  0   0 F  0
 Reaction Xsec    22.0-/22 @ 3 =   0.036 , Out:   0.000#   0.047/   0.062/   0.036f

   S-matrix    4 =    0.99884   0.00206 for L=   22, J=   22.0 channel on core I =   2.0 from L=   22,  Acc. loss =  0.0 D.
 Elastic phase shift   4 =    0.059   0.033 deg. for the L =   22, J =   22.0 channel.
      22.0  0.99884278  0.00205849i: elastic S-matrix  @@      0.00  0   0 F  0
 Reaction Xsec    22.0-/22 @ 4 =   0.036 , Out:   0.000#   0.024/   0.051/   0.036f

   S-matrix    5 =    0.99883   0.00513 for L=   22, J=   23.0 channel on core I =   2.0 from L=   22,  Acc. loss =  0.0 D.
 Elastic phase shift   5 =    0.147   0.033 deg. for the L =   22, J =   23.0 channel.
      22.0  0.99882811  0.00512931i: elastic S-matrix  @@      0.00  0   0 F  0
 Reaction Xsec    22.0-/22 @ 5 =   0.036 , Out:   0.000#   0.015/   0.018/   0.036f

   S-matrix    6 =    0.99963  -0.00066 for L=   24, J=   23.0 channel on core I =   2.0 from L=   24,  Acc. loss =  0.0 D.
 Elastic phase shift   6 =   -0.019   0.011 deg. for the L =   24, J =   23.0 channel.
      22.0  0.99962766 -0.00065780i: elastic S-matrix  @@      0.00  0   0 F  0
 Reaction Xsec    22.0-/24 @ 6 =   0.012 , Out:   0.000#   2.733#   0.015/   0.012f

   S-matrix    7 =    0.99963   0.00073 for L=   24, J=   24.0 channel on core I =   2.0 from L=   24,  Acc. loss =  0.0 D.
 Elastic phase shift   7 =    0.021   0.011 deg. for the L =   24, J =   24.0 channel.
      22.0  0.99962705  0.00072674i: elastic S-matrix  @@      0.00  0   0 F  0
 Reaction Xsec    22.0-/24 @ 7 =   0.012 , Out:   0.000#   6.237#   5.246#   0.012f


 Total SPIN, PARITY =    23.0 +,     15 chs,      0 cc.  Rmin & Coul turning =    1.8    9.6
   S-matrix    1 =    0.99796   0.00345 for L=   21, J=   21.0 channel on core I =   2.0 from L=   21,  Acc. loss =  0.0 D.
 Elastic phase shift   1 =    0.099   0.058 deg. for the L =   21, J =   21.0 channel.
      23.0  0.99796183  0.00345488i: elastic S-matrix  @@      0.00  0   0 F  0
 Reaction Xsec    23.0+/21 @ 1 =   0.066 , Out:   0.000#   0.220/   0.070/   0.065f

   S-matrix    2 =    0.99793   0.00793 for L=   21, J=   22.0 channel on core I =   2.0 from L=   21,  Acc. loss =  0.0 D.
 Elastic phase shift   2 =    0.228   0.059 deg. for the L =   21, J =   22.0 channel.
      23.0  0.99792739  0.00792594i: elastic S-matrix  @@      0.00  0   0 F  0
 Reaction Xsec    23.0+/21 @ 2 =   0.066 , Out:   0.000#   0.126/   0.082/   0.066f

   S-matrix    3 =    0.99934  -0.00079 for L=   23, J=   22.0 channel on core I =   2.0 from L=   23,  Acc. loss =  0.0 D.
 Elastic phase shift   3 =   -0.023   0.019 deg. for the L =   23, J =   22.0 channel.
      23.0  0.99934481 -0.00079153i: elastic S-matrix  @@      0.00  0   0 F  0
 Reaction Xsec    23.0+/23 @ 3 =   0.021 , Out:   0.000#   0.024/   0.030/   0.021f

   S-matrix    4 =    0.99934   0.00122 for L=   23, J=   23.0 channel on core I =   2.0 from L=   23,  Acc. loss =  0.0 D.
 Elastic phase shift   4 =    0.035   0.019 deg. for the L =   23, J =   23.0 channel.
      23.0  0.99934299  0.00122417i: elastic S-matrix  @@      0.00  0   0 F  0
 Reaction Xsec    23.0+/23 @ 4 =   0.021 , Out:   0.000#   0.012/   0.025/   0.021f

   S-matrix    5 =    0.99934   0.00333 for L=   23, J=   24.0 channel on core I =   2.0 from L=   23,  Acc. loss =  0.0 D.
 Elastic phase shift   5 =    0.095   0.019 deg. for the L =   23, J =   24.0 channel.
      23.0  0.99933673  0.00333087i: elastic S-matrix  @@      0.00  0   0 F  0
 Reaction Xsec    23.0+/23 @ 5 =   0.021 , Out:   0.000#   7.282#   8.868#   0.021f

   S-matrix    6 =    0.99979  -0.00052 for L=   25, J=   24.0 channel on core I =   2.0 from L=   25,  Acc. loss =  0.0 D.
 Elastic phase shift   6 =   -0.015   0.006 deg. for the L =   25, J =   24.0 channel.
      23.0  0.99978853 -0.00051925i: elastic S-matrix  @@      0.00  0   0 F  0
 Reaction Xsec    23.0+/25 @ 6 =   6.842/, Out:   0.000#   1.354#   7.179#   0.007f

   S-matrix    7 =    0.99979   0.00043 for L=   25, J=   25.0 channel on core I =   2.0 from L=   25,  Acc. loss =  0.0 D.
 Elastic phase shift   7 =    0.012   0.006 deg. for the L =   25, J =   25.0 channel.
      23.0  0.99978835  0.00043069i: elastic S-matrix  @@      0.00  0   0 F  0
 Reaction Xsec    23.0+/25 @ 7 =   6.849/, Out:   0.000#   3.070#   2.565#   0.007f


 Total SPIN, PARITY =    23.0 -,     16 chs,      0 cc.  Rmin & Coul turning =    1.8    9.6
   S-matrix    1 =    0.99633   0.01229 for L=   20, J=   21.0 channel on core I =   2.0 from L=   20,  Acc. loss =  0.0 D.
 Elastic phase shift   1 =    0.353   0.103 deg. for the L =   20, J =   21.0 channel.
      23.0  0.99632868  0.01228665i: elastic S-matrix  @@      0.00  0   0 F  0
 Reaction Xsec    23.0-/20 @ 1 =   0.116 , Out:   0.000#   0.000#   0.121/   0.116f

   S-matrix    2 =    0.99885  -0.00087 for L=   22, J=   21.0 channel on core I =   2.0 from L=   22,  Acc. loss =  0.0 D.
 Elastic phase shift   2 =   -0.025   0.033 deg. for the L =   22, J =   21.0 channel.
      23.0  0.99884795 -0.00087221i: elastic S-matrix  @@      0.00  0   0 F  0
 Reaction Xsec    23.0-/22 @ 2 =   0.037 , Out:   0.000#   0.212/   0.038/   0.037f

   S-matrix    3 =    0.99884   0.00206 for L=   22, J=   22.0 channel on core I =   2.0 from L=   22,  Acc. loss =  0.0 D.
 Elastic phase shift   3 =    0.059   0.033 deg. for the L =   22, J =   22.0 channel.
      23.0  0.99884278  0.00205849i: elastic S-matrix  @@      0.00  0   0 F  0
 Reaction Xsec    23.0-/22 @ 3 =   0.037 , Out:   0.000#   0.057/   0.052/   0.037f

   S-matrix    4 =    0.99883   0.00513 for L=   22, J=   23.0 channel on core I =   2.0 from L=   22,  Acc. loss =  0.0 D.
 Elastic phase shift   4 =    0.147   0.033 deg. for the L =   22, J =   23.0 channel.
      23.0  0.99882811  0.00512931i: elastic S-matrix  @@      0.00  0   0 F  0
 Reaction Xsec    23.0-/22 @ 4 =   0.037 , Out:   0.000#   0.037/   0.026/   0.037f

   S-matrix    5 =    0.99963  -0.00066 for L=   24, J=   23.0 channel on core I =   2.0 from L=   24,  Acc. loss =  0.0 D.
 Elastic phase shift   5 =   -0.019   0.011 deg. for the L =   24, J =   23.0 channel.
      23.0  0.99962766 -0.00065780i: elastic S-matrix  @@      0.00  0   0 F  0
 Reaction Xsec    23.0-/24 @ 5 =   0.012 , Out:   0.000#   2.032#   0.018/   0.012f

   S-matrix    6 =    0.99963   0.00073 for L=   24, J=   24.0 channel on core I =   2.0 from L=   24,  Acc. loss =  0.0 D.
 Elastic phase shift   6 =    0.021   0.011 deg. for the L =   24, J =   24.0 channel.
      23.0  0.99962705  0.00072674i: elastic S-matrix  @@      0.00  0   0 F  0
 Reaction Xsec    23.0-/24 @ 6 =   0.012 , Out:   0.000#   3.018#   9.556#   0.012f

   S-matrix    7 =    0.99962   0.00217 for L=   24, J=   25.0 channel on core I =   2.0 from L=   24,  Acc. loss =  0.0 D.
 Elastic phase shift   7 =    0.062   0.011 deg. for the L =   24, J =   25.0 channel.
      23.0  0.99962437  0.00217060i: elastic S-matrix  @@      0.00  0   0 F  0
 Reaction Xsec    23.0-/24 @ 7 =   0.012 , Out:   0.000#   0.013/   8.984#   0.012f

   S-matrix    8 =    0.99988  -0.00040 for L=   26, J=   25.0 channel on core I =   2.0 from L=   26,  Acc. loss =  0.0 D.
 Elastic phase shift   8 =   -0.011   0.003 deg. for the L =   26, J =   25.0 channel.
      23.0  0.99987997 -0.00039629i: elastic S-matrix  @@      0.00  0   0 F  0
 Reaction Xsec    23.0-/26 @ 8 =   3.883/, Out:   0.000#   0.000#   0.296#   0.004f


 Total SPIN, PARITY =    24.0 +,     16 chs,      0 cc.  Rmin & Coul turning =    1.9   10.0
   S-matrix    1 =    0.99793   0.00793 for L=   21, J=   22.0 channel on core I =   2.0 from L=   21,  Acc. loss =  0.0 D.
 Elastic phase shift   1 =    0.228   0.059 deg. for the L =   21, J =   22.0 channel.
      24.0  0.99792739  0.00792594i: elastic S-matrix  @@      0.00  0   0 F  0
 Reaction Xsec    24.0+/21 @ 1 =   0.069 , Out:   0.000#   0.000#   0.059/   0.069f

   S-matrix    2 =    0.99934  -0.00079 for L=   23, J=   22.0 channel on core I =   2.0 from L=   23,  Acc. loss =  0.0 D.
 Elastic phase shift   2 =   -0.023   0.019 deg. for the L =   23, J =   22.0 channel.
      24.0  0.99934481 -0.00079153i: elastic S-matrix  @@      0.00  0   0 F  0
 Reaction Xsec    24.0+/23 @ 2 =   0.022 , Out:   0.000#   0.105/   0.019/   0.022f

   S-matrix    3 =    0.99934   0.00122 for L=   23, J=   23.0 channel on core I =   2.0 from L=   23,  Acc. loss =  0.0 D.
 Elastic phase shift   3 =    0.035   0.019 deg. for the L =   23, J =   23.0 channel.
      24.0  0.99934299  0.00122417i: elastic S-matrix  @@      0.00  0   0 F  0
 Reaction Xsec    24.0+/23 @ 3 =   0.022 , Out:   0.000#   0.028/   0.025/   0.022f

   S-matrix    4 =    0.99934   0.00333 for L=   23, J=   24.0 channel on core I =   2.0 from L=   23,  Acc. loss =  0.0 D.
 Elastic phase shift   4 =    0.095   0.019 deg. for the L =   23, J =   24.0 channel.
      24.0  0.99933673  0.00333087i: elastic S-matrix  @@      0.00  0   0 F  0
 Reaction Xsec    24.0+/23 @ 4 =   0.022 , Out:   0.000#   0.018/   0.013/   0.022f

   S-matrix    5 =    0.99979  -0.00052 for L=   25, J=   24.0 channel on core I =   2.0 from L=   25,  Acc. loss =  0.0 D.
 Elastic phase shift   5 =   -0.015   0.006 deg. for the L =   25, J =   24.0 channel.
      24.0  0.99978853 -0.00051925i: elastic S-matrix  @@      0.00  0   0 F  0
 Reaction Xsec    24.0+/25 @ 5 =   7.133/, Out:   0.000#   1.002#   8.982#   0.007f

   S-matrix    6 =    0.99979   0.00043 for L=   25, J=   25.0 channel on core I =   2.0 from L=   25,  Acc. loss =  0.0 D.
 Elastic phase shift   6 =    0.012   0.006 deg. for the L =   25, J =   25.0 channel.
      24.0  0.99978835  0.00043069i: elastic S-matrix  @@      0.00  0   0 F  0
 Reaction Xsec    24.0+/25 @ 6 =   7.140/, Out:   0.000#   1.487#   4.696#   0.007f

   S-matrix    7 =    0.99979   0.00142 for L=   25, J=   26.0 channel on core I =   2.0 from L=   25,  Acc. loss =  0.0 D.
 Elastic phase shift   7 =    0.041   0.006 deg. for the L =   25, J =   26.0 channel.
      24.0  0.99978720  0.00141941i: elastic S-matrix  @@      0.00  0   0 F  0
 Reaction Xsec    24.0+/25 @ 7 =   7.148/, Out:   0.000#   6.289#   4.392#   0.007f

   S-matrix    8 =    0.99993  -0.00030 for L=   27, J=   26.0 channel on core I =   2.0 from L=   27,  Acc. loss =  0.0 D.
 Elastic phase shift   8 =   -0.008   0.002 deg. for the L =   27, J =   26.0 channel.
      24.0  0.99993190 -0.00029539i: elastic S-matrix  @@      0.00  0   0 F  0
 Reaction Xsec    24.0+/27 @ 8 =   2.297/, Out:   0.000#   0.000#   0.144#   0.002f


 Total SPIN, PARITY =    24.0 -,     15 chs,      0 cc.  Rmin & Coul turning =    1.9   10.0
   S-matrix    1 =    0.99884   0.00206 for L=   22, J=   22.0 channel on core I =   2.0 from L=   22,  Acc. loss =  0.0 D.
 Elastic phase shift   1 =    0.059   0.033 deg. for the L =   22, J =   22.0 channel.
      24.0  0.99884278  0.00205849i: elastic S-matrix  @@      0.00  0   0 F  0
 Reaction Xsec    24.0-/22 @ 1 =   0.039 , Out:   0.000#   0.109/   0.034/   0.039f

   S-matrix    2 =    0.99883   0.00513 for L=   22, J=   23.0 channel on core I =   2.0 from L=   22,  Acc. loss =  0.0 D.
 Elastic phase shift   2 =    0.147   0.033 deg. for the L =   22, J =   23.0 channel.
      24.0  0.99882811  0.00512931i: elastic S-matrix  @@      0.00  0   0 F  0
 Reaction Xsec    24.0-/22 @ 2 =   0.039 , Out:   0.000#   0.062/   0.040/   0.039f

   S-matrix    3 =    0.99963  -0.00066 for L=   24, J=   23.0 channel on core I =   2.0 from L=   24,  Acc. loss =  0.0 D.
 Elastic phase shift   3 =   -0.019   0.011 deg. for the L =   24, J =   23.0 channel.
      24.0  0.99962766 -0.00065780i: elastic S-matrix  @@      0.00  0   0 F  0
 Reaction Xsec    24.0-/24 @ 3 =   0.013 , Out:   0.000#   0.012/   0.015/   0.013f

   S-matrix    4 =    0.99963   0.00073 for L=   24, J=   24.0 channel on core I =   2.0 from L=   24,  Acc. loss =  0.0 D.
 Elastic phase shift   4 =    0.021   0.011 deg. for the L =   24, J =   24.0 channel.
      24.0  0.99962705  0.00072674i: elastic S-matrix  @@      0.00  0   0 F  0
 Reaction Xsec    24.0-/24 @ 4 =   0.013 , Out:   0.000#   5.750#   0.012/   0.013f

   S-matrix    5 =    0.99962   0.00217 for L=   24, J=   25.0 channel on core I =   2.0 from L=   24,  Acc. loss =  0.0 D.
 Elastic phase shift   5 =    0.062   0.011 deg. for the L =   24, J =   25.0 channel.
      24.0  0.99962437  0.00217060i: elastic S-matrix  @@      0.00  0   0 F  0
 Reaction Xsec    24.0-/24 @ 5 =   0.013 , Out:   0.000#   3.562#   4.315#   0.013f

   S-matrix    6 =    0.99988  -0.00040 for L=   26, J=   25.0 channel on core I =   2.0 from L=   26,  Acc. loss =  0.0 D.
 Elastic phase shift   6 =   -0.011   0.003 deg. for the L =   26, J =   25.0 channel.
      24.0  0.99987997 -0.00039629i: elastic S-matrix  @@      0.00  0   0 F  0
 Reaction Xsec    24.0-/26 @ 6 =   4.049/, Out:   0.000#   0.668#   3.538#   0.004f

   S-matrix    7 =    0.99988   0.00025 for L=   26, J=   26.0 channel on core I =   2.0 from L=   26,  Acc. loss =  0.0 D.
 Elastic phase shift   7 =    0.007   0.003 deg. for the L =   26, J =   26.0 channel.
      24.0  0.99987993  0.00025480i: elastic S-matrix  @@      0.00  0   0 F  0
 Reaction Xsec    24.0-/26 @ 7 =   4.052/, Out:   0.000#   1.507#   1.254#   0.004f


 Total SPIN, PARITY =    25.0 +,     15 chs,      0 cc.  Rmin & Coul turning =    2.0   10.4
   S-matrix    1 =    0.99934   0.00122 for L=   23, J=   23.0 channel on core I =   2.0 from L=   23,  Acc. loss =  0.0 D.
 Elastic phase shift   1 =    0.035   0.019 deg. for the L =   23, J =   23.0 channel.
      25.0  0.99934299  0.00122417i: elastic S-matrix  @@      0.00  0   0 F  0
 Reaction Xsec    25.0+/23 @ 1 =   0.023 , Out:   0.000#   0.054/   0.017/   0.023f

   S-matrix    2 =    0.99934   0.00333 for L=   23, J=   24.0 channel on core I =   2.0 from L=   23,  Acc. loss =  0.0 D.
 Elastic phase shift   2 =    0.095   0.019 deg. for the L =   23, J =   24.0 channel.
      25.0  0.99933673  0.00333087i: elastic S-matrix  @@      0.00  0   0 F  0
 Reaction Xsec    25.0+/23 @ 2 =   0.023 , Out:   0.000#   0.031/   0.019/   0.023f

   S-matrix    3 =    0.99979  -0.00052 for L=   25, J=   24.0 channel on core I =   2.0 from L=   25,  Acc. loss =  0.0 D.
 Elastic phase shift   3 =   -0.015   0.006 deg. for the L =   25, J =   24.0 channel.
      25.0  0.99978853 -0.00051925i: elastic S-matrix  @@      0.00  0   0 F  0
 Reaction Xsec    25.0+/25 @ 3 =   7.424/, Out:   0.000#   5.874#   7.307#   0.007f

   S-matrix    4 =    0.99979   0.00043 for L=   25, J=   25.0 channel on core I =   2.0 from L=   25,  Acc. loss =  0.0 D.
 Elastic phase shift   4 =    0.012   0.006 deg. for the L =   25, J =   25.0 channel.
      25.0  0.99978835  0.00043069i: elastic S-matrix  @@      0.00  0   0 F  0
 Reaction Xsec    25.0+/25 @ 4 =   7.432/, Out:   0.000#   2.840#   6.058#   0.007f

   S-matrix    5 =    0.99979   0.00142 for L=   25, J=   26.0 channel on core I =   2.0 from L=   25,  Acc. loss =  0.0 D.
 Elastic phase shift   5 =    0.041   0.006 deg. for the L =   25, J =   26.0 channel.
      25.0  0.99978720  0.00141941i: elastic S-matrix  @@      0.00  0   0 F  0
 Reaction Xsec    25.0+/25 @ 5 =   7.440/, Out:   0.000#   1.742#   2.099#   0.007f

   S-matrix    6 =    0.99993  -0.00030 for L=   27, J=   26.0 channel on core I =   2.0 from L=   27,  Acc. loss =  0.0 D.
 Elastic phase shift   6 =   -0.008   0.002 deg. for the L =   27, J =   26.0 channel.
      25.0  0.99993190 -0.00029539i: elastic S-matrix  @@      0.00  0   0 F  0
 Reaction Xsec    25.0+/27 @ 6 =   2.391/, Out:   0.000#   0.329#   1.743#   0.002f

   S-matrix    7 =    0.99993   0.00015 for L=   27, J=   27.0 channel on core I =   2.0 from L=   27,  Acc. loss =  0.0 D.
 Elastic phase shift   7 =    0.004   0.002 deg. for the L =   27, J =   27.0 channel.
      25.0  0.99993190  0.00015048i: elastic S-matrix  @@      0.00  0   0 F  0
 Reaction Xsec    25.0+/27 @ 7 =   2.392/, Out:   0.000#   0.737#   0.612#   0.002f


 Total SPIN, PARITY =    25.0 -,     16 chs,      0 cc.  Rmin & Coul turning =    2.0   10.4
   S-matrix    1 =    0.99883   0.00513 for L=   22, J=   23.0 channel on core I =   2.0 from L=   22,  Acc. loss =  0.0 D.
 Elastic phase shift   1 =    0.147   0.033 deg. for the L =   22, J =   23.0 channel.
      25.0  0.99882811  0.00512931i: elastic S-matrix  @@      0.00  0   0 F  0
 Reaction Xsec    25.0-/22 @ 1 =   0.041 , Out:   0.000#   0.000#   0.029/   0.041f

   S-matrix    2 =    0.99963  -0.00066 for L=   24, J=   23.0 channel on core I =   2.0 from L=   24,  Acc. loss =  0.0 D.
 Elastic phase shift   2 =   -0.019   0.011 deg. for the L =   24, J =   23.0 channel.
      25.0  0.99962766 -0.00065780i: elastic S-matrix  @@      0.00  0   0 F  0
 Reaction Xsec    25.0-/24 @ 2 =   0.013 , Out:   0.000#   0.052/   9.059#   0.013f

   S-matrix    3 =    0.99963   0.00073 for L=   24, J=   24.0 channel on core I =   2.0 from L=   24,  Acc. loss =  0.0 D.
 Elastic phase shift   3 =    0.021   0.011 deg. for the L =   24, J =   24.0 channel.
      25.0  0.99962705  0.00072674i: elastic S-matrix  @@      0.00  0   0 F  0
 Reaction Xsec    25.0-/24 @ 3 =   0.013 , Out:   0.000#   0.014/   0.012/   0.013f

   S-matrix    4 =    0.99962   0.00217 for L=   24, J=   25.0 channel on core I =   2.0 from L=   24,  Acc. loss =  0.0 D.
 Elastic phase shift   4 =    0.062   0.011 deg. for the L =   24, J =   25.0 channel.
      25.0  0.99962437  0.00217060i: elastic S-matrix  @@      0.00  0   0 F  0
 Reaction Xsec    25.0-/24 @ 4 =   0.013 , Out:   0.000#   9.134#   6.150#   0.013f

   S-matrix    5 =    0.99988  -0.00040 for L=   26, J=   25.0 channel on core I =   2.0 from L=   26,  Acc. loss =  0.0 D.
 Elastic phase shift   5 =   -0.011   0.003 deg. for the L =   26, J =   25.0 channel.
      25.0  0.99987997 -0.00039629i: elastic S-matrix  @@      0.00  0   0 F  0
 Reaction Xsec    25.0-/26 @ 5 =   4.214/, Out:   0.000#   0.493#   4.412#   0.004f

   S-matrix    6 =    0.99988   0.00025 for L=   26, J=   26.0 channel on core I =   2.0 from L=   26,  Acc. loss =  0.0 D.
 Elastic phase shift   6 =    0.007   0.003 deg. for the L =   26, J =   26.0 channel.
      25.0  0.99987993  0.00025480i: elastic S-matrix  @@      0.00  0   0 F  0
 Reaction Xsec    25.0-/26 @ 6 =   4.217/, Out:   0.000#   0.731#   2.305#   0.004f

   S-matrix    7 =    0.99988   0.00093 for L=   26, J=   27.0 channel on core I =   2.0 from L=   26,  Acc. loss =  0.0 D.
 Elastic phase shift   7 =    0.027   0.003 deg. for the L =   26, J =   27.0 channel.
      25.0  0.99987943  0.00093132i: elastic S-matrix  @@      0.00  0   0 F  0
 Reaction Xsec    25.0-/26 @ 7 =   4.220/, Out:   0.000#   3.081#   2.147#   0.004f

   S-matrix    8 =    0.99996  -0.00022 for L=   28, J=   27.0 channel on core I =   2.0 from L=   28,  Acc. loss =  0.0 D.
 Elastic phase shift   8 =   -0.006   0.001 deg. for the L =   28, J =   27.0 channel.
      25.0  0.99996139 -0.00021640i: elastic S-matrix  @@      0.00  0   0 F  0
 Reaction Xsec    25.0-/28 @ 8 =   1.356/, Out:   0.000#   0.000#   0.070#   0.001f


 Total SPIN, PARITY =    26.0 +,     16 chs,      0 cc.  Rmin & Coul turning =    2.1   10.8
   S-matrix    1 =    0.99934   0.00333 for L=   23, J=   24.0 channel on core I =   2.0 from L=   23,  Acc. loss =  0.0 D.
 Elastic phase shift   1 =    0.095   0.019 deg. for the L =   23, J =   24.0 channel.
      26.0  0.99933673  0.00333087i: elastic S-matrix  @@      0.00  0   0 F  0
 Reaction Xsec    26.0+/23 @ 1 =   0.024 , Out:   0.000#   0.000#   0.014/   0.024f

   S-matrix    2 =    0.99979  -0.00052 for L=   25, J=   24.0 channel on core I =   2.0 from L=   25,  Acc. loss =  0.0 D.
 Elastic phase shift   2 =   -0.015   0.006 deg. for the L =   25, J =   24.0 channel.
      26.0  0.99978853 -0.00051925i: elastic S-matrix  @@      0.00  0   0 F  0
 Reaction Xsec    26.0+/25 @ 2 =   7.715/, Out:   0.000#   0.026/   4.421#   0.008f

   S-matrix    3 =    0.99979   0.00043 for L=   25, J=   25.0 channel on core I =   2.0 from L=   25,  Acc. loss =  0.0 D.
 Elastic phase shift   3 =    0.012   0.006 deg. for the L =   25, J =   25.0 channel.
      26.0  0.99978835  0.00043069i: elastic S-matrix  @@      0.00  0   0 F  0
 Reaction Xsec    26.0+/25 @ 3 =   7.723/, Out:   0.000#   6.926#   6.060#   0.008f

   S-matrix    4 =    0.99979   0.00142 for L=   25, J=   26.0 channel on core I =   2.0 from L=   25,  Acc. loss =  0.0 D.
 Elastic phase shift   4 =    0.041   0.006 deg. for the L =   25, J =   26.0 channel.
      26.0  0.99978720  0.00141941i: elastic S-matrix  @@      0.00  0   0 F  0
 Reaction Xsec    26.0+/25 @ 4 =   7.732/, Out:   0.000#   4.515#   2.996#   0.008f

   S-matrix    5 =    0.99993  -0.00030 for L=   27, J=   26.0 channel on core I =   2.0 from L=   27,  Acc. loss =  0.0 D.
 Elastic phase shift   5 =   -0.008   0.002 deg. for the L =   27, J =   26.0 channel.
      26.0  0.99993190 -0.00029539i: elastic S-matrix  @@      0.00  0   0 F  0
 Reaction Xsec    26.0+/27 @ 5 =   2.485/, Out:   0.000#   0.241#   2.168#   0.002f

   S-matrix    6 =    0.99993   0.00015 for L=   27, J=   27.0 channel on core I =   2.0 from L=   27,  Acc. loss =  0.0 D.
 Elastic phase shift   6 =    0.004   0.002 deg. for the L =   27, J =   27.0 channel.
      26.0  0.99993190  0.00015048i: elastic S-matrix  @@      0.00  0   0 F  0
 Reaction Xsec    26.0+/27 @ 6 =   2.486/, Out:   0.000#   0.358#   1.131#   0.002f

   S-matrix    7 =    0.99993   0.00061 for L=   27, J=   28.0 channel on core I =   2.0 from L=   27,  Acc. loss =  0.0 D.
 Elastic phase shift   7 =    0.018   0.002 deg. for the L =   27, J =   28.0 channel.
      26.0  0.99993169  0.00061305i: elastic S-matrix  @@      0.00  0   0 F  0
 Reaction Xsec    26.0+/27 @ 7 =   2.487/, Out:   0.000#   1.505#   1.049#   0.002f

   S-matrix    8 =    0.99998  -0.00016 for L=   29, J=   28.0 channel on core I =   2.0 from L=   29,  Acc. loss =  0.0 D.
 Elastic phase shift   8 =   -0.004   0.001 deg. for the L =   29, J =   28.0 channel.
      26.0  0.99997811 -0.00015643i: elastic S-matrix  @@      0.00  0   0 F  0
 Reaction Xsec    26.0+/29 @ 8 =   0.799/, Out:   0.000#   0.000#   0.035#   0.001f


 Total SPIN, PARITY =    26.0 -,     15 chs,      0 cc.  Rmin & Coul turning =    2.1   10.8
   S-matrix    1 =    0.99963   0.00073 for L=   24, J=   24.0 channel on core I =   2.0 from L=   24,  Acc. loss =  0.0 D.
 Elastic phase shift   1 =    0.021   0.011 deg. for the L =   24, J =   24.0 channel.
      26.0  0.99962705  0.00072674i: elastic S-matrix  @@      0.00  0   0 F  0
 Reaction Xsec    26.0-/24 @ 1 =   0.014 , Out:   0.000#   0.027/   8.103#   0.014f

   S-matrix    2 =    0.99962   0.00217 for L=   24, J=   25.0 channel on core I =   2.0 from L=   24,  Acc. loss =  0.0 D.
 Elastic phase shift   2 =    0.062   0.011 deg. for the L =   24, J =   25.0 channel.
      26.0  0.99962437  0.00217060i: elastic S-matrix  @@      0.00  0   0 F  0
 Reaction Xsec    26.0-/24 @ 2 =   0.014 , Out:   0.000#   0.015/   9.474#   0.014f

   S-matrix    3 =    0.99988  -0.00040 for L=   26, J=   25.0 channel on core I =   2.0 from L=   26,  Acc. loss =  0.0 D.
 Elastic phase shift   3 =   -0.011   0.003 deg. for the L =   26, J =   25.0 channel.
      26.0  0.99987997 -0.00039629i: elastic S-matrix  @@      0.00  0   0 F  0
 Reaction Xsec    26.0-/26 @ 3 =   4.379/, Out:   0.000#   2.922#   3.578#   0.004f

   S-matrix    4 =    0.99988   0.00025 for L=   26, J=   26.0 channel on core I =   2.0 from L=   26,  Acc. loss =  0.0 D.
 Elastic phase shift   4 =    0.007   0.003 deg. for the L =   26, J =   26.0 channel.
      26.0  0.99987993  0.00025480i: elastic S-matrix  @@      0.00  0   0 F  0
 Reaction Xsec    26.0-/26 @ 4 =   4.383/, Out:   0.000#   1.402#   2.967#   0.004f

   S-matrix    5 =    0.99988   0.00093 for L=   26, J=   27.0 channel on core I =   2.0 from L=   26,  Acc. loss =  0.0 D.
 Elastic phase shift   5 =    0.027   0.003 deg. for the L =   26, J =   27.0 channel.
      26.0  0.99987943  0.00093132i: elastic S-matrix  @@      0.00  0   0 F  0
 Reaction Xsec    26.0-/26 @ 5 =   4.386/, Out:   0.000#   0.850#   1.019#   0.004f

   S-matrix    6 =    0.99996  -0.00022 for L=   28, J=   27.0 channel on core I =   2.0 from L=   28,  Acc. loss =  0.0 D.
 Elastic phase shift   6 =   -0.006   0.001 deg. for the L =   28, J =   27.0 channel.
      26.0  0.99996139 -0.00021640i: elastic S-matrix  @@      0.00  0   0 F  0
 Reaction Xsec    26.0-/28 @ 6 =   1.409/, Out:   0.000#   0.161#   0.860#   0.001f

   S-matrix    7 =    0.99996   0.00009 for L=   28, J=   28.0 channel on core I =   2.0 from L=   28,  Acc. loss =  0.0 D.
 Elastic phase shift   7 =    0.003   0.001 deg. for the L =   28, J =   28.0 channel.
      26.0  0.99996139  0.00008869i: elastic S-matrix  @@      0.00  0   0 F  0
 Reaction Xsec    26.0-/28 @ 7 =   1.409/, Out:   0.000#   0.361#   0.299#   0.001f


 Total SPIN, PARITY =    27.0 +,     15 chs,      0 cc.  Rmin & Coul turning =    2.1   11.2
   S-matrix    1 =    0.99979   0.00043 for L=   25, J=   25.0 channel on core I =   2.0 from L=   25,  Acc. loss =  0.0 D.
 Elastic phase shift   1 =    0.012   0.006 deg. for the L =   25, J =   25.0 channel.
      27.0  0.99978835  0.00043069i: elastic S-matrix  @@      0.00  0   0 F  0
 Reaction Xsec    27.0+/25 @ 1 =   8.015/, Out:   0.000#   0.013/   3.946#   0.008f

   S-matrix    2 =    0.99979   0.00142 for L=   25, J=   26.0 channel on core I =   2.0 from L=   25,  Acc. loss =  0.0 D.
 Elastic phase shift   2 =    0.041   0.006 deg. for the L =   25, J =   26.0 channel.
      27.0  0.99978720  0.00141941i: elastic S-matrix  @@      0.00  0   0 F  0
 Reaction Xsec    27.0+/25 @ 2 =   8.024/, Out:   0.000#   7.424#   4.610#   0.008f

   S-matrix    3 =    0.99993  -0.00030 for L=   27, J=   26.0 channel on core I =   2.0 from L=   27,  Acc. loss =  0.0 D.
 Elastic phase shift   3 =   -0.008   0.002 deg. for the L =   27, J =   26.0 channel.
      27.0  0.99993190 -0.00029539i: elastic S-matrix  @@      0.00  0   0 F  0
 Reaction Xsec    27.0+/27 @ 3 =   2.578/, Out:   0.000#   1.453#   1.752#   0.003f

   S-matrix    4 =    0.99993   0.00015 for L=   27, J=   27.0 channel on core I =   2.0 from L=   27,  Acc. loss =  0.0 D.
 Elastic phase shift   4 =    0.004   0.002 deg. for the L =   27, J =   27.0 channel.
      27.0  0.99993190  0.00015048i: elastic S-matrix  @@      0.00  0   0 F  0
 Reaction Xsec    27.0+/27 @ 4 =   2.580/, Out:   0.000#   0.692#   1.452#   0.003f

   S-matrix    5 =    0.99993   0.00061 for L=   27, J=   28.0 channel on core I =   2.0 from L=   27,  Acc. loss =  0.0 D.
 Elastic phase shift   5 =    0.018   0.002 deg. for the L =   27, J =   28.0 channel.
      27.0  0.99993169  0.00061305i: elastic S-matrix  @@      0.00  0   0 F  0
 Reaction Xsec    27.0+/27 @ 5 =   2.581/, Out:   0.000#   0.414#   0.494#   0.003f

   S-matrix    6 =    0.99998  -0.00016 for L=   29, J=   28.0 channel on core I =   2.0 from L=   29,  Acc. loss =  0.0 D.
 Elastic phase shift   6 =   -0.004   0.001 deg. for the L =   29, J =   28.0 channel.
      27.0  0.99997811 -0.00015643i: elastic S-matrix  @@      0.00  0   0 F  0
 Reaction Xsec    27.0+/29 @ 6 =   0.829/, Out:   0.000#   0.080#   0.424#   0.001f

   S-matrix    7 =    0.99998   0.00005 for L=   29, J=   29.0 channel on core I =   2.0 from L=   29,  Acc. loss =  0.0 D.
 Elastic phase shift   7 =    0.001   0.001 deg. for the L =   29, J =   29.0 channel.
      27.0  0.99997812  0.00005218i: elastic S-matrix  @@      0.00  0   0 F  0
 Reaction Xsec    27.0+/29 @ 7 =   0.829/, Out:   0.000#   0.177#   0.147#   0.001f


 Total SPIN, PARITY =    27.0 -,     16 chs,      0 cc.  Rmin & Coul turning =    2.1   11.2
   S-matrix    1 =    0.99962   0.00217 for L=   24, J=   25.0 channel on core I =   2.0 from L=   24,  Acc. loss =  0.0 D.
 Elastic phase shift   1 =    0.062   0.011 deg. for the L =   24, J =   25.0 channel.
      27.0  0.99962437  0.00217060i: elastic S-matrix  @@      0.00  0   0 F  0
 Reaction Xsec    27.0-/24 @ 1 =   0.014 , Out:   0.000#   0.000#   6.754#   0.014f

   S-matrix    2 =    0.99988  -0.00040 for L=   26, J=   25.0 channel on core I =   2.0 from L=   26,  Acc. loss =  0.0 D.
 Elastic phase shift   2 =   -0.011   0.003 deg. for the L =   26, J =   25.0 channel.
      27.0  0.99987997 -0.00039629i: elastic S-matrix  @@      0.00  0   0 F  0
 Reaction Xsec    27.0-/26 @ 2 =   4.545/, Out:   0.000#   0.013/   2.157#   0.005f

   S-matrix    3 =    0.99988   0.00025 for L=   26, J=   26.0 channel on core I =   2.0 from L=   26,  Acc. loss =  0.0 D.
 Elastic phase shift   3 =    0.007   0.003 deg. for the L =   26, J =   26.0 channel.
      27.0  0.99987993  0.00025480i: elastic S-matrix  @@      0.00  0   0 F  0
 Reaction Xsec    27.0-/26 @ 3 =   4.548/, Out:   0.000#   3.421#   2.958#   0.005f

   S-matrix    4 =    0.99988   0.00093 for L=   26, J=   27.0 channel on core I =   2.0 from L=   26,  Acc. loss =  0.0 D.
 Elastic phase shift   4 =    0.027   0.003 deg. for the L =   26, J =   27.0 channel.
      27.0  0.99987943  0.00093132i: elastic S-matrix  @@      0.00  0   0 F  0
 Reaction Xsec    27.0-/26 @ 4 =   4.551/, Out:   0.000#   2.232#   1.456#   0.005f

   S-matrix    5 =    0.99996  -0.00022 for L=   28, J=   27.0 channel on core I =   2.0 from L=   28,  Acc. loss =  0.0 D.
 Elastic phase shift   5 =   -0.006   0.001 deg. for the L =   28, J =   27.0 channel.
      27.0  0.99996139 -0.00021640i: elastic S-matrix  @@      0.00  0   0 F  0
 Reaction Xsec    27.0-/28 @ 5 =   1.462/, Out:   0.000#   0.118#   1.066#   0.001f

   S-matrix    6 =    0.99996   0.00009 for L=   28, J=   28.0 channel on core I =   2.0 from L=   28,  Acc. loss =  0.0 D.
 Elastic phase shift   6 =    0.003   0.001 deg. for the L =   28, J =   28.0 channel.
      27.0  0.99996139  0.00008869i: elastic S-matrix  @@      0.00  0   0 F  0
 Reaction Xsec    27.0-/28 @ 6 =   1.463/, Out:   0.000#   0.175#   0.555#   0.001f

   S-matrix    7 =    0.99996   0.00040 for L=   28, J=   29.0 channel on core I =   2.0 from L=   28,  Acc. loss =  0.0 D.
 Elastic phase shift   7 =    0.012   0.001 deg. for the L =   28, J =   29.0 channel.
      27.0  0.99996130  0.00040476i: elastic S-matrix  @@      0.00  0   0 F  0
 Reaction Xsec    27.0-/28 @ 7 =   1.463/, Out:   0.000#   0.736#   0.513#   0.001f

   S-matrix    8 =    0.99999  -0.00011 for L=   30, J=   29.0 channel on core I =   2.0 from L=   30,  Acc. loss =  0.0 D.
 Elastic phase shift   8 =   -0.003   0.000 deg. for the L =   30, J =   29.0 channel.
      27.0  0.99998760 -0.00011191i: elastic S-matrix  @@      0.00  0   0 F  0
 Reaction Xsec    27.0-/30 @ 8 =   0.470/, Out:   0.000#   0.000#   0.017#   0.000f


 Total SPIN, PARITY =    28.0 +,     16 chs,      0 cc.  Rmin & Coul turning =    2.2   11.6
   S-matrix    1 =    0.99979   0.00142 for L=   25, J=   26.0 channel on core I =   2.0 from L=   25,  Acc. loss =  0.0 D.
 Elastic phase shift   1 =    0.041   0.006 deg. for the L =   25, J =   26.0 channel.
      28.0  0.99978720  0.00141941i: elastic S-matrix  @@      0.00  0   0 F  0
 Reaction Xsec    28.0+/25 @ 1 =   8.315/, Out:   0.000#   0.000#   3.287#   0.008f

   S-matrix    2 =    0.99993  -0.00030 for L=   27, J=   26.0 channel on core I =   2.0 from L=   27,  Acc. loss =  0.0 D.
 Elastic phase shift   2 =   -0.008   0.002 deg. for the L =   27, J =   26.0 channel.
      28.0  0.99993190 -0.00029539i: elastic S-matrix  @@      0.00  0   0 F  0
 Reaction Xsec    28.0+/27 @ 2 =   2.672/, Out:   0.000#   6.369#   1.052#   0.003f

   S-matrix    3 =    0.99993   0.00015 for L=   27, J=   27.0 channel on core I =   2.0 from L=   27,  Acc. loss =  0.0 D.
 Elastic phase shift   3 =    0.004   0.002 deg. for the L =   27, J =   27.0 channel.
      28.0  0.99993190  0.00015048i: elastic S-matrix  @@      0.00  0   0 F  0
 Reaction Xsec    28.0+/27 @ 3 =   2.673/, Out:   0.000#   1.691#   1.443#   0.003f

   S-matrix    4 =    0.99993   0.00061 for L=   27, J=   28.0 channel on core I =   2.0 from L=   27,  Acc. loss =  0.0 D.
 Elastic phase shift   4 =    0.018   0.002 deg. for the L =   27, J =   28.0 channel.
      28.0  0.99993169  0.00061305i: elastic S-matrix  @@      0.00  0   0 F  0
 Reaction Xsec    28.0+/27 @ 4 =   2.675/, Out:   0.000#   1.104#   0.706#   0.003f

   S-matrix    5 =    0.99998  -0.00016 for L=   29, J=   28.0 channel on core I =   2.0 from L=   29,  Acc. loss =  0.0 D.
 Elastic phase shift   5 =   -0.004   0.001 deg. for the L =   29, J =   28.0 channel.
      28.0  0.99997811 -0.00015643i: elastic S-matrix  @@      0.00  0   0 F  0
 Reaction Xsec    28.0+/29 @ 5 =   0.859/, Out:   0.000#   0.058#   0.525#   0.001f

   S-matrix    6 =    0.99998   0.00005 for L=   29, J=   29.0 channel on core I =   2.0 from L=   29,  Acc. loss =  0.0 D.
 Elastic phase shift   6 =    0.001   0.001 deg. for the L =   29, J =   29.0 channel.
      28.0  0.99997812  0.00005218i: elastic S-matrix  @@      0.00  0   0 F  0
 Reaction Xsec    28.0+/29 @ 6 =   0.859/, Out:   0.000#   0.086#   0.273#   0.001f

   S-matrix    7 =    0.99998   0.00027 for L=   29, J=   30.0 channel on core I =   2.0 from L=   29,  Acc. loss =  0.0 D.
 Elastic phase shift   7 =    0.008   0.001 deg. for the L =   29, J =   30.0 channel.
      28.0  0.99997808  0.00026802i: elastic S-matrix  @@      0.00  0   0 F  0
 Reaction Xsec    28.0+/29 @ 7 =   0.859/, Out:   0.000#   0.361#   0.252#   0.001f

   S-matrix    8 =    0.99999  -0.00008 for L=   31, J=   30.0 channel on core I =   2.0 from L=   31,  Acc. loss =  0.0 D.
 Elastic phase shift   8 =   -0.002   0.000 deg. for the L =   31, J =   30.0 channel.
      28.0  0.99999298 -0.00007941i: elastic S-matrix  @@      0.00  0   0 F  0
 Reaction Xsec    28.0+/31 @ 8 =   0.276/, Out:   0.000#   0.000#   0.008#   0.000f


 Total SPIN, PARITY =    28.0 -,     15 chs,      0 cc.  Rmin & Coul turning =    2.2   11.6
   S-matrix    1 =    0.99988   0.00025 for L=   26, J=   26.0 channel on core I =   2.0 from L=   26,  Acc. loss =  0.0 D.
 Elastic phase shift   1 =    0.007   0.003 deg. for the L =   26, J =   26.0 channel.
      28.0  0.99987993  0.00025480i: elastic S-matrix  @@      0.00  0   0 F  0
 Reaction Xsec    28.0-/26 @ 1 =   4.713/, Out:   0.000#   6.550#   1.922#   0.005f

   S-matrix    2 =    0.99988   0.00093 for L=   26, J=   27.0 channel on core I =   2.0 from L=   26,  Acc. loss =  0.0 D.
 Elastic phase shift   2 =    0.027   0.003 deg. for the L =   26, J =   27.0 channel.
      28.0  0.99987943  0.00093132i: elastic S-matrix  @@      0.00  0   0 F  0
 Reaction Xsec    28.0-/26 @ 2 =   4.717/, Out:   0.000#   3.658#   2.241#   0.005f

   S-matrix    3 =    0.99996  -0.00022 for L=   28, J=   27.0 channel on core I =   2.0 from L=   28,  Acc. loss =  0.0 D.
 Elastic phase shift   3 =   -0.006   0.001 deg. for the L =   28, J =   27.0 channel.
      28.0  0.99996139 -0.00021640i: elastic S-matrix  @@      0.00  0   0 F  0
 Reaction Xsec    28.0-/28 @ 3 =   1.515/, Out:   0.000#   0.723#   0.859#   0.002f

   S-matrix    4 =    0.99996   0.00009 for L=   28, J=   28.0 channel on core I =   2.0 from L=   28,  Acc. loss =  0.0 D.
 Elastic phase shift   4 =    0.003   0.001 deg. for the L =   28, J =   28.0 channel.
      28.0  0.99996139  0.00008869i: elastic S-matrix  @@      0.00  0   0 F  0
 Reaction Xsec    28.0-/28 @ 4 =   1.516/, Out:   0.000#   0.342#   0.712#   0.002f

   S-matrix    5 =    0.99996   0.00040 for L=   28, J=   29.0 channel on core I =   2.0 from L=   28,  Acc. loss =  0.0 D.
 Elastic phase shift   5 =    0.012   0.001 deg. for the L =   28, J =   29.0 channel.
      28.0  0.99996130  0.00040476i: elastic S-matrix  @@      0.00  0   0 F  0
 Reaction Xsec    28.0-/28 @ 5 =   1.516/, Out:   0.000#   0.202#   0.239#   0.002f

   S-matrix    6 =    0.99999  -0.00011 for L=   30, J=   29.0 channel on core I =   2.0 from L=   30,  Acc. loss =  0.0 D.
 Elastic phase shift   6 =   -0.003   0.000 deg. for the L =   30, J =   29.0 channel.
      28.0  0.99998760 -0.00011191i: elastic S-matrix  @@      0.00  0   0 F  0
 Reaction Xsec    28.0-/30 @ 6 =   0.487/, Out:   0.000#   0.040#   0.210#   0.000f

   S-matrix    7 =    0.99999   0.00003 for L=   30, J=   30.0 channel on core I =   2.0 from L=   30,  Acc. loss =  0.0 D.
 Elastic phase shift   7 =    0.001   0.000 deg. for the L =   30, J =   30.0 channel.
      28.0  0.99998760  0.00003063i: elastic S-matrix  @@      0.00  0   0 F  0
 Reaction Xsec    28.0-/30 @ 7 =   0.487/, Out:   0.000#   0.088#   0.072#   0.000f


 Total SPIN, PARITY =    29.0 +,     15 chs,      0 cc.  Rmin & Coul turning =    2.3   12.0
   S-matrix    1 =    0.99993   0.00015 for L=   27, J=   27.0 channel on core I =   2.0 from L=   27,  Acc. loss =  0.0 D.
 Elastic phase shift   1 =    0.004   0.002 deg. for the L =   27, J =   27.0 channel.
      29.0  0.99993190  0.00015048i: elastic S-matrix  @@      0.00  0   0 F  0
 Reaction Xsec    29.0+/27 @ 1 =   2.767/, Out:   0.000#   3.243#   0.936#   0.003f

   S-matrix    2 =    0.99993   0.00061 for L=   27, J=   28.0 channel on core I =   2.0 from L=   27,  Acc. loss =  0.0 D.
 Elastic phase shift   2 =    0.018   0.002 deg. for the L =   27, J =   28.0 channel.
      29.0  0.99993169  0.00061305i: elastic S-matrix  @@      0.00  0   0 F  0
 Reaction Xsec    29.0+/27 @ 2 =   2.769/, Out:   0.000#   1.804#   1.089#   0.003f

   S-matrix    3 =    0.99998  -0.00016 for L=   29, J=   28.0 channel on core I =   2.0 from L=   29,  Acc. loss =  0.0 D.
 Elastic phase shift   3 =   -0.004   0.001 deg. for the L =   29, J =   28.0 channel.
      29.0  0.99997811 -0.00015643i: elastic S-matrix  @@      0.00  0   0 F  0
 Reaction Xsec    29.0+/29 @ 3 =   0.889/, Out:   0.000#   0.361#   0.422#   0.001f

   S-matrix    4 =    0.99998   0.00005 for L=   29, J=   29.0 channel on core I =   2.0 from L=   29,  Acc. loss =  0.0 D.
 Elastic phase shift   4 =    0.001   0.001 deg. for the L =   29, J =   29.0 channel.
      29.0  0.99997812  0.00005218i: elastic S-matrix  @@      0.00  0   0 F  0
 Reaction Xsec    29.0+/29 @ 4 =   0.889/, Out:   0.000#   0.169#   0.350#   0.001f

   S-matrix    5 =    0.99998   0.00027 for L=   29, J=   30.0 channel on core I =   2.0 from L=   29,  Acc. loss =  0.0 D.
 Elastic phase shift   5 =    0.008   0.001 deg. for the L =   29, J =   30.0 channel.
      29.0  0.99997808  0.00026802i: elastic S-matrix  @@      0.00  0   0 F  0
 Reaction Xsec    29.0+/29 @ 5 =   0.890/, Out:   0.000#   0.099#   0.116#   0.001f

   S-matrix    6 =    0.99999  -0.00008 for L=   31, J=   30.0 channel on core I =   2.0 from L=   31,  Acc. loss =  0.0 D.
 Elastic phase shift   6 =   -0.002   0.000 deg. for the L =   31, J =   30.0 channel.
      29.0  0.99999298 -0.00007941i: elastic S-matrix  @@      0.00  0   0 F  0
 Reaction Xsec    29.0+/31 @ 6 =   0.285/, Out:   0.000#   0.020#   0.104#   0.000f

   S-matrix    7 =    0.99999   0.00002 for L=   31, J=   31.0 channel on core I =   2.0 from L=   31,  Acc. loss =  0.0 D.
 Elastic phase shift   7 =    0.001   0.000 deg. for the L =   31, J =   31.0 channel.
      29.0  0.99999298  0.00001793i: elastic S-matrix  @@      0.00  0   0 F  0
 Reaction Xsec    29.0+/31 @ 7 =   0.285/, Out:   0.000#   0.044#   0.036#   0.000f


 Total SPIN, PARITY =    29.0 -,     16 chs,      0 cc.  Rmin & Coul turning =    2.3   12.0
   S-matrix    1 =    0.99988   0.00093 for L=   26, J=   27.0 channel on core I =   2.0 from L=   26,  Acc. loss =  0.0 D.
 Elastic phase shift   1 =    0.027   0.003 deg. for the L =   26, J =   27.0 channel.
      29.0  0.99987943  0.00093132i: elastic S-matrix  @@      0.00  0   0 F  0
 Reaction Xsec    29.0-/26 @ 1 =   4.882/, Out:   0.000#   0.000#   1.600#   0.005f

   S-matrix    2 =    0.99996  -0.00022 for L=   28, J=   27.0 channel on core I =   2.0 from L=   28,  Acc. loss =  0.0 D.
 Elastic phase shift   2 =   -0.006   0.001 deg. for the L =   28, J =   27.0 channel.
      29.0  0.99996139 -0.00021640i: elastic S-matrix  @@      0.00  0   0 F  0
 Reaction Xsec    29.0-/28 @ 2 =   1.568/, Out:   0.000#   3.160#   0.514#   0.002f

   S-matrix    3 =    0.99996   0.00009 for L=   28, J=   28.0 channel on core I =   2.0 from L=   28,  Acc. loss =  0.0 D.
 Elastic phase shift   3 =    0.003   0.001 deg. for the L =   28, J =   28.0 channel.
      29.0  0.99996139  0.00008869i: elastic S-matrix  @@      0.00  0   0 F  0
 Reaction Xsec    29.0-/28 @ 3 =   1.569/, Out:   0.000#   0.837#   0.705#   0.002f

   S-matrix    4 =    0.99996   0.00040 for L=   28, J=   29.0 channel on core I =   2.0 from L=   28,  Acc. loss =  0.0 D.
 Elastic phase shift   4 =    0.012   0.001 deg. for the L =   28, J =   29.0 channel.
      29.0  0.99996130  0.00040476i: elastic S-matrix  @@      0.00  0   0 F  0
 Reaction Xsec    29.0-/28 @ 4 =   1.570/, Out:   0.000#   0.547#   0.343#   0.002f

   S-matrix    5 =    0.99999  -0.00011 for L=   30, J=   29.0 channel on core I =   2.0 from L=   30,  Acc. loss =  0.0 D.
 Elastic phase shift   5 =   -0.003   0.000 deg. for the L =   30, J =   29.0 channel.
      29.0  0.99998760 -0.00011191i: elastic S-matrix  @@      0.00  0   0 F  0
 Reaction Xsec    29.0-/30 @ 5 =   0.504/, Out:   0.000#   0.029#   0.259#   0.001f

   S-matrix    6 =    0.99999   0.00003 for L=   30, J=   30.0 channel on core I =   2.0 from L=   30,  Acc. loss =  0.0 D.
 Elastic phase shift   6 =    0.001   0.000 deg. for the L =   30, J =   30.0 channel.
      29.0  0.99998760  0.00003063i: elastic S-matrix  @@      0.00  0   0 F  0
 Reaction Xsec    29.0-/30 @ 6 =   0.504/, Out:   0.000#   0.043#   0.135#   0.001f

   S-matrix    7 =    0.99999   0.00018 for L=   30, J=   31.0 channel on core I =   2.0 from L=   30,  Acc. loss =  0.0 D.
 Elastic phase shift   7 =    0.005   0.000 deg. for the L =   30, J =   31.0 channel.
      29.0  0.99998758  0.00017794i: elastic S-matrix  @@      0.00  0   0 F  0
 Reaction Xsec    29.0-/30 @ 7 =   0.504/, Out:   0.000#   0.178#   0.124#   0.001f

   S-matrix    8 =    1.00000  -0.00006 for L=   32, J=   31.0 channel on core I =   2.0 from L=   32,  Acc. loss =  0.0 D.
 Elastic phase shift   8 =   -0.002   0.000 deg. for the L =   32, J =   31.0 channel.
      29.0  0.99999602 -0.00005596i: elastic S-matrix  @@      0.00  0   0 F  0
 Reaction Xsec    29.0-/32 @ 8 =   0.162/, Out:   0.000#   0.000#   0.004#   0.000f


 Total SPIN, PARITY =    30.0 +,     16 chs,      0 cc.  Rmin & Coul turning =    2.4   12.4
   S-matrix    1 =    0.99993   0.00061 for L=   27, J=   28.0 channel on core I =   2.0 from L=   27,  Acc. loss =  0.0 D.
 Elastic phase shift   1 =    0.018   0.002 deg. for the L =   27, J =   28.0 channel.
      30.0  0.99993169  0.00061305i: elastic S-matrix  @@      0.00  0   0 F  0
 Reaction Xsec    30.0+/27 @ 1 =   2.863/, Out:   0.000#   0.000#   0.780#   0.003f

   S-matrix    2 =    0.99998  -0.00016 for L=   29, J=   28.0 channel on core I =   2.0 from L=   29,  Acc. loss =  0.0 D.
 Elastic phase shift   2 =   -0.004   0.001 deg. for the L =   29, J =   28.0 channel.
      30.0  0.99997811 -0.00015643i: elastic S-matrix  @@      0.00  0   0 F  0
 Reaction Xsec    30.0+/29 @ 2 =   0.919/, Out:   0.000#   1.571#   0.251#   0.001f

   S-matrix    3 =    0.99998   0.00005 for L=   29, J=   29.0 channel on core I =   2.0 from L=   29,  Acc. loss =  0.0 D.
 Elastic phase shift   3 =    0.001   0.001 deg. for the L =   29, J =   29.0 channel.
      30.0  0.99997812  0.00005218i: elastic S-matrix  @@      0.00  0   0 F  0
 Reaction Xsec    30.0+/29 @ 3 =   0.919/, Out:   0.000#   0.415#   0.345#   0.001f

   S-matrix    4 =    0.99998   0.00027 for L=   29, J=   30.0 channel on core I =   2.0 from L=   29,  Acc. loss =  0.0 D.
 Elastic phase shift   4 =    0.008   0.001 deg. for the L =   29, J =   30.0 channel.
      30.0  0.99997808  0.00026802i: elastic S-matrix  @@      0.00  0   0 F  0
 Reaction Xsec    30.0+/29 @ 4 =   0.920/, Out:   0.000#   0.271#   0.167#   0.001f

   S-matrix    5 =    0.99999  -0.00008 for L=   31, J=   30.0 channel on core I =   2.0 from L=   31,  Acc. loss =  0.0 D.
 Elastic phase shift   5 =   -0.002   0.000 deg. for the L =   31, J =   30.0 channel.
      30.0  0.99999298 -0.00007941i: elastic S-matrix  @@      0.00  0   0 F  0
 Reaction Xsec    30.0+/31 @ 5 =   0.295/, Out:   0.000#   0.014#   0.128#   0.000f

   S-matrix    6 =    0.99999   0.00002 for L=   31, J=   31.0 channel on core I =   2.0 from L=   31,  Acc. loss =  0.0 D.
 Elastic phase shift   6 =    0.001   0.000 deg. for the L =   31, J =   31.0 channel.
      30.0  0.99999298  0.00001793i: elastic S-matrix  @@      0.00  0   0 F  0
 Reaction Xsec    30.0+/31 @ 6 =   0.295/, Out:   0.000#   0.021#   0.067#   0.000f

   S-matrix    7 =    0.99999   0.00012 for L=   31, J=   32.0 channel on core I =   2.0 from L=   31,  Acc. loss =  0.0 D.
 Elastic phase shift   7 =    0.003   0.000 deg. for the L =   31, J =   32.0 channel.
      30.0  0.99999297  0.00011841i: elastic S-matrix  @@      0.00  0   0 F  0
 Reaction Xsec    30.0+/31 @ 7 =   0.295/, Out:   0.000#   0.089#   0.061#   0.000f

   S-matrix    8 =    1.00000  -0.00004 for L=   33, J=   32.0 channel on core I =   2.0 from L=   33,  Acc. loss =  0.0 D.
 Elastic phase shift   8 =   -0.001   0.000 deg. for the L =   33, J =   32.0 channel.
      30.0  0.99999775 -0.00003920i: elastic S-matrix  @@      0.00  0   0 F  0
 Reaction Xsec    30.0+/33 @ 8 =   0.095/, Out:   0.000#   0.000#   0.002#   0.000f


 Total SPIN, PARITY =    30.0 -,     15 chs,      0 cc.  Rmin & Coul turning =    2.4   12.4
   S-matrix    1 =    0.99996   0.00009 for L=   28, J=   28.0 channel on core I =   2.0 from L=   28,  Acc. loss =  0.0 D.
 Elastic phase shift   1 =    0.003   0.001 deg. for the L =   28, J =   28.0 channel.
      30.0  0.99996139  0.00008869i: elastic S-matrix  @@      0.00  0   0 F  0
 Reaction Xsec    30.0-/28 @ 1 =   1.622/, Out:   0.000#   1.608#   0.457#   0.002f

   S-matrix    2 =    0.99996   0.00040 for L=   28, J=   29.0 channel on core I =   2.0 from L=   28,  Acc. loss =  0.0 D.
 Elastic phase shift   2 =    0.012   0.001 deg. for the L =   28, J =   29.0 channel.
      30.0  0.99996130  0.00040476i: elastic S-matrix  @@      0.00  0   0 F  0
 Reaction Xsec    30.0-/28 @ 2 =   1.623/, Out:   0.000#   0.891#   0.529#   0.002f

   S-matrix    3 =    0.99999  -0.00011 for L=   30, J=   29.0 channel on core I =   2.0 from L=   30,  Acc. loss =  0.0 D.
 Elastic phase shift   3 =   -0.003   0.000 deg. for the L =   30, J =   29.0 channel.
      30.0  0.99998760 -0.00011191i: elastic S-matrix  @@      0.00  0   0 F  0
 Reaction Xsec    30.0-/30 @ 3 =   0.521/, Out:   0.000#   0.180#   0.208#   0.001f

   S-matrix    4 =    0.99999   0.00003 for L=   30, J=   30.0 channel on core I =   2.0 from L=   30,  Acc. loss =  0.0 D.
 Elastic phase shift   4 =    0.001   0.000 deg. for the L =   30, J =   30.0 channel.
      30.0  0.99998760  0.00003063i: elastic S-matrix  @@      0.00  0   0 F  0
 Reaction Xsec    30.0-/30 @ 4 =   0.521/, Out:   0.000#   0.084#   0.172#   0.001f

   S-matrix    5 =    0.99999   0.00018 for L=   30, J=   31.0 channel on core I =   2.0 from L=   30,  Acc. loss =  0.0 D.
 Elastic phase shift   5 =    0.005   0.000 deg. for the L =   30, J =   31.0 channel.
      30.0  0.99998758  0.00017794i: elastic S-matrix  @@      0.00  0   0 F  0
 Reaction Xsec    30.0-/30 @ 5 =   0.521/, Out:   0.000#   0.049#   0.057#   0.001f

   S-matrix    6 =    1.00000  -0.00006 for L=   32, J=   31.0 channel on core I =   2.0 from L=   32,  Acc. loss =  0.0 D.
 Elastic phase shift   6 =   -0.002   0.000 deg. for the L =   32, J =   31.0 channel.
      30.0  0.99999602 -0.00005596i: elastic S-matrix  @@      0.00  0   0 F  0
 Reaction Xsec    30.0-/32 @ 6 =   0.167/, Out:   0.000#   0.010#   0.052#   0.000f

   S-matrix    7 =    1.00000   0.00001 for L=   32, J=   32.0 channel on core I =   2.0 from L=   32,  Acc. loss =  0.0 D.
 Elastic phase shift   7 =    0.000   0.000 deg. for the L =   32, J =   32.0 channel.
      30.0  0.99999602  0.00001048i: elastic S-matrix  @@      0.00  0   0 F  0
 Reaction Xsec    30.0-/32 @ 7 =   0.167/, Out:   0.000#   0.022#   0.018#   0.000f


 Total SPIN, PARITY =    31.0 +,     15 chs,      0 cc.  Rmin & Coul turning =    2.5   12.8
   S-matrix    1 =    0.99998   0.00005 for L=   29, J=   29.0 channel on core I =   2.0 from L=   29,  Acc. loss =  0.0 D.
 Elastic phase shift   1 =    0.001   0.001 deg. for the L =   29, J =   29.0 channel.
      31.0  0.99997812  0.00005218i: elastic S-matrix  @@      0.00  0   0 F  0
 Reaction Xsec    31.0+/29 @ 1 =   0.950/, Out:   0.000#   0.799#   0.223#   0.001f

   S-matrix    2 =    0.99998   0.00027 for L=   29, J=   30.0 channel on core I =   2.0 from L=   29,  Acc. loss =  0.0 D.
 Elastic phase shift   2 =    0.008   0.001 deg. for the L =   29, J =   30.0 channel.
      31.0  0.99997808  0.00026802i: elastic S-matrix  @@      0.00  0   0 F  0
 Reaction Xsec    31.0+/29 @ 2 =   0.950/, Out:   0.000#   0.441#   0.258#   0.001f

   S-matrix    3 =    0.99999  -0.00008 for L=   31, J=   30.0 channel on core I =   2.0 from L=   31,  Acc. loss =  0.0 D.
 Elastic phase shift   3 =   -0.002   0.000 deg. for the L =   31, J =   30.0 channel.
      31.0  0.99999298 -0.00007941i: elastic S-matrix  @@      0.00  0   0 F  0
 Reaction Xsec    31.0+/31 @ 3 =   0.305/, Out:   0.000#   0.090#   0.102#   0.000f

   S-matrix    4 =    0.99999   0.00002 for L=   31, J=   31.0 channel on core I =   2.0 from L=   31,  Acc. loss =  0.0 D.
 Elastic phase shift   4 =    0.001   0.000 deg. for the L =   31, J =   31.0 channel.
      31.0  0.99999298  0.00001793i: elastic S-matrix  @@      0.00  0   0 F  0
 Reaction Xsec    31.0+/31 @ 4 =   0.305/, Out:   0.000#   0.042#   0.085#   0.000f

   S-matrix    5 =    0.99999   0.00012 for L=   31, J=   32.0 channel on core I =   2.0 from L=   31,  Acc. loss =  0.0 D.
 Elastic phase shift   5 =    0.003   0.000 deg. for the L =   31, J =   32.0 channel.
      31.0  0.99999297  0.00011841i: elastic S-matrix  @@      0.00  0   0 F  0
 Reaction Xsec    31.0+/31 @ 5 =   0.305/, Out:   0.000#   0.024#   0.028#   0.000f

   S-matrix    6 =    1.00000  -0.00004 for L=   33, J=   32.0 channel on core I =   2.0 from L=   33,  Acc. loss =  0.0 D.
 Elastic phase shift   6 =   -0.001   0.000 deg. for the L =   33, J =   32.0 channel.
      31.0  0.99999775 -0.00003920i: elastic S-matrix  @@      0.00  0   0 F  0
 Reaction Xsec    31.0+/33 @ 6 =   0.098/, Out:   0.000#   0.005#   0.026#   0.000f

   S-matrix    7 =    1.00000   0.00001 for L=   33, J=   33.0 channel on core I =   2.0 from L=   33,  Acc. loss =  0.0 D.
 Elastic phase shift   7 =    0.000   0.000 deg. for the L =   33, J =   33.0 channel.
      31.0  0.99999775  0.00000611i: elastic S-matrix  @@      0.00  0   0 F  0
 Reaction Xsec    31.0+/33 @ 7 =   0.098/, Out:   0.000#   0.011#   0.009#   0.000f


 Total SPIN, PARITY =    31.0 -,     16 chs,      0 cc.  Rmin & Coul turning =    2.5   12.8
   S-matrix    1 =    0.99996   0.00040 for L=   28, J=   29.0 channel on core I =   2.0 from L=   28,  Acc. loss =  0.0 D.
 Elastic phase shift   1 =    0.012   0.001 deg. for the L =   28, J =   29.0 channel.
      31.0  0.99996130  0.00040476i: elastic S-matrix  @@      0.00  0   0 F  0
 Reaction Xsec    31.0-/28 @ 1 =   1.676/, Out:   0.000#   0.000#   0.381#   0.002f

   S-matrix    2 =    0.99999  -0.00011 for L=   30, J=   29.0 channel on core I =   2.0 from L=   30,  Acc. loss =  0.0 D.
 Elastic phase shift   2 =   -0.003   0.000 deg. for the L =   30, J =   29.0 channel.
      31.0  0.99998760 -0.00011191i: elastic S-matrix  @@      0.00  0   0 F  0
 Reaction Xsec    31.0-/30 @ 2 =   0.538/, Out:   0.000#   0.782#   0.123#   0.001f

   S-matrix    3 =    0.99999   0.00003 for L=   30, J=   30.0 channel on core I =   2.0 from L=   30,  Acc. loss =  0.0 D.
 Elastic phase shift   3 =    0.001   0.000 deg. for the L =   30, J =   30.0 channel.
      31.0  0.99998760  0.00003063i: elastic S-matrix  @@      0.00  0   0 F  0
 Reaction Xsec    31.0-/30 @ 3 =   0.538/, Out:   0.000#   0.206#   0.170#   0.001f

   S-matrix    4 =    0.99999   0.00018 for L=   30, J=   31.0 channel on core I =   2.0 from L=   30,  Acc. loss =  0.0 D.
 Elastic phase shift   4 =    0.005   0.000 deg. for the L =   30, J =   31.0 channel.
      31.0  0.99998758  0.00017794i: elastic S-matrix  @@      0.00  0   0 F  0
 Reaction Xsec    31.0-/30 @ 4 =   0.538/, Out:   0.000#   0.135#   0.082#   0.001f

   S-matrix    5 =    1.00000  -0.00006 for L=   32, J=   31.0 channel on core I =   2.0 from L=   32,  Acc. loss =  0.0 D.
 Elastic phase shift   5 =   -0.002   0.000 deg. for the L =   32, J =   31.0 channel.
      31.0  0.99999602 -0.00005596i: elastic S-matrix  @@      0.00  0   0 F  0
 Reaction Xsec    31.0-/32 @ 5 =   0.173/, Out:   0.000#   0.007#   0.063#   0.000f

   S-matrix    6 =    1.00000   0.00001 for L=   32, J=   32.0 channel on core I =   2.0 from L=   32,  Acc. loss =  0.0 D.
 Elastic phase shift   6 =    0.000   0.000 deg. for the L =   32, J =   32.0 channel.
      31.0  0.99999602  0.00001048i: elastic S-matrix  @@      0.00  0   0 F  0
 Reaction Xsec    31.0-/32 @ 6 =   0.173/, Out:   0.000#   0.011#   0.033#   0.000f

   S-matrix    7 =    1.00000   0.00008 for L=   32, J=   33.0 channel on core I =   2.0 from L=   32,  Acc. loss =  0.0 D.
 Elastic phase shift   7 =    0.002   0.000 deg. for the L =   32, J =   33.0 channel.
      31.0  0.99999602  0.00007899i: elastic S-matrix  @@      0.00  0   0 F  0
 Reaction Xsec    31.0-/32 @ 7 =   0.173/, Out:   0.000#   0.044#   0.030#   0.000f

   S-matrix    8 =    1.00000  -0.00003 for L=   34, J=   33.0 channel on core I =   2.0 from L=   34,  Acc. loss =  0.0 D.
 Elastic phase shift   8 =   -0.001   0.000 deg. for the L =   34, J =   33.0 channel.
      31.0  0.99999873 -0.00002736i: elastic S-matrix  @@      0.00  0   0 F  0
 Reaction Xsec    31.0-/34 @ 8 =   0.055/, Out:   0.000#   0.000#   0.001#   0.000f


 Total SPIN, PARITY =    32.0 +,     16 chs,      0 cc.  Rmin & Coul turning =    2.6   13.2
   S-matrix    1 =    0.99998   0.00027 for L=   29, J=   30.0 channel on core I =   2.0 from L=   29,  Acc. loss =  0.0 D.
 Elastic phase shift   1 =    0.008   0.001 deg. for the L =   29, J =   30.0 channel.
      32.0  0.99997808  0.00026802i: elastic S-matrix  @@      0.00  0   0 F  0
 Reaction Xsec    32.0+/29 @ 1 =   0.980/, Out:   0.000#   0.000#   0.186#   0.001f

   S-matrix    2 =    0.99999  -0.00008 for L=   31, J=   30.0 channel on core I =   2.0 from L=   31,  Acc. loss =  0.0 D.
 Elastic phase shift   2 =   -0.002   0.000 deg. for the L =   31, J =   30.0 channel.
      32.0  0.99999298 -0.00007941i: elastic S-matrix  @@      0.00  0   0 F  0
 Reaction Xsec    32.0+/31 @ 2 =   0.314/, Out:   0.000#   0.390#   0.061#   0.000f

   S-matrix    3 =    0.99999   0.00002 for L=   31, J=   31.0 channel on core I =   2.0 from L=   31,  Acc. loss =  0.0 D.
 Elastic phase shift   3 =    0.001   0.000 deg. for the L =   31, J =   31.0 channel.
      32.0  0.99999298  0.00001793i: elastic S-matrix  @@      0.00  0   0 F  0
 Reaction Xsec    32.0+/31 @ 3 =   0.314/, Out:   0.000#   0.103#   0.084#   0.000f

   S-matrix    4 =    0.99999   0.00012 for L=   31, J=   32.0 channel on core I =   2.0 from L=   31,  Acc. loss =  0.0 D.
 Elastic phase shift   4 =    0.003   0.000 deg. for the L =   31, J =   32.0 channel.
      32.0  0.99999297  0.00011841i: elastic S-matrix  @@      0.00  0   0 F  0
 Reaction Xsec    32.0+/31 @ 4 =   0.314/, Out:   0.000#   0.067#   0.040#   0.000f

   S-matrix    5 =    1.00000  -0.00004 for L=   33, J=   32.0 channel on core I =   2.0 from L=   33,  Acc. loss =  0.0 D.
 Elastic phase shift   5 =   -0.001   0.000 deg. for the L =   33, J =   32.0 channel.
      32.0  0.99999775 -0.00003920i: elastic S-matrix  @@      0.00  0   0 F  0
 Reaction Xsec    32.0+/33 @ 5 =   0.101/, Out:   0.000#   0.004#   0.031#   0.000f

   S-matrix    6 =    1.00000   0.00001 for L=   33, J=   33.0 channel on core I =   2.0 from L=   33,  Acc. loss =  0.0 D.
 Elastic phase shift   6 =    0.000   0.000 deg. for the L =   33, J =   33.0 channel.
      32.0  0.99999775  0.00000611i: elastic S-matrix  @@      0.00  0   0 F  0
 Reaction Xsec    32.0+/33 @ 6 =   0.101/, Out:   0.000#   0.005#   0.016#   0.000f

   S-matrix    7 =    1.00000   0.00005 for L=   33, J=   34.0 channel on core I =   2.0 from L=   33,  Acc. loss =  0.0 D.
 Elastic phase shift   7 =    0.002   0.000 deg. for the L =   33, J =   34.0 channel.
      32.0  0.99999775  0.00005280i: elastic S-matrix  @@      0.00  0   0 F  0
 Reaction Xsec    32.0+/33 @ 7 =   0.101/, Out:   0.000#   0.022#   0.015#   0.000f

   S-matrix    8 =    1.00000  -0.00002 for L=   35, J=   34.0 channel on core I =   2.0 from L=   35,  Acc. loss =  0.0 D.
 Elastic phase shift   8 =   -0.001   0.000 deg. for the L =   35, J =   34.0 channel.
      32.0  0.99999928 -0.00001901i: elastic S-matrix  @@      0.00  0   0 F  0
 Reaction Xsec    32.0+/35 @ 8 =   0.032/, Out:   0.000#   0.000#   0.001#   0.000f


 Total SPIN, PARITY =    32.0 -,     15 chs,      0 cc.  Rmin & Coul turning =    2.6   13.2
   S-matrix    1 =    0.99999   0.00003 for L=   30, J=   30.0 channel on core I =   2.0 from L=   30,  Acc. loss =  0.0 D.
 Elastic phase shift   1 =    0.001   0.000 deg. for the L =   30, J =   30.0 channel.
      32.0  0.99998760  0.00003063i: elastic S-matrix  @@      0.00  0   0 F  0
 Reaction Xsec    32.0-/30 @ 1 =   0.555/, Out:   0.000#   0.398#   0.110#   0.001f

   S-matrix    2 =    0.99999   0.00018 for L=   30, J=   31.0 channel on core I =   2.0 from L=   30,  Acc. loss =  0.0 D.
 Elastic phase shift   2 =    0.005   0.000 deg. for the L =   30, J =   31.0 channel.
      32.0  0.99998758  0.00017794i: elastic S-matrix  @@      0.00  0   0 F  0
 Reaction Xsec    32.0-/30 @ 2 =   0.555/, Out:   0.000#   0.219#   0.127#   0.001f

   S-matrix    3 =    1.00000  -0.00006 for L=   32, J=   31.0 channel on core I =   2.0 from L=   32,  Acc. loss =  0.0 D.
 Elastic phase shift   3 =   -0.002   0.000 deg. for the L =   32, J =   31.0 channel.
      32.0  0.99999602 -0.00005596i: elastic S-matrix  @@      0.00  0   0 F  0
 Reaction Xsec    32.0-/32 @ 3 =   0.178/, Out:   0.000#   0.045#   0.051#   0.000f

   S-matrix    4 =    1.00000   0.00001 for L=   32, J=   32.0 channel on core I =   2.0 from L=   32,  Acc. loss =  0.0 D.
 Elastic phase shift   4 =    0.000   0.000 deg. for the L =   32, J =   32.0 channel.
      32.0  0.99999602  0.00001048i: elastic S-matrix  @@      0.00  0   0 F  0
 Reaction Xsec    32.0-/32 @ 4 =   0.178/, Out:   0.000#   0.021#   0.042#   0.000f

   S-matrix    5 =    1.00000   0.00008 for L=   32, J=   33.0 channel on core I =   2.0 from L=   32,  Acc. loss =  0.0 D.
 Elastic phase shift   5 =    0.002   0.000 deg. for the L =   32, J =   33.0 channel.
      32.0  0.99999602  0.00007899i: elastic S-matrix  @@      0.00  0   0 F  0
 Reaction Xsec    32.0-/32 @ 5 =   0.178/, Out:   0.000#   0.012#   0.014#   0.000f

   S-matrix    6 =    1.00000  -0.00003 for L=   34, J=   33.0 channel on core I =   2.0 from L=   34,  Acc. loss =  0.0 D.
 Elastic phase shift   6 =   -0.001   0.000 deg. for the L =   34, J =   33.0 channel.
      32.0  0.99999873 -0.00002736i: elastic S-matrix  @@      0.00  0   0 F  0
 Reaction Xsec    32.0-/34 @ 6 =   0.057/, Out:   0.000#   0.002#   0.013#   0.000f

   S-matrix    7 =    1.00000   0.00000 for L=   34, J=   34.0 channel on core I =   2.0 from L=   34,  Acc. loss =  0.0 D.
 Elastic phase shift   7 =    0.000   0.000 deg. for the L =   34, J =   34.0 channel.
      32.0  0.99999873  0.00000354i: elastic S-matrix  @@      0.00  0   0 F  0
 Reaction Xsec    32.0-/34 @ 7 =   0.057/, Out:   0.000#   0.005#   0.004#   0.000f


 Total SPIN, PARITY =    33.0 +,     15 chs,      0 cc.  Rmin & Coul turning =    2.6   13.7
   S-matrix    1 =    0.99999   0.00002 for L=   31, J=   31.0 channel on core I =   2.0 from L=   31,  Acc. loss =  0.0 D.
 Elastic phase shift   1 =    0.001   0.000 deg. for the L =   31, J =   31.0 channel.
      33.0  0.99999298  0.00001793i: elastic S-matrix  @@      0.00  0   0 F  0
 Reaction Xsec    33.0+/31 @ 1 =   0.324/, Out:   0.000#   0.198#   0.054#   0.000f

   S-matrix    2 =    0.99999   0.00012 for L=   31, J=   32.0 channel on core I =   2.0 from L=   31,  Acc. loss =  0.0 D.
 Elastic phase shift   2 =    0.003   0.000 deg. for the L =   31, J =   32.0 channel.
      33.0  0.99999297  0.00011841i: elastic S-matrix  @@      0.00  0   0 F  0
 Reaction Xsec    33.0+/31 @ 2 =   0.324/, Out:   0.000#   0.109#   0.062#   0.000f

   S-matrix    3 =    1.00000  -0.00004 for L=   33, J=   32.0 channel on core I =   2.0 from L=   33,  Acc. loss =  0.0 D.
 Elastic phase shift   3 =   -0.001   0.000 deg. for the L =   33, J =   32.0 channel.
      33.0  0.99999775 -0.00003920i: elastic S-matrix  @@      0.00  0   0 F  0
 Reaction Xsec    33.0+/33 @ 3 =   0.104/, Out:   0.000#   0.023#   0.025#   0.000f

   S-matrix    4 =    1.00000   0.00001 for L=   33, J=   33.0 channel on core I =   2.0 from L=   33,  Acc. loss =  0.0 D.
 Elastic phase shift   4 =    0.000   0.000 deg. for the L =   33, J =   33.0 channel.
      33.0  0.99999775  0.00000611i: elastic S-matrix  @@      0.00  0   0 F  0
 Reaction Xsec    33.0+/33 @ 4 =   0.104/, Out:   0.000#   0.010#   0.021#   0.000f

   S-matrix    5 =    1.00000   0.00005 for L=   33, J=   34.0 channel on core I =   2.0 from L=   33,  Acc. loss =  0.0 D.
 Elastic phase shift   5 =    0.002   0.000 deg. for the L =   33, J =   34.0 channel.
      33.0  0.99999775  0.00005280i: elastic S-matrix  @@      0.00  0   0 F  0
 Reaction Xsec    33.0+/33 @ 5 =   0.104/, Out:   0.000#   0.006#   0.007#   0.000f

   S-matrix    6 =    1.00000  -0.00002 for L=   35, J=   34.0 channel on core I =   2.0 from L=   35,  Acc. loss =  0.0 D.
 Elastic phase shift   6 =   -0.001   0.000 deg. for the L =   35, J =   34.0 channel.
      33.0  0.99999928 -0.00001901i: elastic S-matrix  @@      0.00  0   0 F  0
 Reaction Xsec    33.0+/35 @ 6 =   0.033/, Out:   0.000#   0.001#   0.006#   0.000f

   S-matrix    7 =    1.00000   0.00000 for L=   35, J=   35.0 channel on core I =   2.0 from L=   35,  Acc. loss =  0.0 D.
 Elastic phase shift   7 =    0.000   0.000 deg. for the L =   35, J =   35.0 channel.
      33.0  0.99999928  0.00000205i: elastic S-matrix  @@      0.00  0   0 F  0
 Reaction Xsec    33.0+/35 @ 7 =   0.033/, Out:   0.000#   0.003#   0.002#   0.000f


 Total SPIN, PARITY =    33.0 -,     16 chs,      0 cc.  Rmin & Coul turning =    2.6   13.7
   S-matrix    1 =    0.99999   0.00018 for L=   30, J=   31.0 channel on core I =   2.0 from L=   30,  Acc. loss =  0.0 D.
 Elastic phase shift   1 =    0.005   0.000 deg. for the L =   30, J =   31.0 channel.
      33.0  0.99998758  0.00017794i: elastic S-matrix  @@      0.00  0   0 F  0
 Reaction Xsec    33.0-/30 @ 1 =   0.572/, Out:   0.000#   0.000#   0.091#   0.001f

   S-matrix    2 =    1.00000  -0.00006 for L=   32, J=   31.0 channel on core I =   2.0 from L=   32,  Acc. loss =  0.0 D.
 Elastic phase shift   2 =   -0.002   0.000 deg. for the L =   32, J =   31.0 channel.
      33.0  0.99999602 -0.00005596i: elastic S-matrix  @@      0.00  0   0 F  0
 Reaction Xsec    33.0-/32 @ 2 =   0.183/, Out:   0.000#   0.195#   0.030#   0.000f

   S-matrix    3 =    1.00000   0.00001 for L=   32, J=   32.0 channel on core I =   2.0 from L=   32,  Acc. loss =  0.0 D.
 Elastic phase shift   3 =    0.000   0.000 deg. for the L =   32, J =   32.0 channel.
      33.0  0.99999602  0.00001048i: elastic S-matrix  @@      0.00  0   0 F  0
 Reaction Xsec    33.0-/32 @ 3 =   0.184/, Out:   0.000#   0.051#   0.041#   0.000f

   S-matrix    4 =    1.00000   0.00008 for L=   32, J=   33.0 channel on core I =   2.0 from L=   32,  Acc. loss =  0.0 D.
 Elastic phase shift   4 =    0.002   0.000 deg. for the L =   32, J =   33.0 channel.
      33.0  0.99999602  0.00007899i: elastic S-matrix  @@      0.00  0   0 F  0
 Reaction Xsec    33.0-/32 @ 4 =   0.184/, Out:   0.000#   0.033#   0.020#   0.000f

   S-matrix    5 =    1.00000  -0.00003 for L=   34, J=   33.0 channel on core I =   2.0 from L=   34,  Acc. loss =  0.0 D.
 Elastic phase shift   5 =   -0.001   0.000 deg. for the L =   34, J =   33.0 channel.
      33.0  0.99999873 -0.00002736i: elastic S-matrix  @@      0.00  0   0 F  0
 Reaction Xsec    33.0-/34 @ 5 =   0.059/, Out:   0.000#   0.002#   0.016#   0.000f

   S-matrix    6 =    1.00000   0.00000 for L=   34, J=   34.0 channel on core I =   2.0 from L=   34,  Acc. loss =  0.0 D.
 Elastic phase shift   6 =    0.000   0.000 deg. for the L =   34, J =   34.0 channel.
      33.0  0.99999873  0.00000354i: elastic S-matrix  @@      0.00  0   0 F  0
 Reaction Xsec    33.0-/34 @ 6 =   0.059/, Out:   0.000#   0.003#   0.008#   0.000f

   S-matrix    7 =    1.00000   0.00004 for L=   34, J=   35.0 channel on core I =   2.0 from L=   34,  Acc. loss =  0.0 D.
 Elastic phase shift   7 =    0.001   0.000 deg. for the L =   34, J =   35.0 channel.
      33.0  0.99999873  0.00003534i: elastic S-matrix  @@      0.00  0   0 F  0
 Reaction Xsec    33.0-/34 @ 7 =   0.059/, Out:   0.000#   0.011#   0.007#   0.000f

   S-matrix    8 =    1.00000  -0.00001 for L=   36, J=   35.0 channel on core I =   2.0 from L=   36,  Acc. loss =  0.0 D.
 Elastic phase shift   8 =   -0.000   0.000 deg. for the L =   36, J =   35.0 channel.
      33.0  0.99999959 -0.00001315i: elastic S-matrix  @@      0.00  0   0 F  0
 Reaction Xsec    33.0-/36 @ 8 =   0.019/, Out:   0.000#   0.000#   0.000#   0.000f


 Total SPIN, PARITY =    34.0 +,     16 chs,      0 cc.  Rmin & Coul turning =    2.7   14.1
   S-matrix    1 =    0.99999   0.00012 for L=   31, J=   32.0 channel on core I =   2.0 from L=   31,  Acc. loss =  0.0 D.
 Elastic phase shift   1 =    0.003   0.000 deg. for the L =   31, J =   32.0 channel.
      34.0  0.99999297  0.00011841i: elastic S-matrix  @@      0.00  0   0 F  0
 Reaction Xsec    34.0+/31 @ 1 =   0.334/, Out:   0.000#   0.000#   0.045#   0.000f

   S-matrix    2 =    1.00000  -0.00004 for L=   33, J=   32.0 channel on core I =   2.0 from L=   33,  Acc. loss =  0.0 D.
 Elastic phase shift   2 =   -0.001   0.000 deg. for the L =   33, J =   32.0 channel.
      34.0  0.99999775 -0.00003920i: elastic S-matrix  @@      0.00  0   0 F  0
 Reaction Xsec    34.0+/33 @ 2 =   0.107/, Out:   0.000#   0.097#   0.015#   0.000f

   S-matrix    3 =    1.00000   0.00001 for L=   33, J=   33.0 channel on core I =   2.0 from L=   33,  Acc. loss =  0.0 D.
 Elastic phase shift   3 =    0.000   0.000 deg. for the L =   33, J =   33.0 channel.
      34.0  0.99999775  0.00000611i: elastic S-matrix  @@      0.00  0   0 F  0
 Reaction Xsec    34.0+/33 @ 3 =   0.107/, Out:   0.000#   0.026#   0.020#   0.000f

   S-matrix    4 =    1.00000   0.00005 for L=   33, J=   34.0 channel on core I =   2.0 from L=   33,  Acc. loss =  0.0 D.
 Elastic phase shift   4 =    0.002   0.000 deg. for the L =   33, J =   34.0 channel.
      34.0  0.99999775  0.00005280i: elastic S-matrix  @@      0.00  0   0 F  0
 Reaction Xsec    34.0+/33 @ 4 =   0.107/, Out:   0.000#   0.017#   0.010#   0.000f

   S-matrix    5 =    1.00000  -0.00002 for L=   35, J=   34.0 channel on core I =   2.0 from L=   35,  Acc. loss =  0.0 D.
 Elastic phase shift   5 =   -0.001   0.000 deg. for the L =   35, J =   34.0 channel.
      34.0  0.99999928 -0.00001901i: elastic S-matrix  @@      0.00  0   0 F  0
 Reaction Xsec    34.0+/35 @ 5 =   0.034/, Out:   0.000#   0.001#   0.008#   0.000f

   S-matrix    6 =    1.00000   0.00000 for L=   35, J=   35.0 channel on core I =   2.0 from L=   35,  Acc. loss =  0.0 D.
 Elastic phase shift   6 =    0.000   0.000 deg. for the L =   35, J =   35.0 channel.
      34.0  0.99999928  0.00000205i: elastic S-matrix  @@      0.00  0   0 F  0
 Reaction Xsec    34.0+/35 @ 6 =   0.034/, Out:   0.000#   0.001#   0.004#   0.000f

   S-matrix    7 =    1.00000   0.00002 for L=   35, J=   36.0 channel on core I =   2.0 from L=   35,  Acc. loss =  0.0 D.
 Elastic phase shift   7 =    0.001   0.000 deg. for the L =   35, J =   36.0 channel.
      34.0  0.99999928  0.00002370i: elastic S-matrix  @@      0.00  0   0 F  0
 Reaction Xsec    34.0+/35 @ 7 =   0.034/, Out:   0.000#   0.005#   0.004#   0.000f

   S-matrix    8 =    1.00000  -0.00001 for L=   37, J=   36.0 channel on core I =   2.0 from L=   37,  Acc. loss =  0.0 D.
 Elastic phase shift   8 =   -0.000   0.000 deg. for the L =   37, J =   36.0 channel.
      34.0  0.99999977 -0.00000909i: elastic S-matrix  @@      0.00  0   0 F  0
 Reaction Xsec    34.0+/37 @ 8 =   0.011/, Out:   0.000#   0.000#   0.000#   0.000f


 Total SPIN, PARITY =    34.0 -,     15 chs,      0 cc.  Rmin & Coul turning =    2.7   14.1
   S-matrix    1 =    1.00000   0.00001 for L=   32, J=   32.0 channel on core I =   2.0 from L=   32,  Acc. loss =  0.0 D.
 Elastic phase shift   1 =    0.000   0.000 deg. for the L =   32, J =   32.0 channel.
      34.0  0.99999602  0.00001048i: elastic S-matrix  @@      0.00  0   0 F  0
 Reaction Xsec    34.0-/32 @ 1 =   0.189/, Out:   0.000#   0.099#   0.026#   0.000f

   S-matrix    2 =    1.00000   0.00008 for L=   32, J=   33.0 channel on core I =   2.0 from L=   32,  Acc. loss =  0.0 D.
 Elastic phase shift   2 =    0.002   0.000 deg. for the L =   32, J =   33.0 channel.
      34.0  0.99999602  0.00007899i: elastic S-matrix  @@      0.00  0   0 F  0
 Reaction Xsec    34.0-/32 @ 2 =   0.189/, Out:   0.000#   0.054#   0.031#   0.000f

   S-matrix    3 =    1.00000  -0.00003 for L=   34, J=   33.0 channel on core I =   2.0 from L=   34,  Acc. loss =  0.0 D.
 Elastic phase shift   3 =   -0.001   0.000 deg. for the L =   34, J =   33.0 channel.
      34.0  0.99999873 -0.00002736i: elastic S-matrix  @@      0.00  0   0 F  0
 Reaction Xsec    34.0-/34 @ 3 =   0.061/, Out:   0.000#   0.011#   0.012#   0.000f

   S-matrix    4 =    1.00000   0.00000 for L=   34, J=   34.0 channel on core I =   2.0 from L=   34,  Acc. loss =  0.0 D.
 Elastic phase shift   4 =    0.000   0.000 deg. for the L =   34, J =   34.0 channel.
      34.0  0.99999873  0.00000354i: elastic S-matrix  @@      0.00  0   0 F  0
 Reaction Xsec    34.0-/34 @ 4 =   0.061/, Out:   0.000#   0.005#   0.010#   0.000f

   S-matrix    5 =    1.00000   0.00004 for L=   34, J=   35.0 channel on core I =   2.0 from L=   34,  Acc. loss =  0.0 D.
 Elastic phase shift   5 =    0.001   0.000 deg. for the L =   34, J =   35.0 channel.
      34.0  0.99999873  0.00003534i: elastic S-matrix  @@      0.00  0   0 F  0
 Reaction Xsec    34.0-/34 @ 5 =   0.061/, Out:   0.000#   0.003#   0.003#   0.000f

   S-matrix    6 =    1.00000  -0.00001 for L=   36, J=   35.0 channel on core I =   2.0 from L=   36,  Acc. loss =  0.0 D.
 Elastic phase shift   6 =   -0.000   0.000 deg. for the L =   36, J =   35.0 channel.
      34.0  0.99999959 -0.00001315i: elastic S-matrix  @@      0.00  0   0 F  0
 Reaction Xsec    34.0-/36 @ 6 =   0.019/, Out:   0.000#   0.001#   0.003#   0.000f

   S-matrix    7 =    1.00000   0.00000 for L=   36, J=   36.0 channel on core I =   2.0 from L=   36,  Acc. loss =  0.0 D.
 Elastic phase shift   7 =    0.000   0.000 deg. for the L =   36, J =   36.0 channel.
      34.0  0.99999959  0.00000119i: elastic S-matrix  @@      0.00  0   0 F  0
 Reaction Xsec    34.0-/36 @ 7 =   0.019/, Out:   0.000#   0.001#   0.001#   0.000f


 Total SPIN, PARITY =    35.0 +,     15 chs,      0 cc.  Rmin & Coul turning =    2.8   14.5
   S-matrix    1 =    1.00000   0.00001 for L=   33, J=   33.0 channel on core I =   2.0 from L=   33,  Acc. loss =  0.0 D.
 Elastic phase shift   1 =    0.000   0.000 deg. for the L =   33, J =   33.0 channel.
      35.0  0.99999775  0.00000611i: elastic S-matrix  @@      0.00  0   0 F  0
 Reaction Xsec    35.0+/33 @ 1 =   0.110/, Out:   0.000#   0.049#   0.013#   0.000f

   S-matrix    2 =    1.00000   0.00005 for L=   33, J=   34.0 channel on core I =   2.0 from L=   33,  Acc. loss =  0.0 D.
 Elastic phase shift   2 =    0.002   0.000 deg. for the L =   33, J =   34.0 channel.
      35.0  0.99999775  0.00005280i: elastic S-matrix  @@      0.00  0   0 F  0
 Reaction Xsec    35.0+/33 @ 2 =   0.110/, Out:   0.000#   0.027#   0.015#   0.000f

   S-matrix    3 =    1.00000  -0.00002 for L=   35, J=   34.0 channel on core I =   2.0 from L=   35,  Acc. loss =  0.0 D.
 Elastic phase shift   3 =   -0.001   0.000 deg. for the L =   35, J =   34.0 channel.
      35.0  0.99999928 -0.00001901i: elastic S-matrix  @@      0.00  0   0 F  0
 Reaction Xsec    35.0+/35 @ 3 =   0.035/, Out:   0.000#   0.006#   0.006#   0.000f

   S-matrix    4 =    1.00000   0.00000 for L=   35, J=   35.0 channel on core I =   2.0 from L=   35,  Acc. loss =  0.0 D.
 Elastic phase shift   4 =    0.000   0.000 deg. for the L =   35, J =   35.0 channel.
      35.0  0.99999928  0.00000205i: elastic S-matrix  @@      0.00  0   0 F  0
 Reaction Xsec    35.0+/35 @ 4 =   0.035/, Out:   0.000#   0.003#   0.005#   0.000f

   S-matrix    5 =    1.00000   0.00002 for L=   35, J=   36.0 channel on core I =   2.0 from L=   35,  Acc. loss =  0.0 D.
 Elastic phase shift   5 =    0.001   0.000 deg. for the L =   35, J =   36.0 channel.
      35.0  0.99999928  0.00002370i: elastic S-matrix  @@      0.00  0   0 F  0
 Reaction Xsec    35.0+/35 @ 5 =   0.035/, Out:   0.000#   0.001#   0.002#   0.000f

   S-matrix    6 =    1.00000  -0.00001 for L=   37, J=   36.0 channel on core I =   2.0 from L=   37,  Acc. loss =  0.0 D.
 Elastic phase shift   6 =   -0.000   0.000 deg. for the L =   37, J =   36.0 channel.
      35.0  0.99999977 -0.00000909i: elastic S-matrix  @@      0.00  0   0 F  0
 Reaction Xsec    35.0+/37 @ 6 =   0.011/, Out:   0.000#   0.000#   0.002#   0.000f

   S-matrix    7 =    1.00000   0.00000 for L=   37, J=   37.0 channel on core I =   2.0 from L=   37,  Acc. loss =  0.0 D.
 Elastic phase shift   7 =    0.000   0.000 deg. for the L =   37, J =   37.0 channel.
      35.0  0.99999977  0.00000068i: elastic S-matrix  @@      0.00  0   0 F  0
 Reaction Xsec    35.0+/37 @ 7 =   0.011/, Out:   0.000#   0.001#   0.001#   0.000f


 Total SPIN, PARITY =    35.0 -,     16 chs,      0 cc.  Rmin & Coul turning =    2.8   14.5
   S-matrix    1 =    1.00000   0.00008 for L=   32, J=   33.0 channel on core I =   2.0 from L=   32,  Acc. loss =  0.0 D.
 Elastic phase shift   1 =    0.002   0.000 deg. for the L =   32, J =   33.0 channel.
      35.0  0.99999602  0.00007899i: elastic S-matrix  @@      0.00  0   0 F  0
 Reaction Xsec    35.0-/32 @ 1 =   0.194/, Out:   0.000#   0.000#   0.022#   0.000f

   S-matrix    2 =    1.00000  -0.00003 for L=   34, J=   33.0 channel on core I =   2.0 from L=   34,  Acc. loss =  0.0 D.
 Elastic phase shift   2 =   -0.001   0.000 deg. for the L =   34, J =   33.0 channel.
      35.0  0.99999873 -0.00002736i: elastic S-matrix  @@      0.00  0   0 F  0
 Reaction Xsec    35.0-/34 @ 2 =   0.062/, Out:   0.000#   0.049#   0.007#   0.000f

   S-matrix    3 =    1.00000   0.00000 for L=   34, J=   34.0 channel on core I =   2.0 from L=   34,  Acc. loss =  0.0 D.
 Elastic phase shift   3 =    0.000   0.000 deg. for the L =   34, J =   34.0 channel.
      35.0  0.99999873  0.00000354i: elastic S-matrix  @@      0.00  0   0 F  0
 Reaction Xsec    35.0-/34 @ 3 =   0.062/, Out:   0.000#   0.013#   0.010#   0.000f

   S-matrix    4 =    1.00000   0.00004 for L=   34, J=   35.0 channel on core I =   2.0 from L=   34,  Acc. loss =  0.0 D.
 Elastic phase shift   4 =    0.001   0.000 deg. for the L =   34, J =   35.0 channel.
      35.0  0.99999873  0.00003534i: elastic S-matrix  @@      0.00  0   0 F  0
 Reaction Xsec    35.0-/34 @ 4 =   0.062/, Out:   0.000#   0.008#   0.005#   0.000f

   S-matrix    5 =    1.00000  -0.00001 for L=   36, J=   35.0 channel on core I =   2.0 from L=   36,  Acc. loss =  0.0 D.
 Elastic phase shift   5 =   -0.000   0.000 deg. for the L =   36, J =   35.0 channel.
      35.0  0.99999959 -0.00001315i: elastic S-matrix  @@      0.00  0   0 F  0
 Reaction Xsec    35.0-/36 @ 5 =   0.020/, Out:   0.000#   0.000#   0.004#   0.000f

   S-matrix    6 =    1.00000   0.00000 for L=   36, J=   36.0 channel on core I =   2.0 from L=   36,  Acc. loss =  0.0 D.
 Elastic phase shift   6 =    0.000   0.000 deg. for the L =   36, J =   36.0 channel.
      35.0  0.99999959  0.00000119i: elastic S-matrix  @@      0.00  0   0 F  0
 Reaction Xsec    35.0-/36 @ 6 =   0.020/, Out:   0.000#   0.001#   0.002#   0.000f

   S-matrix    7 =    1.00000   0.00002 for L=   36, J=   37.0 channel on core I =   2.0 from L=   36,  Acc. loss =  0.0 D.
 Elastic phase shift   7 =    0.000   0.000 deg. for the L =   36, J =   37.0 channel.
      35.0  0.99999959  0.00001593i: elastic S-matrix  @@      0.00  0   0 F  0
 Reaction Xsec    35.0-/36 @ 7 =   0.020/, Out:   0.000#   0.003#   0.002#   0.000f

   S-matrix    8 =    1.00000  -0.00001 for L=   38, J=   37.0 channel on core I =   2.0 from L=   38,  Acc. loss =  0.0 D.
 Elastic phase shift   8 =   -0.000   0.000 deg. for the L =   38, J =   37.0 channel.
      35.0  0.99999987 -0.00000627i: elastic S-matrix  @@      0.00  0   0 F  0
 Reaction Xsec    35.0-/38 @ 8 =   6.371#, Out:   0.000#   0.000#   0.000#   0.000f


 Total SPIN, PARITY =    36.0 +,     16 chs,      0 cc.  Rmin & Coul turning =    2.9   14.9
   S-matrix    1 =    1.00000   0.00005 for L=   33, J=   34.0 channel on core I =   2.0 from L=   33,  Acc. loss =  0.0 D.
 Elastic phase shift   1 =    0.002   0.000 deg. for the L =   33, J =   34.0 channel.
      36.0  0.99999775  0.00005280i: elastic S-matrix  @@      0.00  0   0 F  0
 Reaction Xsec    36.0+/33 @ 1 =   0.113/, Out:   0.000#   0.000#   0.011#   0.000f

   S-matrix    2 =    1.00000  -0.00002 for L=   35, J=   34.0 channel on core I =   2.0 from L=   35,  Acc. loss =  0.0 D.
 Elastic phase shift   2 =   -0.001   0.000 deg. for the L =   35, J =   34.0 channel.
      36.0  0.99999928 -0.00001901i: elastic S-matrix  @@      0.00  0   0 F  0
 Reaction Xsec    36.0+/35 @ 2 =   0.036/, Out:   0.000#   0.024#   0.004#   0.000f

   S-matrix    3 =    1.00000   0.00000 for L=   35, J=   35.0 channel on core I =   2.0 from L=   35,  Acc. loss =  0.0 D.
 Elastic phase shift   3 =    0.000   0.000 deg. for the L =   35, J =   35.0 channel.
      36.0  0.99999928  0.00000205i: elastic S-matrix  @@      0.00  0   0 F  0
 Reaction Xsec    36.0+/35 @ 3 =   0.036/, Out:   0.000#   0.006#   0.005#   0.000f

   S-matrix    4 =    1.00000   0.00002 for L=   35, J=   36.0 channel on core I =   2.0 from L=   35,  Acc. loss =  0.0 D.
 Elastic phase shift   4 =    0.001   0.000 deg. for the L =   35, J =   36.0 channel.
      36.0  0.99999928  0.00002370i: elastic S-matrix  @@      0.00  0   0 F  0
 Reaction Xsec    36.0+/35 @ 4 =   0.036/, Out:   0.000#   0.004#   0.002#   0.000f

   S-matrix    5 =    1.00000  -0.00001 for L=   37, J=   36.0 channel on core I =   2.0 from L=   37,  Acc. loss =  0.0 D.
 Elastic phase shift   5 =   -0.000   0.000 deg. for the L =   37, J =   36.0 channel.
      36.0  0.99999977 -0.00000909i: elastic S-matrix  @@      0.00  0   0 F  0
 Reaction Xsec    36.0+/37 @ 5 =   0.012/, Out:   0.000#   0.000#   0.002#   0.000f

   S-matrix    6 =    1.00000   0.00000 for L=   37, J=   37.0 channel on core I =   2.0 from L=   37,  Acc. loss =  0.0 D.
 Elastic phase shift   6 =    0.000   0.000 deg. for the L =   37, J =   37.0 channel.
      36.0  0.99999977  0.00000068i: elastic S-matrix  @@      0.00  0   0 F  0
 Reaction Xsec    36.0+/37 @ 6 =   0.012/, Out:   0.000#   0.000#   0.001#   0.000f

   S-matrix    7 =    1.00000   0.00001 for L=   37, J=   38.0 channel on core I =   2.0 from L=   37,  Acc. loss =  0.0 D.
 Elastic phase shift   7 =    0.000   0.000 deg. for the L =   37, J =   38.0 channel.
      36.0  0.99999977  0.00001071i: elastic S-matrix  @@      0.00  0   0 F  0
 Reaction Xsec    36.0+/37 @ 7 =   0.012/, Out:   0.000#   0.001#   0.001#   0.000f

   S-matrix    8 =    1.00000  -0.00000 for L=   39, J=   38.0 channel on core I =   2.0 from L=   39,  Acc. loss =  0.0 D.
 Elastic phase shift   8 =   -0.000   0.000 deg. for the L =   39, J =   38.0 channel.
      36.0  0.99999993 -0.00000430i: elastic S-matrix  @@      0.00  0   0 F  0
 Reaction Xsec    36.0+/39 @ 8 =   3.702#, Out:   0.000#   0.000#   0.000#   0.000f


 Total SPIN, PARITY =    36.0 -,     15 chs,      0 cc.  Rmin & Coul turning =    2.9   14.9
   S-matrix    1 =    1.00000   0.00000 for L=   34, J=   34.0 channel on core I =   2.0 from L=   34,  Acc. loss =  0.0 D.
 Elastic phase shift   1 =    0.000   0.000 deg. for the L =   34, J =   34.0 channel.
      36.0  0.99999873  0.00000354i: elastic S-matrix  @@      0.00  0   0 F  0
 Reaction Xsec    36.0-/34 @ 1 =   0.064/, Out:   0.000#   0.025#   0.006#   0.000f

   S-matrix    2 =    1.00000   0.00004 for L=   34, J=   35.0 channel on core I =   2.0 from L=   34,  Acc. loss =  0.0 D.
 Elastic phase shift   2 =    0.001   0.000 deg. for the L =   34, J =   35.0 channel.
      36.0  0.99999873  0.00003534i: elastic S-matrix  @@      0.00  0   0 F  0
 Reaction Xsec    36.0-/34 @ 2 =   0.064/, Out:   0.000#   0.013#   0.007#   0.000f

   S-matrix    3 =    1.00000  -0.00001 for L=   36, J=   35.0 channel on core I =   2.0 from L=   36,  Acc. loss =  0.0 D.
 Elastic phase shift   3 =   -0.000   0.000 deg. for the L =   36, J =   35.0 channel.
      36.0  0.99999959 -0.00001315i: elastic S-matrix  @@      0.00  0   0 F  0
 Reaction Xsec    36.0-/36 @ 3 =   0.020/, Out:   0.000#   0.003#   0.003#   0.000f

   S-matrix    4 =    1.00000   0.00000 for L=   36, J=   36.0 channel on core I =   2.0 from L=   36,  Acc. loss =  0.0 D.
 Elastic phase shift   4 =    0.000   0.000 deg. for the L =   36, J =   36.0 channel.
      36.0  0.99999959  0.00000119i: elastic S-matrix  @@      0.00  0   0 F  0
 Reaction Xsec    36.0-/36 @ 4 =   0.020/, Out:   0.000#   0.001#   0.003#   0.000f

   S-matrix    5 =    1.00000   0.00002 for L=   36, J=   37.0 channel on core I =   2.0 from L=   36,  Acc. loss =  0.0 D.
 Elastic phase shift   5 =    0.000   0.000 deg. for the L =   36, J =   37.0 channel.
      36.0  0.99999959  0.00001593i: elastic S-matrix  @@      0.00  0   0 F  0
 Reaction Xsec    36.0-/36 @ 5 =   0.020/, Out:   0.000#   0.001#   0.001#   0.000f

   S-matrix    6 =    1.00000  -0.00001 for L=   38, J=   37.0 channel on core I =   2.0 from L=   38,  Acc. loss =  0.0 D.
 Elastic phase shift   6 =   -0.000   0.000 deg. for the L =   38, J =   37.0 channel.
      36.0  0.99999987 -0.00000627i: elastic S-matrix  @@      0.00  0   0 F  0
 Reaction Xsec    36.0-/38 @ 6 =   6.551#, Out:   0.000#   0.000#   0.001#   0.000f

   S-matrix    7 =    1.00000   0.00000 for L=   38, J=   38.0 channel on core I =   2.0 from L=   38,  Acc. loss =  0.0 D.
 Elastic phase shift   7 =    0.000   0.000 deg. for the L =   38, J =   38.0 channel.
      36.0  0.99999987  0.00000038i: elastic S-matrix  @@      0.00  0   0 F  0
 Reaction Xsec    36.0-/38 @ 7 =   6.551#, Out:   0.000#   0.000#   0.000#   0.000f


 Total SPIN, PARITY =    37.0 +,     15 chs,      0 cc.  Rmin & Coul turning =    3.0   15.3
   S-matrix    1 =    1.00000   0.00000 for L=   35, J=   35.0 channel on core I =   2.0 from L=   35,  Acc. loss =  0.0 D.
 Elastic phase shift   1 =    0.000   0.000 deg. for the L =   35, J =   35.0 channel.
      37.0  0.99999928  0.00000205i: elastic S-matrix  @@      0.00  0   0 F  0
 Reaction Xsec    37.0+/35 @ 1 =   0.037/, Out:   0.000#   0.012#   0.003#   0.000f

   S-matrix    2 =    1.00000   0.00002 for L=   35, J=   36.0 channel on core I =   2.0 from L=   35,  Acc. loss =  0.0 D.
 Elastic phase shift   2 =    0.001   0.000 deg. for the L =   35, J =   36.0 channel.
      37.0  0.99999928  0.00002370i: elastic S-matrix  @@      0.00  0   0 F  0
 Reaction Xsec    37.0+/35 @ 2 =   0.037/, Out:   0.000#   0.007#   0.004#   0.000f

   S-matrix    3 =    1.00000  -0.00001 for L=   37, J=   36.0 channel on core I =   2.0 from L=   37,  Acc. loss =  0.0 D.
 Elastic phase shift   3 =   -0.000   0.000 deg. for the L =   37, J =   36.0 channel.
      37.0  0.99999977 -0.00000909i: elastic S-matrix  @@      0.00  0   0 F  0
 Reaction Xsec    37.0+/37 @ 3 =   0.012/, Out:   0.000#   0.001#   0.002#   0.000f

   S-matrix    4 =    1.00000   0.00000 for L=   37, J=   37.0 channel on core I =   2.0 from L=   37,  Acc. loss =  0.0 D.
 Elastic phase shift   4 =    0.000   0.000 deg. for the L =   37, J =   37.0 channel.
      37.0  0.99999977  0.00000068i: elastic S-matrix  @@      0.00  0   0 F  0
 Reaction Xsec    37.0+/37 @ 4 =   0.012/, Out:   0.000#   0.001#   0.001#   0.000f

   S-matrix    5 =    1.00000   0.00001 for L=   37, J=   38.0 channel on core I =   2.0 from L=   37,  Acc. loss =  0.0 D.
 Elastic phase shift   5 =    0.000   0.000 deg. for the L =   37, J =   38.0 channel.
      37.0  0.99999977  0.00001071i: elastic S-matrix  @@      0.00  0   0 F  0
 Reaction Xsec    37.0+/37 @ 5 =   0.012/, Out:   0.000#   0.000#   0.000#   0.000f

   S-matrix    6 =    1.00000  -0.00000 for L=   39, J=   38.0 channel on core I =   2.0 from L=   39,  Acc. loss =  0.0 D.
 Elastic phase shift   6 =   -0.000   0.000 deg. for the L =   39, J =   38.0 channel.
      37.0  0.99999993 -0.00000430i: elastic S-matrix  @@      0.00  0   0 F  0
 Reaction Xsec    37.0+/39 @ 6 =   3.804#, Out:   0.000#   0.000#   0.000#   0.000f

   S-matrix    7 =    1.00000   0.00000 for L=   39, J=   39.0 channel on core I =   2.0 from L=   39,  Acc. loss =  0.0 D.
 Elastic phase shift   7 =    0.000   0.000 deg. for the L =   39, J =   39.0 channel.
      37.0  0.99999993  0.00000022i: elastic S-matrix  @@      0.00  0   0 F  0
 Reaction Xsec    37.0+/39 @ 7 =   3.804#, Out:   0.000#   0.000#   0.000#   0.000f


 Total SPIN, PARITY =    37.0 -,     16 chs,      0 cc.  Rmin & Coul turning =    3.0   15.3
   S-matrix    1 =    1.00000   0.00004 for L=   34, J=   35.0 channel on core I =   2.0 from L=   34,  Acc. loss =  0.0 D.
 Elastic phase shift   1 =    0.001   0.000 deg. for the L =   34, J =   35.0 channel.
      37.0  0.99999873  0.00003534i: elastic S-matrix  @@      0.00  0   0 F  0
 Reaction Xsec    37.0-/34 @ 1 =   0.066/, Out:   0.000#   0.000#   0.005#   0.000f

   S-matrix    2 =    1.00000  -0.00001 for L=   36, J=   35.0 channel on core I =   2.0 from L=   36,  Acc. loss =  0.0 D.
 Elastic phase shift   2 =   -0.000   0.000 deg. for the L =   36, J =   35.0 channel.
      37.0  0.99999959 -0.00001315i: elastic S-matrix  @@      0.00  0   0 F  0
 Reaction Xsec    37.0-/36 @ 2 =   0.021/, Out:   0.000#   0.012#   0.002#   0.000f

   S-matrix    3 =    1.00000   0.00000 for L=   36, J=   36.0 channel on core I =   2.0 from L=   36,  Acc. loss =  0.0 D.
 Elastic phase shift   3 =    0.000   0.000 deg. for the L =   36, J =   36.0 channel.
      37.0  0.99999959  0.00000119i: elastic S-matrix  @@      0.00  0   0 F  0
 Reaction Xsec    37.0-/36 @ 3 =   0.021/, Out:   0.000#   0.003#   0.002#   0.000f

   S-matrix    4 =    1.00000   0.00002 for L=   36, J=   37.0 channel on core I =   2.0 from L=   36,  Acc. loss =  0.0 D.
 Elastic phase shift   4 =    0.000   0.000 deg. for the L =   36, J =   37.0 channel.
      37.0  0.99999959  0.00001593i: elastic S-matrix  @@      0.00  0   0 F  0
 Reaction Xsec    37.0-/36 @ 4 =   0.021/, Out:   0.000#   0.002#   0.001#   0.000f

   S-matrix    5 =    1.00000  -0.00001 for L=   38, J=   37.0 channel on core I =   2.0 from L=   38,  Acc. loss =  0.0 D.
 Elastic phase shift   5 =   -0.000   0.000 deg. for the L =   38, J =   37.0 channel.
      37.0  0.99999987 -0.00000627i: elastic S-matrix  @@      0.00  0   0 F  0
 Reaction Xsec    37.0-/38 @ 5 =   6.730#, Out:   0.000#   0.000#   0.001#   0.000f

   S-matrix    6 =    1.00000   0.00000 for L=   38, J=   38.0 channel on core I =   2.0 from L=   38,  Acc. loss =  0.0 D.
 Elastic phase shift   6 =    0.000   0.000 deg. for the L =   38, J =   38.0 channel.
      37.0  0.99999987  0.00000038i: elastic S-matrix  @@      0.00  0   0 F  0
 Reaction Xsec    37.0-/38 @ 6 =   6.730#, Out:   0.000#   0.000#   0.000#   0.000f

   S-matrix    7 =    1.00000   0.00001 for L=   38, J=   39.0 channel on core I =   2.0 from L=   38,  Acc. loss =  0.0 D.
 Elastic phase shift   7 =    0.000   0.000 deg. for the L =   38, J =   39.0 channel.
      37.0  0.99999987  0.00000720i: elastic S-matrix  @@      0.00  0   0 F  0
 Reaction Xsec    37.0-/38 @ 7 =   6.730#, Out:   0.000#   0.001#   0.000#   0.000f

   S-matrix    8 =    1.00000  -0.00000 for L=   40, J=   39.0 channel on core I =   2.0 from L=   40,  Acc. loss =  0.0 D.
 Elastic phase shift   8 =   -0.000   0.000 deg. for the L =   40, J =   39.0 channel.
      37.0  0.99999996 -0.00000295i: elastic S-matrix  @@      0.00  0   0 F  0
 Reaction Xsec    37.0-/40 @ 8 =   2.149#, Out:   0.000#   0.000#   0.000#   0.000f


 Total SPIN, PARITY =    38.0 +,     16 chs,      0 cc.  Rmin & Coul turning =    3.0   15.7
   S-matrix    1 =    1.00000   0.00002 for L=   35, J=   36.0 channel on core I =   2.0 from L=   35,  Acc. loss =  0.0 D.
 Elastic phase shift   1 =    0.001   0.000 deg. for the L =   35, J =   36.0 channel.
      38.0  0.99999928  0.00002370i: elastic S-matrix  @@      0.00  0   0 F  0
 Reaction Xsec    38.0+/35 @ 1 =   0.038/, Out:   0.000#   0.000#   0.003#   0.000f

   S-matrix    2 =    1.00000  -0.00001 for L=   37, J=   36.0 channel on core I =   2.0 from L=   37,  Acc. loss =  0.0 D.
 Elastic phase shift   2 =   -0.000   0.000 deg. for the L =   37, J =   36.0 channel.
      38.0  0.99999977 -0.00000909i: elastic S-matrix  @@      0.00  0   0 F  0
 Reaction Xsec    38.0+/37 @ 2 =   0.012/, Out:   0.000#   0.006#   0.001#   0.000f

   S-matrix    3 =    1.00000   0.00000 for L=   37, J=   37.0 channel on core I =   2.0 from L=   37,  Acc. loss =  0.0 D.
 Elastic phase shift   3 =    0.000   0.000 deg. for the L =   37, J =   37.0 channel.
      38.0  0.99999977  0.00000068i: elastic S-matrix  @@      0.00  0   0 F  0
 Reaction Xsec    38.0+/37 @ 3 =   0.012/, Out:   0.000#   0.002#   0.001#   0.000f

   S-matrix    4 =    1.00000   0.00001 for L=   37, J=   38.0 channel on core I =   2.0 from L=   37,  Acc. loss =  0.0 D.
 Elastic phase shift   4 =    0.000   0.000 deg. for the L =   37, J =   38.0 channel.
      38.0  0.99999977  0.00001071i: elastic S-matrix  @@      0.00  0   0 F  0
 Reaction Xsec    38.0+/37 @ 4 =   0.012/, Out:   0.000#   0.001#   0.001#   0.000f

   S-matrix    5 =    1.00000  -0.00000 for L=   39, J=   38.0 channel on core I =   2.0 from L=   39,  Acc. loss =  0.0 D.
 Elastic phase shift   5 =   -0.000   0.000 deg. for the L =   39, J =   38.0 channel.
      38.0  0.99999993 -0.00000430i: elastic S-matrix  @@      0.00  0   0 F  0
 Reaction Xsec    38.0+/39 @ 5 =   3.905#, Out:   0.000#   0.000#   0.000#   0.000f

   S-matrix    6 =    1.00000   0.00000 for L=   39, J=   39.0 channel on core I =   2.0 from L=   39,  Acc. loss =  0.0 D.
 Elastic phase shift   6 =    0.000   0.000 deg. for the L =   39, J =   39.0 channel.
      38.0  0.99999993  0.00000022i: elastic S-matrix  @@      0.00  0   0 F  0
 Reaction Xsec    38.0+/39 @ 6 =   3.905#, Out:   0.000#   0.000#   0.000#   0.000f

   S-matrix    7 =    1.00000   0.00000 for L=   39, J=   40.0 channel on core I =   2.0 from L=   39,  Acc. loss =  0.0 D.
 Elastic phase shift   7 =    0.000   0.000 deg. for the L =   39, J =   40.0 channel.
      38.0  0.99999993  0.00000486i: elastic S-matrix  @@      0.00  0   0 F  0
 Reaction Xsec    38.0+/39 @ 7 =   3.905#, Out:   0.000#   0.000#   0.000#   0.000f

   S-matrix    8 =    1.00000  -0.00000 for L=   41, J=   40.0 channel on core I =   2.0 from L=   41,  Acc. loss =  0.0 D.
 Elastic phase shift   8 =   -0.000   0.000 deg. for the L =   41, J =   40.0 channel.
      38.0  0.99999998 -0.00000203i: elastic S-matrix  @@      0.00  0   0 F  0
 Reaction Xsec    38.0+/41 @ 8 =   1.247#, Out:   0.000#   0.000#   0.000#   0.000f


 Total SPIN, PARITY =    38.0 -,     15 chs,      0 cc.  Rmin & Coul turning =    3.0   15.7
   S-matrix    1 =    1.00000   0.00000 for L=   36, J=   36.0 channel on core I =   2.0 from L=   36,  Acc. loss =  0.0 D.
 Elastic phase shift   1 =    0.000   0.000 deg. for the L =   36, J =   36.0 channel.
      38.0  0.99999959  0.00000119i: elastic S-matrix  @@      0.00  0   0 F  0
 Reaction Xsec    38.0-/36 @ 1 =   0.022/, Out:   0.000#   0.006#   0.002#   0.000f

   S-matrix    2 =    1.00000   0.00002 for L=   36, J=   37.0 channel on core I =   2.0 from L=   36,  Acc. loss =  0.0 D.
 Elastic phase shift   2 =    0.000   0.000 deg. for the L =   36, J =   37.0 channel.
      38.0  0.99999959  0.00001593i: elastic S-matrix  @@      0.00  0   0 F  0
 Reaction Xsec    38.0-/36 @ 2 =   0.022/, Out:   0.000#   0.003#   0.002#   0.000f

   S-matrix    3 =    1.00000  -0.00001 for L=   38, J=   37.0 channel on core I =   2.0 from L=   38,  Acc. loss =  0.0 D.
 Elastic phase shift   3 =   -0.000   0.000 deg. for the L =   38, J =   37.0 channel.
      38.0  0.99999987 -0.00000627i: elastic S-matrix  @@      0.00  0   0 F  0
 Reaction Xsec    38.0-/38 @ 3 =   6.910#, Out:   0.000#   0.001#   0.001#   0.000f

   S-matrix    4 =    1.00000   0.00000 for L=   38, J=   38.0 channel on core I =   2.0 from L=   38,  Acc. loss =  0.0 D.
 Elastic phase shift   4 =    0.000   0.000 deg. for the L =   38, J =   38.0 channel.
      38.0  0.99999987  0.00000038i: elastic S-matrix  @@      0.00  0   0 F  0
 Reaction Xsec    38.0-/38 @ 4 =   6.910#, Out:   0.000#   0.000#   0.001#   0.000f

   S-matrix    5 =    1.00000   0.00001 for L=   38, J=   39.0 channel on core I =   2.0 from L=   38,  Acc. loss =  0.0 D.
 Elastic phase shift   5 =    0.000   0.000 deg. for the L =   38, J =   39.0 channel.
      38.0  0.99999987  0.00000720i: elastic S-matrix  @@      0.00  0   0 F  0
 Reaction Xsec    38.0-/38 @ 5 =   6.910#, Out:   0.000#   0.000#   0.000#   0.000f

   S-matrix    6 =    1.00000  -0.00000 for L=   40, J=   39.0 channel on core I =   2.0 from L=   40,  Acc. loss =  0.0 D.
 Elastic phase shift   6 =   -0.000   0.000 deg. for the L =   40, J =   39.0 channel.
      38.0  0.99999996 -0.00000295i: elastic S-matrix  @@      0.00  0   0 F  0
 Reaction Xsec    38.0-/40 @ 6 =   2.207#, Out:   0.000#   0.000#   0.000#   0.000f

   S-matrix    7 =    1.00000   0.00000 for L=   40, J=   40.0 channel on core I =   2.0 from L=   40,  Acc. loss =  0.0 D.
 Elastic phase shift   7 =    0.000   0.000 deg. for the L =   40, J =   40.0 channel.
      38.0  0.99999996  0.00000013i: elastic S-matrix  @@      0.00  0   0 F  0
 Reaction Xsec    38.0-/40 @ 7 =   2.207#, Out:   0.000#   0.000#   0.000#   0.000f


 Total SPIN, PARITY =    39.0 +,     15 chs,      0 cc.  Rmin & Coul turning =    3.1   16.1
   S-matrix    1 =    1.00000   0.00000 for L=   37, J=   37.0 channel on core I =   2.0 from L=   37,  Acc. loss =  0.0 D.
 Elastic phase shift   1 =    0.000   0.000 deg. for the L =   37, J =   37.0 channel.
      39.0  0.99999977  0.00000068i: elastic S-matrix  @@      0.00  0   0 F  0
 Reaction Xsec    39.0+/37 @ 1 =   0.013/, Out:   0.000#   0.003#   0.001#   0.000f

   S-matrix    2 =    1.00000   0.00001 for L=   37, J=   38.0 channel on core I =   2.0 from L=   37,  Acc. loss =  0.0 D.
 Elastic phase shift   2 =    0.000   0.000 deg. for the L =   37, J =   38.0 channel.
      39.0  0.99999977  0.00001071i: elastic S-matrix  @@      0.00  0   0 F  0
 Reaction Xsec    39.0+/37 @ 2 =   0.013/, Out:   0.000#   0.002#   0.001#   0.000f

   S-matrix    3 =    1.00000  -0.00000 for L=   39, J=   38.0 channel on core I =   2.0 from L=   39,  Acc. loss =  0.0 D.
 Elastic phase shift   3 =   -0.000   0.000 deg. for the L =   39, J =   38.0 channel.
      39.0  0.99999993 -0.00000430i: elastic S-matrix  @@      0.00  0   0 F  0
 Reaction Xsec    39.0+/39 @ 3 =   4.007#, Out:   0.000#   0.000#   0.000#   0.000f

   S-matrix    4 =    1.00000   0.00000 for L=   39, J=   39.0 channel on core I =   2.0 from L=   39,  Acc. loss =  0.0 D.
 Elastic phase shift   4 =    0.000   0.000 deg. for the L =   39, J =   39.0 channel.
      39.0  0.99999993  0.00000022i: elastic S-matrix  @@      0.00  0   0 F  0
 Reaction Xsec    39.0+/39 @ 4 =   4.007#, Out:   0.000#   0.000#   0.000#   0.000f

   S-matrix    5 =    1.00000   0.00000 for L=   39, J=   40.0 channel on core I =   2.0 from L=   39,  Acc. loss =  0.0 D.
 Elastic phase shift   5 =    0.000   0.000 deg. for the L =   39, J =   40.0 channel.
      39.0  0.99999993  0.00000486i: elastic S-matrix  @@      0.00  0   0 F  0
 Reaction Xsec    39.0+/39 @ 5 =   4.007#, Out:   0.000#   0.000#   0.000#   0.000f

   S-matrix    6 =    1.00000  -0.00000 for L=   41, J=   40.0 channel on core I =   2.0 from L=   41,  Acc. loss =  0.0 D.
 Elastic phase shift   6 =   -0.000   0.000 deg. for the L =   41, J =   40.0 channel.
      39.0  0.99999998 -0.00000203i: elastic S-matrix  @@      0.00  0   0 F  0
 Reaction Xsec    39.0+/41 @ 6 =   1.279#, Out:   0.000#   0.000#   0.000#   0.000f

   S-matrix    7 =    1.00000   0.00000 for L=   41, J=   41.0 channel on core I =   2.0 from L=   41,  Acc. loss =  0.0 D.
 Elastic phase shift   7 =    0.000   0.000 deg. for the L =   41, J =   41.0 channel.
      39.0  0.99999998  0.00000006i: elastic S-matrix  @@      0.00  0   0 F  0
 Reaction Xsec    39.0+/41 @ 7 =   1.279#, Out:   0.000#   0.000#   0.000#   0.000f


 Total SPIN, PARITY =    39.0 -,     16 chs,      0 cc.  Rmin & Coul turning =    3.1   16.1
   S-matrix    1 =    1.00000   0.00002 for L=   36, J=   37.0 channel on core I =   2.0 from L=   36,  Acc. loss =  0.0 D.
 Elastic phase shift   1 =    0.000   0.000 deg. for the L =   36, J =   37.0 channel.
      39.0  0.99999959  0.00001593i: elastic S-matrix  @@      0.00  0   0 F  0
 Reaction Xsec    39.0-/36 @ 1 =   0.022/, Out:   0.000#   0.000#   0.001#   0.000f

   S-matrix    2 =    1.00000  -0.00001 for L=   38, J=   37.0 channel on core I =   2.0 from L=   38,  Acc. loss =  0.0 D.
 Elastic phase shift   2 =   -0.000   0.000 deg. for the L =   38, J =   37.0 channel.
      39.0  0.99999987 -0.00000627i: elastic S-matrix  @@      0.00  0   0 F  0
 Reaction Xsec    39.0-/38 @ 2 =   7.089#, Out:   0.000#   0.003#   0.000#   0.000f

   S-matrix    3 =    1.00000   0.00000 for L=   38, J=   38.0 channel on core I =   2.0 from L=   38,  Acc. loss =  0.0 D.
 Elastic phase shift   3 =    0.000   0.000 deg. for the L =   38, J =   38.0 channel.
      39.0  0.99999987  0.00000038i: elastic S-matrix  @@      0.00  0   0 F  0
 Reaction Xsec    39.0-/38 @ 3 =   7.089#, Out:   0.000#   0.001#   0.001#   0.000f

   S-matrix    4 =    1.00000   0.00001 for L=   38, J=   39.0 channel on core I =   2.0 from L=   38,  Acc. loss =  0.0 D.
 Elastic phase shift   4 =    0.000   0.000 deg. for the L =   38, J =   39.0 channel.
      39.0  0.99999987  0.00000720i: elastic S-matrix  @@      0.00  0   0 F  0
 Reaction Xsec    39.0-/38 @ 4 =   7.089#, Out:   0.000#   0.001#   0.000#   0.000f

   S-matrix    5 =    1.00000  -0.00000 for L=   40, J=   39.0 channel on core I =   2.0 from L=   40,  Acc. loss =  0.0 D.
 Elastic phase shift   5 =   -0.000   0.000 deg. for the L =   40, J =   39.0 channel.
      39.0  0.99999996 -0.00000295i: elastic S-matrix  @@      0.00  0   0 F  0
 Reaction Xsec    39.0-/40 @ 5 =   2.264#, Out:   0.000#   0.000#   0.000#   0.000f

   S-matrix    6 =    1.00000   0.00000 for L=   40, J=   40.0 channel on core I =   2.0 from L=   40,  Acc. loss =  0.0 D.
 Elastic phase shift   6 =    0.000   0.000 deg. for the L =   40, J =   40.0 channel.
      39.0  0.99999996  0.00000013i: elastic S-matrix  @@      0.00  0   0 F  0
 Reaction Xsec    39.0-/40 @ 6 =   2.264#, Out:   0.000#   0.000#   0.000#   0.000f

   S-matrix    7 =    1.00000   0.00000 for L=   40, J=   41.0 channel on core I =   2.0 from L=   40,  Acc. loss =  0.0 D.
 Elastic phase shift   7 =    0.000   0.000 deg. for the L =   40, J =   41.0 channel.
      39.0  0.99999996  0.00000328i: elastic S-matrix  @@      0.00  0   0 F  0
 Reaction Xsec    39.0-/40 @ 7 =   2.264#, Out:   0.000#   0.000#   0.000#   0.000f

   S-matrix    8 =    1.00000  -0.00000 for L=   42, J=   41.0 channel on core I =   2.0 from L=   42,  Acc. loss =  0.0 D.
 Elastic phase shift   8 =   -0.000   0.000 deg. for the L =   42, J =   41.0 channel.
      39.0  0.99999999 -0.00000140i: elastic S-matrix  @@      0.00  0   0 F  0
 Reaction Xsec    39.0-/42 @ 8 =   0.722#, Out:   0.000#   0.000#   0.000#   0.000f


 Total SPIN, PARITY =    40.0 +,     16 chs,      0 cc.  Rmin & Coul turning =    3.2   16.5
   S-matrix    1 =    1.00000   0.00001 for L=   37, J=   38.0 channel on core I =   2.0 from L=   37,  Acc. loss =  0.0 D.
 Elastic phase shift   1 =    0.000   0.000 deg. for the L =   37, J =   38.0 channel.
      40.0  0.99999977  0.00001071i: elastic S-matrix  @@      0.00  0   0 F  0
 Reaction Xsec    40.0+/37 @ 1 =   0.013/, Out:   0.000#   0.000#   0.001#   0.000f

   S-matrix    2 =    1.00000  -0.00000 for L=   39, J=   38.0 channel on core I =   2.0 from L=   39,  Acc. loss =  0.0 D.
 Elastic phase shift   2 =   -0.000   0.000 deg. for the L =   39, J =   38.0 channel.
      40.0  0.99999993 -0.00000430i: elastic S-matrix  @@      0.00  0   0 F  0
 Reaction Xsec    40.0+/39 @ 2 =   4.108#, Out:   0.000#   0.002#   0.000#   0.000f

   S-matrix    3 =    1.00000   0.00000 for L=   39, J=   39.0 channel on core I =   2.0 from L=   39,  Acc. loss =  0.0 D.
 Elastic phase shift   3 =    0.000   0.000 deg. for the L =   39, J =   39.0 channel.
      40.0  0.99999993  0.00000022i: elastic S-matrix  @@      0.00  0   0 F  0
 Reaction Xsec    40.0+/39 @ 3 =   4.108#, Out:   0.000#   0.000#   0.000#   0.000f

   S-matrix    4 =    1.00000   0.00000 for L=   39, J=   40.0 channel on core I =   2.0 from L=   39,  Acc. loss =  0.0 D.
 Elastic phase shift   4 =    0.000   0.000 deg. for the L =   39, J =   40.0 channel.
      40.0  0.99999993  0.00000486i: elastic S-matrix  @@      0.00  0   0 F  0
 Reaction Xsec    40.0+/39 @ 4 =   4.108#, Out:   0.000#   0.000#   0.000#   0.000f

   S-matrix    5 =    1.00000  -0.00000 for L=   41, J=   40.0 channel on core I =   2.0 from L=   41,  Acc. loss =  0.0 D.
 Elastic phase shift   5 =   -0.000   0.000 deg. for the L =   41, J =   40.0 channel.
      40.0  0.99999998 -0.00000203i: elastic S-matrix  @@      0.00  0   0 F  0
 Reaction Xsec    40.0+/41 @ 5 =   1.311#, Out:   0.000#   0.000#   0.000#   0.000f

   S-matrix    6 =    1.00000   0.00000 for L=   41, J=   41.0 channel on core I =   2.0 from L=   41,  Acc. loss =  0.0 D.
 Elastic phase shift   6 =    0.000   0.000 deg. for the L =   41, J =   41.0 channel.
      40.0  0.99999998  0.00000006i: elastic S-matrix  @@      0.00  0   0 F  0
 Reaction Xsec    40.0+/41 @ 6 =   1.311#, Out:   0.000#   0.000#   0.000#   0.000f

   S-matrix    7 =    1.00000   0.00000 for L=   41, J=   42.0 channel on core I =   2.0 from L=   41,  Acc. loss =  0.0 D.
 Elastic phase shift   7 =    0.000   0.000 deg. for the L =   41, J =   42.0 channel.
      40.0  0.99999998  0.00000220i: elastic S-matrix  @@      0.00  0   0 F  0
 Reaction Xsec    40.0+/41 @ 7 =   1.311#, Out:   0.000#   0.000#   0.000#   0.000f

   S-matrix    8 =    1.00000  -0.00000 for L=   43, J=   42.0 channel on core I =   2.0 from L=   43,  Acc. loss =  0.0 D.
 Elastic phase shift   8 =   -0.000   0.000 deg. for the L =   43, J =   42.0 channel.
      40.0  0.99999999 -0.00000095i: elastic S-matrix  @@      0.00  0   0 F  0
 Reaction Xsec    40.0+/43 @ 8 =   0.418#, Out:   0.000#   0.000#   0.000#   0.000f


 Total SPIN, PARITY =    40.0 -,     15 chs,      0 cc.  Rmin & Coul turning =    3.2   16.5
   S-matrix    1 =    1.00000   0.00000 for L=   38, J=   38.0 channel on core I =   2.0 from L=   38,  Acc. loss =  0.0 D.
 Elastic phase shift   1 =    0.000   0.000 deg. for the L =   38, J =   38.0 channel.
      40.0  0.99999987  0.00000038i: elastic S-matrix  @@      0.00  0   0 F  0
 Reaction Xsec    40.0-/38 @ 1 =   7.269#, Out:   0.000#   0.002#   0.000#   0.000f

   S-matrix    2 =    1.00000   0.00001 for L=   38, J=   39.0 channel on core I =   2.0 from L=   38,  Acc. loss =  0.0 D.
 Elastic phase shift   2 =    0.000   0.000 deg. for the L =   38, J =   39.0 channel.
      40.0  0.99999987  0.00000720i: elastic S-matrix  @@      0.00  0   0 F  0
 Reaction Xsec    40.0-/38 @ 2 =   7.269#, Out:   0.000#   0.001#   0.000#   0.000f

   S-matrix    3 =    1.00000  -0.00000 for L=   40, J=   39.0 channel on core I =   2.0 from L=   40,  Acc. loss =  0.0 D.
 Elastic phase shift   3 =   -0.000   0.000 deg. for the L =   40, J =   39.0 channel.
      40.0  0.99999996 -0.00000295i: elastic S-matrix  @@      0.00  0   0 F  0
 Reaction Xsec    40.0-/40 @ 3 =   2.321#, Out:   0.000#   0.000#   0.000#   0.000f

   S-matrix    4 =    1.00000   0.00000 for L=   40, J=   40.0 channel on core I =   2.0 from L=   40,  Acc. loss =  0.0 D.
 Elastic phase shift   4 =    0.000   0.000 deg. for the L =   40, J =   40.0 channel.
      40.0  0.99999996  0.00000013i: elastic S-matrix  @@      0.00  0   0 F  0
 Reaction Xsec    40.0-/40 @ 4 =   2.321#, Out:   0.000#   0.000#   0.000#   0.000f

   S-matrix    5 =    1.00000   0.00000 for L=   40, J=   41.0 channel on core I =   2.0 from L=   40,  Acc. loss =  0.0 D.
 Elastic phase shift   5 =    0.000   0.000 deg. for the L =   40, J =   41.0 channel.
      40.0  0.99999996  0.00000328i: elastic S-matrix  @@      0.00  0   0 F  0
 Reaction Xsec    40.0-/40 @ 5 =   2.321#, Out:   0.000#   0.000#   0.000#   0.000f

   S-matrix    6 =    1.00000  -0.00000 for L=   42, J=   41.0 channel on core I =   2.0 from L=   42,  Acc. loss =  0.0 D.
 Elastic phase shift   6 =   -0.000   0.000 deg. for the L =   42, J =   41.0 channel.
      40.0  0.99999999 -0.00000140i: elastic S-matrix  @@      0.00  0   0 F  0
 Reaction Xsec    40.0-/42 @ 6 =   0.741#, Out:   0.000#   0.000#   0.000#   0.000f

   S-matrix    7 =    1.00000   0.00000 for L=   42, J=   42.0 channel on core I =   2.0 from L=   42,  Acc. loss =  0.0 D.
 Elastic phase shift   7 =    0.000   0.000 deg. for the L =   42, J =   42.0 channel.
      40.0  0.99999999  0.00000002i: elastic S-matrix  @@      0.00  0   0 F  0
 Reaction Xsec    40.0-/42 @ 7 =   0.741#, Out:   0.000#   0.000#   0.000#   0.000f

 Finished all CC sets @   0.529830992    
0CUMULATIVE REACTION cross section                 =  843.68032  <L> =     9.09  <L**2> =     97.5
0CUMULATIVE outgoing cross sections in partition 1 :    0.00000
0CUMULATIVE outgoing cross sections in partition 2 :    2.68539    2.70483
0Cumulative ABSORBTION by Imaginary Potentials     =  838.29010  <L> =     9.08  <L**2> =     97.4
   Fusion for specific d        M-states :  848.667392  848.725064  848.667392
0CUMULATIVE OUTGOING cross section                 =    5.39022
 To convert to S-factors (MeV.mb = keV.b),  multiply by  2.1324E+02


 CROSS SECTIONS FOR OUTGOING d        & 16N      in state #   1 with spins & parities 1.0  + &  2.0  -;  0

     0.01 deg.: X-S =   2.1685E+14 mb/sr,
+                                         /R =   9.9999E-01
     2.00 deg.: X-S =   9.9668E+04 mb/sr,
+                                         /R =   7.3525E-01
     4.00 deg.: X-S =  9621.536244 mb/sr,
+                                         /R =   1.1349E+00
     6.00 deg.: X-S =  5954.563380 mb/sr,
+                                         /R =   3.5523E+00
     8.00 deg.: X-S =  3983.284368 mb/sr,
+                                         /R =   7.4995E+00
    10.00 deg.: X-S =  2290.501930 mb/sr,
+                                         /R =   1.0509E+01
    12.00 deg.: X-S =  1078.344991 mb/sr,
+                                         /R =   1.0236E+01
    14.00 deg.: X-S =   390.177825 mb/sr,
+                                         /R =   6.8438E+00
    16.00 deg.: X-S =   110.330508 mb/sr,
+                                         /R =   3.2913E+00
    18.00 deg.: X-S =    67.202968 mb/sr,
+                                         /R =   3.2002E+00
    20.00 deg.: X-S =   112.588601 mb/sr,
+                                         /R =   8.1401E+00
    22.00 deg.: X-S =   156.590963 mb/sr,
+                                         /R =   1.6505E+01
    24.00 deg.: X-S =   165.842668 mb/sr,
+                                         /R =   2.4641E+01
    26.00 deg.: X-S =   143.249172 mb/sr,
+                                         /R =   2.9167E+01
    28.00 deg.: X-S =   105.771481 mb/sr,
+                                         /R =   2.8809E+01
    30.00 deg.: X-S =    69.312129 mb/sr,
+                                         /R =   2.4731E+01
    32.00 deg.: X-S =    42.470725 mb/sr,
+                                         /R =   1.9494E+01
    34.00 deg.: X-S =    26.687617 mb/sr,
+                                         /R =   1.5506E+01
    36.00 deg.: X-S =    19.214201 mb/sr,
+                                         /R =   1.3932E+01
    38.00 deg.: X-S =    16.198660 mb/sr,
+                                         /R =   1.4471E+01
    40.00 deg.: X-S =    14.606954 mb/sr,
+                                         /R =   1.5894E+01
    42.00 deg.: X-S =    12.847046 mb/sr,
+                                         /R =   1.6849E+01
    44.00 deg.: X-S =    10.538164 mb/sr,
+                                         /R =   1.6501E+01
    46.00 deg.: X-S =     7.959322 mb/sr,
+                                         /R =   1.4752E+01
    48.00 deg.: X-S =     5.550639 mb/sr,
+                                         /R =   1.2080E+01
    50.00 deg.: X-S =     3.624341 mb/sr,
+                                         /R =   9.1934E+00
    52.00 deg.: X-S =     2.281116 mb/sr,
+                                         /R =   6.6984E+00
    54.00 deg.: X-S =     1.453644 mb/sr,
+                                         /R =   4.9102E+00
    56.00 deg.: X-S =     0.994010 mb/sr,
+                                         /R =   3.8396E+00
    58.00 deg.: X-S =     0.749748 mb/sr,
+                                         /R =   3.2935E+00
    60.00 deg.: X-S =     0.606360 mb/sr,
+                                         /R =   3.0135E+00
    62.00 deg.: X-S =     0.497832 mb/sr,
+                                         /R =   2.7854E+00
    64.00 deg.: X-S =     0.397433 mb/sr,
+                                         /R =   2.4921E+00
    66.00 deg.: X-S =     0.301726 mb/sr,
+                                         /R =   2.1111E+00
    68.00 deg.: X-S =     0.216316 mb/sr,
+                                         /R =   1.6819E+00
    70.00 deg.: X-S =     0.146915 mb/sr,
+                                         /R =   1.2644E+00
    72.00 deg.: X-S =     0.095693 mb/sr,
+                                         /R =   9.0825E-01
    74.00 deg.: X-S =     0.061180 mb/sr,
+                                         /R =   6.3814E-01
    76.00 deg.: X-S =     0.039753 mb/sr,
+                                         /R =   4.5414E-01
    78.00 deg.: X-S =     0.027259 mb/sr,
+                                         /R =   3.3998E-01
    80.00 deg.: X-S =     0.020131 mb/sr,
+                                         /R =   2.7326E-01
    82.00 deg.: X-S =     0.015841 mb/sr,
+                                         /R =   2.3336E-01
    84.00 deg.: X-S =     0.012890 mb/sr,
+                                         /R =   2.0547E-01
    86.00 deg.: X-S =     0.010537 mb/sr,
+                                         /R =   1.8126E-01
    88.00 deg.: X-S =     0.008498 mb/sr,
+                                         /R =   1.5735E-01
    90.00 deg.: X-S =     0.006709 mb/sr,
+                                         /R =   1.3336E-01
    92.00 deg.: X-S =     0.005173 mb/sr,
+                                         /R =   1.1014E-01
    94.00 deg.: X-S =     0.003899 mb/sr,
+                                         /R =   8.8707E-02
    96.00 deg.: X-S =     0.002877 mb/sr,
+                                         /R =   6.9764E-02
    98.00 deg.: X-S =     0.002080 mb/sr,
+                                         /R =   5.3666E-02
   100.00 deg.: X-S =     0.001480 mb/sr,
+                                         /R =   4.0517E-02
   102.00 deg.: X-S =     0.001044 mb/sr,
+                                         /R =   3.0278E-02
   104.00 deg.: X-S =     0.000743 mb/sr,
+                                         /R =   2.2790E-02
   106.00 deg.: X-S =     0.000550 mb/sr,
+                                         /R =   1.7777E-02
   108.00 deg.: X-S =     0.000436 mb/sr,
+                                         /R =   1.4841E-02
   110.00 deg.: X-S =     0.000377 mb/sr,
+                                         /R =   1.3492E-02
   112.00 deg.: X-S =     0.000351 mb/sr,
+                                         /R =   1.3177E-02
   114.00 deg.: X-S =     0.000340 mb/sr,
+                                         /R =   1.3356E-02
   116.00 deg.: X-S =     0.000330 mb/sr,
+                                         /R =   1.3577E-02
   118.00 deg.: X-S =     0.000315 mb/sr,
+                                         /R =   1.3525E-02
   120.00 deg.: X-S =     0.000291 mb/sr,
+                                         /R =   1.3038E-02
   122.00 deg.: X-S =     0.000260 mb/sr,
+                                         /R =   1.2093E-02
   124.00 deg.: X-S =     0.000223 mb/sr,
+                                         /R =   1.0776E-02
   126.00 deg.: X-S =     0.000184 mb/sr,
+                                         /R =   9.2414E-03
   128.00 deg.: X-S =     0.000148 mb/sr,
+                                         /R =   7.6575E-03
   130.00 deg.: X-S =     0.000115 mb/sr,
+                                         /R =   6.1721E-03
   132.00 deg.: X-S =   8.8336E-05 mb/sr,
+                                         /R =   4.8923E-03
   134.00 deg.: X-S =   6.7910E-05 mb/sr,
+                                         /R =   3.8770E-03
   136.00 deg.: X-S =   5.3370E-05 mb/sr,
+                                         /R =   3.1363E-03
   138.00 deg.: X-S =   4.3721E-05 mb/sr,
+                                         /R =   2.6409E-03
   140.00 deg.: X-S =   3.7721E-05 mb/sr,
+                                         /R =   2.3387E-03
   142.00 deg.: X-S =   3.4160E-05 mb/sr,
+                                         /R =   2.1709E-03
   144.00 deg.: X-S =   3.2003E-05 mb/sr,
+                                         /R =   2.0820E-03
   146.00 deg.: X-S =   3.0453E-05 mb/sr,
+                                         /R =   2.0252E-03
   148.00 deg.: X-S =   2.8978E-05 mb/sr,
+                                         /R =   1.9674E-03
   150.00 deg.: X-S =   2.7309E-05 mb/sr,
+                                         /R =   1.8903E-03
   152.00 deg.: X-S =   2.5379E-05 mb/sr,
+                                         /R =   1.7888E-03
   154.00 deg.: X-S =   2.3236E-05 mb/sr,
+                                         /R =   1.6654E-03
   156.00 deg.: X-S =   2.0975E-05 mb/sr,
+                                         /R =   1.5268E-03
   158.00 deg.: X-S =   1.8709E-05 mb/sr,
+                                         /R =   1.3813E-03
   160.00 deg.: X-S =   1.6520E-05 mb/sr,
+                                         /R =   1.2356E-03
   162.00 deg.: X-S =   1.4428E-05 mb/sr,
+                                         /R =   1.0918E-03
   164.00 deg.: X-S =   1.2417E-05 mb/sr,
+                                         /R =   9.4948E-04
   166.00 deg.: X-S =   1.0490E-05 mb/sr,
+                                         /R =   8.0956E-04
   168.00 deg.: X-S =   8.6724E-06 mb/sr,
+                                         /R =   6.7461E-04
   170.00 deg.: X-S =   6.9765E-06 mb/sr,
+                                         /R =   5.4635E-04
   172.00 deg.: X-S =   5.4162E-06 mb/sr,
+                                         /R =   4.2650E-04
   174.00 deg.: X-S =   4.0524E-06 mb/sr,
+                                         /R =   3.2047E-04
   176.00 deg.: X-S =   2.9947E-06 mb/sr,
+                                         /R =   2.3754E-04
   178.00 deg.: X-S =   2.3373E-06 mb/sr,
+                                         /R =   1.8574E-04
   179.99 deg.: X-S =   2.1165E-06 mb/sr,
+                                         /R =   1.6830E-04
                                           Integrated********** mb, over [   0.000, 180.000] at    80.0000 MeV 

 CROSS SECTIONS FOR OUTGOING 3He      & 15C      in state #   1 with spins & parities 0.5  + &  0.5  +;  0

     0.00 deg.: X-S =     6.503296 mb/sr,
+                                         REAC   2.6854E+00 mb
     2.00 deg.: X-S =     6.770298 mb/sr,
     4.00 deg.: X-S =     7.106948 mb/sr,
     6.00 deg.: X-S =     6.647280 mb/sr,
     8.00 deg.: X-S =     5.076133 mb/sr,
    10.00 deg.: X-S =     2.950212 mb/sr,
    12.00 deg.: X-S =     1.174801 mb/sr,
    14.00 deg.: X-S =     0.302324 mb/sr,
    16.00 deg.: X-S =     0.280194 mb/sr,
    18.00 deg.: X-S =     0.684353 mb/sr,
    20.00 deg.: X-S =     1.093198 mb/sr,
    22.00 deg.: X-S =     1.303670 mb/sr,
    24.00 deg.: X-S =     1.326722 mb/sr,
    26.00 deg.: X-S =     1.266710 mb/sr,
    28.00 deg.: X-S =     1.210232 mb/sr,
    30.00 deg.: X-S =     1.182891 mb/sr,
    32.00 deg.: X-S =     1.164139 mb/sr,
    34.00 deg.: X-S =     1.122759 mb/sr,
    36.00 deg.: X-S =     1.042726 mb/sr,
    38.00 deg.: X-S =     0.929173 mb/sr,
    40.00 deg.: X-S =     0.800096 mb/sr,
    42.00 deg.: X-S =     0.674534 mb/sr,
    44.00 deg.: X-S =     0.564688 mb/sr,
    46.00 deg.: X-S =     0.474084 mb/sr,
    48.00 deg.: X-S =     0.400085 mb/sr,
    50.00 deg.: X-S =     0.337795 mb/sr,
    52.00 deg.: X-S =     0.283031 mb/sr,
    54.00 deg.: X-S =     0.233579 mb/sr,
    56.00 deg.: X-S =     0.189069 mb/sr,
    58.00 deg.: X-S =     0.150099 mb/sr,
    60.00 deg.: X-S =     0.117299 mb/sr,
    62.00 deg.: X-S =     0.090770 mb/sr,
    64.00 deg.: X-S =     0.069999 mb/sr,
    66.00 deg.: X-S =     0.054054 mb/sr,
    68.00 deg.: X-S =     0.041868 mb/sr,
    70.00 deg.: X-S =     0.032485 mb/sr,
    72.00 deg.: X-S =     0.025179 mb/sr,
    74.00 deg.: X-S =     0.019452 mb/sr,
    76.00 deg.: X-S =     0.014974 mb/sr,
    78.00 deg.: X-S =     0.011513 mb/sr,
    80.00 deg.: X-S =     0.008887 mb/sr,
    82.00 deg.: X-S =     0.006928 mb/sr,
    84.00 deg.: X-S =     0.005479 mb/sr,
    86.00 deg.: X-S =     0.004402 mb/sr,
    88.00 deg.: X-S =     0.003588 mb/sr,
    90.00 deg.: X-S =     0.002953 mb/sr,
    92.00 deg.: X-S =     0.002440 mb/sr,
    94.00 deg.: X-S =     0.002015 mb/sr,
    96.00 deg.: X-S =     0.001656 mb/sr,
    98.00 deg.: X-S =     0.001349 mb/sr,
   100.00 deg.: X-S =     0.001086 mb/sr,
   102.00 deg.: X-S =     0.000862 mb/sr,
   104.00 deg.: X-S =     0.000674 mb/sr,
   106.00 deg.: X-S =     0.000518 mb/sr,
   108.00 deg.: X-S =     0.000391 mb/sr,
   110.00 deg.: X-S =     0.000291 mb/sr,
   112.00 deg.: X-S =     0.000212 mb/sr,
   114.00 deg.: X-S =     0.000153 mb/sr,
   116.00 deg.: X-S =     0.000111 mb/sr,
   118.00 deg.: X-S =   8.1227E-05 mb/sr,
   120.00 deg.: X-S =   6.2020E-05 mb/sr,
   122.00 deg.: X-S =   5.0252E-05 mb/sr,
   124.00 deg.: X-S =   4.3555E-05 mb/sr,
   126.00 deg.: X-S =   3.9911E-05 mb/sr,
   128.00 deg.: X-S =   3.7758E-05 mb/sr,
   130.00 deg.: X-S =   3.6080E-05 mb/sr,
   132.00 deg.: X-S =   3.4291E-05 mb/sr,
   134.00 deg.: X-S =   3.2097E-05 mb/sr,
   136.00 deg.: X-S =   2.9455E-05 mb/sr,
   138.00 deg.: X-S =   2.6500E-05 mb/sr,
   140.00 deg.: X-S =   2.3406E-05 mb/sr,
   142.00 deg.: X-S =   2.0325E-05 mb/sr,
   144.00 deg.: X-S =   1.7387E-05 mb/sr,
   146.00 deg.: X-S =   1.4669E-05 mb/sr,
   148.00 deg.: X-S =   1.2193E-05 mb/sr,
   150.00 deg.: X-S =   9.9875E-06 mb/sr,
   152.00 deg.: X-S =   8.0989E-06 mb/sr,
   154.00 deg.: X-S =   6.5514E-06 mb/sr,
   156.00 deg.: X-S =   5.3306E-06 mb/sr,
   158.00 deg.: X-S =   4.4320E-06 mb/sr,
   160.00 deg.: X-S =   3.8752E-06 mb/sr,
   162.00 deg.: X-S =   3.6491E-06 mb/sr,
   164.00 deg.: X-S =   3.6805E-06 mb/sr,
   166.00 deg.: X-S =   3.8759E-06 mb/sr,
   168.00 deg.: X-S =   4.1739E-06 mb/sr,
   170.00 deg.: X-S =   4.5374E-06 mb/sr,
   172.00 deg.: X-S =   4.9149E-06 mb/sr,
   174.00 deg.: X-S =   5.2316E-06 mb/sr,
   176.00 deg.: X-S =   5.4322E-06 mb/sr,
   178.00 deg.: X-S =   5.5201E-06 mb/sr,
   180.00 deg.: X-S =   5.5401E-06 mb/sr,
                                           Integrated    2.6813 mb, over [   0.000, 180.000] at    80.0000 MeV 

 CROSS SECTIONS FOR OUTGOING 3He      & 15C      in state #   2 with spins & parities 0.5  + &  2.5  +;  0

     0.00 deg.: X-S =     6.060090 mb/sr,
+                                         REAC   2.7048E+00 mb
     2.00 deg.: X-S =     6.357671 mb/sr,
     4.00 deg.: X-S =     6.783508 mb/sr,
     6.00 deg.: X-S =     6.453187 mb/sr,
     8.00 deg.: X-S =     5.009018 mb/sr,
    10.00 deg.: X-S =     2.963182 mb/sr,
    12.00 deg.: X-S =     1.206597 mb/sr,
    14.00 deg.: X-S =     0.312847 mb/sr,
    16.00 deg.: X-S =     0.262784 mb/sr,
    18.00 deg.: X-S =     0.653321 mb/sr,
    20.00 deg.: X-S =     1.064435 mb/sr,
    22.00 deg.: X-S =     1.283854 mb/sr,
    24.00 deg.: X-S =     1.314063 mb/sr,
    26.00 deg.: X-S =     1.257151 mb/sr,
    28.00 deg.: X-S =     1.202243 mb/sr,
    30.00 deg.: X-S =     1.178223 mb/sr,
    32.00 deg.: X-S =     1.165756 mb/sr,
    34.00 deg.: X-S =     1.132365 mb/sr,
    36.00 deg.: X-S =     1.059643 mb/sr,
    38.00 deg.: X-S =     0.950887 mb/sr,
    40.00 deg.: X-S =     0.823605 mb/sr,
    42.00 deg.: X-S =     0.697466 mb/sr,
    44.00 deg.: X-S =     0.585784 mb/sr,
    46.00 deg.: X-S =     0.493090 mb/sr,
    48.00 deg.: X-S =     0.417295 mb/sr,
    50.00 deg.: X-S =     0.353564 mb/sr,
    52.00 deg.: X-S =     0.297530 mb/sr,
    54.00 deg.: X-S =     0.246788 mb/sr,
    56.00 deg.: X-S =     0.200849 mb/sr,
    58.00 deg.: X-S =     0.160294 mb/sr,
    60.00 deg.: X-S =     0.125837 mb/sr,
    62.00 deg.: X-S =     0.097721 mb/sr,
    64.00 deg.: X-S =     0.075541 mb/sr,
    66.00 deg.: X-S =     0.058419 mb/sr,
    68.00 deg.: X-S =     0.045296 mb/sr,
    70.00 deg.: X-S =     0.035189 mb/sr,
    72.00 deg.: X-S =     0.027319 mb/sr,
    74.00 deg.: X-S =     0.021145 mb/sr,
    76.00 deg.: X-S =     0.016308 mb/sr,
    78.00 deg.: X-S =     0.012560 mb/sr,
    80.00 deg.: X-S =     0.009702 mb/sr,
    82.00 deg.: X-S =     0.007560 mb/sr,
    84.00 deg.: X-S =     0.005971 mb/sr,
    86.00 deg.: X-S =     0.004790 mb/sr,
    88.00 deg.: X-S =     0.003900 mb/sr,
    90.00 deg.: X-S =     0.003210 mb/sr,
    92.00 deg.: X-S =     0.002659 mb/sr,
    94.00 deg.: X-S =     0.002203 mb/sr,
    96.00 deg.: X-S =     0.001819 mb/sr,
    98.00 deg.: X-S =     0.001491 mb/sr,
   100.00 deg.: X-S =     0.001210 mb/sr,
   102.00 deg.: X-S =     0.000970 mb/sr,
   104.00 deg.: X-S =     0.000767 mb/sr,
   106.00 deg.: X-S =     0.000598 mb/sr,
   108.00 deg.: X-S =     0.000459 mb/sr,
   110.00 deg.: X-S =     0.000347 mb/sr,
   112.00 deg.: X-S =     0.000259 mb/sr,
   114.00 deg.: X-S =     0.000191 mb/sr,
   116.00 deg.: X-S =     0.000140 mb/sr,
   118.00 deg.: X-S =     0.000104 mb/sr,
   120.00 deg.: X-S =   7.8377E-05 mb/sr,
   122.00 deg.: X-S =   6.1525E-05 mb/sr,
   124.00 deg.: X-S =   5.0658E-05 mb/sr,
   126.00 deg.: X-S =   4.3721E-05 mb/sr,
   128.00 deg.: X-S =   3.9129E-05 mb/sr,
   130.00 deg.: X-S =   3.5775E-05 mb/sr,
   132.00 deg.: X-S =   3.2966E-05 mb/sr,
   134.00 deg.: X-S =   3.0338E-05 mb/sr,
   136.00 deg.: X-S =   2.7773E-05 mb/sr,
   138.00 deg.: X-S =   2.5289E-05 mb/sr,
   140.00 deg.: X-S =   2.2939E-05 mb/sr,
   142.00 deg.: X-S =   2.0758E-05 mb/sr,
   144.00 deg.: X-S =   1.8752E-05 mb/sr,
   146.00 deg.: X-S =   1.6909E-05 mb/sr,
   148.00 deg.: X-S =   1.5196E-05 mb/sr,
   150.00 deg.: X-S =   1.3577E-05 mb/sr,
   152.00 deg.: X-S =   1.2031E-05 mb/sr,
   154.00 deg.: X-S =   1.0566E-05 mb/sr,
   156.00 deg.: X-S =   9.2131E-06 mb/sr,
   158.00 deg.: X-S =   8.0073E-06 mb/sr,
   160.00 deg.: X-S =   6.9705E-06 mb/sr,
   162.00 deg.: X-S =   6.1110E-06 mb/sr,
   164.00 deg.: X-S =   5.4239E-06 mb/sr,
   166.00 deg.: X-S =   4.8838E-06 mb/sr,
   168.00 deg.: X-S =   4.4495E-06 mb/sr,
   170.00 deg.: X-S =   4.0855E-06 mb/sr,
   172.00 deg.: X-S =   3.7773E-06 mb/sr,
   174.00 deg.: X-S =   3.5236E-06 mb/sr,
   176.00 deg.: X-S =   3.3259E-06 mb/sr,
   178.00 deg.: X-S =   3.1939E-06 mb/sr,
   180.00 deg.: X-S =   3.1462E-06 mb/sr,
                                           Integrated    2.7010 mb, over [   0.000, 180.000] at    80.0000 MeV 
 Finished all xsecs @   0.565200984    

  The following files have been created:
   3:local copy of User input.            6:standard output.                   
   7:elastic  S-matrix elements.         12:transfer kernels.                  
  13:total cross sections/state.         16:tables of cross sections.          
  35:Astrophysics S-factors  / Ecm.      38:cross sections for each J/pi.      
  39:cross sections for each Ecm.        40:all cross sectns. for each Elab.   
  45:scat phase shift as E functions.    46:bs wave functions & ANC ratios.    
  56:Fusion for each Jtotal.             75:S-factors for lab energies.        
 201:Separate cross sections.           202:Separate cross sections.           
 203:Separate cross sections.           

 PARAMETERS : MAXQRN   MFNL   MLOC  LMAX1 MCLIST
    ALLOWED :      8    256     16     60      6
    REQUIRED:      2     34     16     44      4


 ACCURACY ANALYSIS at    80.000 MeV :

  Elastic h*k = 0.123 so OK       compared with 0.200

   Real(S-el) > 0.01 first at J =       1.0
   Real(S-el) > 0.10 first at J =       1.0
   Real(S-el) > 0.50 first at J =       8.0
   Real(S-el) > 0.90 first at J =      11.0
   Real(S-el) > 0.99 first at J =      16.0
   R-turn =    16.49 fm    at J =      40.0

 Forward-angle excitation cut off below   0.495 deg by max JT =      40.0
                              and below   0.325 deg by max R.


 1: Recommended RNL: non-local width >   2.40 cf:   5.00 fm: OK      
    Recommended CENTRE: centration   ~   0.00 cf:   0.80 fm

 Total CPU  0 time =       0.57 seconds
