 FRESCO - FRES 3.4: Coupled Reaction Channels
 Assuming NAMELIST input.

 16N(d,3He)15C @ 20AMeV Haixia (d) + HT1p (3He)                                  

   0.050  25.000   0.500   0.200   5.000   0.800   0.000   0.000   0.000   0.000

 Centre-of-mass Range is    502 * 0.0500 fm., Maximum at  25.00 fm., Interpolating NL forms every  0.50 fm.
 Non - locality width is     26 * 0.2000 fm., Maximum of   5.00 fm., Centred at  0.80 fm.
 2-Nucleon Separation of      0 * 0.5000 fm., Maximum of   0.00 fm., Minimum at  0.00 fm.
 Maximum single particle bins of 25.0000 fm.
               M,Mint =          501         501


 Range of total J is     0.0 <= J <=    40.0 (at least     0.0) and Absorbtion =>    -0.1000 mb.
 Dry Run = F, CC set limits =  0  0, Relativistic kinematics =  , Both/Far/Near Analyses =  1                     

 Cross Sections (and up to T0 for 0=projectile) for Theta from   0.0 to 180.0 in steps of  2.0 degrees, DGAM=0,  Coordinates = 0 (Mads)

 Lower Radial Cutoff = maximum of -1.60*L*h &       0.0 fm.,  Lower Cutoff for Couplings =   0.0  fm.


 Iterate Couplings between   0 and   1 times, to  0.000 % if sooner.                                          
  Block solved exactly =   0 chs., with Pade = 0 & Isocen =  =0, NOSOL = F, initwf =  0
  NL quadrature with   18 Gaussian points, Calculate multipoles up to    46 from   0
  M-transfers for lp+lt greater than or equal to  6, Angular Integration Cutoff below  2.7778 %


 Trace switches are :  CHANS =  1, LISTCC =  0, TRENEG =  0, CDETR =  0, SMATS =  2, XSTABL =  1, NLPL =  0

                       WAVES =  0, LAMPL =  0, VEFF =  0, KFUS =  0, WDISK =  0, BPM =  0, MELFIL =  0

                       CDCC =  0, NFUS =  0

 Using unit mass = 1.000000 amu and 1/fine-structure constant = 137.03599 ( 1.000000 * true ) with hc = 197.32705 MeV.fm,
  thus 2*amu/hbar^2 = 0.0478450 = 1/20.9008 and Coulomb constant = 0.1574855 so e^2 = 1.43997, and nuclear magneton= 0.1261183

 Now pre-scan input and save to file 3



 *********** PARTITION NUMBER  1 ******************************************************************************************

   PROJ=d          MASS=  2.0136 Z=   1.0,        # STATES=    1T, TARG=16N      MASS= 16.0023 Z=   7.0,     Q-VALUE =   0.0000 MEV.

     1:  J= 1.0+ (B# 1), E=  0.0000, K= 0.0              Potl#  1       J= 2.0- (B#-1), E=  0.0000, K= 0.0    


 *********** PARTITION NUMBER  2 ******************************************************************************************

   PROJ=3He        MASS=  3.0155 Z=   2.0,        # STATES=    1T, TARG=15C      MASS= 15.0073 Z=   6.0,     Q-VALUE =  -5.9847 MEV.

     1:  J= 0.5+ (B# 1), E=  0.0000, K= 0.5              Potl#  2       J= 0.5+ (B# 1), E=  0.0000, K= 0.5    


 ************************************************************************************************************************************

 The following POTENTIALS are defined :

  KP#       TYPE      IT    SHAPE      at     V1        r1        a1        V2        r2        a2        A-in     A-used


                                            A#1       A#2        r0c       ac                                                h @ 1
    1    0=Coulomb       0=CHARGE (WS)  1    16.000     0.000    1.3030    0.0000    0.0000    0.0000     0.000    16.000   0.05000

    1    1=Volume        0=Woods-Saxon  2   83.8574    1.1489    0.7508    3.5920    1.3446    0.6030     0.000    16.000

    1    2=Surface       0=Woods-Saxon  3    0.0000    0.0000    0.0000    9.6060    1.3943    0.6872     0.000    16.000

    1    3=Projtl S.O.   0=Woods-Saxon  4    1.7785    0.9720    1.0110    0.0000    0.0000    0.0000     0.000    16.000
   --------------------------------------------------------------------------------------------------------------------

                                            A#1       A#2        r0c       ac                                                h @ 2
    2    0=Coulomb       0=CHARGE (WS)  5    15.000     0.000    1.3000    0.0000    0.0000    0.0000     0.000    15.000   0.05000

    2    1=Volume        0=Woods-Saxon  6  135.4365    1.0002    0.7920    2.6893    1.3651    0.8010     0.000    15.000

    2    2=Surface       0=Woods-Saxon  7    0.0000    0.0000    0.0000   12.3131    1.3651    0.8010     0.000    15.000
   --------------------------------------------------------------------------------------------------------------------

                                            A#1       A#2        r0c       ac                                                h @ 0
    3    0=Coulomb       0=CHARGE (WS)  8     1.000     0.000    2.0000    0.0000    0.0000    0.0000     0.000     1.000   0.05000

    3    1=Volume        0=Woods-Saxon  9  179.9400    0.5400    0.6800    0.0000    0.0000    0.0000     0.000     1.000

    3    1=Volume        2=Gaussian    10 -203.3300    0.0000    0.6400    0.0000    0.0000    0.0000     0.000     1.000
   --------------------------------------------------------------------------------------------------------------------

                                            A#1       A#2        r0c       ac                                                h @ 0
    4    0=Coulomb       0=CHARGE (WS) 11    15.000     0.000    1.2500    0.0000    0.0000    0.0000     0.000    15.000   0.05000

    4    1=Volume        0=Woods-Saxon 12   60.0000    1.2500    0.6500    0.0000    0.0000    0.0000     0.000    15.000

    4    3=Projtl S.O.   0=Woods-Saxon 13    6.0000    1.1000    0.6500    0.0000    0.0000    0.0000     0.000    15.000


 ************************************************************************************************************************************

 The following SINGLE-PARTICLE FORM FACTORS are constructed :


 No.   P1 P2 IN KIND T N  L  S1 IA J/S  IB BIND XFER  BE    SC PC FIL AFRAC Adjust  to  Z  Mass   K     Norm    rms      D0     D   ANC/Gsp

    Parameters      Mismatch   Nodes -> 1 in ch  1

      1.000000     0.00191463     1    57
      0.999160     0.00000257     1    57

 No.   P1 P2 IN KIND T N  L  S1 IA J/S  IB BIND XFER  BE    SC PC FIL AFRAC Adjust  to  Z  Mass   K     Norm    rms      D0     D   ANC/Gsp

    1:  1  2  1  0     1  0 0.5  1 0.5   0   3   0   5.4934  1  4  0 1.0000 VR  0.9992; 1. 1.008 0.4202 1.0000  2.785 -163.8 -171.0  1.8334

    Parameters      Mismatch   Nodes -> 1 in ch  1

      1.000000    -8.29929845     2    75
      0.500000    -0.96246660     1    56
      0.914601     1.67439061     1    73
      0.870561     0.58656623     1    73
      0.834269     0.12637615     1    73
      0.821621     0.00848044     1    73
      0.820646     0.00004300     1    73

 No.   P1 P2 IN KIND T N  L  S1 IA J/S  IB BIND XFER  BE    SC PC FIL AFRAC Adjust  to  Z  Mass   K     Norm    rms      D0     D   ANC/Gsp

    2:  2  1  2  0     1  1 0.5  1 1.5   0   4   0  11.4783  1  4  0 1.0000 VR  0.8206; 1. 1.007 0.7200 1.0000  2.834 -170.9  -52.4  8.9015

 ************************************************************************************************************************************

 TWO-way COUPLING # 1 for partitions  2 <-  1 of KIND  7,   1  0  0 -1 -1 & P1,P2 =    0.0000   0.0000 : for J <=    40.5 & R <  25.0 fm.


 data =  1  1  1  1  1.1446,  so  < [3He      #  1] / [d        #  1]  * Eigen-form #  1>  =   1.1446            BE =  5.493     1

 data = -2  1  1  2  1.0000,  so  < [16N      #  1] / [15C      #  1]  * Eigen-form #  2>  =   1.0000            BE = 11.478     2
 KNT =   2, KNP =   1: NK,NG,loc=   1   1   1  14  T  T  F

     So FINITE-RANGE TRANSFER : IP1 = 1 (PRIOR   ), IP2= 0 =NONE        ,  for   1 pairs of bound states summed into   1 pairs
      The main coupling potential is that binding the transferred particle to the d        core.

   A real*8 is            8  bytes
   NLL,NLN,NLO =          51          51          26
0File  11 needs RL =    1326    REAL*8 numbers, and NR =    48. i.e.     0.51 Megabytes
   File           11  RECL =       10400
0RECOMMENDED NON-LOCAL WIDTH IS GREATER THAN    2.40 FM.,  RECOMMENDED CENTRATION   0.00, after    0.00 secs.
0Relative non-local usages (rms) are
    0.001   0.007   0.065   0.328   1.354   9.270  26.591  83.280  88.573  86.719 100.000  75.633  32.502  10.955   3.290
    0.870   0.181   0.029   0.034   0.029   0.020   0.014   0.009   0.006   0.004   0.003

 Incoming partition  1 in excitation state # 1,   Laboratory Energy given for partition  1 Nucleus 1 in Excitation pair 1

0Lab. ENERGY ranges :

   from    40.0000     to   0.00000     in     0 intervals
   from    0.00000     to   0.00000     in     0 intervals
   from    0.00000     to   0.00000     in     0 intervals

 Largest real,imaginary parts of any form factor at R=   24.50 are   5.88E-02  1.71E-10 MeV
 Finished all Couplings @    4.06900002E-03          13

 Symmetric Hamiltonian
1***********************************************************************************************************************************
************************************************************************************************************************************

        INCOMING d        ;    LABORATORY d        ENERGY =   40.000     MeV.

 ***********************************************************************************************************************************
 ***********************************************************************************************************************************

 Allocate arrays for            3  channels, of which            3  need wfs.

 ######################################################################################################################
 #                                                                                                                    #
 # Total SPIN and PARITY =     0.0 +,      3 channels,    0 in 1st block.  Rmin & Coul turning =    0.0    0.3 fm.  #
 #                                                                                                                    #
 ######################################################################################################################



    C Projectl Target   #   EX.   (L  Proj) J  + Targ = Jtotal     E-cm      Re K     Re Eta     RM*K            CH
    1 d        16N      #    1: I   1 1.0    2.0  2.0     0.0    35.52937   1.74364   0.24734   43.5911   0.10147  -0.49119 1 1 1   1
    2 d        16N      #    1: I   3 1.0    2.0  2.0     0.0    35.52937   1.74364   0.24734   43.5911  -0.25133   0.43482 1 1 1   1
    3 3He      15C      #    1:     0 0.5    0.5  0.5     0.0    29.54467   1.88399   0.55094   47.0997  -0.17558   0.47133 2 1 2   1
   S-matrix    1 =   -0.23871  -0.06174 for L=    1, J=    2.0 channel on core I =   2.0 from L=    1,  Acc. loss =  0.0 D.
 Elastic phase shift   1 =  -82.749  40.110 deg. for the L =    1, J =    2.0 channel.
       0.0 -0.23871447 -0.06174197i: elastic S-matrix  @@      0.00  0   0 F  0
 Reaction Xsec     0.0+/ 1 @ 1 =   0.647 , Out:   0.000#   7.276/   0.640f

   S-matrix    2 =    0.00819   0.21941 for L=    3, J=    2.0 channel on core I =   2.0 from L=    3,  Acc. loss =  0.0 D.
 Elastic phase shift   2 =   43.931  43.434 deg. for the L =    3, J =    2.0 channel.
       0.0  0.00818928  0.21940713i: elastic S-matrix  @@      0.00  0   0 F  0
 Reaction Xsec     0.0+/ 3 @ 2 =   0.656 , Out:   0.000#   0.000#   0.656f


 Total SPIN, PARITY =     0.0 -,      2 chs,      0 cc.  Rmin & Coul turning =    0.0    0.3
   S-matrix    1 =   -0.19890   0.12083 for L=    2, J=    2.0 channel on core I =   2.0 from L=    2,  Acc. loss =  0.0 D.
 Elastic phase shift   1 =   74.361  41.766 deg. for the L =    2, J =    2.0 channel.
       0.0 -0.19889824  0.12082770i: elastic S-matrix  @@      0.00  0   0 F  0
 Reaction Xsec     0.0-/ 2 @ 1 =   0.652 , Out:   0.000#   3.995/   0.648f

 Allocate arrays for            6  channels, of which            6  need wfs.

 Total SPIN, PARITY =     1.0 +,      6 chs,      0 cc.  Rmin & Coul turning =    0.1    1.0
   S-matrix    1 =   -0.24486  -0.00767 for L=    1, J=    1.0 channel on core I =   2.0 from L=    1,  Acc. loss =  0.0 D.
 Elastic phase shift   1 =  -89.102  40.295 deg. for the L =    1, J =    1.0 channel.
       1.0 -0.24486150 -0.00767461i: elastic S-matrix  @@      0.00  0   0 F  0
 Reaction Xsec     1.0+/ 1 @ 1 =   1.943 , Out:   0.000#   4.483/   1.938f

   S-matrix    2 =   -0.23871  -0.06174 for L=    1, J=    2.0 channel on core I =   2.0 from L=    1,  Acc. loss =  0.0 D.
 Elastic phase shift   2 =  -82.749  40.110 deg. for the L =    1, J =    2.0 channel.
       1.0 -0.23871447 -0.06174197i: elastic S-matrix  @@      0.00  0   0 F  0
 Reaction Xsec     1.0+/ 1 @ 2 =   1.941 , Out:   0.000#   0.012    1.929f

   S-matrix    3 =    0.00819   0.21941 for L=    3, J=    2.0 channel on core I =   2.0 from L=    3,  Acc. loss =  0.0 D.
 Elastic phase shift   3 =   43.931  43.434 deg. for the L =    3, J =    2.0 channel.
       1.0  0.00818928  0.21940713i: elastic S-matrix  @@      0.00  0   0 F  0
 Reaction Xsec     1.0+/ 3 @ 3 =   1.967 , Out:   0.000#   0.931/   1.966f

   S-matrix    4 =   -0.05834   0.21366 for L=    3, J=    3.0 channel on core I =   2.0 from L=    3,  Acc. loss =  0.0 D.
 Elastic phase shift   4 =   52.636  43.185 deg. for the L =    3, J =    3.0 channel.
       1.0 -0.05833909  0.21365558i: elastic S-matrix  @@      0.00  0   0 F  0
 Reaction Xsec     1.0+/ 3 @ 4 =   1.965 , Out:   0.000#   9.417/   1.956f

 Allocate arrays for            7  channels, of which            7  need wfs.

 Total SPIN, PARITY =     1.0 -,      7 chs,      0 cc.  Rmin & Coul turning =    0.1    1.0
   S-matrix    1 =   -0.16746  -0.18231 for L=    0, J=    1.0 channel on core I =   2.0 from L=    0,  Acc. loss =  0.0 D.
 Elastic phase shift   1 =  -66.284  39.997 deg. for the L =    0, J =    1.0 channel.
       1.0 -0.16745723 -0.18230742i: elastic S-matrix  @@      0.00  0   0 F  0
 Reaction Xsec     1.0-/ 0 @ 1 =   1.940 , Out:   0.000#   0.012    1.928f

   S-matrix    2 =   -0.16674   0.15797 for L=    2, J=    1.0 channel on core I =   2.0 from L=    2,  Acc. loss =  0.0 D.
 Elastic phase shift   2 =   68.273  42.142 deg. for the L =    2, J =    1.0 channel.
       1.0 -0.16673899  0.15797276i: elastic S-matrix  @@      0.00  0   0 F  0
 Reaction Xsec     1.0-/ 2 @ 2 =   1.958 , Out:   0.000#   0.989/   1.957f

   S-matrix    3 =   -0.19890   0.12083 for L=    2, J=    2.0 channel on core I =   2.0 from L=    2,  Acc. loss =  0.0 D.
 Elastic phase shift   3 =   74.361  41.766 deg. for the L =    2, J =    2.0 channel.
       1.0 -0.19889824  0.12082770i: elastic S-matrix  @@      0.00  0   0 F  0
 Reaction Xsec     1.0-/ 2 @ 3 =   1.955 , Out:   0.000#   5.992/   1.949f

   S-matrix    4 =   -0.23095   0.05434 for L=    2, J=    3.0 channel on core I =   2.0 from L=    2,  Acc. loss =  0.0 D.
 Elastic phase shift   4 =   83.381  41.213 deg. for the L =    2, J =    3.0 channel.
       1.0 -0.23095176  0.05433524i: elastic S-matrix  @@      0.00  0   0 F  0
 Reaction Xsec     1.0-/ 2 @ 4 =   1.950 , Out:   0.000#   0.021    1.929f

   S-matrix    5 =    0.15538   0.11037 for L=    4, J=    3.0 channel on core I =   2.0 from L=    4,  Acc. loss =  0.0 D.
 Elastic phase shift   5 =   17.694  47.488 deg. for the L =    4, J =    3.0 channel.
       1.0  0.15537827  0.11037024i: elastic S-matrix  @@      0.00  0   0 F  0
 Reaction Xsec     1.0-/ 4 @ 5 =   1.992 , Out:   0.000#   0.000#   1.992f

 Allocate arrays for            9  channels, of which            9  need wfs.

 Total SPIN, PARITY =     2.0 +,      9 chs,      0 cc.  Rmin & Coul turning =    0.2    1.6
   S-matrix    1 =   -0.24338   0.01946 for L=    1, J=    0.0 channel on core I =   2.0 from L=    1,  Acc. loss =  0.0 D.
 Elastic phase shift   1 =   87.714  40.392 deg. for the L =    1, J =    0.0 channel.
       2.0 -0.24338307  0.01946342i: elastic S-matrix  @@      0.00  0   0 F  0
 Reaction Xsec     2.0+/ 1 @ 1 =   3.239 , Out:   0.000#   8.590/   3.230f

   S-matrix    2 =   -0.24486  -0.00767 for L=    1, J=    1.0 channel on core I =   2.0 from L=    1,  Acc. loss =  0.0 D.
 Elastic phase shift   2 =  -89.102  40.295 deg. for the L =    1, J =    1.0 channel.
       2.0 -0.24486150 -0.00767461i: elastic S-matrix  @@      0.00  0   0 F  0
 Reaction Xsec     2.0+/ 1 @ 2 =   3.238 , Out:   0.000#   0.014    3.223f

   S-matrix    3 =   -0.23871  -0.06174 for L=    1, J=    2.0 channel on core I =   2.0 from L=    1,  Acc. loss =  0.0 D.
 Elastic phase shift   3 =  -82.749  40.110 deg. for the L =    1, J =    2.0 channel.
       2.0 -0.23871447 -0.06174197i: elastic S-matrix  @@      0.00  0   0 F  0
 Reaction Xsec     2.0+/ 1 @ 3 =   3.235 , Out:   0.000#   8.083/   3.227f

   S-matrix    4 =    0.00819   0.21941 for L=    3, J=    2.0 channel on core I =   2.0 from L=    3,  Acc. loss =  0.0 D.
 Elastic phase shift   4 =   43.931  43.434 deg. for the L =    3, J =    2.0 channel.
       2.0  0.00818928  0.21940713i: elastic S-matrix  @@      0.00  0   0 F  0
 Reaction Xsec     2.0+/ 3 @ 4 =   3.278 , Out:   0.000#   2.291/   3.276f

   S-matrix    5 =   -0.05834   0.21366 for L=    3, J=    3.0 channel on core I =   2.0 from L=    3,  Acc. loss =  0.0 D.
 Elastic phase shift   5 =   52.636  43.185 deg. for the L =    3, J =    3.0 channel.
       2.0 -0.05833909  0.21365558i: elastic S-matrix  @@      0.00  0   0 F  0
 Reaction Xsec     2.0+/ 3 @ 5 =   3.275 , Out:   0.000#   6.538/   3.269f

   S-matrix    6 =   -0.13939   0.17535 for L=    3, J=    4.0 channel on core I =   2.0 from L=    3,  Acc. loss =  0.0 D.
 Elastic phase shift   6 =   64.241  42.860 deg. for the L =    3, J =    4.0 channel.
       2.0 -0.13938922  0.17534712i: elastic S-matrix  @@      0.00  0   0 F  0
 Reaction Xsec     2.0+/ 3 @ 6 =   3.272 , Out:   0.000#   0.032    3.239f

   S-matrix    7 =    0.12016  -0.11658 for L=    5, J=    4.0 channel on core I =   2.0 from L=    5,  Acc. loss =  0.0 D.
 Elastic phase shift   7 =  -22.066  51.201 deg. for the L =    5, J =    4.0 channel.
       2.0  0.12016195 -0.11657626i: elastic S-matrix  @@      0.00  0   0 F  0
 Reaction Xsec     2.0+/ 5 @ 7 =   3.348 , Out:   0.000#   0.000#   3.348f


 Total SPIN, PARITY =     2.0 -,      8 chs,      0 cc.  Rmin & Coul turning =    0.2    1.6
   S-matrix    1 =   -0.16746  -0.18231 for L=    0, J=    1.0 channel on core I =   2.0 from L=    0,  Acc. loss =  0.0 D.
 Elastic phase shift   1 =  -66.284  39.997 deg. for the L =    0, J =    1.0 channel.
       2.0 -0.16745723 -0.18230742i: elastic S-matrix  @@      0.00  0   0 F  0
 Reaction Xsec     2.0-/ 0 @ 1 =   3.233 , Out:   0.000#   0.010    3.223f

   S-matrix    2 =   -0.16674   0.15797 for L=    2, J=    1.0 channel on core I =   2.0 from L=    2,  Acc. loss =  0.0 D.
 Elastic phase shift   2 =   68.273  42.142 deg. for the L =    2, J =    1.0 channel.
       2.0 -0.16673899  0.15797276i: elastic S-matrix  @@      0.00  0   0 F  0
 Reaction Xsec     2.0-/ 2 @ 2 =   3.263 , Out:   0.000#   2.310/   3.260f

   S-matrix    3 =   -0.19890   0.12083 for L=    2, J=    2.0 channel on core I =   2.0 from L=    2,  Acc. loss =  0.0 D.
 Elastic phase shift   3 =   74.361  41.766 deg. for the L =    2, J =    2.0 channel.
       2.0 -0.19889824  0.12082770i: elastic S-matrix  @@      0.00  0   0 F  0
 Reaction Xsec     2.0-/ 2 @ 3 =   3.258 , Out:   0.000#   3.971/   3.254f

   S-matrix    4 =   -0.23095   0.05434 for L=    2, J=    3.0 channel on core I =   2.0 from L=    2,  Acc. loss =  0.0 D.
 Elastic phase shift   4 =   83.381  41.213 deg. for the L =    2, J =    3.0 channel.
       2.0 -0.23095176  0.05433524i: elastic S-matrix  @@      0.00  0   0 F  0
 Reaction Xsec     2.0-/ 2 @ 4 =   3.251 , Out:   0.000#   0.015    3.235f

   S-matrix    5 =    0.15538   0.11037 for L=    4, J=    3.0 channel on core I =   2.0 from L=    4,  Acc. loss =  0.0 D.
 Elastic phase shift   5 =   17.694  47.488 deg. for the L =    4, J =    3.0 channel.
       2.0  0.15537827  0.11037024i: elastic S-matrix  @@      0.00  0   0 F  0
 Reaction Xsec     2.0-/ 4 @ 5 =   3.319 , Out:   0.000#   1.711/   3.318f

   S-matrix    6 =    0.10642   0.16908 for L=    4, J=    4.0 channel on core I =   2.0 from L=    4,  Acc. loss =  0.0 D.
 Elastic phase shift   6 =   28.907  46.138 deg. for the L =    4, J =    4.0 channel.
       2.0  0.10641727  0.16908103i: elastic S-matrix  @@      0.00  0   0 F  0
 Reaction Xsec     2.0-/ 4 @ 6 =   3.307 , Out:   0.000#   0.011    3.295f


 Total SPIN, PARITY =     3.0 +,      9 chs,      0 cc.  Rmin & Coul turning =    0.2    2.1
   S-matrix    1 =   -0.24486  -0.00767 for L=    1, J=    1.0 channel on core I =   2.0 from L=    1,  Acc. loss =  0.0 D.
 Elastic phase shift   1 =  -89.102  40.295 deg. for the L =    1, J =    1.0 channel.
       3.0 -0.24486150 -0.00767461i: elastic S-matrix  @@      0.00  0   0 F  0
 Reaction Xsec     3.0+/ 1 @ 1 =   4.533 , Out:   0.000#   8.022/   4.525f

   S-matrix    2 =   -0.23871  -0.06174 for L=    1, J=    2.0 channel on core I =   2.0 from L=    1,  Acc. loss =  0.0 D.
 Elastic phase shift   2 =  -82.749  40.110 deg. for the L =    1, J =    2.0 channel.
       3.0 -0.23871447 -0.06174197i: elastic S-matrix  @@      0.00  0   0 F  0
 Reaction Xsec     3.0+/ 1 @ 2 =   4.529 , Out:   0.000#   0.019    4.510f

   S-matrix    3 =    0.00819   0.21941 for L=    3, J=    2.0 channel on core I =   2.0 from L=    3,  Acc. loss =  0.0 D.
 Elastic phase shift   3 =   43.931  43.434 deg. for the L =    3, J =    2.0 channel.
       3.0  0.00818928  0.21940713i: elastic S-matrix  @@      0.00  0   0 F  0
 Reaction Xsec     3.0+/ 3 @ 3 =   4.590 , Out:   0.000#   4.694/   4.585f

   S-matrix    4 =   -0.05834   0.21366 for L=    3, J=    3.0 channel on core I =   2.0 from L=    3,  Acc. loss =  0.0 D.
 Elastic phase shift   4 =   52.636  43.185 deg. for the L =    3, J =    3.0 channel.
       3.0 -0.05833909  0.21365558i: elastic S-matrix  @@      0.00  0   0 F  0
 Reaction Xsec     3.0+/ 3 @ 4 =   4.586 , Out:   0.000#   6.621/   4.579f

   S-matrix    5 =   -0.13939   0.17535 for L=    3, J=    4.0 channel on core I =   2.0 from L=    3,  Acc. loss =  0.0 D.
 Elastic phase shift   5 =   64.241  42.860 deg. for the L =    3, J =    4.0 channel.
       3.0 -0.13938922  0.17534712i: elastic S-matrix  @@      0.00  0   0 F  0
 Reaction Xsec     3.0+/ 3 @ 5 =   4.580 , Out:   0.000#   0.017    4.563f

   S-matrix    6 =    0.12016  -0.11658 for L=    5, J=    4.0 channel on core I =   2.0 from L=    5,  Acc. loss =  0.0 D.
 Elastic phase shift   6 =  -22.066  51.201 deg. for the L =    5, J =    4.0 channel.
       3.0  0.12016195 -0.11657626i: elastic S-matrix  @@      0.00  0   0 F  0
 Reaction Xsec     3.0+/ 5 @ 6 =   4.687 , Out:   0.000#   2.176/   4.685f

   S-matrix    7 =    0.15881  -0.04523 for L=    5, J=    5.0 channel on core I =   2.0 from L=    5,  Acc. loss =  0.0 D.
 Elastic phase shift   7 =   -7.948  51.596 deg. for the L =    5, J =    5.0 channel.
       3.0  0.15881058 -0.04522506i: elastic S-matrix  @@      0.00  0   0 F  0
 Reaction Xsec     3.0+/ 5 @ 7 =   4.691 , Out:   0.000#   0.011    4.679f

 Allocate arrays for           10  channels, of which           10  need wfs.

 Total SPIN, PARITY =     3.0 -,     10 chs,      0 cc.  Rmin & Coul turning =    0.2    2.1
   S-matrix    1 =   -0.16746  -0.18231 for L=    0, J=    1.0 channel on core I =   2.0 from L=    0,  Acc. loss =  0.0 D.
 Elastic phase shift   1 =  -66.284  39.997 deg. for the L =    0, J =    1.0 channel.
       3.0 -0.16745723 -0.18230742i: elastic S-matrix  @@      0.00  0   0 F  0
 Reaction Xsec     3.0-/ 0 @ 1 =   4.527 , Out:   0.000#   0.000#   4.527f

   S-matrix    2 =   -0.16674   0.15797 for L=    2, J=    1.0 channel on core I =   2.0 from L=    2,  Acc. loss =  0.0 D.
 Elastic phase shift   2 =   68.273  42.142 deg. for the L =    2, J =    1.0 channel.
       3.0 -0.16673899  0.15797276i: elastic S-matrix  @@      0.00  0   0 F  0
 Reaction Xsec     3.0-/ 2 @ 2 =   4.568 , Out:   0.000#   0.023    4.545f

   S-matrix    3 =   -0.19890   0.12083 for L=    2, J=    2.0 channel on core I =   2.0 from L=    2,  Acc. loss =  0.0 D.
 Elastic phase shift   3 =   74.361  41.766 deg. for the L =    2, J =    2.0 channel.
       3.0 -0.19889824  0.12082770i: elastic S-matrix  @@      0.00  0   0 F  0
 Reaction Xsec     3.0-/ 2 @ 3 =   4.561 , Out:   0.000#   0.018    4.543f

   S-matrix    4 =   -0.23095   0.05434 for L=    2, J=    3.0 channel on core I =   2.0 from L=    2,  Acc. loss =  0.0 D.
 Elastic phase shift   4 =   83.381  41.213 deg. for the L =    2, J =    3.0 channel.
       3.0 -0.23095176  0.05433524i: elastic S-matrix  @@      0.00  0   0 F  0
 Reaction Xsec     3.0-/ 2 @ 4 =   4.551 , Out:   0.000#   0.011    4.540f

   S-matrix    5 =    0.15538   0.11037 for L=    4, J=    3.0 channel on core I =   2.0 from L=    4,  Acc. loss =  0.0 D.
 Elastic phase shift   5 =   17.694  47.488 deg. for the L =    4, J =    3.0 channel.
       3.0  0.15537827  0.11037024i: elastic S-matrix  @@      0.00  0   0 F  0
 Reaction Xsec     3.0-/ 4 @ 5 =   4.647 , Out:   0.000#   2.662/   4.644f

   S-matrix    6 =    0.10642   0.16908 for L=    4, J=    4.0 channel on core I =   2.0 from L=    4,  Acc. loss =  0.0 D.
 Elastic phase shift   6 =   28.907  46.138 deg. for the L =    4, J =    4.0 channel.
       3.0  0.10641727  0.16908103i: elastic S-matrix  @@      0.00  0   0 F  0
 Reaction Xsec     3.0-/ 4 @ 6 =   4.630 , Out:   0.000#   6.425/   4.623f

   S-matrix    7 =    0.01832   0.20935 for L=    4, J=    5.0 channel on core I =   2.0 from L=    4,  Acc. loss =  0.0 D.
 Elastic phase shift   7 =   42.499  44.688 deg. for the L =    4, J =    5.0 channel.
       3.0  0.01832260  0.20935309i: elastic S-matrix  @@      0.00  0   0 F  0
 Reaction Xsec     3.0-/ 4 @ 7 =   4.609 , Out:   0.000#   0.036    4.573f

   S-matrix    8 =   -0.02751  -0.13302 for L=    6, J=    5.0 channel on core I =   2.0 from L=    6,  Acc. loss =  0.0 D.
 Elastic phase shift   8 =  -50.842  57.191 deg. for the L =    6, J =    5.0 channel.
       3.0 -0.02750779 -0.13301553i: elastic S-matrix  @@      0.00  0   0 F  0
 Reaction Xsec     3.0-/ 6 @ 8 =   4.733 , Out:   0.000#   0.000#   4.733f


 Total SPIN, PARITY =     4.0 +,     10 chs,      0 cc.  Rmin & Coul turning =    0.3    2.7
   S-matrix    1 =   -0.23871  -0.06174 for L=    1, J=    2.0 channel on core I =   2.0 from L=    1,  Acc. loss =  0.0 D.
 Elastic phase shift   1 =  -82.749  40.110 deg. for the L =    1, J =    2.0 channel.
       4.0 -0.23871447 -0.06174197i: elastic S-matrix  @@      0.00  0   0 F  0
 Reaction Xsec     4.0+/ 1 @ 1 =   5.823 , Out:   0.000#   0.000#   5.823f

   S-matrix    2 =    0.00819   0.21941 for L=    3, J=    2.0 channel on core I =   2.0 from L=    3,  Acc. loss =  0.0 D.
 Elastic phase shift   2 =   43.931  43.434 deg. for the L =    3, J =    2.0 channel.
       4.0  0.00818928  0.21940713i: elastic S-matrix  @@      0.00  0   0 F  0
 Reaction Xsec     4.0+/ 3 @ 2 =   5.901 , Out:   0.000#   0.038    5.863f

   S-matrix    3 =   -0.05834   0.21366 for L=    3, J=    3.0 channel on core I =   2.0 from L=    3,  Acc. loss =  0.0 D.
 Elastic phase shift   3 =   52.636  43.185 deg. for the L =    3, J =    3.0 channel.
       4.0 -0.05833909  0.21365558i: elastic S-matrix  @@      0.00  0   0 F  0
 Reaction Xsec     4.0+/ 3 @ 3 =   5.896 , Out:   0.000#   0.022    5.873f

   S-matrix    4 =   -0.13939   0.17535 for L=    3, J=    4.0 channel on core I =   2.0 from L=    3,  Acc. loss =  0.0 D.
 Elastic phase shift   4 =   64.241  42.860 deg. for the L =    3, J =    4.0 channel.
       4.0 -0.13938922  0.17534712i: elastic S-matrix  @@      0.00  0   0 F  0
 Reaction Xsec     4.0+/ 3 @ 4 =   5.889 , Out:   0.000#   0.015    5.874f

   S-matrix    5 =    0.12016  -0.11658 for L=    5, J=    4.0 channel on core I =   2.0 from L=    5,  Acc. loss =  0.0 D.
 Elastic phase shift   5 =  -22.066  51.201 deg. for the L =    5, J =    4.0 channel.
       4.0  0.12016195 -0.11657626i: elastic S-matrix  @@      0.00  0   0 F  0
 Reaction Xsec     4.0+/ 5 @ 5 =   6.026 , Out:   0.000#   2.730/   6.023f

   S-matrix    6 =    0.15881  -0.04523 for L=    5, J=    5.0 channel on core I =   2.0 from L=    5,  Acc. loss =  0.0 D.
 Elastic phase shift   6 =   -7.948  51.596 deg. for the L =    5, J =    5.0 channel.
       4.0  0.15881058 -0.04522506i: elastic S-matrix  @@      0.00  0   0 F  0
 Reaction Xsec     4.0+/ 5 @ 6 =   6.031 , Out:   0.000#   5.831/   6.025f

   S-matrix    7 =    0.15649   0.05479 for L=    5, J=    6.0 channel on core I =   2.0 from L=    5,  Acc. loss =  0.0 D.
 Elastic phase shift   7 =    9.648  51.480 deg. for the L =    5, J =    6.0 channel.
       4.0  0.15648505  0.05479090i: elastic S-matrix  @@      0.00  0   0 F  0
 Reaction Xsec     4.0+/ 5 @ 7 =   6.029 , Out:   0.000#   0.032    5.997f

   S-matrix    8 =    0.08495   0.08434 for L=    7, J=    6.0 channel on core I =   2.0 from L=    7,  Acc. loss =  0.0 D.
 Elastic phase shift   8 =   22.397  60.812 deg. for the L =    7, J =    6.0 channel.
       4.0  0.08494770  0.08433889i: elastic S-matrix  @@      0.00  0   0 F  0
 Reaction Xsec     4.0+/ 7 @ 8 =   6.111 , Out:   0.000#   0.000#   6.111f


 Total SPIN, PARITY =     4.0 -,      9 chs,      0 cc.  Rmin & Coul turning =    0.3    2.7
   S-matrix    1 =   -0.19890   0.12083 for L=    2, J=    2.0 channel on core I =   2.0 from L=    2,  Acc. loss =  0.0 D.
 Elastic phase shift   1 =   74.361  41.766 deg. for the L =    2, J =    2.0 channel.
       4.0 -0.19889824  0.12082770i: elastic S-matrix  @@      0.00  0   0 F  0
 Reaction Xsec     4.0-/ 2 @ 1 =   5.864 , Out:   0.000#   0.017    5.847f

   S-matrix    2 =   -0.23095   0.05434 for L=    2, J=    3.0 channel on core I =   2.0 from L=    2,  Acc. loss =  0.0 D.
 Elastic phase shift   2 =   83.381  41.213 deg. for the L =    2, J =    3.0 channel.
       4.0 -0.23095176  0.05433524i: elastic S-matrix  @@      0.00  0   0 F  0
 Reaction Xsec     4.0-/ 2 @ 2 =   5.851 , Out:   0.000#   0.027    5.824f

   S-matrix    3 =    0.15538   0.11037 for L=    4, J=    3.0 channel on core I =   2.0 from L=    4,  Acc. loss =  0.0 D.
 Elastic phase shift   3 =   17.694  47.488 deg. for the L =    4, J =    3.0 channel.
       4.0  0.15537827  0.11037024i: elastic S-matrix  @@      0.00  0   0 F  0
 Reaction Xsec     4.0-/ 4 @ 3 =   5.975 , Out:   0.000#   6.614/   5.968f

   S-matrix    4 =    0.10642   0.16908 for L=    4, J=    4.0 channel on core I =   2.0 from L=    4,  Acc. loss =  0.0 D.
 Elastic phase shift   4 =   28.907  46.138 deg. for the L =    4, J =    4.0 channel.
       4.0  0.10641727  0.16908103i: elastic S-matrix  @@      0.00  0   0 F  0
 Reaction Xsec     4.0-/ 4 @ 4 =   5.952 , Out:   0.000#   8.433/   5.944f

   S-matrix    5 =    0.01832   0.20935 for L=    4, J=    5.0 channel on core I =   2.0 from L=    4,  Acc. loss =  0.0 D.
 Elastic phase shift   5 =   42.499  44.688 deg. for the L =    4, J =    5.0 channel.
       4.0  0.01832260  0.20935309i: elastic S-matrix  @@      0.00  0   0 F  0
 Reaction Xsec     4.0-/ 4 @ 5 =   5.926 , Out:   0.000#   0.016    5.910f

   S-matrix    6 =   -0.02751  -0.13302 for L=    6, J=    5.0 channel on core I =   2.0 from L=    6,  Acc. loss =  0.0 D.
 Elastic phase shift   6 =  -50.842  57.191 deg. for the L =    6, J =    5.0 channel.
       4.0 -0.02750779 -0.13301553i: elastic S-matrix  @@      0.00  0   0 F  0
 Reaction Xsec     4.0-/ 6 @ 6 =   6.086 , Out:   0.000#   1.665/   6.084f

   S-matrix    7 =    0.02853  -0.15835 for L=    6, J=    6.0 channel on core I =   2.0 from L=    6,  Acc. loss =  0.0 D.
 Elastic phase shift   7 =  -39.894  52.338 deg. for the L =    6, J =    6.0 channel.
       4.0  0.02852808 -0.15835412i: elastic S-matrix  @@      0.00  0   0 F  0
 Reaction Xsec     4.0-/ 6 @ 7 =   6.039 , Out:   0.000#   8.587/   6.031f


 Total SPIN, PARITY =     5.0 +,      9 chs,      0 cc.  Rmin & Coul turning =    0.4    3.3
   S-matrix    1 =   -0.05834   0.21366 for L=    3, J=    3.0 channel on core I =   2.0 from L=    3,  Acc. loss =  0.0 D.
 Elastic phase shift   1 =   52.636  43.185 deg. for the L =    3, J =    3.0 channel.
       5.0 -0.05833909  0.21365558i: elastic S-matrix  @@      0.00  0   0 F  0
 Reaction Xsec     5.0+/ 3 @ 1 =   7.206 , Out:   0.000#   0.027    7.179f

   S-matrix    2 =   -0.13939   0.17535 for L=    3, J=    4.0 channel on core I =   2.0 from L=    3,  Acc. loss =  0.0 D.
 Elastic phase shift   2 =   64.241  42.860 deg. for the L =    3, J =    4.0 channel.
       5.0 -0.13938922  0.17534712i: elastic S-matrix  @@      0.00  0   0 F  0
 Reaction Xsec     5.0+/ 3 @ 2 =   7.197 , Out:   0.000#   0.035    7.162f

   S-matrix    3 =    0.12016  -0.11658 for L=    5, J=    4.0 channel on core I =   2.0 from L=    5,  Acc. loss =  0.0 D.
 Elastic phase shift   3 =  -22.066  51.201 deg. for the L =    5, J =    4.0 channel.
       5.0  0.12016195 -0.11657626i: elastic S-matrix  @@      0.00  0   0 F  0
 Reaction Xsec     5.0+/ 5 @ 3 =   7.365 , Out:   0.000#   9.007/   7.356f

   S-matrix    4 =    0.15881  -0.04523 for L=    5, J=    5.0 channel on core I =   2.0 from L=    5,  Acc. loss =  0.0 D.
 Elastic phase shift   4 =   -7.948  51.596 deg. for the L =    5, J =    5.0 channel.
       5.0  0.15881058 -0.04522506i: elastic S-matrix  @@      0.00  0   0 F  0
 Reaction Xsec     5.0+/ 5 @ 4 =   7.371 , Out:   0.000#   9.498/   7.362f

   S-matrix    5 =    0.15649   0.05479 for L=    5, J=    6.0 channel on core I =   2.0 from L=    5,  Acc. loss =  0.0 D.
 Elastic phase shift   5 =    9.648  51.480 deg. for the L =    5, J =    6.0 channel.
       5.0  0.15648505  0.05479090i: elastic S-matrix  @@      0.00  0   0 F  0
 Reaction Xsec     5.0+/ 5 @ 5 =   7.369 , Out:   0.000#   0.013    7.356f

   S-matrix    6 =    0.08495   0.08434 for L=    7, J=    6.0 channel on core I =   2.0 from L=    7,  Acc. loss =  0.0 D.
 Elastic phase shift   6 =   22.397  60.812 deg. for the L =    7, J =    6.0 channel.
       5.0  0.08494770  0.08433889i: elastic S-matrix  @@      0.00  0   0 F  0
 Reaction Xsec     5.0+/ 7 @ 6 =   7.469 , Out:   0.000#   0.971/   7.468f

   S-matrix    7 =    0.04002   0.04526 for L=    7, J=    7.0 channel on core I =   2.0 from L=    7,  Acc. loss =  0.0 D.
 Elastic phase shift   7 =   24.260  80.401 deg. for the L =    7, J =    7.0 channel.
       5.0  0.04001599  0.04526181i: elastic S-matrix  @@      0.00  0   0 F  0
 Reaction Xsec     5.0+/ 7 @ 7 =   7.550 , Out:   0.000#   2.599/   7.547f


 Total SPIN, PARITY =     5.0 -,     10 chs,      0 cc.  Rmin & Coul turning =    0.4    3.3
   S-matrix    1 =   -0.23095   0.05434 for L=    2, J=    3.0 channel on core I =   2.0 from L=    2,  Acc. loss =  0.0 D.
 Elastic phase shift   1 =   83.381  41.213 deg. for the L =    2, J =    3.0 channel.
       5.0 -0.23095176  0.05433524i: elastic S-matrix  @@      0.00  0   0 F  0
 Reaction Xsec     5.0-/ 2 @ 1 =   7.151 , Out:   0.000#   0.000#   7.151f

   S-matrix    2 =    0.15538   0.11037 for L=    4, J=    3.0 channel on core I =   2.0 from L=    4,  Acc. loss =  0.0 D.
 Elastic phase shift   2 =   17.694  47.488 deg. for the L =    4, J =    3.0 channel.
       5.0  0.15537827  0.11037024i: elastic S-matrix  @@      0.00  0   0 F  0
 Reaction Xsec     5.0-/ 4 @ 2 =   7.302 , Out:   0.000#   0.046    7.256f

   S-matrix    3 =    0.10642   0.16908 for L=    4, J=    4.0 channel on core I =   2.0 from L=    4,  Acc. loss =  0.0 D.
 Elastic phase shift   3 =   28.907  46.138 deg. for the L =    4, J =    4.0 channel.
       5.0  0.10641727  0.16908103i: elastic S-matrix  @@      0.00  0   0 F  0
 Reaction Xsec     5.0-/ 4 @ 3 =   7.275 , Out:   0.000#   0.025    7.250f

   S-matrix    4 =    0.01832   0.20935 for L=    4, J=    5.0 channel on core I =   2.0 from L=    4,  Acc. loss =  0.0 D.
 Elastic phase shift   4 =   42.499  44.688 deg. for the L =    4, J =    5.0 channel.
       5.0  0.01832260  0.20935309i: elastic S-matrix  @@      0.00  0   0 F  0
 Reaction Xsec     5.0-/ 4 @ 4 =   7.243 , Out:   0.000#   0.018    7.225f

   S-matrix    5 =   -0.02751  -0.13302 for L=    6, J=    5.0 channel on core I =   2.0 from L=    6,  Acc. loss =  0.0 D.
 Elastic phase shift   5 =  -50.842  57.191 deg. for the L =    6, J =    5.0 channel.
       5.0 -0.02750779 -0.13301553i: elastic S-matrix  @@      0.00  0   0 F  0
 Reaction Xsec     5.0-/ 6 @ 5 =   7.438 , Out:   0.000#   1.840/   7.436f

   S-matrix    6 =    0.02853  -0.15835 for L=    6, J=    6.0 channel on core I =   2.0 from L=    6,  Acc. loss =  0.0 D.
 Elastic phase shift   6 =  -39.894  52.338 deg. for the L =    6, J =    6.0 channel.
       5.0  0.02852808 -0.15835412i: elastic S-matrix  @@      0.00  0   0 F  0
 Reaction Xsec     5.0-/ 6 @ 6 =   7.381 , Out:   0.000#   4.248/   7.377f

   S-matrix    7 =    0.10724  -0.14237 for L=    6, J=    7.0 channel on core I =   2.0 from L=    6,  Acc. loss =  0.0 D.
 Elastic phase shift   7 =  -26.505  49.407 deg. for the L =    6, J =    7.0 channel.
       5.0  0.10724215 -0.14236603i: elastic S-matrix  @@      0.00  0   0 F  0
 Reaction Xsec     5.0-/ 6 @ 7 =   7.337 , Out:   0.000#   0.026    7.311f

   S-matrix    8 =    0.42046   0.20048 for L=    8, J=    7.0 channel on core I =   2.0 from L=    8,  Acc. loss =  0.0 D.
 Elastic phase shift   8 =   12.746  21.886 deg. for the L =    8, J =    7.0 channel.
       5.0  0.42046080  0.20047658i: elastic S-matrix  @@      0.00  0   0 F  0
 Reaction Xsec     5.0-/ 8 @ 8 =   5.933 , Out:   0.000#   0.000#   5.933f


 Total SPIN, PARITY =     6.0 +,     10 chs,      0 cc.  Rmin & Coul turning =    0.5    3.9
   S-matrix    1 =   -0.13939   0.17535 for L=    3, J=    4.0 channel on core I =   2.0 from L=    3,  Acc. loss =  0.0 D.
 Elastic phase shift   1 =   64.241  42.860 deg. for the L =    3, J =    4.0 channel.
       6.0 -0.13938922  0.17534712i: elastic S-matrix  @@      0.00  0   0 F  0
 Reaction Xsec     6.0+/ 3 @ 1 =   8.506 , Out:   0.000#   0.000#   8.506f

   S-matrix    2 =    0.12016  -0.11658 for L=    5, J=    4.0 channel on core I =   2.0 from L=    5,  Acc. loss =  0.0 D.
 Elastic phase shift   2 =  -22.066  51.201 deg. for the L =    5, J =    4.0 channel.
       6.0  0.12016195 -0.11657626i: elastic S-matrix  @@      0.00  0   0 F  0
 Reaction Xsec     6.0+/ 5 @ 2 =   8.704 , Out:   0.000#   0.057    8.647f

   S-matrix    3 =    0.15881  -0.04523 for L=    5, J=    5.0 channel on core I =   2.0 from L=    5,  Acc. loss =  0.0 D.
 Elastic phase shift   3 =   -7.948  51.596 deg. for the L =    5, J =    5.0 channel.
       6.0  0.15881058 -0.04522506i: elastic S-matrix  @@      0.00  0   0 F  0
 Reaction Xsec     6.0+/ 5 @ 3 =   8.711 , Out:   0.000#   0.026    8.685f

   S-matrix    4 =    0.15649   0.05479 for L=    5, J=    6.0 channel on core I =   2.0 from L=    5,  Acc. loss =  0.0 D.
 Elastic phase shift   4 =    9.648  51.480 deg. for the L =    5, J =    6.0 channel.
       6.0  0.15648505  0.05479090i: elastic S-matrix  @@      0.00  0   0 F  0
 Reaction Xsec     6.0+/ 5 @ 4 =   8.709 , Out:   0.000#   0.019    8.691f

   S-matrix    5 =    0.08495   0.08434 for L=    7, J=    6.0 channel on core I =   2.0 from L=    7,  Acc. loss =  0.0 D.
 Elastic phase shift   5 =   22.397  60.812 deg. for the L =    7, J =    6.0 channel.
       6.0  0.08494770  0.08433889i: elastic S-matrix  @@      0.00  0   0 F  0
 Reaction Xsec     6.0+/ 7 @ 5 =   8.827 , Out:   0.000#   0.985/   8.826f

   S-matrix    6 =    0.04002   0.04526 for L=    7, J=    7.0 channel on core I =   2.0 from L=    7,  Acc. loss =  0.0 D.
 Elastic phase shift   6 =   24.260  80.401 deg. for the L =    7, J =    7.0 channel.
       6.0  0.04001599  0.04526181i: elastic S-matrix  @@      0.00  0   0 F  0
 Reaction Xsec     6.0+/ 7 @ 6 =   8.923 , Out:   0.000#   1.261/   8.921f

   S-matrix    7 =    0.02105  -0.01517 for L=    7, J=    8.0 channel on core I =   2.0 from L=    7,  Acc. loss =  0.0 D.
 Elastic phase shift   7 =  -17.890 104.618 deg. for the L =    7, J =    8.0 channel.
       6.0  0.02104666 -0.01516782i: elastic S-matrix  @@      0.00  0   0 F  0
 Reaction Xsec     6.0+/ 7 @ 7 =   8.949 , Out:   0.000#   4.630/   8.945f

   S-matrix    8 =    0.70677   0.16534 for L=    9, J=    8.0 channel on core I =   2.0 from L=    9,  Acc. loss =  0.0 D.
 Elastic phase shift   8 =    6.583   9.179 deg. for the L =    9, J =    8.0 channel.
       6.0  0.70677407  0.16533672i: elastic S-matrix  @@      0.00  0   0 F  0
 Reaction Xsec     6.0+/ 9 @ 8 =   4.237 , Out:   0.000#   0.000#   4.237f


 Total SPIN, PARITY =     6.0 -,      9 chs,      0 cc.  Rmin & Coul turning =    0.5    3.9
   S-matrix    1 =    0.10642   0.16908 for L=    4, J=    4.0 channel on core I =   2.0 from L=    4,  Acc. loss =  0.0 D.
 Elastic phase shift   1 =   28.907  46.138 deg. for the L =    4, J =    4.0 channel.
       6.0  0.10641727  0.16908103i: elastic S-matrix  @@      0.00  0   0 F  0
 Reaction Xsec     6.0-/ 4 @ 1 =   8.598 , Out:   0.000#   0.035    8.563f

   S-matrix    2 =    0.01832   0.20935 for L=    4, J=    5.0 channel on core I =   2.0 from L=    4,  Acc. loss =  0.0 D.
 Elastic phase shift   2 =   42.499  44.688 deg. for the L =    4, J =    5.0 channel.
       6.0  0.01832260  0.20935309i: elastic S-matrix  @@      0.00  0   0 F  0
 Reaction Xsec     6.0-/ 4 @ 2 =   8.560 , Out:   0.000#   0.040    8.520f

   S-matrix    3 =   -0.02751  -0.13302 for L=    6, J=    5.0 channel on core I =   2.0 from L=    6,  Acc. loss =  0.0 D.
 Elastic phase shift   3 =  -50.842  57.191 deg. for the L =    6, J =    5.0 channel.
       6.0 -0.02750779 -0.13301553i: elastic S-matrix  @@      0.00  0   0 F  0
 Reaction Xsec     6.0-/ 6 @ 3 =   8.790 , Out:   0.000#   6.560/   8.784f

   S-matrix    4 =    0.02853  -0.15835 for L=    6, J=    6.0 channel on core I =   2.0 from L=    6,  Acc. loss =  0.0 D.
 Elastic phase shift   4 =  -39.894  52.338 deg. for the L =    6, J =    6.0 channel.
       6.0  0.02852808 -0.15835412i: elastic S-matrix  @@      0.00  0   0 F  0
 Reaction Xsec     6.0-/ 6 @ 4 =   8.724 , Out:   0.000#   7.562/   8.716f

   S-matrix    5 =    0.10724  -0.14237 for L=    6, J=    7.0 channel on core I =   2.0 from L=    6,  Acc. loss =  0.0 D.
 Elastic phase shift   5 =  -26.505  49.407 deg. for the L =    6, J =    7.0 channel.
       6.0  0.10724215 -0.14236603i: elastic S-matrix  @@      0.00  0   0 F  0
 Reaction Xsec     6.0-/ 6 @ 5 =   8.671 , Out:   0.000#   9.802/   8.661f

   S-matrix    6 =    0.42046   0.20048 for L=    8, J=    7.0 channel on core I =   2.0 from L=    8,  Acc. loss =  0.0 D.
 Elastic phase shift   6 =   12.746  21.886 deg. for the L =    8, J =    7.0 channel.
       6.0  0.42046080  0.20047658i: elastic S-matrix  @@      0.00  0   0 F  0
 Reaction Xsec     6.0-/ 8 @ 6 =   7.012 , Out:   0.000#   5.806/   7.007f

   S-matrix    7 =    0.35080   0.23082 for L=    8, J=    8.0 channel on core I =   2.0 from L=    8,  Acc. loss =  0.0 D.
 Elastic phase shift   7 =   16.672  24.857 deg. for the L =    8, J =    8.0 channel.
       6.0  0.35080018  0.23081979i: elastic S-matrix  @@      0.00  0   0 F  0
 Reaction Xsec     6.0-/ 8 @ 7 =   7.376 , Out:   0.000#   0.016    7.360f


 Total SPIN, PARITY =     7.0 +,      9 chs,      0 cc.  Rmin & Coul turning =    0.6    4.4
   S-matrix    1 =    0.15881  -0.04523 for L=    5, J=    5.0 channel on core I =   2.0 from L=    5,  Acc. loss =  0.0 D.
 Elastic phase shift   1 =   -7.948  51.596 deg. for the L =    5, J =    5.0 channel.
       7.0  0.15881058 -0.04522506i: elastic S-matrix  @@      0.00  0   0 F  0
 Reaction Xsec     7.0+/ 5 @ 1 =  10.051 , Out:   0.000#   0.040   10.012f

   S-matrix    2 =    0.15649   0.05479 for L=    5, J=    6.0 channel on core I =   2.0 from L=    5,  Acc. loss =  0.0 D.
 Elastic phase shift   2 =    9.648  51.480 deg. for the L =    5, J =    6.0 channel.
       7.0  0.15648505  0.05479090i: elastic S-matrix  @@      0.00  0   0 F  0
 Reaction Xsec     7.0+/ 5 @ 2 =  10.049 , Out:   0.000#   0.039   10.010f

   S-matrix    3 =    0.08495   0.08434 for L=    7, J=    6.0 channel on core I =   2.0 from L=    7,  Acc. loss =  0.0 D.
 Elastic phase shift   3 =   22.397  60.812 deg. for the L =    7, J =    6.0 channel.
       7.0  0.08494770  0.08433889i: elastic S-matrix  @@      0.00  0   0 F  0
 Reaction Xsec     7.0+/ 7 @ 3 =  10.185 , Out:   0.000#   7.863/  10.177f

   S-matrix    4 =    0.04002   0.04526 for L=    7, J=    7.0 channel on core I =   2.0 from L=    7,  Acc. loss =  0.0 D.
 Elastic phase shift   4 =   24.260  80.401 deg. for the L =    7, J =    7.0 channel.
       7.0  0.04001599  0.04526181i: elastic S-matrix  @@      0.00  0   0 F  0
 Reaction Xsec     7.0+/ 7 @ 4 =  10.295 , Out:   0.000#   3.539/  10.292f

   S-matrix    5 =    0.02105  -0.01517 for L=    7, J=    8.0 channel on core I =   2.0 from L=    7,  Acc. loss =  0.0 D.
 Elastic phase shift   5 =  -17.890 104.618 deg. for the L =    7, J =    8.0 channel.
       7.0  0.02104666 -0.01516782i: elastic S-matrix  @@      0.00  0   0 F  0
 Reaction Xsec     7.0+/ 7 @ 5 =  10.326 , Out:   0.000#   1.669/  10.325f

   S-matrix    6 =    0.70677   0.16534 for L=    9, J=    8.0 channel on core I =   2.0 from L=    9,  Acc. loss =  0.0 D.
 Elastic phase shift   6 =    6.583   9.179 deg. for the L =    9, J =    8.0 channel.
       7.0  0.70677407  0.16533672i: elastic S-matrix  @@      0.00  0   0 F  0
 Reaction Xsec     7.0+/ 9 @ 6 =   4.889 , Out:   0.000#   8.764/   4.880f

   S-matrix    7 =    0.67102   0.21884 for L=    9, J=    9.0 channel on core I =   2.0 from L=    9,  Acc. loss =  0.0 D.
 Elastic phase shift   7 =    9.031   9.981 deg. for the L =    9, J =    9.0 channel.
       7.0  0.67102236  0.21883669i: elastic S-matrix  @@      0.00  0   0 F  0
 Reaction Xsec     7.0+/ 9 @ 7 =   5.186 , Out:   0.000#   0.026    5.159f


 Total SPIN, PARITY =     7.0 -,     10 chs,      0 cc.  Rmin & Coul turning =    0.6    4.4
   S-matrix    1 =    0.01832   0.20935 for L=    4, J=    5.0 channel on core I =   2.0 from L=    4,  Acc. loss =  0.0 D.
 Elastic phase shift   1 =   42.499  44.688 deg. for the L =    4, J =    5.0 channel.
       7.0  0.01832260  0.20935309i: elastic S-matrix  @@      0.00  0   0 F  0
 Reaction Xsec     7.0-/ 4 @ 1 =   9.877 , Out:   0.000#   0.000#   9.877f

   S-matrix    2 =   -0.02751  -0.13302 for L=    6, J=    5.0 channel on core I =   2.0 from L=    6,  Acc. loss =  0.0 D.
 Elastic phase shift   2 =  -50.842  57.191 deg. for the L =    6, J =    5.0 channel.
       7.0 -0.02750779 -0.13301553i: elastic S-matrix  @@      0.00  0   0 F  0
 Reaction Xsec     7.0-/ 6 @ 2 =  10.143 , Out:   0.000#   0.039   10.104f

   S-matrix    3 =    0.02853  -0.15835 for L=    6, J=    6.0 channel on core I =   2.0 from L=    6,  Acc. loss =  0.0 D.
 Elastic phase shift   3 =  -39.894  52.338 deg. for the L =    6, J =    6.0 channel.
       7.0  0.02852808 -0.15835412i: elastic S-matrix  @@      0.00  0   0 F  0
 Reaction Xsec     7.0-/ 6 @ 3 =  10.066 , Out:   0.000#   0.020   10.046f

   S-matrix    4 =    0.10724  -0.14237 for L=    6, J=    7.0 channel on core I =   2.0 from L=    6,  Acc. loss =  0.0 D.
 Elastic phase shift   4 =  -26.505  49.407 deg. for the L =    6, J =    7.0 channel.
       7.0  0.10724215 -0.14236603i: elastic S-matrix  @@      0.00  0   0 F  0
 Reaction Xsec     7.0-/ 6 @ 4 =  10.005 , Out:   0.000#   0.017    9.988f

   S-matrix    5 =    0.42046   0.20048 for L=    8, J=    7.0 channel on core I =   2.0 from L=    8,  Acc. loss =  0.0 D.
 Elastic phase shift   5 =   12.746  21.886 deg. for the L =    8, J =    7.0 channel.
       7.0  0.42046080  0.20047658i: elastic S-matrix  @@      0.00  0   0 F  0
 Reaction Xsec     7.0-/ 8 @ 5 =   8.091 , Out:   0.000#   5.550/   8.086f

   S-matrix    6 =    0.35080   0.23082 for L=    8, J=    8.0 channel on core I =   2.0 from L=    8,  Acc. loss =  0.0 D.
 Elastic phase shift   6 =   16.672  24.857 deg. for the L =    8, J =    8.0 channel.
       7.0  0.35080018  0.23081979i: elastic S-matrix  @@      0.00  0   0 F  0
 Reaction Xsec     7.0-/ 8 @ 6 =   8.511 , Out:   0.000#   7.922/   8.503f

   S-matrix    7 =    0.26596   0.24361 for L=    8, J=    9.0 channel on core I =   2.0 from L=    8,  Acc. loss =  0.0 D.
 Elastic phase shift   7 =   21.244  29.215 deg. for the L =    8, J =    9.0 channel.
       7.0  0.26596211  0.24361323i: elastic S-matrix  @@      0.00  0   0 F  0
 Reaction Xsec     7.0-/ 8 @ 7 =   8.989 , Out:   0.000#   0.032    8.957f

   S-matrix    8 =    0.86477   0.09596 for L=   10, J=    9.0 channel on core I =   2.0 from L=   10,  Acc. loss =  0.0 D.
 Elastic phase shift   8 =    3.166   3.987 deg. for the L =   10, J =    9.0 channel.
       7.0  0.86477335  0.09595521i: elastic S-matrix  @@      0.00  0   0 F  0
 Reaction Xsec     7.0-/10 @ 8 =   2.511 , Out:   0.000#   0.000#   2.511f


 Total SPIN, PARITY =     8.0 +,     10 chs,      0 cc.  Rmin & Coul turning =    0.6    5.0
   S-matrix    1 =    0.15649   0.05479 for L=    5, J=    6.0 channel on core I =   2.0 from L=    5,  Acc. loss =  0.0 D.
 Elastic phase shift   1 =    9.648  51.480 deg. for the L =    5, J =    6.0 channel.
       8.0  0.15648505  0.05479090i: elastic S-matrix  @@      0.00  0   0 F  0
 Reaction Xsec     8.0+/ 5 @ 1 =  11.389 , Out:   0.000#   0.000#  11.389f

   S-matrix    2 =    0.08495   0.08434 for L=    7, J=    6.0 channel on core I =   2.0 from L=    7,  Acc. loss =  0.0 D.
 Elastic phase shift   2 =   22.397  60.812 deg. for the L =    7, J =    6.0 channel.
       8.0  0.08494770  0.08433889i: elastic S-matrix  @@      0.00  0   0 F  0
 Reaction Xsec     8.0+/ 7 @ 2 =  11.543 , Out:   0.000#   0.044   11.499f

   S-matrix    3 =    0.04002   0.04526 for L=    7, J=    7.0 channel on core I =   2.0 from L=    7,  Acc. loss =  0.0 D.
 Elastic phase shift   3 =   24.260  80.401 deg. for the L =    7, J =    7.0 channel.
       8.0  0.04001599  0.04526181i: elastic S-matrix  @@      0.00  0   0 F  0
 Reaction Xsec     8.0+/ 7 @ 3 =  11.668 , Out:   0.000#   9.660/  11.659f

   S-matrix    4 =    0.02105  -0.01517 for L=    7, J=    8.0 channel on core I =   2.0 from L=    7,  Acc. loss =  0.0 D.
 Elastic phase shift   4 =  -17.890 104.618 deg. for the L =    7, J =    8.0 channel.
       8.0  0.02104666 -0.01516782i: elastic S-matrix  @@      0.00  0   0 F  0
 Reaction Xsec     8.0+/ 7 @ 4 =  11.703 , Out:   0.000#   3.061/  11.700f

   S-matrix    5 =    0.70677   0.16534 for L=    9, J=    8.0 channel on core I =   2.0 from L=    9,  Acc. loss =  0.0 D.
 Elastic phase shift   5 =    6.583   9.179 deg. for the L =    9, J =    8.0 channel.
       8.0  0.70677407  0.16533672i: elastic S-matrix  @@      0.00  0   0 F  0
 Reaction Xsec     8.0+/ 9 @ 5 =   5.541 , Out:   0.000#   8.007/   5.533f

   S-matrix    6 =    0.67102   0.21884 for L=    9, J=    9.0 channel on core I =   2.0 from L=    9,  Acc. loss =  0.0 D.
 Elastic phase shift   6 =    9.031   9.981 deg. for the L =    9, J =    9.0 channel.
       8.0  0.67102236  0.21883669i: elastic S-matrix  @@      0.00  0   0 F  0
 Reaction Xsec     8.0+/ 9 @ 6 =   5.877 , Out:   0.000#   0.012    5.865f

   S-matrix    7 =    0.62184   0.27488 for L=    9, J=   10.0 channel on core I =   2.0 from L=    9,  Acc. loss =  0.0 D.
 Elastic phase shift   7 =   11.924  11.053 deg. for the L =    9, J =   10.0 channel.
       8.0  0.62184435  0.27488497i: elastic S-matrix  @@      0.00  0   0 F  0
 Reaction Xsec     8.0+/ 9 @ 7 =   6.298 , Out:   0.000#   0.058    6.240f

   S-matrix    8 =    0.93893   0.04737 for L=   11, J=   10.0 channel on core I =   2.0 from L=   11,  Acc. loss =  0.0 D.
 Elastic phase shift   8 =    1.444   1.769 deg. for the L =   11, J =   10.0 channel.
       8.0  0.93892570  0.04737130i: elastic S-matrix  @@      0.00  0   0 F  0
 Reaction Xsec     8.0+/11 @ 8 =   1.361 , Out:   0.000#   0.000#   1.361f


 Total SPIN, PARITY =     8.0 -,      9 chs,      0 cc.  Rmin & Coul turning =    0.6    5.0
   S-matrix    1 =    0.02853  -0.15835 for L=    6, J=    6.0 channel on core I =   2.0 from L=    6,  Acc. loss =  0.0 D.
 Elastic phase shift   1 =  -39.894  52.338 deg. for the L =    6, J =    6.0 channel.
       8.0  0.02852808 -0.15835412i: elastic S-matrix  @@      0.00  0   0 F  0
 Reaction Xsec     8.0-/ 6 @ 1 =  11.408 , Out:   0.000#   0.032   11.376f

   S-matrix    2 =    0.10724  -0.14237 for L=    6, J=    7.0 channel on core I =   2.0 from L=    6,  Acc. loss =  0.0 D.
 Elastic phase shift   2 =  -26.505  49.407 deg. for the L =    6, J =    7.0 channel.
       8.0  0.10724215 -0.14236603i: elastic S-matrix  @@      0.00  0   0 F  0
 Reaction Xsec     8.0-/ 6 @ 2 =  11.339 , Out:   0.000#   0.034   11.305f

   S-matrix    3 =    0.42046   0.20048 for L=    8, J=    7.0 channel on core I =   2.0 from L=    8,  Acc. loss =  0.0 D.
 Elastic phase shift   3 =   12.746  21.886 deg. for the L =    8, J =    7.0 channel.
       8.0  0.42046080  0.20047658i: elastic S-matrix  @@      0.00  0   0 F  0
 Reaction Xsec     8.0-/ 8 @ 3 =   9.170 , Out:   0.000#   0.041    9.129f

   S-matrix    4 =    0.35080   0.23082 for L=    8, J=    8.0 channel on core I =   2.0 from L=    8,  Acc. loss =  0.0 D.
 Elastic phase shift   4 =   16.672  24.857 deg. for the L =    8, J =    8.0 channel.
       8.0  0.35080018  0.23081979i: elastic S-matrix  @@      0.00  0   0 F  0
 Reaction Xsec     8.0-/ 8 @ 4 =   9.646 , Out:   0.000#   0.025    9.621f

   S-matrix    5 =    0.26596   0.24361 for L=    8, J=    9.0 channel on core I =   2.0 from L=    8,  Acc. loss =  0.0 D.
 Elastic phase shift   5 =   21.244  29.215 deg. for the L =    8, J =    9.0 channel.
       8.0  0.26596211  0.24361323i: elastic S-matrix  @@      0.00  0   0 F  0
 Reaction Xsec     8.0-/ 8 @ 5 =  10.188 , Out:   0.000#   0.011   10.176f

   S-matrix    6 =    0.86477   0.09596 for L=   10, J=    9.0 channel on core I =   2.0 from L=   10,  Acc. loss =  0.0 D.
 Elastic phase shift   6 =    3.166   3.987 deg. for the L =   10, J =    9.0 channel.
       8.0  0.86477335  0.09595521i: elastic S-matrix  @@      0.00  0   0 F  0
 Reaction Xsec     8.0-/10 @ 6 =   2.845 , Out:   0.000#   0.010    2.835f

   S-matrix    7 =    0.85224   0.13795 for L=   10, J=   10.0 channel on core I =   2.0 from L=   10,  Acc. loss =  0.0 D.
 Elastic phase shift   7 =    4.597   4.210 deg. for the L =   10, J =   10.0 channel.
       8.0  0.85223786  0.13795064i: elastic S-matrix  @@      0.00  0   0 F  0
 Reaction Xsec     8.0-/10 @ 7 =   2.982 , Out:   0.000#   0.030    2.953f


 Total SPIN, PARITY =     9.0 +,      9 chs,      0 cc.  Rmin & Coul turning =    0.7    5.6
   S-matrix    1 =    0.04002   0.04526 for L=    7, J=    7.0 channel on core I =   2.0 from L=    7,  Acc. loss =  0.0 D.
 Elastic phase shift   1 =   24.260  80.401 deg. for the L =    7, J =    7.0 channel.
       9.0  0.04001599  0.04526181i: elastic S-matrix  @@      0.00  0   0 F  0
 Reaction Xsec     9.0+/ 7 @ 1 =  13.041 , Out:   0.000#   0.016   13.025f

   S-matrix    2 =    0.02105  -0.01517 for L=    7, J=    8.0 channel on core I =   2.0 from L=    7,  Acc. loss =  0.0 D.
 Elastic phase shift   2 =  -17.890 104.618 deg. for the L =    7, J =    8.0 channel.
       9.0  0.02104666 -0.01516782i: elastic S-matrix  @@      0.00  0   0 F  0
 Reaction Xsec     9.0+/ 7 @ 2 =  13.080 , Out:   0.000#   6.002/  13.074f

   S-matrix    3 =    0.70677   0.16534 for L=    9, J=    8.0 channel on core I =   2.0 from L=    9,  Acc. loss =  0.0 D.
 Elastic phase shift   3 =    6.583   9.179 deg. for the L =    9, J =    8.0 channel.
       9.0  0.70677407  0.16533672i: elastic S-matrix  @@      0.00  0   0 F  0
 Reaction Xsec     9.0+/ 9 @ 3 =   6.193 , Out:   0.000#   0.043    6.150f

   S-matrix    4 =    0.67102   0.21884 for L=    9, J=    9.0 channel on core I =   2.0 from L=    9,  Acc. loss =  0.0 D.
 Elastic phase shift   4 =    9.031   9.981 deg. for the L =    9, J =    9.0 channel.
       9.0  0.67102236  0.21883669i: elastic S-matrix  @@      0.00  0   0 F  0
 Reaction Xsec     9.0+/ 9 @ 4 =   6.568 , Out:   0.000#   0.027    6.542f

   S-matrix    5 =    0.62184   0.27488 for L=    9, J=   10.0 channel on core I =   2.0 from L=    9,  Acc. loss =  0.0 D.
 Elastic phase shift   5 =   11.924  11.053 deg. for the L =    9, J =   10.0 channel.
       9.0  0.62184435  0.27488497i: elastic S-matrix  @@      0.00  0   0 F  0
 Reaction Xsec     9.0+/ 9 @ 5 =   7.038 , Out:   0.000#   0.019    7.019f

   S-matrix    6 =    0.93893   0.04737 for L=   11, J=   10.0 channel on core I =   2.0 from L=   11,  Acc. loss =  0.0 D.
 Elastic phase shift   6 =    1.444   1.769 deg. for the L =   11, J =   10.0 channel.
       9.0  0.93892570  0.04737130i: elastic S-matrix  @@      0.00  0   0 F  0
 Reaction Xsec     9.0+/11 @ 6 =   1.521 , Out:   0.000#   7.271/   1.513f

   S-matrix    7 =    0.93509   0.07454 for L=   11, J=   11.0 channel on core I =   2.0 from L=   11,  Acc. loss =  0.0 D.
 Elastic phase shift   7 =    2.279   1.832 deg. for the L =   11, J =   11.0 channel.
       9.0  0.93509471  0.07453637i: elastic S-matrix  @@      0.00  0   0 F  0
 Reaction Xsec     9.0+/11 @ 7 =   1.571 , Out:   0.000#   0.020    1.551f


 Total SPIN, PARITY =     9.0 -,     10 chs,      0 cc.  Rmin & Coul turning =    0.7    5.6
   S-matrix    1 =    0.10724  -0.14237 for L=    6, J=    7.0 channel on core I =   2.0 from L=    6,  Acc. loss =  0.0 D.
 Elastic phase shift   1 =  -26.505  49.407 deg. for the L =    6, J =    7.0 channel.
       9.0  0.10724215 -0.14236603i: elastic S-matrix  @@      0.00  0   0 F  0
 Reaction Xsec     9.0-/ 6 @ 1 =  12.673 , Out:   0.000#   0.000#  12.673f

   S-matrix    2 =    0.42046   0.20048 for L=    8, J=    7.0 channel on core I =   2.0 from L=    8,  Acc. loss =  0.0 D.
 Elastic phase shift   2 =   12.746  21.886 deg. for the L =    8, J =    7.0 channel.
       9.0  0.42046080  0.20047658i: elastic S-matrix  @@      0.00  0   0 F  0
 Reaction Xsec     9.0-/ 8 @ 2 =  10.249 , Out:   0.000#   0.224   10.025f

   S-matrix    3 =    0.35080   0.23082 for L=    8, J=    8.0 channel on core I =   2.0 from L=    8,  Acc. loss =  0.0 D.
 Elastic phase shift   3 =   16.672  24.857 deg. for the L =    8, J =    8.0 channel.
       9.0  0.35080018  0.23081979i: elastic S-matrix  @@      0.00  0   0 F  0
 Reaction Xsec     9.0-/ 8 @ 3 =  10.781 , Out:   0.000#   0.067   10.714f

   S-matrix    4 =    0.26596   0.24361 for L=    8, J=    9.0 channel on core I =   2.0 from L=    8,  Acc. loss =  0.0 D.
 Elastic phase shift   4 =   21.244  29.215 deg. for the L =    8, J =    9.0 channel.
       9.0  0.26596211  0.24361323i: elastic S-matrix  @@      0.00  0   0 F  0
 Reaction Xsec     9.0-/ 8 @ 4 =  11.386 , Out:   0.000#   0.037   11.349f

   S-matrix    5 =    0.86477   0.09596 for L=   10, J=    9.0 channel on core I =   2.0 from L=   10,  Acc. loss =  0.0 D.
 Elastic phase shift   5 =    3.166   3.987 deg. for the L =   10, J =    9.0 channel.
       9.0  0.86477335  0.09595521i: elastic S-matrix  @@      0.00  0   0 F  0
 Reaction Xsec     9.0-/10 @ 5 =   3.180 , Out:   0.000#   8.965/   3.171f

   S-matrix    6 =    0.85224   0.13795 for L=   10, J=   10.0 channel on core I =   2.0 from L=   10,  Acc. loss =  0.0 D.
 Elastic phase shift   6 =    4.597   4.210 deg. for the L =   10, J =   10.0 channel.
       9.0  0.85223786  0.13795064i: elastic S-matrix  @@      0.00  0   0 F  0
 Reaction Xsec     9.0-/10 @ 6 =   3.333 , Out:   0.000#   0.014    3.319f

   S-matrix    7 =    0.83476   0.18487 for L=   10, J=   11.0 channel on core I =   2.0 from L=   10,  Acc. loss =  0.0 D.
 Elastic phase shift   7 =    6.244   4.488 deg. for the L =   10, J =   11.0 channel.
       9.0  0.83476053  0.18486958i: elastic S-matrix  @@      0.00  0   0 F  0
 Reaction Xsec     9.0-/10 @ 7 =   3.521 , Out:   0.000#   0.067    3.454f

   S-matrix    8 =    0.97238   0.02128 for L=   12, J=   11.0 channel on core I =   2.0 from L=   12,  Acc. loss =  0.0 D.
 Elastic phase shift   8 =    0.627   0.795 deg. for the L =   12, J =   11.0 channel.
       9.0  0.97238166  0.02128334i: elastic S-matrix  @@      0.00  0   0 F  0
 Reaction Xsec     9.0-/12 @ 8 =   0.707 , Out:   0.000#   0.000#   0.707f


 Total SPIN, PARITY =    10.0 +,     10 chs,      0 cc.  Rmin & Coul turning =    0.8    6.2
   S-matrix    1 =    0.02105  -0.01517 for L=    7, J=    8.0 channel on core I =   2.0 from L=    7,  Acc. loss =  0.0 D.
 Elastic phase shift   1 =  -17.890 104.618 deg. for the L =    7, J =    8.0 channel.
      10.0  0.02104666 -0.01516782i: elastic S-matrix  @@      0.00  0   0 F  0
 Reaction Xsec    10.0+/ 7 @ 1 =  14.457 , Out:   0.000#   0.000#  14.457f

   S-matrix    2 =    0.70677   0.16534 for L=    9, J=    8.0 channel on core I =   2.0 from L=    9,  Acc. loss =  0.0 D.
 Elastic phase shift   2 =    6.583   9.179 deg. for the L =    9, J =    8.0 channel.
      10.0  0.70677407  0.16533672i: elastic S-matrix  @@      0.00  0   0 F  0
 Reaction Xsec    10.0+/ 9 @ 2 =   6.845 , Out:   0.000#   0.223    6.622f

   S-matrix    3 =    0.67102   0.21884 for L=    9, J=    9.0 channel on core I =   2.0 from L=    9,  Acc. loss =  0.0 D.
 Elastic phase shift   3 =    9.031   9.981 deg. for the L =    9, J =    9.0 channel.
      10.0  0.67102236  0.21883669i: elastic S-matrix  @@      0.00  0   0 F  0
 Reaction Xsec    10.0+/ 9 @ 3 =   7.260 , Out:   0.000#   0.069    7.191f

   S-matrix    4 =    0.62184   0.27488 for L=    9, J=   10.0 channel on core I =   2.0 from L=    9,  Acc. loss =  0.0 D.
 Elastic phase shift   4 =   11.924  11.053 deg. for the L =    9, J =   10.0 channel.
      10.0  0.62184435  0.27488497i: elastic S-matrix  @@      0.00  0   0 F  0
 Reaction Xsec    10.0+/ 9 @ 4 =   7.779 , Out:   0.000#   0.043    7.736f

   S-matrix    5 =    0.93893   0.04737 for L=   11, J=   10.0 channel on core I =   2.0 from L=   11,  Acc. loss =  0.0 D.
 Elastic phase shift   5 =    1.444   1.769 deg. for the L =   11, J =   10.0 channel.
      10.0  0.93892570  0.04737130i: elastic S-matrix  @@      0.00  0   0 F  0
 Reaction Xsec    10.0+/11 @ 5 =   1.681 , Out:   0.000#   6.237/   1.674f

   S-matrix    6 =    0.93509   0.07454 for L=   11, J=   11.0 channel on core I =   2.0 from L=   11,  Acc. loss =  0.0 D.
 Elastic phase shift   6 =    2.279   1.832 deg. for the L =   11, J =   11.0 channel.
      10.0  0.93509471  0.07453637i: elastic S-matrix  @@      0.00  0   0 F  0
 Reaction Xsec    10.0+/11 @ 6 =   1.737 , Out:   0.000#   9.641/   1.727f

   S-matrix    7 =    0.92974   0.10479 for L=   11, J=   12.0 channel on core I =   2.0 from L=   11,  Acc. loss =  0.0 D.
 Elastic phase shift   7 =    3.215   1.906 deg. for the L =   11, J =   12.0 channel.
      10.0  0.92973836  0.10479362i: elastic S-matrix  @@      0.00  0   0 F  0
 Reaction Xsec    10.0+/11 @ 7 =   1.803 , Out:   0.000#   0.044    1.758f

   S-matrix    8 =    0.98746   0.00881 for L=   13, J=   12.0 channel on core I =   2.0 from L=   13,  Acc. loss =  0.0 D.
 Elastic phase shift   8 =    0.255   0.360 deg. for the L =   13, J =   12.0 channel.
      10.0  0.98745982  0.00880577i: elastic S-matrix  @@      0.00  0   0 F  0
 Reaction Xsec    10.0+/13 @ 8 =   0.359 , Out:   0.000#   0.000#   0.359f


 Total SPIN, PARITY =    10.0 -,      9 chs,      0 cc.  Rmin & Coul turning =    0.8    6.2
   S-matrix    1 =    0.35080   0.23082 for L=    8, J=    8.0 channel on core I =   2.0 from L=    8,  Acc. loss =  0.0 D.
 Elastic phase shift   1 =   16.672  24.857 deg. for the L =    8, J =    8.0 channel.
      10.0  0.35080018  0.23081979i: elastic S-matrix  @@      0.00  0   0 F  0
 Reaction Xsec    10.0-/ 8 @ 1 =  11.915 , Out:   0.000#   0.113   11.803f

   S-matrix    2 =    0.26596   0.24361 for L=    8, J=    9.0 channel on core I =   2.0 from L=    8,  Acc. loss =  0.0 D.
 Elastic phase shift   2 =   21.244  29.215 deg. for the L =    8, J =    9.0 channel.
      10.0  0.26596211  0.24361323i: elastic S-matrix  @@      0.00  0   0 F  0
 Reaction Xsec    10.0-/ 8 @ 2 =  12.585 , Out:   0.000#   0.071   12.514f

   S-matrix    3 =    0.86477   0.09596 for L=   10, J=    9.0 channel on core I =   2.0 from L=   10,  Acc. loss =  0.0 D.
 Elastic phase shift   3 =    3.166   3.987 deg. for the L =   10, J =    9.0 channel.
      10.0  0.86477335  0.09595521i: elastic S-matrix  @@      0.00  0   0 F  0
 Reaction Xsec    10.0-/10 @ 3 =   3.515 , Out:   0.000#   0.025    3.490f

   S-matrix    4 =    0.85224   0.13795 for L=   10, J=   10.0 channel on core I =   2.0 from L=   10,  Acc. loss =  0.0 D.
 Elastic phase shift   4 =    4.597   4.210 deg. for the L =   10, J =   10.0 channel.
      10.0  0.85223786  0.13795064i: elastic S-matrix  @@      0.00  0   0 F  0
 Reaction Xsec    10.0-/10 @ 4 =   3.684 , Out:   0.000#   0.017    3.667f

   S-matrix    5 =    0.83476   0.18487 for L=   10, J=   11.0 channel on core I =   2.0 from L=   10,  Acc. loss =  0.0 D.
 Elastic phase shift   5 =    6.244   4.488 deg. for the L =   10, J =   11.0 channel.
      10.0  0.83476053  0.18486958i: elastic S-matrix  @@      0.00  0   0 F  0
 Reaction Xsec    10.0-/10 @ 5 =   3.891 , Out:   0.000#   0.021    3.870f

   S-matrix    6 =    0.97238   0.02128 for L=   12, J=   11.0 channel on core I =   2.0 from L=   12,  Acc. loss =  0.0 D.
 Elastic phase shift   6 =    0.627   0.795 deg. for the L =   12, J =   11.0 channel.
      10.0  0.97238166  0.02128334i: elastic S-matrix  @@      0.00  0   0 F  0
 Reaction Xsec    10.0-/12 @ 6 =   0.781 , Out:   0.000#   3.857/   0.778f

   S-matrix    7 =    0.97127   0.03789 for L=   12, J=   12.0 channel on core I =   2.0 from L=   12,  Acc. loss =  0.0 D.
 Elastic phase shift   7 =    1.117   0.813 deg. for the L =   12, J =   12.0 channel.
      10.0  0.97126832  0.03789480i: elastic S-matrix  @@      0.00  0   0 F  0
 Reaction Xsec    10.0-/12 @ 7 =   0.799 , Out:   0.000#   0.010    0.788f


 Total SPIN, PARITY =    11.0 +,      9 chs,      0 cc.  Rmin & Coul turning =    0.9    6.7
   S-matrix    1 =    0.67102   0.21884 for L=    9, J=    9.0 channel on core I =   2.0 from L=    9,  Acc. loss =  0.0 D.
 Elastic phase shift   1 =    9.031   9.981 deg. for the L =    9, J =    9.0 channel.
      11.0  0.67102236  0.21883669i: elastic S-matrix  @@      0.00  0   0 F  0
 Reaction Xsec    11.0+/ 9 @ 1 =   7.951 , Out:   0.000#   0.119    7.832f

   S-matrix    2 =    0.62184   0.27488 for L=    9, J=   10.0 channel on core I =   2.0 from L=    9,  Acc. loss =  0.0 D.
 Elastic phase shift   2 =   11.924  11.053 deg. for the L =    9, J =   10.0 channel.
      11.0  0.62184435  0.27488497i: elastic S-matrix  @@      0.00  0   0 F  0
 Reaction Xsec    11.0+/ 9 @ 2 =   8.520 , Out:   0.000#   0.080    8.440f

   S-matrix    3 =    0.93893   0.04737 for L=   11, J=   10.0 channel on core I =   2.0 from L=   11,  Acc. loss =  0.0 D.
 Elastic phase shift   3 =    1.444   1.769 deg. for the L =   11, J =   10.0 channel.
      11.0  0.93892570  0.04737130i: elastic S-matrix  @@      0.00  0   0 F  0
 Reaction Xsec    11.0+/11 @ 3 =   1.841 , Out:   0.000#   0.012    1.829f

   S-matrix    4 =    0.93509   0.07454 for L=   11, J=   11.0 channel on core I =   2.0 from L=   11,  Acc. loss =  0.0 D.
 Elastic phase shift   4 =    2.279   1.832 deg. for the L =   11, J =   11.0 channel.
      11.0  0.93509471  0.07453637i: elastic S-matrix  @@      0.00  0   0 F  0
 Reaction Xsec    11.0+/11 @ 4 =   1.902 , Out:   0.000#   8.837/   1.893f

   S-matrix    5 =    0.92974   0.10479 for L=   11, J=   12.0 channel on core I =   2.0 from L=   11,  Acc. loss =  0.0 D.
 Elastic phase shift   5 =    3.215   1.906 deg. for the L =   11, J =   12.0 channel.
      11.0  0.92973836  0.10479362i: elastic S-matrix  @@      0.00  0   0 F  0
 Reaction Xsec    11.0+/11 @ 5 =   1.974 , Out:   0.000#   0.014    1.960f

   S-matrix    6 =    0.98746   0.00881 for L=   13, J=   12.0 channel on core I =   2.0 from L=   13,  Acc. loss =  0.0 D.
 Elastic phase shift   6 =    0.255   0.360 deg. for the L =   13, J =   12.0 channel.
      11.0  0.98745982  0.00880577i: elastic S-matrix  @@      0.00  0   0 F  0
 Reaction Xsec    11.0+/13 @ 6 =   0.394 , Out:   0.000#   1.772/   0.392f

   S-matrix    7 =    0.98714   0.01878 for L=   13, J=   13.0 channel on core I =   2.0 from L=   13,  Acc. loss =  0.0 D.
 Elastic phase shift   7 =    0.545   0.366 deg. for the L =   13, J =   13.0 channel.
      11.0  0.98714371  0.01877917i: elastic S-matrix  @@      0.00  0   0 F  0
 Reaction Xsec    11.0+/13 @ 7 =   0.399 , Out:   0.000#   4.589/   0.395f


 Total SPIN, PARITY =    11.0 -,     10 chs,      0 cc.  Rmin & Coul turning =    0.9    6.7
   S-matrix    1 =    0.26596   0.24361 for L=    8, J=    9.0 channel on core I =   2.0 from L=    8,  Acc. loss =  0.0 D.
 Elastic phase shift   1 =   21.244  29.215 deg. for the L =    8, J =    9.0 channel.
      11.0  0.26596211  0.24361323i: elastic S-matrix  @@      0.00  0   0 F  0
 Reaction Xsec    11.0-/ 8 @ 1 =  13.783 , Out:   0.000#   0.000#  13.783f

   S-matrix    2 =    0.86477   0.09596 for L=   10, J=    9.0 channel on core I =   2.0 from L=   10,  Acc. loss =  0.0 D.
 Elastic phase shift   2 =    3.166   3.987 deg. for the L =   10, J =    9.0 channel.
      11.0  0.86477335  0.09595521i: elastic S-matrix  @@      0.00  0   0 F  0
 Reaction Xsec    11.0-/10 @ 2 =   3.850 , Out:   0.000#   0.128    3.721f

   S-matrix    3 =    0.85224   0.13795 for L=   10, J=   10.0 channel on core I =   2.0 from L=   10,  Acc. loss =  0.0 D.
 Elastic phase shift   3 =    4.597   4.210 deg. for the L =   10, J =   10.0 channel.
      11.0  0.85223786  0.13795064i: elastic S-matrix  @@      0.00  0   0 F  0
 Reaction Xsec    11.0-/10 @ 3 =   4.035 , Out:   0.000#   0.039    3.996f

   S-matrix    4 =    0.83476   0.18487 for L=   10, J=   11.0 channel on core I =   2.0 from L=   10,  Acc. loss =  0.0 D.
 Elastic phase shift   4 =    6.244   4.488 deg. for the L =   10, J =   11.0 channel.
      11.0  0.83476053  0.18486958i: elastic S-matrix  @@      0.00  0   0 F  0
 Reaction Xsec    11.0-/10 @ 4 =   4.262 , Out:   0.000#   0.025    4.237f

   S-matrix    5 =    0.97238   0.02128 for L=   12, J=   11.0 channel on core I =   2.0 from L=   12,  Acc. loss =  0.0 D.
 Elastic phase shift   5 =    0.627   0.795 deg. for the L =   12, J =   11.0 channel.
      11.0  0.97238166  0.02128334i: elastic S-matrix  @@      0.00  0   0 F  0
 Reaction Xsec    11.0-/12 @ 5 =   0.856 , Out:   0.000#   3.233/   0.853f

   S-matrix    6 =    0.97127   0.03789 for L=   12, J=   12.0 channel on core I =   2.0 from L=   12,  Acc. loss =  0.0 D.
 Elastic phase shift   6 =    1.117   0.813 deg. for the L =   12, J =   12.0 channel.
      11.0  0.97126832  0.03789480i: elastic S-matrix  @@      0.00  0   0 F  0
 Reaction Xsec    11.0-/12 @ 6 =   0.875 , Out:   0.000#   4.918/   0.870f

   S-matrix    7 =    0.96969   0.05617 for L=   12, J=   13.0 channel on core I =   2.0 from L=   12,  Acc. loss =  0.0 D.
 Elastic phase shift   7 =    1.658   0.834 deg. for the L =   12, J =   13.0 channel.
      11.0  0.96968753  0.05617318i: elastic S-matrix  @@      0.00  0   0 F  0
 Reaction Xsec    11.0-/12 @ 7 =   0.896 , Out:   0.000#   0.022    0.874f

   S-matrix    8 =    0.99429   0.00325 for L=   14, J=   13.0 channel on core I =   2.0 from L=   14,  Acc. loss =  0.0 D.
 Elastic phase shift   8 =    0.094   0.164 deg. for the L =   14, J =   13.0 channel.
      11.0  0.99429210  0.00325332i: elastic S-matrix  @@      0.00  0   0 F  0
 Reaction Xsec    11.0-/14 @ 8 =   0.180 , Out:   0.000#   0.000#   0.180f


 Total SPIN, PARITY =    12.0 +,     10 chs,      0 cc.  Rmin & Coul turning =    1.0    7.3
   S-matrix    1 =    0.62184   0.27488 for L=    9, J=   10.0 channel on core I =   2.0 from L=    9,  Acc. loss =  0.0 D.
 Elastic phase shift   1 =   11.924  11.053 deg. for the L =    9, J =   10.0 channel.
      12.0  0.62184435  0.27488497i: elastic S-matrix  @@      0.00  0   0 F  0
 Reaction Xsec    12.0+/ 9 @ 1 =   9.261 , Out:   0.000#   0.000#   9.261f

   S-matrix    2 =    0.93893   0.04737 for L=   11, J=   10.0 channel on core I =   2.0 from L=   11,  Acc. loss =  0.0 D.
 Elastic phase shift   2 =    1.444   1.769 deg. for the L =   11, J =   10.0 channel.
      12.0  0.93892570  0.04737130i: elastic S-matrix  @@      0.00  0   0 F  0
 Reaction Xsec    12.0+/11 @ 2 =   2.001 , Out:   0.000#   0.060    1.941f

   S-matrix    3 =    0.93509   0.07454 for L=   11, J=   11.0 channel on core I =   2.0 from L=   11,  Acc. loss =  0.0 D.
 Elastic phase shift   3 =    2.279   1.832 deg. for the L =   11, J =   11.0 channel.
      12.0  0.93509471  0.07453637i: elastic S-matrix  @@      0.00  0   0 F  0
 Reaction Xsec    12.0+/11 @ 3 =   2.067 , Out:   0.000#   0.018    2.050f

   S-matrix    4 =    0.92974   0.10479 for L=   11, J=   12.0 channel on core I =   2.0 from L=   11,  Acc. loss =  0.0 D.
 Elastic phase shift   4 =    3.215   1.906 deg. for the L =   11, J =   12.0 channel.
      12.0  0.92973836  0.10479362i: elastic S-matrix  @@      0.00  0   0 F  0
 Reaction Xsec    12.0+/11 @ 4 =   2.146 , Out:   0.000#   0.011    2.135f

   S-matrix    5 =    0.98746   0.00881 for L=   13, J=   12.0 channel on core I =   2.0 from L=   13,  Acc. loss =  0.0 D.
 Elastic phase shift   5 =    0.255   0.360 deg. for the L =   13, J =   12.0 channel.
      12.0  0.98745982  0.00880577i: elastic S-matrix  @@      0.00  0   0 F  0
 Reaction Xsec    12.0+/13 @ 5 =   0.428 , Out:   0.000#   1.457/   0.426f

   S-matrix    6 =    0.98714   0.01878 for L=   13, J=   13.0 channel on core I =   2.0 from L=   13,  Acc. loss =  0.0 D.
 Elastic phase shift   6 =    0.545   0.366 deg. for the L =   13, J =   13.0 channel.
      12.0  0.98714371  0.01877917i: elastic S-matrix  @@      0.00  0   0 F  0
 Reaction Xsec    12.0+/13 @ 6 =   0.434 , Out:   0.000#   2.192/   0.432f

   S-matrix    7 =    0.98668   0.02963 for L=   13, J=   14.0 channel on core I =   2.0 from L=   13,  Acc. loss =  0.0 D.
 Elastic phase shift   7 =    0.860   0.371 deg. for the L =   13, J =   14.0 channel.
      12.0  0.98668032  0.02963159i: elastic S-matrix  @@      0.00  0   0 F  0
 Reaction Xsec    12.0+/13 @ 7 =   0.441 , Out:   0.000#   9.747/   0.431f

   S-matrix    8 =    0.99740   0.00095 for L=   15, J=   14.0 channel on core I =   2.0 from L=   15,  Acc. loss =  0.0 D.
 Elastic phase shift   8 =    0.027   0.075 deg. for the L =   15, J =   14.0 channel.
      12.0  0.99739999  0.00094838i: elastic S-matrix  @@      0.00  0   0 F  0
 Reaction Xsec    12.0+/15 @ 8 =   0.089 , Out:   0.000#   0.000#   0.089f


 Total SPIN, PARITY =    12.0 -,      9 chs,      0 cc.  Rmin & Coul turning =    1.0    7.3
   S-matrix    1 =    0.85224   0.13795 for L=   10, J=   10.0 channel on core I =   2.0 from L=   10,  Acc. loss =  0.0 D.
 Elastic phase shift   1 =    4.597   4.210 deg. for the L =   10, J =   10.0 channel.
      12.0  0.85223786  0.13795064i: elastic S-matrix  @@      0.00  0   0 F  0
 Reaction Xsec    12.0-/10 @ 1 =   4.386 , Out:   0.000#   0.069    4.317f

   S-matrix    2 =    0.83476   0.18487 for L=   10, J=   11.0 channel on core I =   2.0 from L=   10,  Acc. loss =  0.0 D.
 Elastic phase shift   2 =    6.244   4.488 deg. for the L =   10, J =   11.0 channel.
      12.0  0.83476053  0.18486958i: elastic S-matrix  @@      0.00  0   0 F  0
 Reaction Xsec    12.0-/10 @ 2 =   4.633 , Out:   0.000#   0.046    4.587f

   S-matrix    3 =    0.97238   0.02128 for L=   12, J=   11.0 channel on core I =   2.0 from L=   12,  Acc. loss =  0.0 D.
 Elastic phase shift   3 =    0.627   0.795 deg. for the L =   12, J =   11.0 channel.
      12.0  0.97238166  0.02128334i: elastic S-matrix  @@      0.00  0   0 F  0
 Reaction Xsec    12.0-/12 @ 3 =   0.930 , Out:   0.000#   5.302/   0.925f

   S-matrix    4 =    0.97127   0.03789 for L=   12, J=   12.0 channel on core I =   2.0 from L=   12,  Acc. loss =  0.0 D.
 Elastic phase shift   4 =    1.117   0.813 deg. for the L =   12, J =   12.0 channel.
      12.0  0.97126832  0.03789480i: elastic S-matrix  @@      0.00  0   0 F  0
 Reaction Xsec    12.0-/12 @ 4 =   0.951 , Out:   0.000#   4.007/   0.947f

   S-matrix    5 =    0.96969   0.05617 for L=   12, J=   13.0 channel on core I =   2.0 from L=   12,  Acc. loss =  0.0 D.
 Elastic phase shift   5 =    1.658   0.834 deg. for the L =   12, J =   13.0 channel.
      12.0  0.96968753  0.05617318i: elastic S-matrix  @@      0.00  0   0 F  0
 Reaction Xsec    12.0-/12 @ 5 =   0.974 , Out:   0.000#   6.798/   0.967f

   S-matrix    6 =    0.99429   0.00325 for L=   14, J=   13.0 channel on core I =   2.0 from L=   14,  Acc. loss =  0.0 D.
 Elastic phase shift   6 =    0.094   0.164 deg. for the L =   14, J =   13.0 channel.
      12.0  0.99429210  0.00325332i: elastic S-matrix  @@      0.00  0   0 F  0
 Reaction Xsec    12.0-/14 @ 6 =   0.196 , Out:   0.000#   0.762/   0.195f

   S-matrix    7 =    0.99420   0.00920 for L=   14, J=   14.0 channel on core I =   2.0 from L=   14,  Acc. loss =  0.0 D.
 Elastic phase shift   7 =    0.265   0.165 deg. for the L =   14, J =   14.0 channel.
      12.0  0.99420380  0.00919638i: elastic S-matrix  @@      0.00  0   0 F  0
 Reaction Xsec    12.0-/14 @ 7 =   0.198 , Out:   0.000#   1.926/   0.196f


 Total SPIN, PARITY =    13.0 +,      9 chs,      0 cc.  Rmin & Coul turning =    1.0    7.9
   S-matrix    1 =    0.93509   0.07454 for L=   11, J=   11.0 channel on core I =   2.0 from L=   11,  Acc. loss =  0.0 D.
 Elastic phase shift   1 =    2.279   1.832 deg. for the L =   11, J =   11.0 channel.
      13.0  0.93509471  0.07453637i: elastic S-matrix  @@      0.00  0   0 F  0
 Reaction Xsec    13.0+/11 @ 1 =   2.233 , Out:   0.000#   0.032    2.201f

   S-matrix    2 =    0.92974   0.10479 for L=   11, J=   12.0 channel on core I =   2.0 from L=   11,  Acc. loss =  0.0 D.
 Elastic phase shift   2 =    3.215   1.906 deg. for the L =   11, J =   12.0 channel.
      13.0  0.92973836  0.10479362i: elastic S-matrix  @@      0.00  0   0 F  0
 Reaction Xsec    13.0+/11 @ 2 =   2.318 , Out:   0.000#   0.021    2.297f

   S-matrix    3 =    0.98746   0.00881 for L=   13, J=   12.0 channel on core I =   2.0 from L=   13,  Acc. loss =  0.0 D.
 Elastic phase shift   3 =    0.255   0.360 deg. for the L =   13, J =   12.0 channel.
      13.0  0.98745982  0.00880577i: elastic S-matrix  @@      0.00  0   0 F  0
 Reaction Xsec    13.0+/13 @ 3 =   0.462 , Out:   0.000#   2.253/   0.460f

   S-matrix    4 =    0.98714   0.01878 for L=   13, J=   13.0 channel on core I =   2.0 from L=   13,  Acc. loss =  0.0 D.
 Elastic phase shift   4 =    0.545   0.366 deg. for the L =   13, J =   13.0 channel.
      13.0  0.98714371  0.01877917i: elastic S-matrix  @@      0.00  0   0 F  0
 Reaction Xsec    13.0+/13 @ 4 =   0.469 , Out:   0.000#   1.709/   0.467f

   S-matrix    5 =    0.98668   0.02963 for L=   13, J=   14.0 channel on core I =   2.0 from L=   13,  Acc. loss =  0.0 D.
 Elastic phase shift   5 =    0.860   0.371 deg. for the L =   13, J =   14.0 channel.
      13.0  0.98668032  0.02963159i: elastic S-matrix  @@      0.00  0   0 F  0
 Reaction Xsec    13.0+/13 @ 5 =   0.476 , Out:   0.000#   2.939/   0.473f

   S-matrix    6 =    0.99740   0.00095 for L=   15, J=   14.0 channel on core I =   2.0 from L=   15,  Acc. loss =  0.0 D.
 Elastic phase shift   6 =    0.027   0.075 deg. for the L =   15, J =   14.0 channel.
      13.0  0.99739999  0.00094838i: elastic S-matrix  @@      0.00  0   0 F  0
 Reaction Xsec    13.0+/15 @ 6 =   0.097 , Out:   0.000#   0.318/   0.096f

   S-matrix    7 =    0.99738   0.00447 for L=   15, J=   15.0 channel on core I =   2.0 from L=   15,  Acc. loss =  0.0 D.
 Elastic phase shift   7 =    0.129   0.075 deg. for the L =   15, J =   15.0 channel.
      13.0  0.99737571  0.00447494i: elastic S-matrix  @@      0.00  0   0 F  0
 Reaction Xsec    13.0+/15 @ 7 =   0.097 , Out:   0.000#   0.788/   0.096f


 Total SPIN, PARITY =    13.0 -,     10 chs,      0 cc.  Rmin & Coul turning =    1.0    7.9
   S-matrix    1 =    0.83476   0.18487 for L=   10, J=   11.0 channel on core I =   2.0 from L=   10,  Acc. loss =  0.0 D.
 Elastic phase shift   1 =    6.244   4.488 deg. for the L =   10, J =   11.0 channel.
      13.0  0.83476053  0.18486958i: elastic S-matrix  @@      0.00  0   0 F  0
 Reaction Xsec    13.0-/10 @ 1 =   5.003 , Out:   0.000#   0.000#   5.003f

   S-matrix    2 =    0.97238   0.02128 for L=   12, J=   11.0 channel on core I =   2.0 from L=   12,  Acc. loss =  0.0 D.
 Elastic phase shift   2 =    0.627   0.795 deg. for the L =   12, J =   11.0 channel.
      13.0  0.97238166  0.02128334i: elastic S-matrix  @@      0.00  0   0 F  0
 Reaction Xsec    13.0-/12 @ 2 =   1.005 , Out:   0.000#   0.026    0.979f

   S-matrix    3 =    0.97127   0.03789 for L=   12, J=   12.0 channel on core I =   2.0 from L=   12,  Acc. loss =  0.0 D.
 Elastic phase shift   3 =    1.117   0.813 deg. for the L =   12, J =   12.0 channel.
      13.0  0.97126832  0.03789480i: elastic S-matrix  @@      0.00  0   0 F  0
 Reaction Xsec    13.0-/12 @ 3 =   1.027 , Out:   0.000#   7.547/   1.019f

   S-matrix    4 =    0.96969   0.05617 for L=   12, J=   13.0 channel on core I =   2.0 from L=   12,  Acc. loss =  0.0 D.
 Elastic phase shift   4 =    1.658   0.834 deg. for the L =   12, J =   13.0 channel.
      13.0  0.96968753  0.05617318i: elastic S-matrix  @@      0.00  0   0 F  0
 Reaction Xsec    13.0-/12 @ 4 =   1.052 , Out:   0.000#   4.824/   1.047f

   S-matrix    5 =    0.99429   0.00325 for L=   14, J=   13.0 channel on core I =   2.0 from L=   14,  Acc. loss =  0.0 D.
 Elastic phase shift   5 =    0.094   0.164 deg. for the L =   14, J =   13.0 channel.
      13.0  0.99429210  0.00325332i: elastic S-matrix  @@      0.00  0   0 F  0
 Reaction Xsec    13.0-/14 @ 5 =   0.212 , Out:   0.000#   0.616/   0.211f

   S-matrix    6 =    0.99420   0.00920 for L=   14, J=   14.0 channel on core I =   2.0 from L=   14,  Acc. loss =  0.0 D.
 Elastic phase shift   6 =    0.265   0.165 deg. for the L =   14, J =   14.0 channel.
      13.0  0.99420380  0.00919638i: elastic S-matrix  @@      0.00  0   0 F  0
 Reaction Xsec    13.0-/14 @ 6 =   0.213 , Out:   0.000#   0.921/   0.212f

   S-matrix    7 =    0.99407   0.01561 for L=   14, J=   15.0 channel on core I =   2.0 from L=   14,  Acc. loss =  0.0 D.
 Elastic phase shift   7 =    0.450   0.167 deg. for the L =   14, J =   15.0 channel.
      13.0  0.99406784  0.01560615i: elastic S-matrix  @@      0.00  0   0 F  0
 Reaction Xsec    13.0-/14 @ 7 =   0.215 , Out:   0.000#   4.049/   0.211f

   S-matrix    8 =    0.99882   0.00008 for L=   16, J=   15.0 channel on core I =   2.0 from L=   16,  Acc. loss =  0.0 D.
 Elastic phase shift   8 =    0.002   0.034 deg. for the L =   16, J =   15.0 channel.
      13.0  0.99881601  0.00008210i: elastic S-matrix  @@      0.00  0   0 F  0
 Reaction Xsec    13.0-/16 @ 8 =   0.044 , Out:   0.000#   0.000#   0.044f


 Total SPIN, PARITY =    14.0 +,     10 chs,      0 cc.  Rmin & Coul turning =    1.1    8.5
   S-matrix    1 =    0.92974   0.10479 for L=   11, J=   12.0 channel on core I =   2.0 from L=   11,  Acc. loss =  0.0 D.
 Elastic phase shift   1 =    3.215   1.906 deg. for the L =   11, J =   12.0 channel.
      14.0  0.92973836  0.10479362i: elastic S-matrix  @@      0.00  0   0 F  0
 Reaction Xsec    14.0+/11 @ 1 =   2.489 , Out:   0.000#   0.000#   2.489f

   S-matrix    2 =    0.98746   0.00881 for L=   13, J=   12.0 channel on core I =   2.0 from L=   13,  Acc. loss =  0.0 D.
 Elastic phase shift   2 =    0.255   0.360 deg. for the L =   13, J =   12.0 channel.
      14.0  0.98745982  0.00880577i: elastic S-matrix  @@      0.00  0   0 F  0
 Reaction Xsec    14.0+/13 @ 2 =   0.496 , Out:   0.000#   0.011    0.486f

   S-matrix    3 =    0.98714   0.01878 for L=   13, J=   13.0 channel on core I =   2.0 from L=   13,  Acc. loss =  0.0 D.
 Elastic phase shift   3 =    0.545   0.366 deg. for the L =   13, J =   13.0 channel.
      14.0  0.98714371  0.01877917i: elastic S-matrix  @@      0.00  0   0 F  0
 Reaction Xsec    14.0+/13 @ 3 =   0.503 , Out:   0.000#   3.108/   0.500f

   S-matrix    4 =    0.98668   0.02963 for L=   13, J=   14.0 channel on core I =   2.0 from L=   13,  Acc. loss =  0.0 D.
 Elastic phase shift   4 =    0.860   0.371 deg. for the L =   13, J =   14.0 channel.
      14.0  0.98668032  0.02963159i: elastic S-matrix  @@      0.00  0   0 F  0
 Reaction Xsec    14.0+/13 @ 4 =   0.511 , Out:   0.000#   1.987/   0.509f

   S-matrix    5 =    0.99740   0.00095 for L=   15, J=   14.0 channel on core I =   2.0 from L=   15,  Acc. loss =  0.0 D.
 Elastic phase shift   5 =    0.027   0.075 deg. for the L =   15, J =   14.0 channel.
      14.0  0.99739999  0.00094838i: elastic S-matrix  @@      0.00  0   0 F  0
 Reaction Xsec    14.0+/15 @ 5 =   0.104 , Out:   0.000#   0.254/   0.103f

   S-matrix    6 =    0.99738   0.00447 for L=   15, J=   15.0 channel on core I =   2.0 from L=   15,  Acc. loss =  0.0 D.
 Elastic phase shift   6 =    0.129   0.075 deg. for the L =   15, J =   15.0 channel.
      14.0  0.99737571  0.00447494i: elastic S-matrix  @@      0.00  0   0 F  0
 Reaction Xsec    14.0+/15 @ 6 =   0.104 , Out:   0.000#   0.377/   0.104f

   S-matrix    7 =    0.99734   0.00825 for L=   15, J=   16.0 channel on core I =   2.0 from L=   15,  Acc. loss =  0.0 D.
 Elastic phase shift   7 =    0.237   0.075 deg. for the L =   15, J =   16.0 channel.
      14.0  0.99733571  0.00825218i: elastic S-matrix  @@      0.00  0   0 F  0
 Reaction Xsec    14.0+/15 @ 7 =   0.105 , Out:   0.000#   1.644/   0.103f

   S-matrix    8 =    0.99946  -0.00018 for L=   17, J=   16.0 channel on core I =   2.0 from L=   17,  Acc. loss =  0.0 D.
 Elastic phase shift   8 =   -0.005   0.015 deg. for the L =   17, J =   16.0 channel.
      14.0  0.99946127 -0.00018399i: elastic S-matrix  @@      0.00  0   0 F  0
 Reaction Xsec    14.0+/17 @ 8 =   0.022 , Out:   0.000#   0.000#   0.022f


 Total SPIN, PARITY =    14.0 -,      9 chs,      0 cc.  Rmin & Coul turning =    1.1    8.5
   S-matrix    1 =    0.97127   0.03789 for L=   12, J=   12.0 channel on core I =   2.0 from L=   12,  Acc. loss =  0.0 D.
 Elastic phase shift   1 =    1.117   0.813 deg. for the L =   12, J =   12.0 channel.
      14.0  0.97126832  0.03789480i: elastic S-matrix  @@      0.00  0   0 F  0
 Reaction Xsec    14.0-/12 @ 1 =   1.103 , Out:   0.000#   0.014    1.089f

   S-matrix    2 =    0.96969   0.05617 for L=   12, J=   13.0 channel on core I =   2.0 from L=   12,  Acc. loss =  0.0 D.
 Elastic phase shift   2 =    1.658   0.834 deg. for the L =   12, J =   13.0 channel.
      14.0  0.96968753  0.05617318i: elastic S-matrix  @@      0.00  0   0 F  0
 Reaction Xsec    14.0-/12 @ 2 =   1.130 , Out:   0.000#   8.625/   1.121f

   S-matrix    3 =    0.99429   0.00325 for L=   14, J=   13.0 channel on core I =   2.0 from L=   14,  Acc. loss =  0.0 D.
 Elastic phase shift   3 =    0.094   0.164 deg. for the L =   14, J =   13.0 channel.
      14.0  0.99429210  0.00325332i: elastic S-matrix  @@      0.00  0   0 F  0
 Reaction Xsec    14.0-/14 @ 3 =   0.227 , Out:   0.000#   0.942/   0.226f

   S-matrix    4 =    0.99420   0.00920 for L=   14, J=   14.0 channel on core I =   2.0 from L=   14,  Acc. loss =  0.0 D.
 Elastic phase shift   4 =    0.265   0.165 deg. for the L =   14, J =   14.0 channel.
      14.0  0.99420380  0.00919638i: elastic S-matrix  @@      0.00  0   0 F  0
 Reaction Xsec    14.0-/14 @ 4 =   0.229 , Out:   0.000#   0.709/   0.229f

   S-matrix    5 =    0.99407   0.01561 for L=   14, J=   15.0 channel on core I =   2.0 from L=   14,  Acc. loss =  0.0 D.
 Elastic phase shift   5 =    0.450   0.167 deg. for the L =   14, J =   15.0 channel.
      14.0  0.99406784  0.01560615i: elastic S-matrix  @@      0.00  0   0 F  0
 Reaction Xsec    14.0-/14 @ 5 =   0.231 , Out:   0.000#   1.205/   0.230f

   S-matrix    6 =    0.99882   0.00008 for L=   16, J=   15.0 channel on core I =   2.0 from L=   16,  Acc. loss =  0.0 D.
 Elastic phase shift   6 =    0.002   0.034 deg. for the L =   16, J =   15.0 channel.
      14.0  0.99881601  0.00008210i: elastic S-matrix  @@      0.00  0   0 F  0
 Reaction Xsec    14.0-/16 @ 6 =   0.047 , Out:   0.000#   0.131/   0.047f

   S-matrix    7 =    0.99881   0.00217 for L=   16, J=   16.0 channel on core I =   2.0 from L=   16,  Acc. loss =  0.0 D.
 Elastic phase shift   7 =    0.062   0.034 deg. for the L =   16, J =   16.0 channel.
      14.0  0.99880946  0.00216844i: elastic S-matrix  @@      0.00  0   0 F  0
 Reaction Xsec    14.0-/16 @ 7 =   0.047 , Out:   0.000#   0.319/   0.047f


 Total SPIN, PARITY =    15.0 +,      9 chs,      0 cc.  Rmin & Coul turning =    1.2    9.0
   S-matrix    1 =    0.98714   0.01878 for L=   13, J=   13.0 channel on core I =   2.0 from L=   13,  Acc. loss =  0.0 D.
 Elastic phase shift   1 =    0.545   0.366 deg. for the L =   13, J =   13.0 channel.
      15.0  0.98714371  0.01877917i: elastic S-matrix  @@      0.00  0   0 F  0
 Reaction Xsec    15.0+/13 @ 1 =   0.538 , Out:   0.000#   5.651/   0.532f

   S-matrix    2 =    0.98668   0.02963 for L=   13, J=   14.0 channel on core I =   2.0 from L=   13,  Acc. loss =  0.0 D.
 Elastic phase shift   2 =    0.860   0.371 deg. for the L =   13, J =   14.0 channel.
      15.0  0.98668032  0.02963159i: elastic S-matrix  @@      0.00  0   0 F  0
 Reaction Xsec    15.0+/13 @ 2 =   0.546 , Out:   0.000#   3.512/   0.543f

   S-matrix    3 =    0.99740   0.00095 for L=   15, J=   14.0 channel on core I =   2.0 from L=   15,  Acc. loss =  0.0 D.
 Elastic phase shift   3 =    0.027   0.075 deg. for the L =   15, J =   14.0 channel.
      15.0  0.99739999  0.00094838i: elastic S-matrix  @@      0.00  0   0 F  0
 Reaction Xsec    15.0+/15 @ 3 =   0.111 , Out:   0.000#   0.391/   0.110f

   S-matrix    4 =    0.99738   0.00447 for L=   15, J=   15.0 channel on core I =   2.0 from L=   15,  Acc. loss =  0.0 D.
 Elastic phase shift   4 =    0.129   0.075 deg. for the L =   15, J =   15.0 channel.
      15.0  0.99737571  0.00447494i: elastic S-matrix  @@      0.00  0   0 F  0
 Reaction Xsec    15.0+/15 @ 4 =   0.112 , Out:   0.000#   0.290/   0.111f

   S-matrix    5 =    0.99734   0.00825 for L=   15, J=   16.0 channel on core I =   2.0 from L=   15,  Acc. loss =  0.0 D.
 Elastic phase shift   5 =    0.237   0.075 deg. for the L =   15, J =   16.0 channel.
      15.0  0.99733571  0.00825218i: elastic S-matrix  @@      0.00  0   0 F  0
 Reaction Xsec    15.0+/15 @ 5 =   0.112 , Out:   0.000#   0.484/   0.112f

   S-matrix    6 =    0.99946  -0.00018 for L=   17, J=   16.0 channel on core I =   2.0 from L=   17,  Acc. loss =  0.0 D.
 Elastic phase shift   6 =   -0.005   0.015 deg. for the L =   17, J =   16.0 channel.
      15.0  0.99946127 -0.00018399i: elastic S-matrix  @@      0.00  0   0 F  0
 Reaction Xsec    15.0+/17 @ 6 =   0.023 , Out:   0.000#   0.053/   0.023f

   S-matrix    7 =    0.99946   0.00105 for L=   17, J=   17.0 channel on core I =   2.0 from L=   17,  Acc. loss =  0.0 D.
 Elastic phase shift   7 =    0.030   0.015 deg. for the L =   17, J =   17.0 channel.
      15.0  0.99945954  0.00104730i: elastic S-matrix  @@      0.00  0   0 F  0
 Reaction Xsec    15.0+/17 @ 7 =   0.023 , Out:   0.000#   0.129/   0.023f


 Total SPIN, PARITY =    15.0 -,     10 chs,      0 cc.  Rmin & Coul turning =    1.2    9.0
   S-matrix    1 =    0.96969   0.05617 for L=   12, J=   13.0 channel on core I =   2.0 from L=   12,  Acc. loss =  0.0 D.
 Elastic phase shift   1 =    1.658   0.834 deg. for the L =   12, J =   13.0 channel.
      15.0  0.96968753  0.05617318i: elastic S-matrix  @@      0.00  0   0 F  0
 Reaction Xsec    15.0-/12 @ 1 =   1.208 , Out:   0.000#   0.000#   1.208f

   S-matrix    2 =    0.99429   0.00325 for L=   14, J=   13.0 channel on core I =   2.0 from L=   14,  Acc. loss =  0.0 D.
 Elastic phase shift   2 =    0.094   0.164 deg. for the L =   14, J =   13.0 channel.
      15.0  0.99429210  0.00325332i: elastic S-matrix  @@      0.00  0   0 F  0
 Reaction Xsec    15.0-/14 @ 2 =   0.243 , Out:   0.000#   4.469/   0.238f

   S-matrix    3 =    0.99420   0.00920 for L=   14, J=   14.0 channel on core I =   2.0 from L=   14,  Acc. loss =  0.0 D.
 Elastic phase shift   3 =    0.265   0.165 deg. for the L =   14, J =   14.0 channel.
      15.0  0.99420380  0.00919638i: elastic S-matrix  @@      0.00  0   0 F  0
 Reaction Xsec    15.0-/14 @ 3 =   0.245 , Out:   0.000#   1.267/   0.244f

   S-matrix    4 =    0.99407   0.01561 for L=   14, J=   15.0 channel on core I =   2.0 from L=   14,  Acc. loss =  0.0 D.
 Elastic phase shift   4 =    0.450   0.167 deg. for the L =   14, J =   15.0 channel.
      15.0  0.99406784  0.01560615i: elastic S-matrix  @@      0.00  0   0 F  0
 Reaction Xsec    15.0-/14 @ 4 =   0.247 , Out:   0.000#   0.811/   0.247f

   S-matrix    5 =    0.99882   0.00008 for L=   16, J=   15.0 channel on core I =   2.0 from L=   16,  Acc. loss =  0.0 D.
 Elastic phase shift   5 =    0.002   0.034 deg. for the L =   16, J =   15.0 channel.
      15.0  0.99881601  0.00008210i: elastic S-matrix  @@      0.00  0   0 F  0
 Reaction Xsec    15.0-/16 @ 5 =   0.051 , Out:   0.000#   0.103/   0.050f

   S-matrix    6 =    0.99881   0.00217 for L=   16, J=   16.0 channel on core I =   2.0 from L=   16,  Acc. loss =  0.0 D.
 Elastic phase shift   6 =    0.062   0.034 deg. for the L =   16, J =   16.0 channel.
      15.0  0.99880946  0.00216844i: elastic S-matrix  @@      0.00  0   0 F  0
 Reaction Xsec    15.0-/16 @ 6 =   0.051 , Out:   0.000#   0.153/   0.051f

   S-matrix    7 =    0.99880   0.00439 for L=   16, J=   17.0 channel on core I =   2.0 from L=   16,  Acc. loss =  0.0 D.
 Elastic phase shift   7 =    0.126   0.034 deg. for the L =   16, J =   17.0 channel.
      15.0  0.99879766  0.00439086i: elastic S-matrix  @@      0.00  0   0 F  0
 Reaction Xsec    15.0-/16 @ 7 =   0.051 , Out:   0.000#   0.662/   0.050f

   S-matrix    8 =    0.99976  -0.00022 for L=   18, J=   17.0 channel on core I =   2.0 from L=   18,  Acc. loss =  0.0 D.
 Elastic phase shift   8 =   -0.006   0.007 deg. for the L =   18, J =   17.0 channel.
      15.0  0.99975512 -0.00022088i: elastic S-matrix  @@      0.00  0   0 F  0
 Reaction Xsec    15.0-/18 @ 8 =   0.010 , Out:   0.000#   0.000#   0.010f


 Total SPIN, PARITY =    16.0 +,     10 chs,      0 cc.  Rmin & Coul turning =    1.2    9.6
   S-matrix    1 =    0.98668   0.02963 for L=   13, J=   14.0 channel on core I =   2.0 from L=   13,  Acc. loss =  0.0 D.
 Elastic phase shift   1 =    0.860   0.371 deg. for the L =   13, J =   14.0 channel.
      16.0  0.98668032  0.02963159i: elastic S-matrix  @@      0.00  0   0 F  0
 Reaction Xsec    16.0+/13 @ 1 =   0.582 , Out:   0.000#   0.000#   0.582f

   S-matrix    2 =    0.99740   0.00095 for L=   15, J=   14.0 channel on core I =   2.0 from L=   15,  Acc. loss =  0.0 D.
 Elastic phase shift   2 =    0.027   0.075 deg. for the L =   15, J =   14.0 channel.
      16.0  0.99739999  0.00094838i: elastic S-matrix  @@      0.00  0   0 F  0
 Reaction Xsec    16.0+/15 @ 2 =   0.118 , Out:   0.000#   1.834/   0.116f

   S-matrix    3 =    0.99738   0.00447 for L=   15, J=   15.0 channel on core I =   2.0 from L=   15,  Acc. loss =  0.0 D.
 Elastic phase shift   3 =    0.129   0.075 deg. for the L =   15, J =   15.0 channel.
      16.0  0.99737571  0.00447494i: elastic S-matrix  @@      0.00  0   0 F  0
 Reaction Xsec    16.0+/15 @ 3 =   0.119 , Out:   0.000#   0.514/   0.118f

   S-matrix    4 =    0.99734   0.00825 for L=   15, J=   16.0 channel on core I =   2.0 from L=   15,  Acc. loss =  0.0 D.
 Elastic phase shift   4 =    0.237   0.075 deg. for the L =   15, J =   16.0 channel.
      16.0  0.99733571  0.00825218i: elastic S-matrix  @@      0.00  0   0 F  0
 Reaction Xsec    16.0+/15 @ 4 =   0.119 , Out:   0.000#   0.330/   0.119f

   S-matrix    5 =    0.99946  -0.00018 for L=   17, J=   16.0 channel on core I =   2.0 from L=   17,  Acc. loss =  0.0 D.
 Elastic phase shift   5 =   -0.005   0.015 deg. for the L =   17, J =   16.0 channel.
      16.0  0.99946127 -0.00018399i: elastic S-matrix  @@      0.00  0   0 F  0
 Reaction Xsec    16.0+/17 @ 5 =   0.024 , Out:   0.000#   0.042/   0.024f

   S-matrix    6 =    0.99946   0.00105 for L=   17, J=   17.0 channel on core I =   2.0 from L=   17,  Acc. loss =  0.0 D.
 Elastic phase shift   6 =    0.030   0.015 deg. for the L =   17, J =   17.0 channel.
      16.0  0.99945954  0.00104730i: elastic S-matrix  @@      0.00  0   0 F  0
 Reaction Xsec    16.0+/17 @ 6 =   0.025 , Out:   0.000#   0.062/   0.024f

   S-matrix    7 =    0.99946   0.00235 for L=   17, J=   18.0 channel on core I =   2.0 from L=   17,  Acc. loss =  0.0 D.
 Elastic phase shift   7 =    0.067   0.016 deg. for the L =   17, J =   18.0 channel.
      16.0  0.99945605  0.00235307i: elastic S-matrix  @@      0.00  0   0 F  0
 Reaction Xsec    16.0+/17 @ 7 =   0.025 , Out:   0.000#   0.266/   0.024f

   S-matrix    8 =    0.99989  -0.00018 for L=   19, J=   18.0 channel on core I =   2.0 from L=   19,  Acc. loss =  0.0 D.
 Elastic phase shift   8 =   -0.005   0.003 deg. for the L =   19, J =   18.0 channel.
      16.0  0.99988880 -0.00018423i: elastic S-matrix  @@      0.00  0   0 F  0
 Reaction Xsec    16.0+/19 @ 8 =   5.055/, Out:   0.000#   0.000#   0.005f


 Total SPIN, PARITY =    16.0 -,      9 chs,      0 cc.  Rmin & Coul turning =    1.2    9.6
   S-matrix    1 =    0.99420   0.00920 for L=   14, J=   14.0 channel on core I =   2.0 from L=   14,  Acc. loss =  0.0 D.
 Elastic phase shift   1 =    0.265   0.165 deg. for the L =   14, J =   14.0 channel.
      16.0  0.99420380  0.00919638i: elastic S-matrix  @@      0.00  0   0 F  0
 Reaction Xsec    16.0-/14 @ 1 =   0.261 , Out:   0.000#   2.321/   0.259f

   S-matrix    2 =    0.99407   0.01561 for L=   14, J=   15.0 channel on core I =   2.0 from L=   14,  Acc. loss =  0.0 D.
 Elastic phase shift   2 =    0.450   0.167 deg. for the L =   14, J =   15.0 channel.
      16.0  0.99406784  0.01560615i: elastic S-matrix  @@      0.00  0   0 F  0
 Reaction Xsec    16.0-/14 @ 2 =   0.263 , Out:   0.000#   1.418/   0.262f

   S-matrix    3 =    0.99882   0.00008 for L=   16, J=   15.0 channel on core I =   2.0 from L=   16,  Acc. loss =  0.0 D.
 Elastic phase shift   3 =    0.002   0.034 deg. for the L =   16, J =   15.0 channel.
      16.0  0.99881601  0.00008210i: elastic S-matrix  @@      0.00  0   0 F  0
 Reaction Xsec    16.0-/16 @ 3 =   0.054 , Out:   0.000#   0.162/   0.054f

   S-matrix    4 =    0.99881   0.00217 for L=   16, J=   16.0 channel on core I =   2.0 from L=   16,  Acc. loss =  0.0 D.
 Elastic phase shift   4 =    0.062   0.034 deg. for the L =   16, J =   16.0 channel.
      16.0  0.99880946  0.00216844i: elastic S-matrix  @@      0.00  0   0 F  0
 Reaction Xsec    16.0-/16 @ 4 =   0.054 , Out:   0.000#   0.118/   0.054f

   S-matrix    5 =    0.99880   0.00439 for L=   16, J=   17.0 channel on core I =   2.0 from L=   16,  Acc. loss =  0.0 D.
 Elastic phase shift   5 =    0.126   0.034 deg. for the L =   16, J =   17.0 channel.
      16.0  0.99879766  0.00439086i: elastic S-matrix  @@      0.00  0   0 F  0
 Reaction Xsec    16.0-/16 @ 5 =   0.054 , Out:   0.000#   0.193/   0.054f

   S-matrix    6 =    0.99976  -0.00022 for L=   18, J=   17.0 channel on core I =   2.0 from L=   18,  Acc. loss =  0.0 D.
 Elastic phase shift   6 =   -0.006   0.007 deg. for the L =   18, J =   17.0 channel.
      16.0  0.99975512 -0.00022088i: elastic S-matrix  @@      0.00  0   0 F  0
 Reaction Xsec    16.0-/18 @ 6 =   0.011 , Out:   0.000#   0.022/   0.011f

   S-matrix    7 =    0.99975   0.00050 for L=   18, J=   18.0 channel on core I =   2.0 from L=   18,  Acc. loss =  0.0 D.
 Elastic phase shift   7 =    0.014   0.007 deg. for the L =   18, J =   18.0 channel.
      16.0  0.99975467  0.00050428i: elastic S-matrix  @@      0.00  0   0 F  0
 Reaction Xsec    16.0-/18 @ 7 =   0.011 , Out:   0.000#   0.052/   0.011f


 Total SPIN, PARITY =    17.0 +,      9 chs,      0 cc.  Rmin & Coul turning =    1.4   10.2
   S-matrix    1 =    0.99738   0.00447 for L=   15, J=   15.0 channel on core I =   2.0 from L=   15,  Acc. loss =  0.0 D.
 Elastic phase shift   1 =    0.129   0.075 deg. for the L =   15, J =   15.0 channel.
      17.0  0.99737571  0.00447494i: elastic S-matrix  @@      0.00  0   0 F  0
 Reaction Xsec    17.0+/15 @ 1 =   0.126 , Out:   0.000#   0.949/   0.125f

   S-matrix    2 =    0.99734   0.00825 for L=   15, J=   16.0 channel on core I =   2.0 from L=   15,  Acc. loss =  0.0 D.
 Elastic phase shift   2 =    0.237   0.075 deg. for the L =   15, J =   16.0 channel.
      17.0  0.99733571  0.00825218i: elastic S-matrix  @@      0.00  0   0 F  0
 Reaction Xsec    17.0+/15 @ 2 =   0.127 , Out:   0.000#   0.572/   0.126f

   S-matrix    3 =    0.99946  -0.00018 for L=   17, J=   16.0 channel on core I =   2.0 from L=   17,  Acc. loss =  0.0 D.
 Elastic phase shift   3 =   -0.005   0.015 deg. for the L =   17, J =   16.0 channel.
      17.0  0.99946127 -0.00018399i: elastic S-matrix  @@      0.00  0   0 F  0
 Reaction Xsec    17.0+/17 @ 3 =   0.026 , Out:   0.000#   0.067/   0.026f

   S-matrix    4 =    0.99946   0.00105 for L=   17, J=   17.0 channel on core I =   2.0 from L=   17,  Acc. loss =  0.0 D.
 Elastic phase shift   4 =    0.030   0.015 deg. for the L =   17, J =   17.0 channel.
      17.0  0.99945954  0.00104730i: elastic S-matrix  @@      0.00  0   0 F  0
 Reaction Xsec    17.0+/17 @ 4 =   0.026 , Out:   0.000#   0.048/   0.026f

   S-matrix    5 =    0.99946   0.00235 for L=   17, J=   18.0 channel on core I =   2.0 from L=   17,  Acc. loss =  0.0 D.
 Elastic phase shift   5 =    0.067   0.016 deg. for the L =   17, J =   18.0 channel.
      17.0  0.99945605  0.00235307i: elastic S-matrix  @@      0.00  0   0 F  0
 Reaction Xsec    17.0+/17 @ 5 =   0.026 , Out:   0.000#   0.077/   0.026f

   S-matrix    6 =    0.99989  -0.00018 for L=   19, J=   18.0 channel on core I =   2.0 from L=   19,  Acc. loss =  0.0 D.
 Elastic phase shift   6 =   -0.005   0.003 deg. for the L =   19, J =   18.0 channel.
      17.0  0.99988880 -0.00018423i: elastic S-matrix  @@      0.00  0   0 F  0
 Reaction Xsec    17.0+/19 @ 6 =   5.361/, Out:   0.000#   8.915#   0.005f

   S-matrix    7 =    0.99989   0.00024 for L=   19, J=   19.0 channel on core I =   2.0 from L=   19,  Acc. loss =  0.0 D.
 Elastic phase shift   7 =    0.007   0.003 deg. for the L =   19, J =   19.0 channel.
      17.0  0.99988869  0.00024206i: elastic S-matrix  @@      0.00  0   0 F  0
 Reaction Xsec    17.0+/19 @ 7 =   5.366/, Out:   0.000#   0.021/   0.005f


 Total SPIN, PARITY =    17.0 -,     10 chs,      0 cc.  Rmin & Coul turning =    1.4   10.2
   S-matrix    1 =    0.99407   0.01561 for L=   14, J=   15.0 channel on core I =   2.0 from L=   14,  Acc. loss =  0.0 D.
 Elastic phase shift   1 =    0.450   0.167 deg. for the L =   14, J =   15.0 channel.
      17.0  0.99406784  0.01560615i: elastic S-matrix  @@      0.00  0   0 F  0
 Reaction Xsec    17.0-/14 @ 1 =   0.279 , Out:   0.000#   0.000#   0.279f

   S-matrix    2 =    0.99882   0.00008 for L=   16, J=   15.0 channel on core I =   2.0 from L=   16,  Acc. loss =  0.0 D.
 Elastic phase shift   2 =    0.002   0.034 deg. for the L =   16, J =   15.0 channel.
      17.0  0.99881601  0.00008210i: elastic S-matrix  @@      0.00  0   0 F  0
 Reaction Xsec    17.0-/16 @ 2 =   0.057 , Out:   0.000#   0.752/   0.056f

   S-matrix    3 =    0.99881   0.00217 for L=   16, J=   16.0 channel on core I =   2.0 from L=   16,  Acc. loss =  0.0 D.
 Elastic phase shift   3 =    0.062   0.034 deg. for the L =   16, J =   16.0 channel.
      17.0  0.99880946  0.00216844i: elastic S-matrix  @@      0.00  0   0 F  0
 Reaction Xsec    17.0-/16 @ 3 =   0.057 , Out:   0.000#   0.209/   0.057f

   S-matrix    4 =    0.99880   0.00439 for L=   16, J=   17.0 channel on core I =   2.0 from L=   16,  Acc. loss =  0.0 D.
 Elastic phase shift   4 =    0.126   0.034 deg. for the L =   16, J =   17.0 channel.
      17.0  0.99879766  0.00439086i: elastic S-matrix  @@      0.00  0   0 F  0
 Reaction Xsec    17.0-/16 @ 4 =   0.057 , Out:   0.000#   0.134/   0.057f

   S-matrix    5 =    0.99976  -0.00022 for L=   18, J=   17.0 channel on core I =   2.0 from L=   18,  Acc. loss =  0.0 D.
 Elastic phase shift   5 =   -0.006   0.007 deg. for the L =   18, J =   17.0 channel.
      17.0  0.99975512 -0.00022088i: elastic S-matrix  @@      0.00  0   0 F  0
 Reaction Xsec    17.0-/18 @ 5 =   0.012 , Out:   0.000#   0.017/   0.012f

   S-matrix    6 =    0.99975   0.00050 for L=   18, J=   18.0 channel on core I =   2.0 from L=   18,  Acc. loss =  0.0 D.
 Elastic phase shift   6 =    0.014   0.007 deg. for the L =   18, J =   18.0 channel.
      17.0  0.99975467  0.00050428i: elastic S-matrix  @@      0.00  0   0 F  0
 Reaction Xsec    17.0-/18 @ 6 =   0.012 , Out:   0.000#   0.025/   0.012f

   S-matrix    7 =    0.99975   0.00127 for L=   18, J=   19.0 channel on core I =   2.0 from L=   18,  Acc. loss =  0.0 D.
 Elastic phase shift   7 =    0.036   0.007 deg. for the L =   18, J =   19.0 channel.
      17.0  0.99975363  0.00127046i: elastic S-matrix  @@      0.00  0   0 F  0
 Reaction Xsec    17.0-/18 @ 7 =   0.012 , Out:   0.000#   0.107/   0.012f

   S-matrix    8 =    0.99995  -0.00013 for L=   20, J=   19.0 channel on core I =   2.0 from L=   20,  Acc. loss =  0.0 D.
 Elastic phase shift   8 =   -0.004   0.001 deg. for the L =   20, J =   19.0 channel.
      17.0  0.99994955 -0.00013439i: elastic S-matrix  @@      0.00  0   0 F  0
 Reaction Xsec    17.0-/20 @ 8 =   2.432/, Out:   0.000#   0.000#   0.002f


 Total SPIN, PARITY =    18.0 +,     10 chs,      0 cc.  Rmin & Coul turning =    1.4   10.7
   S-matrix    1 =    0.99734   0.00825 for L=   15, J=   16.0 channel on core I =   2.0 from L=   15,  Acc. loss =  0.0 D.
 Elastic phase shift   1 =    0.237   0.075 deg. for the L =   15, J =   16.0 channel.
      18.0  0.99733571  0.00825218i: elastic S-matrix  @@      0.00  0   0 F  0
 Reaction Xsec    18.0+/15 @ 1 =   0.134 , Out:   0.000#   0.000#   0.134f

   S-matrix    2 =    0.99946  -0.00018 for L=   17, J=   16.0 channel on core I =   2.0 from L=   17,  Acc. loss =  0.0 D.
 Elastic phase shift   2 =   -0.005   0.015 deg. for the L =   17, J =   16.0 channel.
      18.0  0.99946127 -0.00018399i: elastic S-matrix  @@      0.00  0   0 F  0
 Reaction Xsec    18.0+/17 @ 2 =   0.027 , Out:   0.000#   0.308/   0.027f

   S-matrix    3 =    0.99946   0.00105 for L=   17, J=   17.0 channel on core I =   2.0 from L=   17,  Acc. loss =  0.0 D.
 Elastic phase shift   3 =    0.030   0.015 deg. for the L =   17, J =   17.0 channel.
      18.0  0.99945954  0.00104730i: elastic S-matrix  @@      0.00  0   0 F  0
 Reaction Xsec    18.0+/17 @ 3 =   0.028 , Out:   0.000#   0.085/   0.027f

   S-matrix    4 =    0.99946   0.00235 for L=   17, J=   18.0 channel on core I =   2.0 from L=   17,  Acc. loss =  0.0 D.
 Elastic phase shift   4 =    0.067   0.016 deg. for the L =   17, J =   18.0 channel.
      18.0  0.99945605  0.00235307i: elastic S-matrix  @@      0.00  0   0 F  0
 Reaction Xsec    18.0+/17 @ 4 =   0.028 , Out:   0.000#   0.055/   0.028f

   S-matrix    5 =    0.99989  -0.00018 for L=   19, J=   18.0 channel on core I =   2.0 from L=   19,  Acc. loss =  0.0 D.
 Elastic phase shift   5 =   -0.005   0.003 deg. for the L =   19, J =   18.0 channel.
      18.0  0.99988880 -0.00018423i: elastic S-matrix  @@      0.00  0   0 F  0
 Reaction Xsec    18.0+/19 @ 5 =   5.668/, Out:   0.000#   6.835#   0.006f

   S-matrix    6 =    0.99989   0.00024 for L=   19, J=   19.0 channel on core I =   2.0 from L=   19,  Acc. loss =  0.0 D.
 Elastic phase shift   6 =    0.007   0.003 deg. for the L =   19, J =   19.0 channel.
      18.0  0.99988869  0.00024206i: elastic S-matrix  @@      0.00  0   0 F  0
 Reaction Xsec    18.0+/19 @ 6 =   5.672/, Out:   0.000#   0.010/   0.006f

   S-matrix    7 =    0.99989   0.00069 for L=   19, J=   20.0 channel on core I =   2.0 from L=   19,  Acc. loss =  0.0 D.
 Elastic phase shift   7 =    0.020   0.003 deg. for the L =   19, J =   20.0 channel.
      18.0  0.99988838  0.00069106i: elastic S-matrix  @@      0.00  0   0 F  0
 Reaction Xsec    18.0+/19 @ 7 =   5.678/, Out:   0.000#   0.043/   0.006f

   S-matrix    8 =    0.99998  -0.00009 for L=   21, J=   20.0 channel on core I =   2.0 from L=   21,  Acc. loss =  0.0 D.
 Elastic phase shift   8 =   -0.003   0.001 deg. for the L =   21, J =   20.0 channel.
      18.0  0.99997714 -0.00009142i: elastic S-matrix  @@      0.00  0   0 F  0
 Reaction Xsec    18.0+/21 @ 8 =   1.165/, Out:   0.000#   0.000#   0.001f


 Total SPIN, PARITY =    18.0 -,      9 chs,      0 cc.  Rmin & Coul turning =    1.4   10.7
   S-matrix    1 =    0.99881   0.00217 for L=   16, J=   16.0 channel on core I =   2.0 from L=   16,  Acc. loss =  0.0 D.
 Elastic phase shift   1 =    0.062   0.034 deg. for the L =   16, J =   16.0 channel.
      18.0  0.99880946  0.00216844i: elastic S-matrix  @@      0.00  0   0 F  0
 Reaction Xsec    18.0-/16 @ 1 =   0.061 , Out:   0.000#   0.388/   0.060f

   S-matrix    2 =    0.99880   0.00439 for L=   16, J=   17.0 channel on core I =   2.0 from L=   16,  Acc. loss =  0.0 D.
 Elastic phase shift   2 =    0.126   0.034 deg. for the L =   16, J =   17.0 channel.
      18.0  0.99879766  0.00439086i: elastic S-matrix  @@      0.00  0   0 F  0
 Reaction Xsec    18.0-/16 @ 2 =   0.061 , Out:   0.000#   0.231/   0.061f

   S-matrix    3 =    0.99976  -0.00022 for L=   18, J=   17.0 channel on core I =   2.0 from L=   18,  Acc. loss =  0.0 D.
 Elastic phase shift   3 =   -0.006   0.007 deg. for the L =   18, J =   17.0 channel.
      18.0  0.99975512 -0.00022088i: elastic S-matrix  @@      0.00  0   0 F  0
 Reaction Xsec    18.0-/18 @ 3 =   0.012 , Out:   0.000#   0.028/   0.012f

   S-matrix    4 =    0.99975   0.00050 for L=   18, J=   18.0 channel on core I =   2.0 from L=   18,  Acc. loss =  0.0 D.
 Elastic phase shift   4 =    0.014   0.007 deg. for the L =   18, J =   18.0 channel.
      18.0  0.99975467  0.00050428i: elastic S-matrix  @@      0.00  0   0 F  0
 Reaction Xsec    18.0-/18 @ 4 =   0.012 , Out:   0.000#   0.020/   0.012f

   S-matrix    5 =    0.99975   0.00127 for L=   18, J=   19.0 channel on core I =   2.0 from L=   18,  Acc. loss =  0.0 D.
 Elastic phase shift   5 =    0.036   0.007 deg. for the L =   18, J =   19.0 channel.
      18.0  0.99975363  0.00127046i: elastic S-matrix  @@      0.00  0   0 F  0
 Reaction Xsec    18.0-/18 @ 5 =   0.013 , Out:   0.000#   0.031/   0.012f

   S-matrix    6 =    0.99995  -0.00013 for L=   20, J=   19.0 channel on core I =   2.0 from L=   20,  Acc. loss =  0.0 D.
 Elastic phase shift   6 =   -0.004   0.001 deg. for the L =   20, J =   19.0 channel.
      18.0  0.99994955 -0.00013439i: elastic S-matrix  @@      0.00  0   0 F  0
 Reaction Xsec    18.0-/20 @ 6 =   2.571/, Out:   0.000#   3.647#   0.003f

   S-matrix    7 =    0.99995   0.00012 for L=   20, J=   20.0 channel on core I =   2.0 from L=   20,  Acc. loss =  0.0 D.
 Elastic phase shift   7 =    0.003   0.001 deg. for the L =   20, J =   20.0 channel.
      18.0  0.99994953  0.00011582i: elastic S-matrix  @@      0.00  0   0 F  0
 Reaction Xsec    18.0-/20 @ 7 =   2.572/, Out:   0.000#   8.516#   0.003f


 Total SPIN, PARITY =    19.0 +,      9 chs,      0 cc.  Rmin & Coul turning =    1.5   11.3
   S-matrix    1 =    0.99946   0.00105 for L=   17, J=   17.0 channel on core I =   2.0 from L=   17,  Acc. loss =  0.0 D.
 Elastic phase shift   1 =    0.030   0.015 deg. for the L =   17, J =   17.0 channel.
      19.0  0.99945954  0.00104730i: elastic S-matrix  @@      0.00  0   0 F  0
 Reaction Xsec    19.0+/17 @ 1 =   0.029 , Out:   0.000#   0.159/   0.029f

   S-matrix    2 =    0.99946   0.00235 for L=   17, J=   18.0 channel on core I =   2.0 from L=   17,  Acc. loss =  0.0 D.
 Elastic phase shift   2 =    0.067   0.016 deg. for the L =   17, J =   18.0 channel.
      19.0  0.99945605  0.00235307i: elastic S-matrix  @@      0.00  0   0 F  0
 Reaction Xsec    19.0+/17 @ 2 =   0.029 , Out:   0.000#   0.093/   0.029f

   S-matrix    3 =    0.99989  -0.00018 for L=   19, J=   18.0 channel on core I =   2.0 from L=   19,  Acc. loss =  0.0 D.
 Elastic phase shift   3 =   -0.005   0.003 deg. for the L =   19, J =   18.0 channel.
      19.0  0.99988880 -0.00018423i: elastic S-matrix  @@      0.00  0   0 F  0
 Reaction Xsec    19.0+/19 @ 3 =   5.974/, Out:   0.000#   0.011/   0.006f

   S-matrix    4 =    0.99989   0.00024 for L=   19, J=   19.0 channel on core I =   2.0 from L=   19,  Acc. loss =  0.0 D.
 Elastic phase shift   4 =    0.007   0.003 deg. for the L =   19, J =   19.0 channel.
      19.0  0.99988869  0.00024206i: elastic S-matrix  @@      0.00  0   0 F  0
 Reaction Xsec    19.0+/19 @ 4 =   5.979/, Out:   0.000#   8.004#   0.006f

   S-matrix    5 =    0.99989   0.00069 for L=   19, J=   20.0 channel on core I =   2.0 from L=   19,  Acc. loss =  0.0 D.
 Elastic phase shift   5 =    0.020   0.003 deg. for the L =   19, J =   20.0 channel.
      19.0  0.99988838  0.00069106i: elastic S-matrix  @@      0.00  0   0 F  0
 Reaction Xsec    19.0+/19 @ 5 =   5.984/, Out:   0.000#   0.012/   0.006f

   S-matrix    6 =    0.99998  -0.00009 for L=   21, J=   20.0 channel on core I =   2.0 from L=   21,  Acc. loss =  0.0 D.
 Elastic phase shift   6 =   -0.003   0.001 deg. for the L =   21, J =   20.0 channel.
      19.0  0.99997714 -0.00009142i: elastic S-matrix  @@      0.00  0   0 F  0
 Reaction Xsec    19.0+/21 @ 6 =   1.228/, Out:   0.000#   1.496#   0.001f

   S-matrix    7 =    0.99998   0.00006 for L=   21, J=   21.0 channel on core I =   2.0 from L=   21,  Acc. loss =  0.0 D.
 Elastic phase shift   7 =    0.002   0.001 deg. for the L =   21, J =   21.0 channel.
      19.0  0.99997713  0.00005522i: elastic S-matrix  @@      0.00  0   0 F  0
 Reaction Xsec    19.0+/21 @ 7 =   1.229/, Out:   0.000#   3.466#   0.001f


 Total SPIN, PARITY =    19.0 -,     10 chs,      0 cc.  Rmin & Coul turning =    1.5   11.3
   S-matrix    1 =    0.99880   0.00439 for L=   16, J=   17.0 channel on core I =   2.0 from L=   16,  Acc. loss =  0.0 D.
 Elastic phase shift   1 =    0.126   0.034 deg. for the L =   16, J =   17.0 channel.
      19.0  0.99879766  0.00439086i: elastic S-matrix  @@      0.00  0   0 F  0
 Reaction Xsec    19.0-/16 @ 1 =   0.064 , Out:   0.000#   0.000#   0.064f

   S-matrix    2 =    0.99976  -0.00022 for L=   18, J=   17.0 channel on core I =   2.0 from L=   18,  Acc. loss =  0.0 D.
 Elastic phase shift   2 =   -0.006   0.007 deg. for the L =   18, J =   17.0 channel.
      19.0  0.99975512 -0.00022088i: elastic S-matrix  @@      0.00  0   0 F  0
 Reaction Xsec    19.0-/18 @ 2 =   0.013 , Out:   0.000#   0.127/   0.013f

   S-matrix    3 =    0.99975   0.00050 for L=   18, J=   18.0 channel on core I =   2.0 from L=   18,  Acc. loss =  0.0 D.
 Elastic phase shift   3 =    0.014   0.007 deg. for the L =   18, J =   18.0 channel.
      19.0  0.99975467  0.00050428i: elastic S-matrix  @@      0.00  0   0 F  0
 Reaction Xsec    19.0-/18 @ 3 =   0.013 , Out:   0.000#   0.035/   0.013f

   S-matrix    4 =    0.99975   0.00127 for L=   18, J=   19.0 channel on core I =   2.0 from L=   18,  Acc. loss =  0.0 D.
 Elastic phase shift   4 =    0.036   0.007 deg. for the L =   18, J =   19.0 channel.
      19.0  0.99975363  0.00127046i: elastic S-matrix  @@      0.00  0   0 F  0
 Reaction Xsec    19.0-/18 @ 4 =   0.013 , Out:   0.000#   0.022/   0.013f

   S-matrix    5 =    0.99995  -0.00013 for L=   20, J=   19.0 channel on core I =   2.0 from L=   20,  Acc. loss =  0.0 D.
 Elastic phase shift   5 =   -0.004   0.001 deg. for the L =   20, J =   19.0 channel.
      19.0  0.99994955 -0.00013439i: elastic S-matrix  @@      0.00  0   0 F  0
 Reaction Xsec    19.0-/20 @ 5 =   2.710/, Out:   0.000#   2.776#   0.003f

   S-matrix    6 =    0.99995   0.00012 for L=   20, J=   20.0 channel on core I =   2.0 from L=   20,  Acc. loss =  0.0 D.
 Elastic phase shift   6 =    0.003   0.001 deg. for the L =   20, J =   20.0 channel.
      19.0  0.99994953  0.00011582i: elastic S-matrix  @@      0.00  0   0 F  0
 Reaction Xsec    19.0-/20 @ 6 =   2.712/, Out:   0.000#   4.104#   0.003f

   S-matrix    7 =    0.99995   0.00038 for L=   20, J=   21.0 channel on core I =   2.0 from L=   20,  Acc. loss =  0.0 D.
 Elastic phase shift   7 =    0.011   0.001 deg. for the L =   20, J =   21.0 channel.
      19.0  0.99994944  0.00037863i: elastic S-matrix  @@      0.00  0   0 F  0
 Reaction Xsec    19.0-/20 @ 7 =   2.713/, Out:   0.000#   0.017/   0.003f

   S-matrix    8 =    0.99999  -0.00006 for L=   22, J=   21.0 channel on core I =   2.0 from L=   22,  Acc. loss =  0.0 D.
 Elastic phase shift   8 =   -0.002   0.000 deg. for the L =   22, J =   21.0 channel.
      19.0  0.99998965 -0.00005962i: elastic S-matrix  @@      0.00  0   0 F  0
 Reaction Xsec    19.0-/22 @ 8 =   0.556/, Out:   0.000#   0.000#   0.001f


 Total SPIN, PARITY =    20.0 +,     10 chs,      0 cc.  Rmin & Coul turning =    1.6   11.9
   S-matrix    1 =    0.99946   0.00235 for L=   17, J=   18.0 channel on core I =   2.0 from L=   17,  Acc. loss =  0.0 D.
 Elastic phase shift   1 =    0.067   0.016 deg. for the L =   17, J =   18.0 channel.
      20.0  0.99945605  0.00235307i: elastic S-matrix  @@      0.00  0   0 F  0
 Reaction Xsec    20.0+/17 @ 1 =   0.031 , Out:   0.000#   0.000#   0.031f

   S-matrix    2 =    0.99989  -0.00018 for L=   19, J=   18.0 channel on core I =   2.0 from L=   19,  Acc. loss =  0.0 D.
 Elastic phase shift   2 =   -0.005   0.003 deg. for the L =   19, J =   18.0 channel.
      20.0  0.99988880 -0.00018423i: elastic S-matrix  @@      0.00  0   0 F  0
 Reaction Xsec    20.0+/19 @ 2 =   6.280/, Out:   0.000#   0.052/   0.006f

   S-matrix    3 =    0.99989   0.00024 for L=   19, J=   19.0 channel on core I =   2.0 from L=   19,  Acc. loss =  0.0 D.
 Elastic phase shift   3 =    0.007   0.003 deg. for the L =   19, J =   19.0 channel.
      20.0  0.99988869  0.00024206i: elastic S-matrix  @@      0.00  0   0 F  0
 Reaction Xsec    20.0+/19 @ 3 =   6.286/, Out:   0.000#   0.014/   0.006f

   S-matrix    4 =    0.99989   0.00069 for L=   19, J=   20.0 channel on core I =   2.0 from L=   19,  Acc. loss =  0.0 D.
 Elastic phase shift   4 =    0.020   0.003 deg. for the L =   19, J =   20.0 channel.
      20.0  0.99988838  0.00069106i: elastic S-matrix  @@      0.00  0   0 F  0
 Reaction Xsec    20.0+/19 @ 4 =   6.291/, Out:   0.000#   9.182#   0.006f

   S-matrix    5 =    0.99998  -0.00009 for L=   21, J=   20.0 channel on core I =   2.0 from L=   21,  Acc. loss =  0.0 D.
 Elastic phase shift   5 =   -0.003   0.001 deg. for the L =   21, J =   20.0 channel.
      20.0  0.99997714 -0.00009142i: elastic S-matrix  @@      0.00  0   0 F  0
 Reaction Xsec    20.0+/21 @ 5 =   1.291/, Out:   0.000#   1.131#   0.001f

   S-matrix    6 =    0.99998   0.00006 for L=   21, J=   21.0 channel on core I =   2.0 from L=   21,  Acc. loss =  0.0 D.
 Elastic phase shift   6 =    0.002   0.001 deg. for the L =   21, J =   21.0 channel.
      20.0  0.99997713  0.00005522i: elastic S-matrix  @@      0.00  0   0 F  0
 Reaction Xsec    20.0+/21 @ 6 =   1.292/, Out:   0.000#   1.672#   0.001f

   S-matrix    7 =    0.99998   0.00021 for L=   21, J=   22.0 channel on core I =   2.0 from L=   21,  Acc. loss =  0.0 D.
 Elastic phase shift   7 =    0.006   0.001 deg. for the L =   21, J =   22.0 channel.
      20.0  0.99997710  0.00020888i: elastic S-matrix  @@      0.00  0   0 F  0
 Reaction Xsec    20.0+/21 @ 7 =   1.292/, Out:   0.000#   7.109#   0.001f

   S-matrix    8 =    1.00000  -0.00004 for L=   23, J=   22.0 channel on core I =   2.0 from L=   23,  Acc. loss =  0.0 D.
 Elastic phase shift   8 =   -0.001   0.000 deg. for the L =   23, J =   22.0 channel.
      20.0  0.99999531 -0.00003779i: elastic S-matrix  @@      0.00  0   0 F  0
 Reaction Xsec    20.0+/23 @ 8 =   0.265/, Out:   0.000#   0.000#   0.000f


 Total SPIN, PARITY =    20.0 -,      9 chs,      0 cc.  Rmin & Coul turning =    1.6   11.9
   S-matrix    1 =    0.99975   0.00050 for L=   18, J=   18.0 channel on core I =   2.0 from L=   18,  Acc. loss =  0.0 D.
 Elastic phase shift   1 =    0.014   0.007 deg. for the L =   18, J =   18.0 channel.
      20.0  0.99975467  0.00050428i: elastic S-matrix  @@      0.00  0   0 F  0
 Reaction Xsec    20.0-/18 @ 1 =   0.014 , Out:   0.000#   0.065/   0.014f

   S-matrix    2 =    0.99975   0.00127 for L=   18, J=   19.0 channel on core I =   2.0 from L=   18,  Acc. loss =  0.0 D.
 Elastic phase shift   2 =    0.036   0.007 deg. for the L =   18, J =   19.0 channel.
      20.0  0.99975363  0.00127046i: elastic S-matrix  @@      0.00  0   0 F  0
 Reaction Xsec    20.0-/18 @ 2 =   0.014 , Out:   0.000#   0.038/   0.014f

   S-matrix    3 =    0.99995  -0.00013 for L=   20, J=   19.0 channel on core I =   2.0 from L=   20,  Acc. loss =  0.0 D.
 Elastic phase shift   3 =   -0.004   0.001 deg. for the L =   20, J =   19.0 channel.
      20.0  0.99994955 -0.00013439i: elastic S-matrix  @@      0.00  0   0 F  0
 Reaction Xsec    20.0-/20 @ 3 =   2.849/, Out:   0.000#   4.766#   0.003f

   S-matrix    4 =    0.99995   0.00012 for L=   20, J=   20.0 channel on core I =   2.0 from L=   20,  Acc. loss =  0.0 D.
 Elastic phase shift   4 =    0.003   0.001 deg. for the L =   20, J =   20.0 channel.
      20.0  0.99994953  0.00011582i: elastic S-matrix  @@      0.00  0   0 F  0
 Reaction Xsec    20.0-/20 @ 4 =   2.851/, Out:   0.000#   3.277#   0.003f

   S-matrix    5 =    0.99995   0.00038 for L=   20, J=   21.0 channel on core I =   2.0 from L=   20,  Acc. loss =  0.0 D.
 Elastic phase shift   5 =    0.011   0.001 deg. for the L =   20, J =   21.0 channel.
      20.0  0.99994944  0.00037863i: elastic S-matrix  @@      0.00  0   0 F  0
 Reaction Xsec    20.0-/20 @ 5 =   2.852/, Out:   0.000#   4.947#   0.003f

   S-matrix    6 =    0.99999  -0.00006 for L=   22, J=   21.0 channel on core I =   2.0 from L=   22,  Acc. loss =  0.0 D.
 Elastic phase shift   6 =   -0.002   0.000 deg. for the L =   22, J =   21.0 channel.
      20.0  0.99998965 -0.00005962i: elastic S-matrix  @@      0.00  0   0 F  0
 Reaction Xsec    20.0-/22 @ 6 =   0.585/, Out:   0.000#   0.615#   0.001f

   S-matrix    7 =    0.99999   0.00003 for L=   22, J=   22.0 channel on core I =   2.0 from L=   22,  Acc. loss =  0.0 D.
 Elastic phase shift   7 =    0.001   0.000 deg. for the L =   22, J =   22.0 channel.
      20.0  0.99998964  0.00002622i: elastic S-matrix  @@      0.00  0   0 F  0
 Reaction Xsec    20.0-/22 @ 7 =   0.585/, Out:   0.000#   1.415#   0.001f


 Total SPIN, PARITY =    21.0 +,      9 chs,      0 cc.  Rmin & Coul turning =    1.7   12.5
   S-matrix    1 =    0.99989   0.00024 for L=   19, J=   19.0 channel on core I =   2.0 from L=   19,  Acc. loss =  0.0 D.
 Elastic phase shift   1 =    0.007   0.003 deg. for the L =   19, J =   19.0 channel.
      21.0  0.99988869  0.00024206i: elastic S-matrix  @@      0.00  0   0 F  0
 Reaction Xsec    21.0+/19 @ 1 =   6.592/, Out:   0.000#   0.027/   0.007f

   S-matrix    2 =    0.99989   0.00069 for L=   19, J=   20.0 channel on core I =   2.0 from L=   19,  Acc. loss =  0.0 D.
 Elastic phase shift   2 =    0.020   0.003 deg. for the L =   19, J =   20.0 channel.
      21.0  0.99988838  0.00069106i: elastic S-matrix  @@      0.00  0   0 F  0
 Reaction Xsec    21.0+/19 @ 2 =   6.598/, Out:   0.000#   0.015/   0.007f

   S-matrix    3 =    0.99998  -0.00009 for L=   21, J=   20.0 channel on core I =   2.0 from L=   21,  Acc. loss =  0.0 D.
 Elastic phase shift   3 =   -0.003   0.001 deg. for the L =   21, J =   20.0 channel.
      21.0  0.99997714 -0.00009142i: elastic S-matrix  @@      0.00  0   0 F  0
 Reaction Xsec    21.0+/21 @ 3 =   1.354/, Out:   0.000#   1.979#   0.001f

   S-matrix    4 =    0.99998   0.00006 for L=   21, J=   21.0 channel on core I =   2.0 from L=   21,  Acc. loss =  0.0 D.
 Elastic phase shift   4 =    0.002   0.001 deg. for the L =   21, J =   21.0 channel.
      21.0  0.99997713  0.00005522i: elastic S-matrix  @@      0.00  0   0 F  0
 Reaction Xsec    21.0+/21 @ 4 =   1.355/, Out:   0.000#   1.345#   0.001f

   S-matrix    5 =    0.99998   0.00021 for L=   21, J=   22.0 channel on core I =   2.0 from L=   21,  Acc. loss =  0.0 D.
 Elastic phase shift   5 =    0.006   0.001 deg. for the L =   21, J =   22.0 channel.
      21.0  0.99997710  0.00020888i: elastic S-matrix  @@      0.00  0   0 F  0
 Reaction Xsec    21.0+/21 @ 5 =   1.355/, Out:   0.000#   1.999#   0.001f

   S-matrix    6 =    1.00000  -0.00004 for L=   23, J=   22.0 channel on core I =   2.0 from L=   23,  Acc. loss =  0.0 D.
 Elastic phase shift   6 =   -0.001   0.000 deg. for the L =   23, J =   22.0 channel.
      21.0  0.99999531 -0.00003779i: elastic S-matrix  @@      0.00  0   0 F  0
 Reaction Xsec    21.0+/23 @ 6 =   0.278/, Out:   0.000#   0.253#   0.000f

   S-matrix    7 =    1.00000   0.00001 for L=   23, J=   23.0 channel on core I =   2.0 from L=   23,  Acc. loss =  0.0 D.
 Elastic phase shift   7 =    0.000   0.000 deg. for the L =   23, J =   23.0 channel.
      21.0  0.99999531  0.00001239i: elastic S-matrix  @@      0.00  0   0 F  0
 Reaction Xsec    21.0+/23 @ 7 =   0.278/, Out:   0.000#   0.579#   0.000f


 Total SPIN, PARITY =    21.0 -,     10 chs,      0 cc.  Rmin & Coul turning =    1.7   12.5
   S-matrix    1 =    0.99975   0.00127 for L=   18, J=   19.0 channel on core I =   2.0 from L=   18,  Acc. loss =  0.0 D.
 Elastic phase shift   1 =    0.036   0.007 deg. for the L =   18, J =   19.0 channel.
      21.0  0.99975363  0.00127046i: elastic S-matrix  @@      0.00  0   0 F  0
 Reaction Xsec    21.0-/18 @ 1 =   0.015 , Out:   0.000#   0.000#   0.015f

   S-matrix    2 =    0.99995  -0.00013 for L=   20, J=   19.0 channel on core I =   2.0 from L=   20,  Acc. loss =  0.0 D.
 Elastic phase shift   2 =   -0.004   0.001 deg. for the L =   20, J =   19.0 channel.
      21.0  0.99994955 -0.00013439i: elastic S-matrix  @@      0.00  0   0 F  0
 Reaction Xsec    21.0-/20 @ 2 =   2.988/, Out:   0.000#   0.022/   0.003f

   S-matrix    3 =    0.99995   0.00012 for L=   20, J=   20.0 channel on core I =   2.0 from L=   20,  Acc. loss =  0.0 D.
 Elastic phase shift   3 =    0.003   0.001 deg. for the L =   20, J =   20.0 channel.
      21.0  0.99994953  0.00011582i: elastic S-matrix  @@      0.00  0   0 F  0
 Reaction Xsec    21.0-/20 @ 3 =   2.990/, Out:   0.000#   5.841#   0.003f

   S-matrix    4 =    0.99995   0.00038 for L=   20, J=   21.0 channel on core I =   2.0 from L=   20,  Acc. loss =  0.0 D.
 Elastic phase shift   4 =    0.011   0.001 deg. for the L =   20, J =   21.0 channel.
      21.0  0.99994944  0.00037863i: elastic S-matrix  @@      0.00  0   0 F  0
 Reaction Xsec    21.0-/20 @ 4 =   2.991/, Out:   0.000#   3.776#   0.003f

   S-matrix    5 =    0.99999  -0.00006 for L=   22, J=   21.0 channel on core I =   2.0 from L=   22,  Acc. loss =  0.0 D.
 Elastic phase shift   5 =   -0.002   0.000 deg. for the L =   22, J =   21.0 channel.
      21.0  0.99998965 -0.00005962i: elastic S-matrix  @@      0.00  0   0 F  0
 Reaction Xsec    21.0-/22 @ 5 =   0.613/, Out:   0.000#   0.462#   0.001f

   S-matrix    6 =    0.99999   0.00003 for L=   22, J=   22.0 channel on core I =   2.0 from L=   22,  Acc. loss =  0.0 D.
 Elastic phase shift   6 =    0.001   0.000 deg. for the L =   22, J =   22.0 channel.
      21.0  0.99998964  0.00002622i: elastic S-matrix  @@      0.00  0   0 F  0
 Reaction Xsec    21.0-/22 @ 6 =   0.613/, Out:   0.000#   0.683#   0.001f

   S-matrix    7 =    0.99999   0.00012 for L=   22, J=   23.0 channel on core I =   2.0 from L=   22,  Acc. loss =  0.0 D.
 Elastic phase shift   7 =    0.003   0.000 deg. for the L =   22, J =   23.0 channel.
      21.0  0.99998964  0.00011597i: elastic S-matrix  @@      0.00  0   0 F  0
 Reaction Xsec    21.0-/22 @ 7 =   0.614/, Out:   0.000#   2.899#   0.001f

   S-matrix    8 =    1.00000  -0.00002 for L=   24, J=   23.0 channel on core I =   2.0 from L=   24,  Acc. loss =  0.0 D.
 Elastic phase shift   8 =   -0.001   0.000 deg. for the L =   24, J =   23.0 channel.
      21.0  0.99999788 -0.00002348i: elastic S-matrix  @@      0.00  0   0 F  0
 Reaction Xsec    21.0-/24 @ 8 =   0.126/, Out:   0.000#   0.000#   0.000f


 Total SPIN, PARITY =    22.0 +,     10 chs,      0 cc.  Rmin & Coul turning =    1.8   13.0
   S-matrix    1 =    0.99989   0.00069 for L=   19, J=   20.0 channel on core I =   2.0 from L=   19,  Acc. loss =  0.0 D.
 Elastic phase shift   1 =    0.020   0.003 deg. for the L =   19, J =   20.0 channel.
      22.0  0.99988838  0.00069106i: elastic S-matrix  @@      0.00  0   0 F  0
 Reaction Xsec    22.0+/19 @ 1 =   6.905/, Out:   0.000#   0.000#   0.007f

   S-matrix    2 =    0.99998  -0.00009 for L=   21, J=   20.0 channel on core I =   2.0 from L=   21,  Acc. loss =  0.0 D.
 Elastic phase shift   2 =   -0.003   0.001 deg. for the L =   21, J =   20.0 channel.
      22.0  0.99997714 -0.00009142i: elastic S-matrix  @@      0.00  0   0 F  0
 Reaction Xsec    22.0+/21 @ 2 =   1.417/, Out:   0.000#   8.889#   0.001f

   S-matrix    3 =    0.99998   0.00006 for L=   21, J=   21.0 channel on core I =   2.0 from L=   21,  Acc. loss =  0.0 D.
 Elastic phase shift   3 =    0.002   0.001 deg. for the L =   21, J =   21.0 channel.
      22.0  0.99997713  0.00005522i: elastic S-matrix  @@      0.00  0   0 F  0
 Reaction Xsec    22.0+/21 @ 3 =   1.418/, Out:   0.000#   2.402#   0.001f

   S-matrix    4 =    0.99998   0.00021 for L=   21, J=   22.0 channel on core I =   2.0 from L=   21,  Acc. loss =  0.0 D.
 Elastic phase shift   4 =    0.006   0.001 deg. for the L =   21, J =   22.0 channel.
      22.0  0.99997710  0.00020888i: elastic S-matrix  @@      0.00  0   0 F  0
 Reaction Xsec    22.0+/21 @ 4 =   1.418/, Out:   0.000#   1.555#   0.001f

   S-matrix    5 =    1.00000  -0.00004 for L=   23, J=   22.0 channel on core I =   2.0 from L=   23,  Acc. loss =  0.0 D.
 Elastic phase shift   5 =   -0.001   0.000 deg. for the L =   23, J =   22.0 channel.
      22.0  0.99999531 -0.00003779i: elastic S-matrix  @@      0.00  0   0 F  0
 Reaction Xsec    22.0+/23 @ 5 =   0.290/, Out:   0.000#   0.189#   0.000f

   S-matrix    6 =    1.00000   0.00001 for L=   23, J=   23.0 channel on core I =   2.0 from L=   23,  Acc. loss =  0.0 D.
 Elastic phase shift   6 =    0.000   0.000 deg. for the L =   23, J =   23.0 channel.
      22.0  0.99999531  0.00001239i: elastic S-matrix  @@      0.00  0   0 F  0
 Reaction Xsec    22.0+/23 @ 6 =   0.291/, Out:   0.000#   0.280#   0.000f

   S-matrix    7 =    1.00000   0.00006 for L=   23, J=   24.0 channel on core I =   2.0 from L=   23,  Acc. loss =  0.0 D.
 Elastic phase shift   7 =    0.002   0.000 deg. for the L =   23, J =   24.0 channel.
      22.0  0.99999531  0.00006477i: elastic S-matrix  @@      0.00  0   0 F  0
 Reaction Xsec    22.0+/23 @ 7 =   0.291/, Out:   0.000#   1.186#   0.000f

   S-matrix    8 =    1.00000  -0.00001 for L=   25, J=   24.0 channel on core I =   2.0 from L=   25,  Acc. loss =  0.0 D.
 Elastic phase shift   8 =   -0.000   0.000 deg. for the L =   25, J =   24.0 channel.
      22.0  0.99999904 -0.00001438i: elastic S-matrix  @@      0.00  0   0 F  0
 Reaction Xsec    22.0+/25 @ 8 =   0.059/, Out:   0.000#   0.000#   0.000f


 Total SPIN, PARITY =    22.0 -,      9 chs,      0 cc.  Rmin & Coul turning =    1.8   13.0
   S-matrix    1 =    0.99995   0.00012 for L=   20, J=   20.0 channel on core I =   2.0 from L=   20,  Acc. loss =  0.0 D.
 Elastic phase shift   1 =    0.003   0.001 deg. for the L =   20, J =   20.0 channel.
      22.0  0.99994953  0.00011582i: elastic S-matrix  @@      0.00  0   0 F  0
 Reaction Xsec    22.0-/20 @ 1 =   3.129/, Out:   0.000#   0.011/   0.003f

   S-matrix    2 =    0.99995   0.00038 for L=   20, J=   21.0 channel on core I =   2.0 from L=   20,  Acc. loss =  0.0 D.
 Elastic phase shift   2 =    0.011   0.001 deg. for the L =   20, J =   21.0 channel.
      22.0  0.99994944  0.00037863i: elastic S-matrix  @@      0.00  0   0 F  0
 Reaction Xsec    22.0-/20 @ 2 =   3.130/, Out:   0.000#   6.339#   0.003f

   S-matrix    3 =    0.99999  -0.00006 for L=   22, J=   21.0 channel on core I =   2.0 from L=   22,  Acc. loss =  0.0 D.
 Elastic phase shift   3 =   -0.002   0.000 deg. for the L =   22, J =   21.0 channel.
      22.0  0.99998965 -0.00005962i: elastic S-matrix  @@      0.00  0   0 F  0
 Reaction Xsec    22.0-/22 @ 3 =   0.642/, Out:   0.000#   0.822#   0.001f

   S-matrix    4 =    0.99999   0.00003 for L=   22, J=   22.0 channel on core I =   2.0 from L=   22,  Acc. loss =  0.0 D.
 Elastic phase shift   4 =    0.001   0.000 deg. for the L =   22, J =   22.0 channel.
      22.0  0.99998964  0.00002622i: elastic S-matrix  @@      0.00  0   0 F  0
 Reaction Xsec    22.0-/22 @ 4 =   0.642/, Out:   0.000#   0.553#   0.001f

   S-matrix    5 =    0.99999   0.00012 for L=   22, J=   23.0 channel on core I =   2.0 from L=   22,  Acc. loss =  0.0 D.
 Elastic phase shift   5 =    0.003   0.000 deg. for the L =   22, J =   23.0 channel.
      22.0  0.99998964  0.00011597i: elastic S-matrix  @@      0.00  0   0 F  0
 Reaction Xsec    22.0-/22 @ 5 =   0.642/, Out:   0.000#   0.811#   0.001f

   S-matrix    6 =    1.00000  -0.00002 for L=   24, J=   23.0 channel on core I =   2.0 from L=   24,  Acc. loss =  0.0 D.
 Elastic phase shift   6 =   -0.001   0.000 deg. for the L =   24, J =   23.0 channel.
      22.0  0.99999788 -0.00002348i: elastic S-matrix  @@      0.00  0   0 F  0
 Reaction Xsec    22.0-/24 @ 6 =   0.131/, Out:   0.000#   0.105#   0.000f

   S-matrix    7 =    1.00000   0.00001 for L=   24, J=   24.0 channel on core I =   2.0 from L=   24,  Acc. loss =  0.0 D.
 Elastic phase shift   7 =    0.000   0.000 deg. for the L =   24, J =   24.0 channel.
      22.0  0.99999788  0.00000583i: elastic S-matrix  @@      0.00  0   0 F  0
 Reaction Xsec    22.0-/24 @ 7 =   0.131/, Out:   0.000#   0.238#   0.000f


 Total SPIN, PARITY =    23.0 +,      9 chs,      0 cc.  Rmin & Coul turning =    1.8   13.6
   S-matrix    1 =    0.99998   0.00006 for L=   21, J=   21.0 channel on core I =   2.0 from L=   21,  Acc. loss =  0.0 D.
 Elastic phase shift   1 =    0.002   0.001 deg. for the L =   21, J =   21.0 channel.
      23.0  0.99997713  0.00005522i: elastic S-matrix  @@      0.00  0   0 F  0
 Reaction Xsec    23.0+/21 @ 1 =   1.481/, Out:   0.000#   4.545#   0.001f

   S-matrix    2 =    0.99998   0.00021 for L=   21, J=   22.0 channel on core I =   2.0 from L=   21,  Acc. loss =  0.0 D.
 Elastic phase shift   2 =    0.006   0.001 deg. for the L =   21, J =   22.0 channel.
      23.0  0.99997710  0.00020888i: elastic S-matrix  @@      0.00  0   0 F  0
 Reaction Xsec    23.0+/21 @ 2 =   1.481/, Out:   0.000#   2.598#   0.001f

   S-matrix    3 =    1.00000  -0.00004 for L=   23, J=   22.0 channel on core I =   2.0 from L=   23,  Acc. loss =  0.0 D.
 Elastic phase shift   3 =   -0.001   0.000 deg. for the L =   23, J =   22.0 channel.
      23.0  0.99999531 -0.00003779i: elastic S-matrix  @@      0.00  0   0 F  0
 Reaction Xsec    23.0+/23 @ 3 =   0.303/, Out:   0.000#   0.342#   0.000f

   S-matrix    4 =    1.00000   0.00001 for L=   23, J=   23.0 channel on core I =   2.0 from L=   23,  Acc. loss =  0.0 D.
 Elastic phase shift   4 =    0.000   0.000 deg. for the L =   23, J =   23.0 channel.
      23.0  0.99999531  0.00001239i: elastic S-matrix  @@      0.00  0   0 F  0
 Reaction Xsec    23.0+/23 @ 4 =   0.303/, Out:   0.000#   0.228#   0.000f

   S-matrix    5 =    1.00000   0.00006 for L=   23, J=   24.0 channel on core I =   2.0 from L=   23,  Acc. loss =  0.0 D.
 Elastic phase shift   5 =    0.002   0.000 deg. for the L =   23, J =   24.0 channel.
      23.0  0.99999531  0.00006477i: elastic S-matrix  @@      0.00  0   0 F  0
 Reaction Xsec    23.0+/23 @ 5 =   0.303/, Out:   0.000#   0.330#   0.000f

   S-matrix    6 =    1.00000  -0.00001 for L=   25, J=   24.0 channel on core I =   2.0 from L=   25,  Acc. loss =  0.0 D.
 Elastic phase shift   6 =   -0.000   0.000 deg. for the L =   25, J =   24.0 channel.
      23.0  0.99999904 -0.00001438i: elastic S-matrix  @@      0.00  0   0 F  0
 Reaction Xsec    23.0+/25 @ 6 =   0.062/, Out:   0.000#   0.043#   0.000f

   S-matrix    7 =    1.00000   0.00000 for L=   25, J=   25.0 channel on core I =   2.0 from L=   25,  Acc. loss =  0.0 D.
 Elastic phase shift   7 =    0.000   0.000 deg. for the L =   25, J =   25.0 channel.
      23.0  0.99999904  0.00000272i: elastic S-matrix  @@      0.00  0   0 F  0
 Reaction Xsec    23.0+/25 @ 7 =   0.062/, Out:   0.000#   0.098#   0.000f


 Total SPIN, PARITY =    23.0 -,     10 chs,      0 cc.  Rmin & Coul turning =    1.8   13.6
   S-matrix    1 =    0.99995   0.00038 for L=   20, J=   21.0 channel on core I =   2.0 from L=   20,  Acc. loss =  0.0 D.
 Elastic phase shift   1 =    0.011   0.001 deg. for the L =   20, J =   21.0 channel.
      23.0  0.99994944  0.00037863i: elastic S-matrix  @@      0.00  0   0 F  0
 Reaction Xsec    23.0-/20 @ 1 =   3.270/, Out:   0.000#   0.000#   0.003f

   S-matrix    2 =    0.99999  -0.00006 for L=   22, J=   21.0 channel on core I =   2.0 from L=   22,  Acc. loss =  0.0 D.
 Elastic phase shift   2 =   -0.002   0.000 deg. for the L =   22, J =   21.0 channel.
      23.0  0.99998965 -0.00005962i: elastic S-matrix  @@      0.00  0   0 F  0
 Reaction Xsec    23.0-/22 @ 2 =   0.670/, Out:   0.000#   3.673#   0.001f

   S-matrix    3 =    0.99999   0.00003 for L=   22, J=   22.0 channel on core I =   2.0 from L=   22,  Acc. loss =  0.0 D.
 Elastic phase shift   3 =    0.001   0.000 deg. for the L =   22, J =   22.0 channel.
      23.0  0.99998964  0.00002622i: elastic S-matrix  @@      0.00  0   0 F  0
 Reaction Xsec    23.0-/22 @ 3 =   0.671/, Out:   0.000#   0.989#   0.001f

   S-matrix    4 =    0.99999   0.00012 for L=   22, J=   23.0 channel on core I =   2.0 from L=   22,  Acc. loss =  0.0 D.
 Elastic phase shift   4 =    0.003   0.000 deg. for the L =   22, J =   23.0 channel.
      23.0  0.99998964  0.00011597i: elastic S-matrix  @@      0.00  0   0 F  0
 Reaction Xsec    23.0-/22 @ 4 =   0.671/, Out:   0.000#   0.641#   0.001f

   S-matrix    5 =    1.00000  -0.00002 for L=   24, J=   23.0 channel on core I =   2.0 from L=   24,  Acc. loss =  0.0 D.
 Elastic phase shift   5 =   -0.001   0.000 deg. for the L =   24, J =   23.0 channel.
      23.0  0.99999788 -0.00002348i: elastic S-matrix  @@      0.00  0   0 F  0
 Reaction Xsec    23.0-/24 @ 5 =   0.137/, Out:   0.000#   0.078#   0.000f

   S-matrix    6 =    1.00000   0.00001 for L=   24, J=   24.0 channel on core I =   2.0 from L=   24,  Acc. loss =  0.0 D.
 Elastic phase shift   6 =    0.000   0.000 deg. for the L =   24, J =   24.0 channel.
      23.0  0.99999788  0.00000583i: elastic S-matrix  @@      0.00  0   0 F  0
 Reaction Xsec    23.0-/24 @ 6 =   0.137/, Out:   0.000#   0.115#   0.000f

   S-matrix    7 =    1.00000   0.00004 for L=   24, J=   25.0 channel on core I =   2.0 from L=   24,  Acc. loss =  0.0 D.
 Elastic phase shift   7 =    0.001   0.000 deg. for the L =   24, J =   25.0 channel.
      23.0  0.99999788  0.00003637i: elastic S-matrix  @@      0.00  0   0 F  0
 Reaction Xsec    23.0-/24 @ 7 =   0.137/, Out:   0.000#   0.486#   0.000f

   S-matrix    8 =    1.00000  -0.00001 for L=   26, J=   25.0 channel on core I =   2.0 from L=   26,  Acc. loss =  0.0 D.
 Elastic phase shift   8 =   -0.000   0.000 deg. for the L =   26, J =   25.0 channel.
      23.0  0.99999957 -0.00000871i: elastic S-matrix  @@      0.00  0   0 F  0
 Reaction Xsec    23.0-/26 @ 8 =   0.028/, Out:   0.000#   0.000#   0.000f


 Total SPIN, PARITY =    24.0 +,     10 chs,      0 cc.  Rmin & Coul turning =    1.9   14.2
   S-matrix    1 =    0.99998   0.00021 for L=   21, J=   22.0 channel on core I =   2.0 from L=   21,  Acc. loss =  0.0 D.
 Elastic phase shift   1 =    0.006   0.001 deg. for the L =   21, J =   22.0 channel.
      24.0  0.99997710  0.00020888i: elastic S-matrix  @@      0.00  0   0 F  0
 Reaction Xsec    24.0+/21 @ 1 =   1.544/, Out:   0.000#   0.000#   0.002f

   S-matrix    2 =    1.00000  -0.00004 for L=   23, J=   22.0 channel on core I =   2.0 from L=   23,  Acc. loss =  0.0 D.
 Elastic phase shift   2 =   -0.001   0.000 deg. for the L =   23, J =   22.0 channel.
      24.0  0.99999531 -0.00003779i: elastic S-matrix  @@      0.00  0   0 F  0
 Reaction Xsec    24.0+/23 @ 2 =   0.316/, Out:   0.000#   1.519#   0.000f

   S-matrix    3 =    1.00000   0.00001 for L=   23, J=   23.0 channel on core I =   2.0 from L=   23,  Acc. loss =  0.0 D.
 Elastic phase shift   3 =    0.000   0.000 deg. for the L =   23, J =   23.0 channel.
      24.0  0.99999531  0.00001239i: elastic S-matrix  @@      0.00  0   0 F  0
 Reaction Xsec    24.0+/23 @ 3 =   0.316/, Out:   0.000#   0.408#   0.000f

   S-matrix    4 =    1.00000   0.00006 for L=   23, J=   24.0 channel on core I =   2.0 from L=   23,  Acc. loss =  0.0 D.
 Elastic phase shift   4 =    0.002   0.000 deg. for the L =   23, J =   24.0 channel.
      24.0  0.99999531  0.00006477i: elastic S-matrix  @@      0.00  0   0 F  0
 Reaction Xsec    24.0+/23 @ 4 =   0.316/, Out:   0.000#   0.265#   0.000f

   S-matrix    5 =    1.00000  -0.00001 for L=   25, J=   24.0 channel on core I =   2.0 from L=   25,  Acc. loss =  0.0 D.
 Elastic phase shift   5 =   -0.000   0.000 deg. for the L =   25, J =   24.0 channel.
      24.0  0.99999904 -0.00001438i: elastic S-matrix  @@      0.00  0   0 F  0
 Reaction Xsec    24.0+/25 @ 5 =   0.065/, Out:   0.000#   0.032#   0.000f

   S-matrix    6 =    1.00000   0.00000 for L=   25, J=   25.0 channel on core I =   2.0 from L=   25,  Acc. loss =  0.0 D.
 Elastic phase shift   6 =    0.000   0.000 deg. for the L =   25, J =   25.0 channel.
      24.0  0.99999904  0.00000272i: elastic S-matrix  @@      0.00  0   0 F  0
 Reaction Xsec    24.0+/25 @ 6 =   0.065/, Out:   0.000#   0.047#   0.000f

   S-matrix    7 =    1.00000   0.00002 for L=   25, J=   26.0 channel on core I =   2.0 from L=   25,  Acc. loss =  0.0 D.
 Elastic phase shift   7 =    0.001   0.000 deg. for the L =   25, J =   26.0 channel.
      24.0  0.99999904  0.00002051i: elastic S-matrix  @@      0.00  0   0 F  0
 Reaction Xsec    24.0+/25 @ 7 =   0.065/, Out:   0.000#   0.199#   0.000f

   S-matrix    8 =    1.00000  -0.00001 for L=   27, J=   26.0 channel on core I =   2.0 from L=   27,  Acc. loss =  0.0 D.
 Elastic phase shift   8 =   -0.000   0.000 deg. for the L =   27, J =   26.0 channel.
      24.0  0.99999980 -0.00000523i: elastic S-matrix  @@      0.00  0   0 F  0
 Reaction Xsec    24.0+/27 @ 8 =   0.013/, Out:   0.000#   0.000#   0.000f


 Total SPIN, PARITY =    24.0 -,      9 chs,      0 cc.  Rmin & Coul turning =    1.9   14.2
   S-matrix    1 =    0.99999   0.00003 for L=   22, J=   22.0 channel on core I =   2.0 from L=   22,  Acc. loss =  0.0 D.
 Elastic phase shift   1 =    0.001   0.000 deg. for the L =   22, J =   22.0 channel.
      24.0  0.99998964  0.00002622i: elastic S-matrix  @@      0.00  0   0 F  0
 Reaction Xsec    24.0-/22 @ 1 =   0.699/, Out:   0.000#   1.876#   0.001f

   S-matrix    2 =    0.99999   0.00012 for L=   22, J=   23.0 channel on core I =   2.0 from L=   22,  Acc. loss =  0.0 D.
 Elastic phase shift   2 =    0.003   0.000 deg. for the L =   22, J =   23.0 channel.
      24.0  0.99998964  0.00011597i: elastic S-matrix  @@      0.00  0   0 F  0
 Reaction Xsec    24.0-/22 @ 2 =   0.699/, Out:   0.000#   1.066#   0.001f

   S-matrix    3 =    1.00000  -0.00002 for L=   24, J=   23.0 channel on core I =   2.0 from L=   24,  Acc. loss =  0.0 D.
 Elastic phase shift   3 =   -0.001   0.000 deg. for the L =   24, J =   23.0 channel.
      24.0  0.99999788 -0.00002348i: elastic S-matrix  @@      0.00  0   0 F  0
 Reaction Xsec    24.0-/24 @ 3 =   0.143/, Out:   0.000#   0.142#   0.000f

   S-matrix    4 =    1.00000   0.00001 for L=   24, J=   24.0 channel on core I =   2.0 from L=   24,  Acc. loss =  0.0 D.
 Elastic phase shift   4 =    0.000   0.000 deg. for the L =   24, J =   24.0 channel.
      24.0  0.99999788  0.00000583i: elastic S-matrix  @@      0.00  0   0 F  0
 Reaction Xsec    24.0-/24 @ 4 =   0.143/, Out:   0.000#   0.094#   0.000f

   S-matrix    5 =    1.00000   0.00004 for L=   24, J=   25.0 channel on core I =   2.0 from L=   24,  Acc. loss =  0.0 D.
 Elastic phase shift   5 =    0.001   0.000 deg. for the L =   24, J =   25.0 channel.
      24.0  0.99999788  0.00003637i: elastic S-matrix  @@      0.00  0   0 F  0
 Reaction Xsec    24.0-/24 @ 5 =   0.143/, Out:   0.000#   0.135#   0.000f

   S-matrix    6 =    1.00000  -0.00001 for L=   26, J=   25.0 channel on core I =   2.0 from L=   26,  Acc. loss =  0.0 D.
 Elastic phase shift   6 =   -0.000   0.000 deg. for the L =   26, J =   25.0 channel.
      24.0  0.99999957 -0.00000871i: elastic S-matrix  @@      0.00  0   0 F  0
 Reaction Xsec    24.0-/26 @ 6 =   0.029/, Out:   0.000#   0.018#   0.000f

   S-matrix    7 =    1.00000   0.00000 for L=   26, J=   26.0 channel on core I =   2.0 from L=   26,  Acc. loss =  0.0 D.
 Elastic phase shift   7 =    0.000   0.000 deg. for the L =   26, J =   26.0 channel.
      24.0  0.99999957  0.00000126i: elastic S-matrix  @@      0.00  0   0 F  0
 Reaction Xsec    24.0-/26 @ 7 =   0.029/, Out:   0.000#   0.040#   0.000f


 Total SPIN, PARITY =    25.0 +,      9 chs,      0 cc.  Rmin & Coul turning =    2.0   14.8
   S-matrix    1 =    1.00000   0.00001 for L=   23, J=   23.0 channel on core I =   2.0 from L=   23,  Acc. loss =  0.0 D.
 Elastic phase shift   1 =    0.000   0.000 deg. for the L =   23, J =   23.0 channel.
      25.0  0.99999531  0.00001239i: elastic S-matrix  @@      0.00  0   0 F  0
 Reaction Xsec    25.0+/23 @ 1 =   0.329/, Out:   0.000#   0.775#   0.000f

   S-matrix    2 =    1.00000   0.00006 for L=   23, J=   24.0 channel on core I =   2.0 from L=   23,  Acc. loss =  0.0 D.
 Elastic phase shift   2 =    0.002   0.000 deg. for the L =   23, J =   24.0 channel.
      25.0  0.99999531  0.00006477i: elastic S-matrix  @@      0.00  0   0 F  0
 Reaction Xsec    25.0+/23 @ 2 =   0.329/, Out:   0.000#   0.438#   0.000f

   S-matrix    3 =    1.00000  -0.00001 for L=   25, J=   24.0 channel on core I =   2.0 from L=   25,  Acc. loss =  0.0 D.
 Elastic phase shift   3 =   -0.000   0.000 deg. for the L =   25, J =   24.0 channel.
      25.0  0.99999904 -0.00001438i: elastic S-matrix  @@      0.00  0   0 F  0
 Reaction Xsec    25.0+/25 @ 3 =   0.067/, Out:   0.000#   0.059#   0.000f

   S-matrix    4 =    1.00000   0.00000 for L=   25, J=   25.0 channel on core I =   2.0 from L=   25,  Acc. loss =  0.0 D.
 Elastic phase shift   4 =    0.000   0.000 deg. for the L =   25, J =   25.0 channel.
      25.0  0.99999904  0.00000272i: elastic S-matrix  @@      0.00  0   0 F  0
 Reaction Xsec    25.0+/25 @ 4 =   0.067/, Out:   0.000#   0.039#   0.000f

   S-matrix    5 =    1.00000   0.00002 for L=   25, J=   26.0 channel on core I =   2.0 from L=   25,  Acc. loss =  0.0 D.
 Elastic phase shift   5 =    0.001   0.000 deg. for the L =   25, J =   26.0 channel.
      25.0  0.99999904  0.00002051i: elastic S-matrix  @@      0.00  0   0 F  0
 Reaction Xsec    25.0+/25 @ 5 =   0.067/, Out:   0.000#   0.055#   0.000f

   S-matrix    6 =    1.00000  -0.00001 for L=   27, J=   26.0 channel on core I =   2.0 from L=   27,  Acc. loss =  0.0 D.
 Elastic phase shift   6 =   -0.000   0.000 deg. for the L =   27, J =   26.0 channel.
      25.0  0.99999980 -0.00000523i: elastic S-matrix  @@      0.00  0   0 F  0
 Reaction Xsec    25.0+/27 @ 6 =   0.014/, Out:   0.000#   0.007#   0.000f

   S-matrix    7 =    1.00000   0.00000 for L=   27, J=   27.0 channel on core I =   2.0 from L=   27,  Acc. loss =  0.0 D.
 Elastic phase shift   7 =    0.000   0.000 deg. for the L =   27, J =   27.0 channel.
      25.0  0.99999980  0.00000058i: elastic S-matrix  @@      0.00  0   0 F  0
 Reaction Xsec    25.0+/27 @ 7 =   0.014/, Out:   0.000#   0.016#   0.000f


 Total SPIN, PARITY =    25.0 -,     10 chs,      0 cc.  Rmin & Coul turning =    2.0   14.8
   S-matrix    1 =    0.99999   0.00012 for L=   22, J=   23.0 channel on core I =   2.0 from L=   22,  Acc. loss =  0.0 D.
 Elastic phase shift   1 =    0.003   0.000 deg. for the L =   22, J =   23.0 channel.
      25.0  0.99998964  0.00011597i: elastic S-matrix  @@      0.00  0   0 F  0
 Reaction Xsec    25.0-/22 @ 1 =   0.728/, Out:   0.000#   0.000#   0.001f

   S-matrix    2 =    1.00000  -0.00002 for L=   24, J=   23.0 channel on core I =   2.0 from L=   24,  Acc. loss =  0.0 D.
 Elastic phase shift   2 =   -0.001   0.000 deg. for the L =   24, J =   23.0 channel.
      25.0  0.99999788 -0.00002348i: elastic S-matrix  @@      0.00  0   0 F  0
 Reaction Xsec    25.0-/24 @ 2 =   0.149/, Out:   0.000#   0.629#   0.000f

   S-matrix    3 =    1.00000   0.00001 for L=   24, J=   24.0 channel on core I =   2.0 from L=   24,  Acc. loss =  0.0 D.
 Elastic phase shift   3 =    0.000   0.000 deg. for the L =   24, J =   24.0 channel.
      25.0  0.99999788  0.00000583i: elastic S-matrix  @@      0.00  0   0 F  0
 Reaction Xsec    25.0-/24 @ 3 =   0.149/, Out:   0.000#   0.168#   0.000f

   S-matrix    4 =    1.00000   0.00004 for L=   24, J=   25.0 channel on core I =   2.0 from L=   24,  Acc. loss =  0.0 D.
 Elastic phase shift   4 =    0.001   0.000 deg. for the L =   24, J =   25.0 channel.
      25.0  0.99999788  0.00003637i: elastic S-matrix  @@      0.00  0   0 F  0
 Reaction Xsec    25.0-/24 @ 4 =   0.149/, Out:   0.000#   0.109#   0.000f

   S-matrix    5 =    1.00000  -0.00001 for L=   26, J=   25.0 channel on core I =   2.0 from L=   26,  Acc. loss =  0.0 D.
 Elastic phase shift   5 =   -0.000   0.000 deg. for the L =   26, J =   25.0 channel.
      25.0  0.99999957 -0.00000871i: elastic S-matrix  @@      0.00  0   0 F  0
 Reaction Xsec    25.0-/26 @ 5 =   0.030/, Out:   0.000#   0.013#   0.000f

   S-matrix    6 =    1.00000   0.00000 for L=   26, J=   26.0 channel on core I =   2.0 from L=   26,  Acc. loss =  0.0 D.
 Elastic phase shift   6 =    0.000   0.000 deg. for the L =   26, J =   26.0 channel.
      25.0  0.99999957  0.00000126i: elastic S-matrix  @@      0.00  0   0 F  0
 Reaction Xsec    25.0-/26 @ 6 =   0.030/, Out:   0.000#   0.019#   0.000f

   S-matrix    7 =    1.00000   0.00001 for L=   26, J=   27.0 channel on core I =   2.0 from L=   26,  Acc. loss =  0.0 D.
 Elastic phase shift   7 =    0.000   0.000 deg. for the L =   26, J =   27.0 channel.
      25.0  0.99999957  0.00001162i: elastic S-matrix  @@      0.00  0   0 F  0
 Reaction Xsec    25.0-/26 @ 7 =   0.030/, Out:   0.000#   0.082#   0.000f

   S-matrix    8 =    1.00000  -0.00000 for L=   28, J=   27.0 channel on core I =   2.0 from L=   28,  Acc. loss =  0.0 D.
 Elastic phase shift   8 =   -0.000   0.000 deg. for the L =   28, J =   27.0 channel.
      25.0  0.99999991 -0.00000312i: elastic S-matrix  @@      0.00  0   0 F  0
 Reaction Xsec    25.0-/28 @ 8 =   6.190#, Out:   0.000#   0.000#   0.000f


 Total SPIN, PARITY =    26.0 +,     10 chs,      0 cc.  Rmin & Coul turning =    2.1   15.3
   S-matrix    1 =    1.00000   0.00006 for L=   23, J=   24.0 channel on core I =   2.0 from L=   23,  Acc. loss =  0.0 D.
 Elastic phase shift   1 =    0.002   0.000 deg. for the L =   23, J =   24.0 channel.
      26.0  0.99999531  0.00006477i: elastic S-matrix  @@      0.00  0   0 F  0
 Reaction Xsec    26.0+/23 @ 1 =   0.342/, Out:   0.000#   0.000#   0.000f

   S-matrix    2 =    1.00000  -0.00001 for L=   25, J=   24.0 channel on core I =   2.0 from L=   25,  Acc. loss =  0.0 D.
 Elastic phase shift   2 =   -0.000   0.000 deg. for the L =   25, J =   24.0 channel.
      26.0  0.99999904 -0.00001438i: elastic S-matrix  @@      0.00  0   0 F  0
 Reaction Xsec    26.0+/25 @ 2 =   0.070/, Out:   0.000#   0.260#   0.000f

   S-matrix    3 =    1.00000   0.00000 for L=   25, J=   25.0 channel on core I =   2.0 from L=   25,  Acc. loss =  0.0 D.
 Elastic phase shift   3 =    0.000   0.000 deg. for the L =   25, J =   25.0 channel.
      26.0  0.99999904  0.00000272i: elastic S-matrix  @@      0.00  0   0 F  0
 Reaction Xsec    26.0+/25 @ 3 =   0.070/, Out:   0.000#   0.069#   0.000f

   S-matrix    4 =    1.00000   0.00002 for L=   25, J=   26.0 channel on core I =   2.0 from L=   25,  Acc. loss =  0.0 D.
 Elastic phase shift   4 =    0.001   0.000 deg. for the L =   25, J =   26.0 channel.
      26.0  0.99999904  0.00002051i: elastic S-matrix  @@      0.00  0   0 F  0
 Reaction Xsec    26.0+/25 @ 4 =   0.070/, Out:   0.000#   0.045#   0.000f

   S-matrix    5 =    1.00000  -0.00001 for L=   27, J=   26.0 channel on core I =   2.0 from L=   27,  Acc. loss =  0.0 D.
 Elastic phase shift   5 =   -0.000   0.000 deg. for the L =   27, J =   26.0 channel.
      26.0  0.99999980 -0.00000523i: elastic S-matrix  @@      0.00  0   0 F  0
 Reaction Xsec    26.0+/27 @ 5 =   0.014/, Out:   0.000#   0.005#   0.000f

   S-matrix    6 =    1.00000   0.00000 for L=   27, J=   27.0 channel on core I =   2.0 from L=   27,  Acc. loss =  0.0 D.
 Elastic phase shift   6 =    0.000   0.000 deg. for the L =   27, J =   27.0 channel.
      26.0  0.99999980  0.00000058i: elastic S-matrix  @@      0.00  0   0 F  0
 Reaction Xsec    26.0+/27 @ 6 =   0.014/, Out:   0.000#   0.008#   0.000f

   S-matrix    7 =    1.00000   0.00001 for L=   27, J=   28.0 channel on core I =   2.0 from L=   27,  Acc. loss =  0.0 D.
 Elastic phase shift   7 =    0.000   0.000 deg. for the L =   27, J =   28.0 channel.
      26.0  0.99999980  0.00000661i: elastic S-matrix  @@      0.00  0   0 F  0
 Reaction Xsec    26.0+/27 @ 7 =   0.014/, Out:   0.000#   0.033#   0.000f

   S-matrix    8 =    1.00000  -0.00000 for L=   29, J=   28.0 channel on core I =   2.0 from L=   29,  Acc. loss =  0.0 D.
 Elastic phase shift   8 =   -0.000   0.000 deg. for the L =   29, J =   28.0 channel.
      26.0  0.99999996 -0.00000185i: elastic S-matrix  @@      0.00  0   0 F  0
 Reaction Xsec    26.0+/29 @ 8 =   2.901#, Out:   0.000#   0.000#   0.000f


 Total SPIN, PARITY =    26.0 -,      9 chs,      0 cc.  Rmin & Coul turning =    2.1   15.3
   S-matrix    1 =    1.00000   0.00001 for L=   24, J=   24.0 channel on core I =   2.0 from L=   24,  Acc. loss =  0.0 D.
 Elastic phase shift   1 =    0.000   0.000 deg. for the L =   24, J =   24.0 channel.
      26.0  0.99999788  0.00000583i: elastic S-matrix  @@      0.00  0   0 F  0
 Reaction Xsec    26.0-/24 @ 1 =   0.155/, Out:   0.000#   0.321#   0.000f

   S-matrix    2 =    1.00000   0.00004 for L=   24, J=   25.0 channel on core I =   2.0 from L=   24,  Acc. loss =  0.0 D.
 Elastic phase shift   2 =    0.001   0.000 deg. for the L =   24, J =   25.0 channel.
      26.0  0.99999788  0.00003637i: elastic S-matrix  @@      0.00  0   0 F  0
 Reaction Xsec    26.0-/24 @ 2 =   0.155/, Out:   0.000#   0.180#   0.000f

   S-matrix    3 =    1.00000  -0.00001 for L=   26, J=   25.0 channel on core I =   2.0 from L=   26,  Acc. loss =  0.0 D.
 Elastic phase shift   3 =   -0.000   0.000 deg. for the L =   26, J =   25.0 channel.
      26.0  0.99999957 -0.00000871i: elastic S-matrix  @@      0.00  0   0 F  0
 Reaction Xsec    26.0-/26 @ 3 =   0.032/, Out:   0.000#   0.025#   0.000f

   S-matrix    4 =    1.00000   0.00000 for L=   26, J=   26.0 channel on core I =   2.0 from L=   26,  Acc. loss =  0.0 D.
 Elastic phase shift   4 =    0.000   0.000 deg. for the L =   26, J =   26.0 channel.
      26.0  0.99999957  0.00000126i: elastic S-matrix  @@      0.00  0   0 F  0
 Reaction Xsec    26.0-/26 @ 4 =   0.032/, Out:   0.000#   0.016#   0.000f

   S-matrix    5 =    1.00000   0.00001 for L=   26, J=   27.0 channel on core I =   2.0 from L=   26,  Acc. loss =  0.0 D.
 Elastic phase shift   5 =    0.000   0.000 deg. for the L =   26, J =   27.0 channel.
      26.0  0.99999957  0.00001162i: elastic S-matrix  @@      0.00  0   0 F  0
 Reaction Xsec    26.0-/26 @ 5 =   0.032/, Out:   0.000#   0.022#   0.000f

   S-matrix    6 =    1.00000  -0.00000 for L=   28, J=   27.0 channel on core I =   2.0 from L=   28,  Acc. loss =  0.0 D.
 Elastic phase shift   6 =   -0.000   0.000 deg. for the L =   28, J =   27.0 channel.
      26.0  0.99999991 -0.00000312i: elastic S-matrix  @@      0.00  0   0 F  0
 Reaction Xsec    26.0-/28 @ 6 =   6.432#, Out:   0.000#   0.003#   0.000f

   S-matrix    7 =    1.00000   0.00000 for L=   28, J=   28.0 channel on core I =   2.0 from L=   28,  Acc. loss =  0.0 D.
 Elastic phase shift   7 =    0.000   0.000 deg. for the L =   28, J =   28.0 channel.
      26.0  0.99999991  0.00000026i: elastic S-matrix  @@      0.00  0   0 F  0
 Reaction Xsec    26.0-/28 @ 7 =   6.432#, Out:   0.000#   0.007#   0.000f


 Total SPIN, PARITY =    27.0 +,      9 chs,      0 cc.  Rmin & Coul turning =    2.1   15.9
   S-matrix    1 =    1.00000   0.00000 for L=   25, J=   25.0 channel on core I =   2.0 from L=   25,  Acc. loss =  0.0 D.
 Elastic phase shift   1 =    0.000   0.000 deg. for the L =   25, J =   25.0 channel.
      27.0  0.99999904  0.00000272i: elastic S-matrix  @@      0.00  0   0 F  0
 Reaction Xsec    27.0+/25 @ 1 =   0.073/, Out:   0.000#   0.133#   0.000f

   S-matrix    2 =    1.00000   0.00002 for L=   25, J=   26.0 channel on core I =   2.0 from L=   25,  Acc. loss =  0.0 D.
 Elastic phase shift   2 =    0.001   0.000 deg. for the L =   25, J =   26.0 channel.
      27.0  0.99999904  0.00002051i: elastic S-matrix  @@      0.00  0   0 F  0
 Reaction Xsec    27.0+/25 @ 2 =   0.073/, Out:   0.000#   0.074#   0.000f

   S-matrix    3 =    1.00000  -0.00001 for L=   27, J=   26.0 channel on core I =   2.0 from L=   27,  Acc. loss =  0.0 D.
 Elastic phase shift   3 =   -0.000   0.000 deg. for the L =   27, J =   26.0 channel.
      27.0  0.99999980 -0.00000523i: elastic S-matrix  @@      0.00  0   0 F  0
 Reaction Xsec    27.0+/27 @ 3 =   0.015/, Out:   0.000#   0.010#   0.000f

   S-matrix    4 =    1.00000   0.00000 for L=   27, J=   27.0 channel on core I =   2.0 from L=   27,  Acc. loss =  0.0 D.
 Elastic phase shift   4 =    0.000   0.000 deg. for the L =   27, J =   27.0 channel.
      27.0  0.99999980  0.00000058i: elastic S-matrix  @@      0.00  0   0 F  0
 Reaction Xsec    27.0+/27 @ 4 =   0.015/, Out:   0.000#   0.007#   0.000f

   S-matrix    5 =    1.00000   0.00001 for L=   27, J=   28.0 channel on core I =   2.0 from L=   27,  Acc. loss =  0.0 D.
 Elastic phase shift   5 =    0.000   0.000 deg. for the L =   27, J =   28.0 channel.
      27.0  0.99999980  0.00000661i: elastic S-matrix  @@      0.00  0   0 F  0
 Reaction Xsec    27.0+/27 @ 5 =   0.015/, Out:   0.000#   0.009#   0.000f

   S-matrix    6 =    1.00000  -0.00000 for L=   29, J=   28.0 channel on core I =   2.0 from L=   29,  Acc. loss =  0.0 D.
 Elastic phase shift   6 =   -0.000   0.000 deg. for the L =   29, J =   28.0 channel.
      27.0  0.99999996 -0.00000185i: elastic S-matrix  @@      0.00  0   0 F  0
 Reaction Xsec    27.0+/29 @ 6 =   3.010#, Out:   0.000#   0.001#   0.000f

   S-matrix    7 =    1.00000   0.00000 for L=   29, J=   29.0 channel on core I =   2.0 from L=   29,  Acc. loss =  0.0 D.
 Elastic phase shift   7 =    0.000   0.000 deg. for the L =   29, J =   29.0 channel.
      27.0  0.99999996  0.00000011i: elastic S-matrix  @@      0.00  0   0 F  0
 Reaction Xsec    27.0+/29 @ 7 =   3.010#, Out:   0.000#   0.003#   0.000f


 Total SPIN, PARITY =    27.0 -,     10 chs,      0 cc.  Rmin & Coul turning =    2.1   15.9
   S-matrix    1 =    1.00000   0.00004 for L=   24, J=   25.0 channel on core I =   2.0 from L=   24,  Acc. loss =  0.0 D.
 Elastic phase shift   1 =    0.001   0.000 deg. for the L =   24, J =   25.0 channel.
      27.0  0.99999788  0.00003637i: elastic S-matrix  @@      0.00  0   0 F  0
 Reaction Xsec    27.0-/24 @ 1 =   0.161/, Out:   0.000#   0.000#   0.000f

   S-matrix    2 =    1.00000  -0.00001 for L=   26, J=   25.0 channel on core I =   2.0 from L=   26,  Acc. loss =  0.0 D.
 Elastic phase shift   2 =   -0.000   0.000 deg. for the L =   26, J =   25.0 channel.
      27.0  0.99999957 -0.00000871i: elastic S-matrix  @@      0.00  0   0 F  0
 Reaction Xsec    27.0-/26 @ 2 =   0.033/, Out:   0.000#   0.108#   0.000f

   S-matrix    3 =    1.00000   0.00000 for L=   26, J=   26.0 channel on core I =   2.0 from L=   26,  Acc. loss =  0.0 D.
 Elastic phase shift   3 =    0.000   0.000 deg. for the L =   26, J =   26.0 channel.
      27.0  0.99999957  0.00000126i: elastic S-matrix  @@      0.00  0   0 F  0
 Reaction Xsec    27.0-/26 @ 3 =   0.033/, Out:   0.000#   0.029#   0.000f

   S-matrix    4 =    1.00000   0.00001 for L=   26, J=   27.0 channel on core I =   2.0 from L=   26,  Acc. loss =  0.0 D.
 Elastic phase shift   4 =    0.000   0.000 deg. for the L =   26, J =   27.0 channel.
      27.0  0.99999957  0.00001162i: elastic S-matrix  @@      0.00  0   0 F  0
 Reaction Xsec    27.0-/26 @ 4 =   0.033/, Out:   0.000#   0.019#   0.000f

   S-matrix    5 =    1.00000  -0.00000 for L=   28, J=   27.0 channel on core I =   2.0 from L=   28,  Acc. loss =  0.0 D.
 Elastic phase shift   5 =   -0.000   0.000 deg. for the L =   28, J =   27.0 channel.
      27.0  0.99999991 -0.00000312i: elastic S-matrix  @@      0.00  0   0 F  0
 Reaction Xsec    27.0-/28 @ 5 =   6.675#, Out:   0.000#   0.002#   0.000f

   S-matrix    6 =    1.00000   0.00000 for L=   28, J=   28.0 channel on core I =   2.0 from L=   28,  Acc. loss =  0.0 D.
 Elastic phase shift   6 =    0.000   0.000 deg. for the L =   28, J =   28.0 channel.
      27.0  0.99999991  0.00000026i: elastic S-matrix  @@      0.00  0   0 F  0
 Reaction Xsec    27.0-/28 @ 6 =   6.675#, Out:   0.000#   0.003#   0.000f

   S-matrix    7 =    1.00000   0.00000 for L=   28, J=   29.0 channel on core I =   2.0 from L=   28,  Acc. loss =  0.0 D.
 Elastic phase shift   7 =    0.000   0.000 deg. for the L =   28, J =   29.0 channel.
      27.0  0.99999991  0.00000377i: elastic S-matrix  @@      0.00  0   0 F  0
 Reaction Xsec    27.0-/28 @ 7 =   6.675#, Out:   0.000#   0.014#   0.000f

   S-matrix    8 =    1.00000  -0.00000 for L=   30, J=   29.0 channel on core I =   2.0 from L=   30,  Acc. loss =  0.0 D.
 Elastic phase shift   8 =   -0.000   0.000 deg. for the L =   30, J =   29.0 channel.
      27.0  0.99999998 -0.00000110i: elastic S-matrix  @@      0.00  0   0 F  0
 Reaction Xsec    27.0-/30 @ 8 =   1.357#, Out:   0.000#   0.000#   0.000f


 Total SPIN, PARITY =    28.0 +,     10 chs,      0 cc.  Rmin & Coul turning =    2.2   16.5
   S-matrix    1 =    1.00000   0.00002 for L=   25, J=   26.0 channel on core I =   2.0 from L=   25,  Acc. loss =  0.0 D.
 Elastic phase shift   1 =    0.001   0.000 deg. for the L =   25, J =   26.0 channel.
      28.0  0.99999904  0.00002051i: elastic S-matrix  @@      0.00  0   0 F  0
 Reaction Xsec    28.0+/25 @ 1 =   0.075/, Out:   0.000#   0.000#   0.000f

   S-matrix    2 =    1.00000  -0.00001 for L=   27, J=   26.0 channel on core I =   2.0 from L=   27,  Acc. loss =  0.0 D.
 Elastic phase shift   2 =   -0.000   0.000 deg. for the L =   27, J =   26.0 channel.
      28.0  0.99999980 -0.00000523i: elastic S-matrix  @@      0.00  0   0 F  0
 Reaction Xsec    28.0+/27 @ 2 =   0.015/, Out:   0.000#   0.045#   0.000f

   S-matrix    3 =    1.00000   0.00000 for L=   27, J=   27.0 channel on core I =   2.0 from L=   27,  Acc. loss =  0.0 D.
 Elastic phase shift   3 =    0.000   0.000 deg. for the L =   27, J =   27.0 channel.
      28.0  0.99999980  0.00000058i: elastic S-matrix  @@      0.00  0   0 F  0
 Reaction Xsec    28.0+/27 @ 3 =   0.015/, Out:   0.000#   0.012#   0.000f

   S-matrix    4 =    1.00000   0.00001 for L=   27, J=   28.0 channel on core I =   2.0 from L=   27,  Acc. loss =  0.0 D.
 Elastic phase shift   4 =    0.000   0.000 deg. for the L =   27, J =   28.0 channel.
      28.0  0.99999980  0.00000661i: elastic S-matrix  @@      0.00  0   0 F  0
 Reaction Xsec    28.0+/27 @ 4 =   0.015/, Out:   0.000#   0.008#   0.000f

   S-matrix    5 =    1.00000  -0.00000 for L=   29, J=   28.0 channel on core I =   2.0 from L=   29,  Acc. loss =  0.0 D.
 Elastic phase shift   5 =   -0.000   0.000 deg. for the L =   29, J =   28.0 channel.
      28.0  0.99999996 -0.00000185i: elastic S-matrix  @@      0.00  0   0 F  0
 Reaction Xsec    28.0+/29 @ 5 =   3.120#, Out:   0.000#   0.001#   0.000f

   S-matrix    6 =    1.00000   0.00000 for L=   29, J=   29.0 channel on core I =   2.0 from L=   29,  Acc. loss =  0.0 D.
 Elastic phase shift   6 =    0.000   0.000 deg. for the L =   29, J =   29.0 channel.
      28.0  0.99999996  0.00000011i: elastic S-matrix  @@      0.00  0   0 F  0
 Reaction Xsec    28.0+/29 @ 6 =   3.120#, Out:   0.000#   0.001#   0.000f

   S-matrix    7 =    1.00000   0.00000 for L=   29, J=   30.0 channel on core I =   2.0 from L=   29,  Acc. loss =  0.0 D.
 Elastic phase shift   7 =    0.000   0.000 deg. for the L =   29, J =   30.0 channel.
      28.0  0.99999996  0.00000215i: elastic S-matrix  @@      0.00  0   0 F  0
 Reaction Xsec    28.0+/29 @ 7 =   3.120#, Out:   0.000#   0.006#   0.000f

   S-matrix    8 =    1.00000  -0.00000 for L=   31, J=   30.0 channel on core I =   2.0 from L=   31,  Acc. loss =  0.0 D.
 Elastic phase shift   8 =   -0.000   0.000 deg. for the L =   31, J =   30.0 channel.
      28.0  0.99999999 -0.00000064i: elastic S-matrix  @@      0.00  0   0 F  0
 Reaction Xsec    28.0+/31 @ 8 =   0.634#, Out:   0.000#   0.000#   0.000f


 Total SPIN, PARITY =    28.0 -,      9 chs,      0 cc.  Rmin & Coul turning =    2.2   16.5
   S-matrix    1 =    1.00000   0.00000 for L=   26, J=   26.0 channel on core I =   2.0 from L=   26,  Acc. loss =  0.0 D.
 Elastic phase shift   1 =    0.000   0.000 deg. for the L =   26, J =   26.0 channel.
      28.0  0.99999957  0.00000126i: elastic S-matrix  @@      0.00  0   0 F  0
 Reaction Xsec    28.0-/26 @ 1 =   0.034/, Out:   0.000#   0.055#   0.000f

   S-matrix    2 =    1.00000   0.00001 for L=   26, J=   27.0 channel on core I =   2.0 from L=   26,  Acc. loss =  0.0 D.
 Elastic phase shift   2 =    0.000   0.000 deg. for the L =   26, J =   27.0 channel.
      28.0  0.99999957  0.00001162i: elastic S-matrix  @@      0.00  0   0 F  0
 Reaction Xsec    28.0-/26 @ 2 =   0.034/, Out:   0.000#   0.031#   0.000f

   S-matrix    3 =    1.00000  -0.00000 for L=   28, J=   27.0 channel on core I =   2.0 from L=   28,  Acc. loss =  0.0 D.
 Elastic phase shift   3 =   -0.000   0.000 deg. for the L =   28, J =   27.0 channel.
      28.0  0.99999991 -0.00000312i: elastic S-matrix  @@      0.00  0   0 F  0
 Reaction Xsec    28.0-/28 @ 3 =   6.918#, Out:   0.000#   0.004#   0.000f

   S-matrix    4 =    1.00000   0.00000 for L=   28, J=   28.0 channel on core I =   2.0 from L=   28,  Acc. loss =  0.0 D.
 Elastic phase shift   4 =    0.000   0.000 deg. for the L =   28, J =   28.0 channel.
      28.0  0.99999991  0.00000026i: elastic S-matrix  @@      0.00  0   0 F  0
 Reaction Xsec    28.0-/28 @ 4 =   6.918#, Out:   0.000#   0.003#   0.000f

   S-matrix    5 =    1.00000   0.00000 for L=   28, J=   29.0 channel on core I =   2.0 from L=   28,  Acc. loss =  0.0 D.
 Elastic phase shift   5 =    0.000   0.000 deg. for the L =   28, J =   29.0 channel.
      28.0  0.99999991  0.00000377i: elastic S-matrix  @@      0.00  0   0 F  0
 Reaction Xsec    28.0-/28 @ 5 =   6.918#, Out:   0.000#   0.004#   0.000f

   S-matrix    6 =    1.00000  -0.00000 for L=   30, J=   29.0 channel on core I =   2.0 from L=   30,  Acc. loss =  0.0 D.
 Elastic phase shift   6 =   -0.000   0.000 deg. for the L =   30, J =   29.0 channel.
      28.0  0.99999998 -0.00000110i: elastic S-matrix  @@      0.00  0   0 F  0
 Reaction Xsec    28.0-/30 @ 6 =   1.406#, Out:   0.000#   0.001#   0.000f

   S-matrix    7 =    1.00000   0.00000 for L=   30, J=   30.0 channel on core I =   2.0 from L=   30,  Acc. loss =  0.0 D.
 Elastic phase shift   7 =    0.000   0.000 deg. for the L =   30, J =   30.0 channel.
      28.0  0.99999998  0.00000005i: elastic S-matrix  @@      0.00  0   0 F  0
 Reaction Xsec    28.0-/30 @ 7 =   1.406#, Out:   0.000#   0.001#   0.000f


 Total SPIN, PARITY =    29.0 +,      9 chs,      0 cc.  Rmin & Coul turning =    2.3   17.1
   S-matrix    1 =    1.00000   0.00000 for L=   27, J=   27.0 channel on core I =   2.0 from L=   27,  Acc. loss =  0.0 D.
 Elastic phase shift   1 =    0.000   0.000 deg. for the L =   27, J =   27.0 channel.
      29.0  0.99999980  0.00000058i: elastic S-matrix  @@      0.00  0   0 F  0
 Reaction Xsec    29.0+/27 @ 1 =   0.016/, Out:   0.000#   0.023#   0.000f

   S-matrix    2 =    1.00000   0.00001 for L=   27, J=   28.0 channel on core I =   2.0 from L=   27,  Acc. loss =  0.0 D.
 Elastic phase shift   2 =    0.000   0.000 deg. for the L =   27, J =   28.0 channel.
      29.0  0.99999980  0.00000661i: elastic S-matrix  @@      0.00  0   0 F  0
 Reaction Xsec    29.0+/27 @ 2 =   0.016/, Out:   0.000#   0.013#   0.000f

   S-matrix    3 =    1.00000  -0.00000 for L=   29, J=   28.0 channel on core I =   2.0 from L=   29,  Acc. loss =  0.0 D.
 Elastic phase shift   3 =   -0.000   0.000 deg. for the L =   29, J =   28.0 channel.
      29.0  0.99999996 -0.00000185i: elastic S-matrix  @@      0.00  0   0 F  0
 Reaction Xsec    29.0+/29 @ 3 =   3.229#, Out:   0.000#   0.002#   0.000f

   S-matrix    4 =    1.00000   0.00000 for L=   29, J=   29.0 channel on core I =   2.0 from L=   29,  Acc. loss =  0.0 D.
 Elastic phase shift   4 =    0.000   0.000 deg. for the L =   29, J =   29.0 channel.
      29.0  0.99999996  0.00000011i: elastic S-matrix  @@      0.00  0   0 F  0
 Reaction Xsec    29.0+/29 @ 4 =   3.229#, Out:   0.000#   0.001#   0.000f

   S-matrix    5 =    1.00000   0.00000 for L=   29, J=   30.0 channel on core I =   2.0 from L=   29,  Acc. loss =  0.0 D.
 Elastic phase shift   5 =    0.000   0.000 deg. for the L =   29, J =   30.0 channel.
      29.0  0.99999996  0.00000215i: elastic S-matrix  @@      0.00  0   0 F  0
 Reaction Xsec    29.0+/29 @ 5 =   3.229#, Out:   0.000#   0.002#   0.000f

   S-matrix    6 =    1.00000  -0.00000 for L=   31, J=   30.0 channel on core I =   2.0 from L=   31,  Acc. loss =  0.0 D.
 Elastic phase shift   6 =   -0.000   0.000 deg. for the L =   31, J =   30.0 channel.
      29.0  0.99999999 -0.00000064i: elastic S-matrix  @@      0.00  0   0 F  0
 Reaction Xsec    29.0+/31 @ 6 =   0.656#, Out:   0.000#   0.000#   0.000f

   S-matrix    7 =    1.00000   0.00000 for L=   31, J=   31.0 channel on core I =   2.0 from L=   31,  Acc. loss =  0.0 D.
 Elastic phase shift   7 =    0.000   0.000 deg. for the L =   31, J =   31.0 channel.
      29.0  0.99999999  0.00000002i: elastic S-matrix  @@      0.00  0   0 F  0
 Reaction Xsec    29.0+/31 @ 7 =   0.656#, Out:   0.000#   0.000#   0.000f


 Total SPIN, PARITY =    29.0 -,     10 chs,      0 cc.  Rmin & Coul turning =    2.3   17.1
   S-matrix    1 =    1.00000   0.00001 for L=   26, J=   27.0 channel on core I =   2.0 from L=   26,  Acc. loss =  0.0 D.
 Elastic phase shift   1 =    0.000   0.000 deg. for the L =   26, J =   27.0 channel.
      29.0  0.99999957  0.00001162i: elastic S-matrix  @@      0.00  0   0 F  0
 Reaction Xsec    29.0-/26 @ 1 =   0.035/, Out:   0.000#   0.000#   0.000f

   S-matrix    2 =    1.00000  -0.00000 for L=   28, J=   27.0 channel on core I =   2.0 from L=   28,  Acc. loss =  0.0 D.
 Elastic phase shift   2 =   -0.000   0.000 deg. for the L =   28, J =   27.0 channel.
      29.0  0.99999991 -0.00000312i: elastic S-matrix  @@      0.00  0   0 F  0
 Reaction Xsec    29.0-/28 @ 2 =   7.160#, Out:   0.000#   0.019#   0.000f

   S-matrix    3 =    1.00000   0.00000 for L=   28, J=   28.0 channel on core I =   2.0 from L=   28,  Acc. loss =  0.0 D.
 Elastic phase shift   3 =    0.000   0.000 deg. for the L =   28, J =   28.0 channel.
      29.0  0.99999991  0.00000026i: elastic S-matrix  @@      0.00  0   0 F  0
 Reaction Xsec    29.0-/28 @ 3 =   7.161#, Out:   0.000#   0.005#   0.000f

   S-matrix    4 =    1.00000   0.00000 for L=   28, J=   29.0 channel on core I =   2.0 from L=   28,  Acc. loss =  0.0 D.
 Elastic phase shift   4 =    0.000   0.000 deg. for the L =   28, J =   29.0 channel.
      29.0  0.99999991  0.00000377i: elastic S-matrix  @@      0.00  0   0 F  0
 Reaction Xsec    29.0-/28 @ 4 =   7.161#, Out:   0.000#   0.003#   0.000f

   S-matrix    5 =    1.00000  -0.00000 for L=   30, J=   29.0 channel on core I =   2.0 from L=   30,  Acc. loss =  0.0 D.
 Elastic phase shift   5 =   -0.000   0.000 deg. for the L =   30, J =   29.0 channel.
      29.0  0.99999998 -0.00000110i: elastic S-matrix  @@      0.00  0   0 F  0
 Reaction Xsec    29.0-/30 @ 5 =   1.456#, Out:   0.000#   0.000#   0.000f

   S-matrix    6 =    1.00000   0.00000 for L=   30, J=   30.0 channel on core I =   2.0 from L=   30,  Acc. loss =  0.0 D.
 Elastic phase shift   6 =    0.000   0.000 deg. for the L =   30, J =   30.0 channel.
      29.0  0.99999998  0.00000005i: elastic S-matrix  @@      0.00  0   0 F  0
 Reaction Xsec    29.0-/30 @ 6 =   1.456#, Out:   0.000#   0.001#   0.000f

   S-matrix    7 =    1.00000   0.00000 for L=   30, J=   31.0 channel on core I =   2.0 from L=   30,  Acc. loss =  0.0 D.
 Elastic phase shift   7 =    0.000   0.000 deg. for the L =   30, J =   31.0 channel.
      29.0  0.99999998  0.00000123i: elastic S-matrix  @@      0.00  0   0 F  0
 Reaction Xsec    29.0-/30 @ 7 =   1.456#, Out:   0.000#   0.002#   0.000f

   S-matrix    8 =    1.00000  -0.00000 for L=   32, J=   31.0 channel on core I =   2.0 from L=   32,  Acc. loss =  0.0 D.
 Elastic phase shift   8 =   -0.000   0.000 deg. for the L =   32, J =   31.0 channel.
      29.0  1.00000000 -0.00000038i: elastic S-matrix  @@      0.00  0   0 F  0
 Reaction Xsec    29.0-/32 @ 8 =   0.295#, Out:   0.000#   0.000#   0.000f


 Total SPIN, PARITY =    30.0 +,     10 chs,      0 cc.  Rmin & Coul turning =    2.4   17.6
   S-matrix    1 =    1.00000   0.00001 for L=   27, J=   28.0 channel on core I =   2.0 from L=   27,  Acc. loss =  0.0 D.
 Elastic phase shift   1 =    0.000   0.000 deg. for the L =   27, J =   28.0 channel.
      30.0  0.99999980  0.00000661i: elastic S-matrix  @@      0.00  0   0 F  0
 Reaction Xsec    30.0+/27 @ 1 =   0.016/, Out:   0.000#   0.000#   0.000f

   S-matrix    2 =    1.00000  -0.00000 for L=   29, J=   28.0 channel on core I =   2.0 from L=   29,  Acc. loss =  0.0 D.
 Elastic phase shift   2 =   -0.000   0.000 deg. for the L =   29, J =   28.0 channel.
      30.0  0.99999996 -0.00000185i: elastic S-matrix  @@      0.00  0   0 F  0
 Reaction Xsec    30.0+/29 @ 2 =   3.339#, Out:   0.000#   0.008#   0.000f

   S-matrix    3 =    1.00000   0.00000 for L=   29, J=   29.0 channel on core I =   2.0 from L=   29,  Acc. loss =  0.0 D.
 Elastic phase shift   3 =    0.000   0.000 deg. for the L =   29, J =   29.0 channel.
      30.0  0.99999996  0.00000011i: elastic S-matrix  @@      0.00  0   0 F  0
 Reaction Xsec    30.0+/29 @ 3 =   3.339#, Out:   0.000#   0.002#   0.000f

   S-matrix    4 =    1.00000   0.00000 for L=   29, J=   30.0 channel on core I =   2.0 from L=   29,  Acc. loss =  0.0 D.
 Elastic phase shift   4 =    0.000   0.000 deg. for the L =   29, J =   30.0 channel.
      30.0  0.99999996  0.00000215i: elastic S-matrix  @@      0.00  0   0 F  0
 Reaction Xsec    30.0+/29 @ 4 =   3.339#, Out:   0.000#   0.001#   0.000f

   S-matrix    5 =    1.00000  -0.00000 for L=   31, J=   30.0 channel on core I =   2.0 from L=   31,  Acc. loss =  0.0 D.
 Elastic phase shift   5 =   -0.000   0.000 deg. for the L =   31, J =   30.0 channel.
      30.0  0.99999999 -0.00000064i: elastic S-matrix  @@      0.00  0   0 F  0
 Reaction Xsec    30.0+/31 @ 5 =   0.678#, Out:   0.000#   0.000#   0.000f

   S-matrix    6 =    1.00000   0.00000 for L=   31, J=   31.0 channel on core I =   2.0 from L=   31,  Acc. loss =  0.0 D.
 Elastic phase shift   6 =    0.000   0.000 deg. for the L =   31, J =   31.0 channel.
      30.0  0.99999999  0.00000002i: elastic S-matrix  @@      0.00  0   0 F  0
 Reaction Xsec    30.0+/31 @ 6 =   0.678#, Out:   0.000#   0.000#   0.000f

   S-matrix    7 =    1.00000   0.00000 for L=   31, J=   32.0 channel on core I =   2.0 from L=   31,  Acc. loss =  0.0 D.
 Elastic phase shift   7 =    0.000   0.000 deg. for the L =   31, J =   32.0 channel.
      30.0  0.99999999  0.00000071i: elastic S-matrix  @@      0.00  0   0 F  0
 Reaction Xsec    30.0+/31 @ 7 =   0.678#, Out:   0.000#   0.001#   0.000f

   S-matrix    8 =    1.00000  -0.00000 for L=   33, J=   32.0 channel on core I =   2.0 from L=   33,  Acc. loss =  0.0 D.
 Elastic phase shift   8 =   -0.000   0.000 deg. for the L =   33, J =   32.0 channel.
      30.0  1.00000000 -0.00000023i: elastic S-matrix  @@      0.00  0   0 F  0
 Reaction Xsec    30.0+/33 @ 8 =   0.137#, Out:   0.000#   0.000#   0.000f


 Total SPIN, PARITY =    30.0 -,      9 chs,      0 cc.  Rmin & Coul turning =    2.4   17.6
   S-matrix    1 =    1.00000   0.00000 for L=   28, J=   28.0 channel on core I =   2.0 from L=   28,  Acc. loss =  0.0 D.
 Elastic phase shift   1 =    0.000   0.000 deg. for the L =   28, J =   28.0 channel.
      30.0  0.99999991  0.00000026i: elastic S-matrix  @@      0.00  0   0 F  0
 Reaction Xsec    30.0-/28 @ 1 =   7.403#, Out:   0.000#   0.009#   0.000f

   S-matrix    2 =    1.00000   0.00000 for L=   28, J=   29.0 channel on core I =   2.0 from L=   28,  Acc. loss =  0.0 D.
 Elastic phase shift   2 =    0.000   0.000 deg. for the L =   28, J =   29.0 channel.
      30.0  0.99999991  0.00000377i: elastic S-matrix  @@      0.00  0   0 F  0
 Reaction Xsec    30.0-/28 @ 2 =   7.403#, Out:   0.000#   0.005#   0.000f

   S-matrix    3 =    1.00000  -0.00000 for L=   30, J=   29.0 channel on core I =   2.0 from L=   30,  Acc. loss =  0.0 D.
 Elastic phase shift   3 =   -0.000   0.000 deg. for the L =   30, J =   29.0 channel.
      30.0  0.99999998 -0.00000110i: elastic S-matrix  @@      0.00  0   0 F  0
 Reaction Xsec    30.0-/30 @ 3 =   1.505#, Out:   0.000#   0.001#   0.000f

   S-matrix    4 =    1.00000   0.00000 for L=   30, J=   30.0 channel on core I =   2.0 from L=   30,  Acc. loss =  0.0 D.
 Elastic phase shift   4 =    0.000   0.000 deg. for the L =   30, J =   30.0 channel.
      30.0  0.99999998  0.00000005i: elastic S-matrix  @@      0.00  0   0 F  0
 Reaction Xsec    30.0-/30 @ 4 =   1.505#, Out:   0.000#   0.000#   0.000f

   S-matrix    5 =    1.00000   0.00000 for L=   30, J=   31.0 channel on core I =   2.0 from L=   30,  Acc. loss =  0.0 D.
 Elastic phase shift   5 =    0.000   0.000 deg. for the L =   30, J =   31.0 channel.
      30.0  0.99999998  0.00000123i: elastic S-matrix  @@      0.00  0   0 F  0
 Reaction Xsec    30.0-/30 @ 5 =   1.505#, Out:   0.000#   0.001#   0.000f

   S-matrix    6 =    1.00000  -0.00000 for L=   32, J=   31.0 channel on core I =   2.0 from L=   32,  Acc. loss =  0.0 D.
 Elastic phase shift   6 =   -0.000   0.000 deg. for the L =   32, J =   31.0 channel.
      30.0  1.00000000 -0.00000038i: elastic S-matrix  @@      0.00  0   0 F  0
 Reaction Xsec    30.0-/32 @ 6 =   0.305#, Out:   0.000#   0.000#   0.000f

   S-matrix    7 =    1.00000   0.00000 for L=   32, J=   32.0 channel on core I =   2.0 from L=   32,  Acc. loss =  0.0 D.
 Elastic phase shift   7 =    0.000   0.000 deg. for the L =   32, J =   32.0 channel.
      30.0  1.00000000  0.00000001i: elastic S-matrix  @@      0.00  0   0 F  0
 Reaction Xsec    30.0-/32 @ 7 =   0.305#, Out:   0.000#   0.000#   0.000f


 Total SPIN, PARITY =    31.0 +,      9 chs,      0 cc.  Rmin & Coul turning =    2.5   18.2
   S-matrix    1 =    1.00000   0.00000 for L=   29, J=   29.0 channel on core I =   2.0 from L=   29,  Acc. loss =  0.0 D.
 Elastic phase shift   1 =    0.000   0.000 deg. for the L =   29, J =   29.0 channel.
      31.0  0.99999996  0.00000011i: elastic S-matrix  @@      0.00  0   0 F  0
 Reaction Xsec    31.0+/29 @ 1 =   3.448#, Out:   0.000#   0.004#   0.000f

   S-matrix    2 =    1.00000   0.00000 for L=   29, J=   30.0 channel on core I =   2.0 from L=   29,  Acc. loss =  0.0 D.
 Elastic phase shift   2 =    0.000   0.000 deg. for the L =   29, J =   30.0 channel.
      31.0  0.99999996  0.00000215i: elastic S-matrix  @@      0.00  0   0 F  0
 Reaction Xsec    31.0+/29 @ 2 =   3.448#, Out:   0.000#   0.002#   0.000f

   S-matrix    3 =    1.00000  -0.00000 for L=   31, J=   30.0 channel on core I =   2.0 from L=   31,  Acc. loss =  0.0 D.
 Elastic phase shift   3 =   -0.000   0.000 deg. for the L =   31, J =   30.0 channel.
      31.0  0.99999999 -0.00000064i: elastic S-matrix  @@      0.00  0   0 F  0
 Reaction Xsec    31.0+/31 @ 3 =   0.700#, Out:   0.000#   0.000#   0.000f

   S-matrix    4 =    1.00000   0.00000 for L=   31, J=   31.0 channel on core I =   2.0 from L=   31,  Acc. loss =  0.0 D.
 Elastic phase shift   4 =    0.000   0.000 deg. for the L =   31, J =   31.0 channel.
      31.0  0.99999999  0.00000002i: elastic S-matrix  @@      0.00  0   0 F  0
 Reaction Xsec    31.0+/31 @ 4 =   0.700#, Out:   0.000#   0.000#   0.000f

   S-matrix    5 =    1.00000   0.00000 for L=   31, J=   32.0 channel on core I =   2.0 from L=   31,  Acc. loss =  0.0 D.
 Elastic phase shift   5 =    0.000   0.000 deg. for the L =   31, J =   32.0 channel.
      31.0  0.99999999  0.00000071i: elastic S-matrix  @@      0.00  0   0 F  0
 Reaction Xsec    31.0+/31 @ 5 =   0.700#, Out:   0.000#   0.000#   0.000f

   S-matrix    6 =    1.00000  -0.00000 for L=   33, J=   32.0 channel on core I =   2.0 from L=   33,  Acc. loss =  0.0 D.
 Elastic phase shift   6 =   -0.000   0.000 deg. for the L =   33, J =   32.0 channel.
      31.0  1.00000000 -0.00000023i: elastic S-matrix  @@      0.00  0   0 F  0
 Reaction Xsec    31.0+/33 @ 6 =   0.142#, Out:   0.000#   0.000#   0.000f

   S-matrix    7 =    1.00000  -0.00000 for L=   33, J=   33.0 channel on core I =   2.0 from L=   33,  Acc. loss =  0.0 D.
 Elastic phase shift   7 =   -0.000   0.000 deg. for the L =   33, J =   33.0 channel.
      31.0  1.00000000 -0.00000001i: elastic S-matrix  @@      0.00  0   0 F  0
 Reaction Xsec    31.0+/33 @ 7 =   0.142#, Out:   0.000#   0.000#   0.000f


 Total SPIN, PARITY =    31.0 -,     10 chs,      0 cc.  Rmin & Coul turning =    2.5   18.2
   S-matrix    1 =    1.00000   0.00000 for L=   28, J=   29.0 channel on core I =   2.0 from L=   28,  Acc. loss =  0.0 D.
 Elastic phase shift   1 =    0.000   0.000 deg. for the L =   28, J =   29.0 channel.
      31.0  0.99999991  0.00000377i: elastic S-matrix  @@      0.00  0   0 F  0
 Reaction Xsec    31.0-/28 @ 1 =   7.646#, Out:   0.000#   0.000#   0.000f

   S-matrix    2 =    1.00000  -0.00000 for L=   30, J=   29.0 channel on core I =   2.0 from L=   30,  Acc. loss =  0.0 D.
 Elastic phase shift   2 =   -0.000   0.000 deg. for the L =   30, J =   29.0 channel.
      31.0  0.99999998 -0.00000110i: elastic S-matrix  @@      0.00  0   0 F  0
 Reaction Xsec    31.0-/30 @ 2 =   1.554#, Out:   0.000#   0.003#   0.000f

   S-matrix    3 =    1.00000   0.00000 for L=   30, J=   30.0 channel on core I =   2.0 from L=   30,  Acc. loss =  0.0 D.
 Elastic phase shift   3 =    0.000   0.000 deg. for the L =   30, J =   30.0 channel.
      31.0  0.99999998  0.00000005i: elastic S-matrix  @@      0.00  0   0 F  0
 Reaction Xsec    31.0-/30 @ 3 =   1.554#, Out:   0.000#   0.001#   0.000f

   S-matrix    4 =    1.00000   0.00000 for L=   30, J=   31.0 channel on core I =   2.0 from L=   30,  Acc. loss =  0.0 D.
 Elastic phase shift   4 =    0.000   0.000 deg. for the L =   30, J =   31.0 channel.
      31.0  0.99999998  0.00000123i: elastic S-matrix  @@      0.00  0   0 F  0
 Reaction Xsec    31.0-/30 @ 4 =   1.554#, Out:   0.000#   0.001#   0.000f

   S-matrix    5 =    1.00000  -0.00000 for L=   32, J=   31.0 channel on core I =   2.0 from L=   32,  Acc. loss =  0.0 D.
 Elastic phase shift   5 =   -0.000   0.000 deg. for the L =   32, J =   31.0 channel.
      31.0  1.00000000 -0.00000038i: elastic S-matrix  @@      0.00  0   0 F  0
 Reaction Xsec    31.0-/32 @ 5 =   0.315#, Out:   0.000#   0.000#   0.000f

   S-matrix    6 =    1.00000   0.00000 for L=   32, J=   32.0 channel on core I =   2.0 from L=   32,  Acc. loss =  0.0 D.
 Elastic phase shift   6 =    0.000   0.000 deg. for the L =   32, J =   32.0 channel.
      31.0  1.00000000  0.00000001i: elastic S-matrix  @@      0.00  0   0 F  0
 Reaction Xsec    31.0-/32 @ 6 =   0.315#, Out:   0.000#   0.000#   0.000f

   S-matrix    7 =    1.00000   0.00000 for L=   32, J=   33.0 channel on core I =   2.0 from L=   32,  Acc. loss =  0.0 D.
 Elastic phase shift   7 =    0.000   0.000 deg. for the L =   32, J =   33.0 channel.
      31.0  1.00000000  0.00000040i: elastic S-matrix  @@      0.00  0   0 F  0
 Reaction Xsec    31.0-/32 @ 7 =   0.315#, Out:   0.000#   0.000#   0.000f

   S-matrix    8 =    1.00000  -0.00000 for L=   34, J=   33.0 channel on core I =   2.0 from L=   34,  Acc. loss =  0.0 D.
 Elastic phase shift   8 =   -0.000   0.000 deg. for the L =   34, J =   33.0 channel.
      31.0  1.00000000 -0.00000014i: elastic S-matrix  @@      0.00  0   0 F  0
 Reaction Xsec    31.0-/34 @ 8 =   0.064#, Out:   0.000#   0.000#   0.000f


 Total SPIN, PARITY =    32.0 +,     10 chs,      0 cc.  Rmin & Coul turning =    2.6   18.8
   S-matrix    1 =    1.00000   0.00000 for L=   29, J=   30.0 channel on core I =   2.0 from L=   29,  Acc. loss =  0.0 D.
 Elastic phase shift   1 =    0.000   0.000 deg. for the L =   29, J =   30.0 channel.
      32.0  0.99999996  0.00000215i: elastic S-matrix  @@      0.00  0   0 F  0
 Reaction Xsec    32.0+/29 @ 1 =   3.558#, Out:   0.000#   0.000#   0.000f

   S-matrix    2 =    1.00000  -0.00000 for L=   31, J=   30.0 channel on core I =   2.0 from L=   31,  Acc. loss =  0.0 D.
 Elastic phase shift   2 =   -0.000   0.000 deg. for the L =   31, J =   30.0 channel.
      32.0  0.99999999 -0.00000064i: elastic S-matrix  @@      0.00  0   0 F  0
 Reaction Xsec    32.0+/31 @ 2 =   0.723#, Out:   0.000#   0.001#   0.000f

   S-matrix    3 =    1.00000   0.00000 for L=   31, J=   31.0 channel on core I =   2.0 from L=   31,  Acc. loss =  0.0 D.
 Elastic phase shift   3 =    0.000   0.000 deg. for the L =   31, J =   31.0 channel.
      32.0  0.99999999  0.00000002i: elastic S-matrix  @@      0.00  0   0 F  0
 Reaction Xsec    32.0+/31 @ 3 =   0.723#, Out:   0.000#   0.000#   0.000f

   S-matrix    4 =    1.00000   0.00000 for L=   31, J=   32.0 channel on core I =   2.0 from L=   31,  Acc. loss =  0.0 D.
 Elastic phase shift   4 =    0.000   0.000 deg. for the L =   31, J =   32.0 channel.
      32.0  0.99999999  0.00000071i: elastic S-matrix  @@      0.00  0   0 F  0
 Reaction Xsec    32.0+/31 @ 4 =   0.723#, Out:   0.000#   0.000#   0.000f

   S-matrix    5 =    1.00000  -0.00000 for L=   33, J=   32.0 channel on core I =   2.0 from L=   33,  Acc. loss =  0.0 D.
 Elastic phase shift   5 =   -0.000   0.000 deg. for the L =   33, J =   32.0 channel.
      32.0  1.00000000 -0.00000023i: elastic S-matrix  @@      0.00  0   0 F  0
 Reaction Xsec    32.0+/33 @ 5 =   0.147#, Out:   0.000#   0.000#   0.000f

   S-matrix    6 =    1.00000  -0.00000 for L=   33, J=   33.0 channel on core I =   2.0 from L=   33,  Acc. loss =  0.0 D.
 Elastic phase shift   6 =   -0.000   0.000 deg. for the L =   33, J =   33.0 channel.
      32.0  1.00000000 -0.00000001i: elastic S-matrix  @@      0.00  0   0 F  0
 Reaction Xsec    32.0+/33 @ 6 =   0.147#, Out:   0.000#   0.000#   0.000f

   S-matrix    7 =    1.00000   0.00000 for L=   33, J=   34.0 channel on core I =   2.0 from L=   33,  Acc. loss =  0.0 D.
 Elastic phase shift   7 =    0.000   0.000 deg. for the L =   33, J =   34.0 channel.
      32.0  1.00000000  0.00000022i: elastic S-matrix  @@      0.00  0   0 F  0
 Reaction Xsec    32.0+/33 @ 7 =   0.147#, Out:   0.000#   0.000#   0.000f

   S-matrix    8 =    1.00000  -0.00000 for L=   35, J=   34.0 channel on core I =   2.0 from L=   35,  Acc. loss =  0.0 D.
 Elastic phase shift   8 =   -0.000   0.000 deg. for the L =   35, J =   34.0 channel.
      32.0  1.00000000 -0.00000008i: elastic S-matrix  @@      0.00  0   0 F  0
 Reaction Xsec    32.0+/35 @ 8 =   0.030#, Out:   0.000#   0.000#   0.000f


 Total SPIN, PARITY =    32.0 -,      9 chs,      0 cc.  Rmin & Coul turning =    2.6   18.8
   S-matrix    1 =    1.00000   0.00000 for L=   30, J=   30.0 channel on core I =   2.0 from L=   30,  Acc. loss =  0.0 D.
 Elastic phase shift   1 =    0.000   0.000 deg. for the L =   30, J =   30.0 channel.
      32.0  0.99999998  0.00000005i: elastic S-matrix  @@      0.00  0   0 F  0
 Reaction Xsec    32.0-/30 @ 1 =   1.604#, Out:   0.000#   0.002#   0.000f

   S-matrix    2 =    1.00000   0.00000 for L=   30, J=   31.0 channel on core I =   2.0 from L=   30,  Acc. loss =  0.0 D.
 Elastic phase shift   2 =    0.000   0.000 deg. for the L =   30, J =   31.0 channel.
      32.0  0.99999998  0.00000123i: elastic S-matrix  @@      0.00  0   0 F  0
 Reaction Xsec    32.0-/30 @ 2 =   1.604#, Out:   0.000#   0.001#   0.000f

   S-matrix    3 =    1.00000  -0.00000 for L=   32, J=   31.0 channel on core I =   2.0 from L=   32,  Acc. loss =  0.0 D.
 Elastic phase shift   3 =   -0.000   0.000 deg. for the L =   32, J =   31.0 channel.
      32.0  1.00000000 -0.00000038i: elastic S-matrix  @@      0.00  0   0 F  0
 Reaction Xsec    32.0-/32 @ 3 =   0.325#, Out:   0.000#   0.000#   0.000f

   S-matrix    4 =    1.00000   0.00000 for L=   32, J=   32.0 channel on core I =   2.0 from L=   32,  Acc. loss =  0.0 D.
 Elastic phase shift   4 =    0.000   0.000 deg. for the L =   32, J =   32.0 channel.
      32.0  1.00000000  0.00000001i: elastic S-matrix  @@      0.00  0   0 F  0
 Reaction Xsec    32.0-/32 @ 4 =   0.325#, Out:   0.000#   0.000#   0.000f

   S-matrix    5 =    1.00000   0.00000 for L=   32, J=   33.0 channel on core I =   2.0 from L=   32,  Acc. loss =  0.0 D.
 Elastic phase shift   5 =    0.000   0.000 deg. for the L =   32, J =   33.0 channel.
      32.0  1.00000000  0.00000040i: elastic S-matrix  @@      0.00  0   0 F  0
 Reaction Xsec    32.0-/32 @ 5 =   0.325#, Out:   0.000#   0.000#   0.000f

   S-matrix    6 =    1.00000  -0.00000 for L=   34, J=   33.0 channel on core I =   2.0 from L=   34,  Acc. loss =  0.0 D.
 Elastic phase shift   6 =   -0.000   0.000 deg. for the L =   34, J =   33.0 channel.
      32.0  1.00000000 -0.00000014i: elastic S-matrix  @@      0.00  0   0 F  0
 Reaction Xsec    32.0-/34 @ 6 =   0.066#, Out:   0.000#   0.000#   0.000f

   S-matrix    7 =    1.00000  -0.00000 for L=   34, J=   34.0 channel on core I =   2.0 from L=   34,  Acc. loss =  0.0 D.
 Elastic phase shift   7 =   -0.000   0.000 deg. for the L =   34, J =   34.0 channel.
      32.0  1.00000000 -0.00000001i: elastic S-matrix  @@      0.00  0   0 F  0
 Reaction Xsec    32.0-/34 @ 7 =   0.066#, Out:   0.000#   0.000#   0.000f


 Total SPIN, PARITY =    33.0 +,      9 chs,      0 cc.  Rmin & Coul turning =    2.6   19.4
   S-matrix    1 =    1.00000   0.00000 for L=   31, J=   31.0 channel on core I =   2.0 from L=   31,  Acc. loss =  0.0 D.
 Elastic phase shift   1 =    0.000   0.000 deg. for the L =   31, J =   31.0 channel.
      33.0  0.99999999  0.00000002i: elastic S-matrix  @@      0.00  0   0 F  0
 Reaction Xsec    33.0+/31 @ 1 =   0.745#, Out:   0.000#   0.001#   0.000f

   S-matrix    2 =    1.00000   0.00000 for L=   31, J=   32.0 channel on core I =   2.0 from L=   31,  Acc. loss =  0.0 D.
 Elastic phase shift   2 =    0.000   0.000 deg. for the L =   31, J =   32.0 channel.
      33.0  0.99999999  0.00000071i: elastic S-matrix  @@      0.00  0   0 F  0
 Reaction Xsec    33.0+/31 @ 2 =   0.745#, Out:   0.000#   0.000#   0.000f

   S-matrix    3 =    1.00000  -0.00000 for L=   33, J=   32.0 channel on core I =   2.0 from L=   33,  Acc. loss =  0.0 D.
 Elastic phase shift   3 =   -0.000   0.000 deg. for the L =   33, J =   32.0 channel.
      33.0  1.00000000 -0.00000023i: elastic S-matrix  @@      0.00  0   0 F  0
 Reaction Xsec    33.0+/33 @ 3 =   0.151#, Out:   0.000#   0.000#   0.000f

   S-matrix    4 =    1.00000  -0.00000 for L=   33, J=   33.0 channel on core I =   2.0 from L=   33,  Acc. loss =  0.0 D.
 Elastic phase shift   4 =   -0.000   0.000 deg. for the L =   33, J =   33.0 channel.
      33.0  1.00000000 -0.00000001i: elastic S-matrix  @@      0.00  0   0 F  0
 Reaction Xsec    33.0+/33 @ 4 =   0.151#, Out:   0.000#   0.000#   0.000f

   S-matrix    5 =    1.00000   0.00000 for L=   33, J=   34.0 channel on core I =   2.0 from L=   33,  Acc. loss =  0.0 D.
 Elastic phase shift   5 =    0.000   0.000 deg. for the L =   33, J =   34.0 channel.
      33.0  1.00000000  0.00000022i: elastic S-matrix  @@      0.00  0   0 F  0
 Reaction Xsec    33.0+/33 @ 5 =   0.151#, Out:   0.000#   0.000#   0.000f

   S-matrix    6 =    1.00000  -0.00000 for L=   35, J=   34.0 channel on core I =   2.0 from L=   35,  Acc. loss =  0.0 D.
 Elastic phase shift   6 =   -0.000   0.000 deg. for the L =   35, J =   34.0 channel.
      33.0  1.00000000 -0.00000008i: elastic S-matrix  @@      0.00  0   0 F  0
 Reaction Xsec    33.0+/35 @ 6 =   0.031#, Out:   0.000#   0.000#   0.000f

   S-matrix    7 =    1.00000  -0.00000 for L=   35, J=   35.0 channel on core I =   2.0 from L=   35,  Acc. loss =  0.0 D.
 Elastic phase shift   7 =   -0.000   0.000 deg. for the L =   35, J =   35.0 channel.
      33.0  1.00000000 -0.00000001i: elastic S-matrix  @@      0.00  0   0 F  0
 Reaction Xsec    33.0+/35 @ 7 =   0.031#, Out:   0.000#   0.000#   0.000f


 Total SPIN, PARITY =    33.0 -,     10 chs,      0 cc.  Rmin & Coul turning =    2.6   19.4
   S-matrix    1 =    1.00000   0.00000 for L=   30, J=   31.0 channel on core I =   2.0 from L=   30,  Acc. loss =  0.0 D.
 Elastic phase shift   1 =    0.000   0.000 deg. for the L =   30, J =   31.0 channel.
      33.0  0.99999998  0.00000123i: elastic S-matrix  @@      0.00  0   0 F  0
 Reaction Xsec    33.0-/30 @ 1 =   1.653#, Out:   0.000#   0.000#   0.000f

   S-matrix    2 =    1.00000  -0.00000 for L=   32, J=   31.0 channel on core I =   2.0 from L=   32,  Acc. loss =  0.0 D.
 Elastic phase shift   2 =   -0.000   0.000 deg. for the L =   32, J =   31.0 channel.
      33.0  1.00000000 -0.00000038i: elastic S-matrix  @@      0.00  0   0 F  0
 Reaction Xsec    33.0-/32 @ 2 =   0.335#, Out:   0.000#   0.001#   0.000f

   S-matrix    3 =    1.00000   0.00000 for L=   32, J=   32.0 channel on core I =   2.0 from L=   32,  Acc. loss =  0.0 D.
 Elastic phase shift   3 =    0.000   0.000 deg. for the L =   32, J =   32.0 channel.
      33.0  1.00000000  0.00000001i: elastic S-matrix  @@      0.00  0   0 F  0
 Reaction Xsec    33.0-/32 @ 3 =   0.335#, Out:   0.000#   0.000#   0.000f

   S-matrix    4 =    1.00000   0.00000 for L=   32, J=   33.0 channel on core I =   2.0 from L=   32,  Acc. loss =  0.0 D.
 Elastic phase shift   4 =    0.000   0.000 deg. for the L =   32, J =   33.0 channel.
      33.0  1.00000000  0.00000040i: elastic S-matrix  @@      0.00  0   0 F  0
 Reaction Xsec    33.0-/32 @ 4 =   0.335#, Out:   0.000#   0.000#   0.000f

   S-matrix    5 =    1.00000  -0.00000 for L=   34, J=   33.0 channel on core I =   2.0 from L=   34,  Acc. loss =  0.0 D.
 Elastic phase shift   5 =   -0.000   0.000 deg. for the L =   34, J =   33.0 channel.
      33.0  1.00000000 -0.00000014i: elastic S-matrix  @@      0.00  0   0 F  0
 Reaction Xsec    33.0-/34 @ 5 =   0.068#, Out:   0.000#   0.000#   0.000f

   S-matrix    6 =    1.00000  -0.00000 for L=   34, J=   34.0 channel on core I =   2.0 from L=   34,  Acc. loss =  0.0 D.
 Elastic phase shift   6 =   -0.000   0.000 deg. for the L =   34, J =   34.0 channel.
      33.0  1.00000000 -0.00000001i: elastic S-matrix  @@      0.00  0   0 F  0
 Reaction Xsec    33.0-/34 @ 6 =   0.068#, Out:   0.000#   0.000#   0.000f

   S-matrix    7 =    1.00000   0.00000 for L=   34, J=   35.0 channel on core I =   2.0 from L=   34,  Acc. loss =  0.0 D.
 Elastic phase shift   7 =    0.000   0.000 deg. for the L =   34, J =   35.0 channel.
      33.0  1.00000000  0.00000012i: elastic S-matrix  @@      0.00  0   0 F  0
 Reaction Xsec    33.0-/34 @ 7 =   0.068#, Out:   0.000#   0.000#   0.000f

   S-matrix    8 =    1.00000  -0.00000 for L=   36, J=   35.0 channel on core I =   2.0 from L=   36,  Acc. loss =  0.0 D.
 Elastic phase shift   8 =   -0.000   0.000 deg. for the L =   36, J =   35.0 channel.
      33.0  1.00000000 -0.00000005i: elastic S-matrix  @@      0.00  0   0 F  0
 Reaction Xsec    33.0-/36 @ 8 =   0.014#, Out:   0.000#   0.000#   0.000f


 Total SPIN, PARITY =    34.0 +,     10 chs,      0 cc.  Rmin & Coul turning =    2.7   19.9
   S-matrix    1 =    1.00000   0.00000 for L=   31, J=   32.0 channel on core I =   2.0 from L=   31,  Acc. loss =  0.0 D.
 Elastic phase shift   1 =    0.000   0.000 deg. for the L =   31, J =   32.0 channel.
      34.0  0.99999999  0.00000071i: elastic S-matrix  @@      0.00  0   0 F  0
 Reaction Xsec    34.0+/31 @ 1 =   0.767#, Out:   0.000#   0.000#   0.000f

   S-matrix    2 =    1.00000  -0.00000 for L=   33, J=   32.0 channel on core I =   2.0 from L=   33,  Acc. loss =  0.0 D.
 Elastic phase shift   2 =   -0.000   0.000 deg. for the L =   33, J =   32.0 channel.
      34.0  1.00000000 -0.00000023i: elastic S-matrix  @@      0.00  0   0 F  0
 Reaction Xsec    34.0+/33 @ 2 =   0.156#, Out:   0.000#   0.000#   0.000f

   S-matrix    3 =    1.00000  -0.00000 for L=   33, J=   33.0 channel on core I =   2.0 from L=   33,  Acc. loss =  0.0 D.
 Elastic phase shift   3 =   -0.000   0.000 deg. for the L =   33, J =   33.0 channel.
      34.0  1.00000000 -0.00000001i: elastic S-matrix  @@      0.00  0   0 F  0
 Reaction Xsec    34.0+/33 @ 3 =   0.156#, Out:   0.000#   0.000#   0.000f

   S-matrix    4 =    1.00000   0.00000 for L=   33, J=   34.0 channel on core I =   2.0 from L=   33,  Acc. loss =  0.0 D.
 Elastic phase shift   4 =    0.000   0.000 deg. for the L =   33, J =   34.0 channel.
      34.0  1.00000000  0.00000022i: elastic S-matrix  @@      0.00  0   0 F  0
 Reaction Xsec    34.0+/33 @ 4 =   0.156#, Out:   0.000#   0.000#   0.000f

   S-matrix    5 =    1.00000  -0.00000 for L=   35, J=   34.0 channel on core I =   2.0 from L=   35,  Acc. loss =  0.0 D.
 Elastic phase shift   5 =   -0.000   0.000 deg. for the L =   35, J =   34.0 channel.
      34.0  1.00000000 -0.00000008i: elastic S-matrix  @@      0.00  0   0 F  0
 Reaction Xsec    34.0+/35 @ 5 =   0.031#, Out:   0.000#   0.000#   0.000f

   S-matrix    6 =    1.00000  -0.00000 for L=   35, J=   35.0 channel on core I =   2.0 from L=   35,  Acc. loss =  0.0 D.
 Elastic phase shift   6 =   -0.000   0.000 deg. for the L =   35, J =   35.0 channel.
      34.0  1.00000000 -0.00000001i: elastic S-matrix  @@      0.00  0   0 F  0
 Reaction Xsec    34.0+/35 @ 6 =   0.031#, Out:   0.000#   0.000#   0.000f

   S-matrix    7 =    1.00000   0.00000 for L=   35, J=   36.0 channel on core I =   2.0 from L=   35,  Acc. loss =  0.0 D.
 Elastic phase shift   7 =    0.000   0.000 deg. for the L =   35, J =   36.0 channel.
      34.0  1.00000000  0.00000007i: elastic S-matrix  @@      0.00  0   0 F  0
 Reaction Xsec    34.0+/35 @ 7 =   0.031#, Out:   0.000#   0.000#   0.000f

   S-matrix    8 =    1.00000  -0.00000 for L=   37, J=   36.0 channel on core I =   2.0 from L=   37,  Acc. loss =  0.0 D.
 Elastic phase shift   8 =   -0.000   0.000 deg. for the L =   37, J =   36.0 channel.
      34.0  1.00000000 -0.00000003i: elastic S-matrix  @@      0.00  0   0 F  0
 Reaction Xsec    34.0+/37 @ 8 =   0.006#, Out:   0.000#   0.000#   0.000f


 Total SPIN, PARITY =    34.0 -,      9 chs,      0 cc.  Rmin & Coul turning =    2.7   19.9
   S-matrix    1 =    1.00000   0.00000 for L=   32, J=   32.0 channel on core I =   2.0 from L=   32,  Acc. loss =  0.0 D.
 Elastic phase shift   1 =    0.000   0.000 deg. for the L =   32, J =   32.0 channel.
      34.0  1.00000000  0.00000001i: elastic S-matrix  @@      0.00  0   0 F  0
 Reaction Xsec    34.0-/32 @ 1 =   0.345#, Out:   0.000#   0.000#   0.000f

   S-matrix    2 =    1.00000   0.00000 for L=   32, J=   33.0 channel on core I =   2.0 from L=   32,  Acc. loss =  0.0 D.
 Elastic phase shift   2 =    0.000   0.000 deg. for the L =   32, J =   33.0 channel.
      34.0  1.00000000  0.00000040i: elastic S-matrix  @@      0.00  0   0 F  0
 Reaction Xsec    34.0-/32 @ 2 =   0.345#, Out:   0.000#   0.000#   0.000f

   S-matrix    3 =    1.00000  -0.00000 for L=   34, J=   33.0 channel on core I =   2.0 from L=   34,  Acc. loss =  0.0 D.
 Elastic phase shift   3 =   -0.000   0.000 deg. for the L =   34, J =   33.0 channel.
      34.0  1.00000000 -0.00000014i: elastic S-matrix  @@      0.00  0   0 F  0
 Reaction Xsec    34.0-/34 @ 3 =   0.070#, Out:   0.000#   0.000#   0.000f

   S-matrix    4 =    1.00000  -0.00000 for L=   34, J=   34.0 channel on core I =   2.0 from L=   34,  Acc. loss =  0.0 D.
 Elastic phase shift   4 =   -0.000   0.000 deg. for the L =   34, J =   34.0 channel.
      34.0  1.00000000 -0.00000001i: elastic S-matrix  @@      0.00  0   0 F  0
 Reaction Xsec    34.0-/34 @ 4 =   0.070#, Out:   0.000#   0.000#   0.000f

   S-matrix    5 =    1.00000   0.00000 for L=   34, J=   35.0 channel on core I =   2.0 from L=   34,  Acc. loss =  0.0 D.
 Elastic phase shift   5 =    0.000   0.000 deg. for the L =   34, J =   35.0 channel.
      34.0  1.00000000  0.00000012i: elastic S-matrix  @@      0.00  0   0 F  0
 Reaction Xsec    34.0-/34 @ 5 =   0.070#, Out:   0.000#   0.000#   0.000f

   S-matrix    6 =    1.00000  -0.00000 for L=   36, J=   35.0 channel on core I =   2.0 from L=   36,  Acc. loss =  0.0 D.
 Elastic phase shift   6 =   -0.000   0.000 deg. for the L =   36, J =   35.0 channel.
      34.0  1.00000000 -0.00000005i: elastic S-matrix  @@      0.00  0   0 F  0
 Reaction Xsec    34.0-/36 @ 6 =   0.014#, Out:   0.000#   0.000#   0.000f

   S-matrix    7 =    1.00000  -0.00000 for L=   36, J=   36.0 channel on core I =   2.0 from L=   36,  Acc. loss =  0.0 D.
 Elastic phase shift   7 =   -0.000   0.000 deg. for the L =   36, J =   36.0 channel.
      34.0  1.00000000 -0.00000000i: elastic S-matrix  @@      0.00  0   0 F  0
 Reaction Xsec    34.0-/36 @ 7 =   0.014#, Out:   0.000#   0.000#   0.000f


 Total SPIN, PARITY =    35.0 +,      9 chs,      0 cc.  Rmin & Coul turning =    2.8   20.5
   S-matrix    1 =    1.00000  -0.00000 for L=   33, J=   33.0 channel on core I =   2.0 from L=   33,  Acc. loss =  0.0 D.
 Elastic phase shift   1 =   -0.000   0.000 deg. for the L =   33, J =   33.0 channel.
      35.0  1.00000000 -0.00000001i: elastic S-matrix  @@      0.00  0   0 F  0
 Reaction Xsec    35.0+/33 @ 1 =   0.160#, Out:   0.000#   0.000#   0.000f

   S-matrix    2 =    1.00000   0.00000 for L=   33, J=   34.0 channel on core I =   2.0 from L=   33,  Acc. loss =  0.0 D.
 Elastic phase shift   2 =    0.000   0.000 deg. for the L =   33, J =   34.0 channel.
      35.0  1.00000000  0.00000022i: elastic S-matrix  @@      0.00  0   0 F  0
 Reaction Xsec    35.0+/33 @ 2 =   0.160#, Out:   0.000#   0.000#   0.000f

   S-matrix    3 =    1.00000  -0.00000 for L=   35, J=   34.0 channel on core I =   2.0 from L=   35,  Acc. loss =  0.0 D.
 Elastic phase shift   3 =   -0.000   0.000 deg. for the L =   35, J =   34.0 channel.
      35.0  1.00000000 -0.00000008i: elastic S-matrix  @@      0.00  0   0 F  0
 Reaction Xsec    35.0+/35 @ 3 =   0.032#, Out:   0.000#   0.000#   0.000f

   S-matrix    4 =    1.00000  -0.00000 for L=   35, J=   35.0 channel on core I =   2.0 from L=   35,  Acc. loss =  0.0 D.
 Elastic phase shift   4 =   -0.000   0.000 deg. for the L =   35, J =   35.0 channel.
      35.0  1.00000000 -0.00000001i: elastic S-matrix  @@      0.00  0   0 F  0
 Reaction Xsec    35.0+/35 @ 4 =   0.032#, Out:   0.000#   0.000#   0.000f

   S-matrix    5 =    1.00000   0.00000 for L=   35, J=   36.0 channel on core I =   2.0 from L=   35,  Acc. loss =  0.0 D.
 Elastic phase shift   5 =    0.000   0.000 deg. for the L =   35, J =   36.0 channel.
      35.0  1.00000000  0.00000007i: elastic S-matrix  @@      0.00  0   0 F  0
 Reaction Xsec    35.0+/35 @ 5 =   0.032#, Out:   0.000#   0.000#   0.000f

   S-matrix    6 =    1.00000  -0.00000 for L=   37, J=   36.0 channel on core I =   2.0 from L=   37,  Acc. loss =  0.0 D.
 Elastic phase shift   6 =   -0.000   0.000 deg. for the L =   37, J =   36.0 channel.
      35.0  1.00000000 -0.00000003i: elastic S-matrix  @@      0.00  0   0 F  0
 Reaction Xsec    35.0+/37 @ 6 =   0.007#, Out:   0.000#   0.000#   0.000f

   S-matrix    7 =    1.00000  -0.00000 for L=   37, J=   37.0 channel on core I =   2.0 from L=   37,  Acc. loss =  0.0 D.
 Elastic phase shift   7 =   -0.000   0.000 deg. for the L =   37, J =   37.0 channel.
      35.0  1.00000000 -0.00000001i: elastic S-matrix  @@      0.00  0   0 F  0
 Reaction Xsec    35.0+/37 @ 7 =   0.007#, Out:   0.000#   0.000#   0.000f


 Total SPIN, PARITY =    35.0 -,     10 chs,      0 cc.  Rmin & Coul turning =    2.8   20.5
   S-matrix    1 =    1.00000   0.00000 for L=   32, J=   33.0 channel on core I =   2.0 from L=   32,  Acc. loss =  0.0 D.
 Elastic phase shift   1 =    0.000   0.000 deg. for the L =   32, J =   33.0 channel.
      35.0  1.00000000  0.00000040i: elastic S-matrix  @@      0.00  0   0 F  0
 Reaction Xsec    35.0-/32 @ 1 =   0.355#, Out:   0.000#   0.000#   0.000f

   S-matrix    2 =    1.00000  -0.00000 for L=   34, J=   33.0 channel on core I =   2.0 from L=   34,  Acc. loss =  0.0 D.
 Elastic phase shift   2 =   -0.000   0.000 deg. for the L =   34, J =   33.0 channel.
      35.0  1.00000000 -0.00000014i: elastic S-matrix  @@      0.00  0   0 F  0
 Reaction Xsec    35.0-/34 @ 2 =   0.072#, Out:   0.000#   0.000#   0.000f

   S-matrix    3 =    1.00000  -0.00000 for L=   34, J=   34.0 channel on core I =   2.0 from L=   34,  Acc. loss =  0.0 D.
 Elastic phase shift   3 =   -0.000   0.000 deg. for the L =   34, J =   34.0 channel.
      35.0  1.00000000 -0.00000001i: elastic S-matrix  @@      0.00  0   0 F  0
 Reaction Xsec    35.0-/34 @ 3 =   0.072#, Out:   0.000#   0.000#   0.000f

   S-matrix    4 =    1.00000   0.00000 for L=   34, J=   35.0 channel on core I =   2.0 from L=   34,  Acc. loss =  0.0 D.
 Elastic phase shift   4 =    0.000   0.000 deg. for the L =   34, J =   35.0 channel.
      35.0  1.00000000  0.00000012i: elastic S-matrix  @@      0.00  0   0 F  0
 Reaction Xsec    35.0-/34 @ 4 =   0.072#, Out:   0.000#   0.000#   0.000f

   S-matrix    5 =    1.00000  -0.00000 for L=   36, J=   35.0 channel on core I =   2.0 from L=   36,  Acc. loss =  0.0 D.
 Elastic phase shift   5 =   -0.000   0.000 deg. for the L =   36, J =   35.0 channel.
      35.0  1.00000000 -0.00000005i: elastic S-matrix  @@      0.00  0   0 F  0
 Reaction Xsec    35.0-/36 @ 5 =   0.015#, Out:   0.000#   0.000#   0.000f

   S-matrix    6 =    1.00000  -0.00000 for L=   36, J=   36.0 channel on core I =   2.0 from L=   36,  Acc. loss =  0.0 D.
 Elastic phase shift   6 =   -0.000   0.000 deg. for the L =   36, J =   36.0 channel.
      35.0  1.00000000 -0.00000000i: elastic S-matrix  @@      0.00  0   0 F  0
 Reaction Xsec    35.0-/36 @ 6 =   0.015#, Out:   0.000#   0.000#   0.000f

   S-matrix    7 =    1.00000   0.00000 for L=   36, J=   37.0 channel on core I =   2.0 from L=   36,  Acc. loss =  0.0 D.
 Elastic phase shift   7 =    0.000   0.000 deg. for the L =   36, J =   37.0 channel.
      35.0  1.00000000  0.00000004i: elastic S-matrix  @@      0.00  0   0 F  0
 Reaction Xsec    35.0-/36 @ 7 =   0.015#, Out:   0.000#   0.000#   0.000f

   S-matrix    8 =    1.00000  -0.00000 for L=   38, J=   37.0 channel on core I =   2.0 from L=   38,  Acc. loss =  0.0 D.
 Elastic phase shift   8 =   -0.000   0.000 deg. for the L =   38, J =   37.0 channel.
      35.0  1.00000000 -0.00000002i: elastic S-matrix  @@      0.00  0   0 F  0
 Reaction Xsec    35.0-/38 @ 8 =   0.003#, Out:   0.000#   0.000#   0.000f


 Total SPIN, PARITY =    36.0 +,     10 chs,      0 cc.  Rmin & Coul turning =    2.9   21.1
   S-matrix    1 =    1.00000   0.00000 for L=   33, J=   34.0 channel on core I =   2.0 from L=   33,  Acc. loss =  0.0 D.
 Elastic phase shift   1 =    0.000   0.000 deg. for the L =   33, J =   34.0 channel.
      36.0  1.00000000  0.00000022i: elastic S-matrix  @@      0.00  0   0 F  0
 Reaction Xsec    36.0+/33 @ 1 =   0.165#, Out:   0.000#   0.000#   0.000f

   S-matrix    2 =    1.00000  -0.00000 for L=   35, J=   34.0 channel on core I =   2.0 from L=   35,  Acc. loss =  0.0 D.
 Elastic phase shift   2 =   -0.000   0.000 deg. for the L =   35, J =   34.0 channel.
      36.0  1.00000000 -0.00000008i: elastic S-matrix  @@      0.00  0   0 F  0
 Reaction Xsec    36.0+/35 @ 2 =   0.033#, Out:   0.000#   0.000#   0.000f

   S-matrix    3 =    1.00000  -0.00000 for L=   35, J=   35.0 channel on core I =   2.0 from L=   35,  Acc. loss =  0.0 D.
 Elastic phase shift   3 =   -0.000   0.000 deg. for the L =   35, J =   35.0 channel.
      36.0  1.00000000 -0.00000001i: elastic S-matrix  @@      0.00  0   0 F  0
 Reaction Xsec    36.0+/35 @ 3 =   0.033#, Out:   0.000#   0.000#   0.000f

   S-matrix    4 =    1.00000   0.00000 for L=   35, J=   36.0 channel on core I =   2.0 from L=   35,  Acc. loss =  0.0 D.
 Elastic phase shift   4 =    0.000   0.000 deg. for the L =   35, J =   36.0 channel.
      36.0  1.00000000  0.00000007i: elastic S-matrix  @@      0.00  0   0 F  0
 Reaction Xsec    36.0+/35 @ 4 =   0.033#, Out:   0.000#   0.000#   0.000f

   S-matrix    5 =    1.00000  -0.00000 for L=   37, J=   36.0 channel on core I =   2.0 from L=   37,  Acc. loss =  0.0 D.
 Elastic phase shift   5 =   -0.000   0.000 deg. for the L =   37, J =   36.0 channel.
      36.0  1.00000000 -0.00000003i: elastic S-matrix  @@      0.00  0   0 F  0
 Reaction Xsec    36.0+/37 @ 5 =   0.007#, Out:   0.000#   0.000#   0.000f

   S-matrix    6 =    1.00000  -0.00000 for L=   37, J=   37.0 channel on core I =   2.0 from L=   37,  Acc. loss =  0.0 D.
 Elastic phase shift   6 =   -0.000   0.000 deg. for the L =   37, J =   37.0 channel.
      36.0  1.00000000 -0.00000001i: elastic S-matrix  @@      0.00  0   0 F  0
 Reaction Xsec    36.0+/37 @ 6 =   0.007#, Out:   0.000#   0.000#   0.000f

   S-matrix    7 =    1.00000   0.00000 for L=   37, J=   38.0 channel on core I =   2.0 from L=   37,  Acc. loss =  0.0 D.
 Elastic phase shift   7 =    0.000   0.000 deg. for the L =   37, J =   38.0 channel.
      36.0  1.00000000  0.00000002i: elastic S-matrix  @@      0.00  0   0 F  0
 Reaction Xsec    36.0+/37 @ 7 =   0.007#, Out:   0.000#   0.000#   0.000f

   S-matrix    8 =    1.00000  -0.00000 for L=   39, J=   38.0 channel on core I =   2.0 from L=   39,  Acc. loss =  0.0 D.
 Elastic phase shift   8 =   -0.000   0.000 deg. for the L =   39, J =   38.0 channel.
      36.0  1.00000000 -0.00000002i: elastic S-matrix  @@      0.00  0   0 F  0
 Reaction Xsec    36.0+/39 @ 8 =   0.001#, Out:   0.000#   0.000#   0.000f


 Total SPIN, PARITY =    36.0 -,      9 chs,      0 cc.  Rmin & Coul turning =    2.9   21.1
   S-matrix    1 =    1.00000  -0.00000 for L=   34, J=   34.0 channel on core I =   2.0 from L=   34,  Acc. loss =  0.0 D.
 Elastic phase shift   1 =   -0.000   0.000 deg. for the L =   34, J =   34.0 channel.
      36.0  1.00000000 -0.00000001i: elastic S-matrix  @@      0.00  0   0 F  0
 Reaction Xsec    36.0-/34 @ 1 =   0.074#, Out:   0.000#   0.000#   0.000f

   S-matrix    2 =    1.00000   0.00000 for L=   34, J=   35.0 channel on core I =   2.0 from L=   34,  Acc. loss =  0.0 D.
 Elastic phase shift   2 =    0.000   0.000 deg. for the L =   34, J =   35.0 channel.
      36.0  1.00000000  0.00000012i: elastic S-matrix  @@      0.00  0   0 F  0
 Reaction Xsec    36.0-/34 @ 2 =   0.074#, Out:   0.000#   0.000#   0.000f

   S-matrix    3 =    1.00000  -0.00000 for L=   36, J=   35.0 channel on core I =   2.0 from L=   36,  Acc. loss =  0.0 D.
 Elastic phase shift   3 =   -0.000   0.000 deg. for the L =   36, J =   35.0 channel.
      36.0  1.00000000 -0.00000005i: elastic S-matrix  @@      0.00  0   0 F  0
 Reaction Xsec    36.0-/36 @ 3 =   0.015#, Out:   0.000#   0.000#   0.000f

   S-matrix    4 =    1.00000  -0.00000 for L=   36, J=   36.0 channel on core I =   2.0 from L=   36,  Acc. loss =  0.0 D.
 Elastic phase shift   4 =   -0.000   0.000 deg. for the L =   36, J =   36.0 channel.
      36.0  1.00000000 -0.00000000i: elastic S-matrix  @@      0.00  0   0 F  0
 Reaction Xsec    36.0-/36 @ 4 =   0.015#, Out:   0.000#   0.000#   0.000f

   S-matrix    5 =    1.00000   0.00000 for L=   36, J=   37.0 channel on core I =   2.0 from L=   36,  Acc. loss =  0.0 D.
 Elastic phase shift   5 =    0.000   0.000 deg. for the L =   36, J =   37.0 channel.
      36.0  1.00000000  0.00000004i: elastic S-matrix  @@      0.00  0   0 F  0
 Reaction Xsec    36.0-/36 @ 5 =   0.015#, Out:   0.000#   0.000#   0.000f

   S-matrix    6 =    1.00000  -0.00000 for L=   38, J=   37.0 channel on core I =   2.0 from L=   38,  Acc. loss =  0.0 D.
 Elastic phase shift   6 =   -0.000   0.000 deg. for the L =   38, J =   37.0 channel.
      36.0  1.00000000 -0.00000002i: elastic S-matrix  @@      0.00  0   0 F  0
 Reaction Xsec    36.0-/38 @ 6 =   0.003#, Out:   0.000#   0.000#   0.000f

   S-matrix    7 =    1.00000  -0.00000 for L=   38, J=   38.0 channel on core I =   2.0 from L=   38,  Acc. loss =  0.0 D.
 Elastic phase shift   7 =   -0.000   0.000 deg. for the L =   38, J =   38.0 channel.
      36.0  1.00000000 -0.00000001i: elastic S-matrix  @@      0.00  0   0 F  0
 Reaction Xsec    36.0-/38 @ 7 =   0.003#, Out:   0.000#   0.000#   0.000f


 Total SPIN, PARITY =    37.0 +,      9 chs,      0 cc.  Rmin & Coul turning =    3.0   21.6
   S-matrix    1 =    1.00000  -0.00000 for L=   35, J=   35.0 channel on core I =   2.0 from L=   35,  Acc. loss =  0.0 D.
 Elastic phase shift   1 =   -0.000   0.000 deg. for the L =   35, J =   35.0 channel.
      37.0  1.00000000 -0.00000001i: elastic S-matrix  @@      0.00  0   0 F  0
 Reaction Xsec    37.0+/35 @ 1 =   0.034#, Out:   0.000#   0.000#   0.000f

   S-matrix    2 =    1.00000   0.00000 for L=   35, J=   36.0 channel on core I =   2.0 from L=   35,  Acc. loss =  0.0 D.
 Elastic phase shift   2 =    0.000   0.000 deg. for the L =   35, J =   36.0 channel.
      37.0  1.00000000  0.00000007i: elastic S-matrix  @@      0.00  0   0 F  0
 Reaction Xsec    37.0+/35 @ 2 =   0.034#, Out:   0.000#   0.000#   0.000f

   S-matrix    3 =    1.00000  -0.00000 for L=   37, J=   36.0 channel on core I =   2.0 from L=   37,  Acc. loss =  0.0 D.
 Elastic phase shift   3 =   -0.000   0.000 deg. for the L =   37, J =   36.0 channel.
      37.0  1.00000000 -0.00000003i: elastic S-matrix  @@      0.00  0   0 F  0
 Reaction Xsec    37.0+/37 @ 3 =   0.007#, Out:   0.000#   0.000#   0.000f

   S-matrix    4 =    1.00000  -0.00000 for L=   37, J=   37.0 channel on core I =   2.0 from L=   37,  Acc. loss =  0.0 D.
 Elastic phase shift   4 =   -0.000   0.000 deg. for the L =   37, J =   37.0 channel.
      37.0  1.00000000 -0.00000001i: elastic S-matrix  @@      0.00  0   0 F  0
 Reaction Xsec    37.0+/37 @ 4 =   0.007#, Out:   0.000#   0.000#   0.000f

   S-matrix    5 =    1.00000   0.00000 for L=   37, J=   38.0 channel on core I =   2.0 from L=   37,  Acc. loss =  0.0 D.
 Elastic phase shift   5 =    0.000   0.000 deg. for the L =   37, J =   38.0 channel.
      37.0  1.00000000  0.00000002i: elastic S-matrix  @@      0.00  0   0 F  0
 Reaction Xsec    37.0+/37 @ 5 =   0.007#, Out:   0.000#   0.000#   0.000f

   S-matrix    6 =    1.00000  -0.00000 for L=   39, J=   38.0 channel on core I =   2.0 from L=   39,  Acc. loss =  0.0 D.
 Elastic phase shift   6 =   -0.000   0.000 deg. for the L =   39, J =   38.0 channel.
      37.0  1.00000000 -0.00000002i: elastic S-matrix  @@      0.00  0   0 F  0
 Reaction Xsec    37.0+/39 @ 6 =   0.001#, Out:   0.000#   0.000#   0.000f

   S-matrix    7 =    1.00000  -0.00000 for L=   39, J=   39.0 channel on core I =   2.0 from L=   39,  Acc. loss =  0.0 D.
 Elastic phase shift   7 =   -0.000   0.000 deg. for the L =   39, J =   39.0 channel.
      37.0  1.00000000 -0.00000001i: elastic S-matrix  @@      0.00  0   0 F  0
 Reaction Xsec    37.0+/39 @ 7 =   0.001#, Out:   0.000#   0.000#   0.000f


 Total SPIN, PARITY =    37.0 -,     10 chs,      0 cc.  Rmin & Coul turning =    3.0   21.6
   S-matrix    1 =    1.00000   0.00000 for L=   34, J=   35.0 channel on core I =   2.0 from L=   34,  Acc. loss =  0.0 D.
 Elastic phase shift   1 =    0.000   0.000 deg. for the L =   34, J =   35.0 channel.
      37.0  1.00000000  0.00000012i: elastic S-matrix  @@      0.00  0   0 F  0
 Reaction Xsec    37.0-/34 @ 1 =   0.076#, Out:   0.000#   0.000#   0.000f

   S-matrix    2 =    1.00000  -0.00000 for L=   36, J=   35.0 channel on core I =   2.0 from L=   36,  Acc. loss =  0.0 D.
 Elastic phase shift   2 =   -0.000   0.000 deg. for the L =   36, J =   35.0 channel.
      37.0  1.00000000 -0.00000005i: elastic S-matrix  @@      0.00  0   0 F  0
 Reaction Xsec    37.0-/36 @ 2 =   0.015#, Out:   0.000#   0.000#   0.000f

   S-matrix    3 =    1.00000  -0.00000 for L=   36, J=   36.0 channel on core I =   2.0 from L=   36,  Acc. loss =  0.0 D.
 Elastic phase shift   3 =   -0.000   0.000 deg. for the L =   36, J =   36.0 channel.
      37.0  1.00000000 -0.00000000i: elastic S-matrix  @@      0.00  0   0 F  0
 Reaction Xsec    37.0-/36 @ 3 =   0.015#, Out:   0.000#   0.000#   0.000f

   S-matrix    4 =    1.00000   0.00000 for L=   36, J=   37.0 channel on core I =   2.0 from L=   36,  Acc. loss =  0.0 D.
 Elastic phase shift   4 =    0.000   0.000 deg. for the L =   36, J =   37.0 channel.
      37.0  1.00000000  0.00000004i: elastic S-matrix  @@      0.00  0   0 F  0
 Reaction Xsec    37.0-/36 @ 4 =   0.015#, Out:   0.000#   0.000#   0.000f

   S-matrix    5 =    1.00000  -0.00000 for L=   38, J=   37.0 channel on core I =   2.0 from L=   38,  Acc. loss =  0.0 D.
 Elastic phase shift   5 =   -0.000   0.000 deg. for the L =   38, J =   37.0 channel.
      37.0  1.00000000 -0.00000002i: elastic S-matrix  @@      0.00  0   0 F  0
 Reaction Xsec    37.0-/38 @ 5 =   0.003#, Out:   0.000#   0.000#   0.000f

   S-matrix    6 =    1.00000  -0.00000 for L=   38, J=   38.0 channel on core I =   2.0 from L=   38,  Acc. loss =  0.0 D.
 Elastic phase shift   6 =   -0.000   0.000 deg. for the L =   38, J =   38.0 channel.
      37.0  1.00000000 -0.00000001i: elastic S-matrix  @@      0.00  0   0 F  0
 Reaction Xsec    37.0-/38 @ 6 =   0.003#, Out:   0.000#   0.000#   0.000f

   S-matrix    7 =    1.00000   0.00000 for L=   38, J=   39.0 channel on core I =   2.0 from L=   38,  Acc. loss =  0.0 D.
 Elastic phase shift   7 =    0.000   0.000 deg. for the L =   38, J =   39.0 channel.
      37.0  1.00000000  0.00000000i: elastic S-matrix  @@      0.00  0   0 F  0
 Reaction Xsec    37.0-/38 @ 7 =   0.003#, Out:   0.000#   0.000#   0.000f

   S-matrix    8 =    1.00000  -0.00000 for L=   40, J=   39.0 channel on core I =   2.0 from L=   40,  Acc. loss =  0.0 D.
 Elastic phase shift   8 =   -0.000   0.000 deg. for the L =   40, J =   39.0 channel.
      37.0  1.00000000 -0.00000001i: elastic S-matrix  @@      0.00  0   0 F  0
 Reaction Xsec    37.0-/40 @ 8 =   0.001#, Out:   0.000#   0.000#   0.000f


 Total SPIN, PARITY =    38.0 +,     10 chs,      0 cc.  Rmin & Coul turning =    3.0   22.2
   S-matrix    1 =    1.00000   0.00000 for L=   35, J=   36.0 channel on core I =   2.0 from L=   35,  Acc. loss =  0.0 D.
 Elastic phase shift   1 =    0.000   0.000 deg. for the L =   35, J =   36.0 channel.
      38.0  1.00000000  0.00000007i: elastic S-matrix  @@      0.00  0   0 F  0
 Reaction Xsec    38.0+/35 @ 1 =   0.035#, Out:   0.000#   0.000#   0.000f

   S-matrix    2 =    1.00000  -0.00000 for L=   37, J=   36.0 channel on core I =   2.0 from L=   37,  Acc. loss =  0.0 D.
 Elastic phase shift   2 =   -0.000   0.000 deg. for the L =   37, J =   36.0 channel.
      38.0  1.00000000 -0.00000003i: elastic S-matrix  @@      0.00  0   0 F  0
 Reaction Xsec    38.0+/37 @ 2 =   0.007#, Out:   0.000#   0.000#   0.000f

   S-matrix    3 =    1.00000  -0.00000 for L=   37, J=   37.0 channel on core I =   2.0 from L=   37,  Acc. loss =  0.0 D.
 Elastic phase shift   3 =   -0.000   0.000 deg. for the L =   37, J =   37.0 channel.
      38.0  1.00000000 -0.00000001i: elastic S-matrix  @@      0.00  0   0 F  0
 Reaction Xsec    38.0+/37 @ 3 =   0.007#, Out:   0.000#   0.000#   0.000f

   S-matrix    4 =    1.00000   0.00000 for L=   37, J=   38.0 channel on core I =   2.0 from L=   37,  Acc. loss =  0.0 D.
 Elastic phase shift   4 =    0.000   0.000 deg. for the L =   37, J =   38.0 channel.
      38.0  1.00000000  0.00000002i: elastic S-matrix  @@      0.00  0   0 F  0
 Reaction Xsec    38.0+/37 @ 4 =   0.007#, Out:   0.000#   0.000#   0.000f

   S-matrix    5 =    1.00000  -0.00000 for L=   39, J=   38.0 channel on core I =   2.0 from L=   39,  Acc. loss =  0.0 D.
 Elastic phase shift   5 =   -0.000   0.000 deg. for the L =   39, J =   38.0 channel.
      38.0  1.00000000 -0.00000002i: elastic S-matrix  @@      0.00  0   0 F  0
 Reaction Xsec    38.0+/39 @ 5 =   0.001#, Out:   0.000#   0.000#   0.000f

   S-matrix    6 =    1.00000  -0.00000 for L=   39, J=   39.0 channel on core I =   2.0 from L=   39,  Acc. loss =  0.0 D.
 Elastic phase shift   6 =   -0.000   0.000 deg. for the L =   39, J =   39.0 channel.
      38.0  1.00000000 -0.00000001i: elastic S-matrix  @@      0.00  0   0 F  0
 Reaction Xsec    38.0+/39 @ 6 =   0.001#, Out:   0.000#   0.000#   0.000f

   S-matrix    7 =    1.00000  -0.00000 for L=   39, J=   40.0 channel on core I =   2.0 from L=   39,  Acc. loss =  0.0 D.
 Elastic phase shift   7 =   -0.000   0.000 deg. for the L =   39, J =   40.0 channel.
      38.0  1.00000000 -0.00000000i: elastic S-matrix  @@      0.00  0   0 F  0
 Reaction Xsec    38.0+/39 @ 7 =   0.001#, Out:   0.000#   0.000#   0.000f

   S-matrix    8 =    1.00000  -0.00000 for L=   41, J=   40.0 channel on core I =   2.0 from L=   41,  Acc. loss =  0.0 D.
 Elastic phase shift   8 =   -0.000   0.000 deg. for the L =   41, J =   40.0 channel.
      38.0  1.00000000 -0.00000001i: elastic S-matrix  @@      0.00  0   0 F  0
 Reaction Xsec    38.0+/41 @ 8 =   0.000#, Out:   0.000#   0.000#   0.000f


 Total SPIN, PARITY =    38.0 -,      9 chs,      0 cc.  Rmin & Coul turning =    3.0   22.2
   S-matrix    1 =    1.00000  -0.00000 for L=   36, J=   36.0 channel on core I =   2.0 from L=   36,  Acc. loss =  0.0 D.
 Elastic phase shift   1 =   -0.000   0.000 deg. for the L =   36, J =   36.0 channel.
      38.0  1.00000000 -0.00000000i: elastic S-matrix  @@      0.00  0   0 F  0
 Reaction Xsec    38.0-/36 @ 1 =   0.016#, Out:   0.000#   0.000#   0.000f

   S-matrix    2 =    1.00000   0.00000 for L=   36, J=   37.0 channel on core I =   2.0 from L=   36,  Acc. loss =  0.0 D.
 Elastic phase shift   2 =    0.000   0.000 deg. for the L =   36, J =   37.0 channel.
      38.0  1.00000000  0.00000004i: elastic S-matrix  @@      0.00  0   0 F  0
 Reaction Xsec    38.0-/36 @ 2 =   0.016#, Out:   0.000#   0.000#   0.000f

   S-matrix    3 =    1.00000  -0.00000 for L=   38, J=   37.0 channel on core I =   2.0 from L=   38,  Acc. loss =  0.0 D.
 Elastic phase shift   3 =   -0.000   0.000 deg. for the L =   38, J =   37.0 channel.
      38.0  1.00000000 -0.00000002i: elastic S-matrix  @@      0.00  0   0 F  0
 Reaction Xsec    38.0-/38 @ 3 =   0.003#, Out:   0.000#   0.000#   0.000f

   S-matrix    4 =    1.00000  -0.00000 for L=   38, J=   38.0 channel on core I =   2.0 from L=   38,  Acc. loss =  0.0 D.
 Elastic phase shift   4 =   -0.000   0.000 deg. for the L =   38, J =   38.0 channel.
      38.0  1.00000000 -0.00000001i: elastic S-matrix  @@      0.00  0   0 F  0
 Reaction Xsec    38.0-/38 @ 4 =   0.003#, Out:   0.000#   0.000#   0.000f

   S-matrix    5 =    1.00000   0.00000 for L=   38, J=   39.0 channel on core I =   2.0 from L=   38,  Acc. loss =  0.0 D.
 Elastic phase shift   5 =    0.000   0.000 deg. for the L =   38, J =   39.0 channel.
      38.0  1.00000000  0.00000000i: elastic S-matrix  @@      0.00  0   0 F  0
 Reaction Xsec    38.0-/38 @ 5 =   0.003#, Out:   0.000#   0.000#   0.000f

   S-matrix    6 =    1.00000  -0.00000 for L=   40, J=   39.0 channel on core I =   2.0 from L=   40,  Acc. loss =  0.0 D.
 Elastic phase shift   6 =   -0.000   0.000 deg. for the L =   40, J =   39.0 channel.
      38.0  1.00000000 -0.00000001i: elastic S-matrix  @@      0.00  0   0 F  0
 Reaction Xsec    38.0-/40 @ 6 =   0.001#, Out:   0.000#   0.000#   0.000f

   S-matrix    7 =    1.00000  -0.00000 for L=   40, J=   40.0 channel on core I =   2.0 from L=   40,  Acc. loss =  0.0 D.
 Elastic phase shift   7 =   -0.000   0.000 deg. for the L =   40, J =   40.0 channel.
      38.0  1.00000000 -0.00000001i: elastic S-matrix  @@      0.00  0   0 F  0
 Reaction Xsec    38.0-/40 @ 7 =   0.001#, Out:   0.000#   0.000#   0.000f


 Total SPIN, PARITY =    39.0 +,      9 chs,      0 cc.  Rmin & Coul turning =    3.1   22.8
   S-matrix    1 =    1.00000  -0.00000 for L=   37, J=   37.0 channel on core I =   2.0 from L=   37,  Acc. loss =  0.0 D.
 Elastic phase shift   1 =   -0.000   0.000 deg. for the L =   37, J =   37.0 channel.
      39.0  1.00000000 -0.00000001i: elastic S-matrix  @@      0.00  0   0 F  0
 Reaction Xsec    39.0+/37 @ 1 =   0.007#, Out:   0.000#   0.000#   0.000f

   S-matrix    2 =    1.00000   0.00000 for L=   37, J=   38.0 channel on core I =   2.0 from L=   37,  Acc. loss =  0.0 D.
 Elastic phase shift   2 =    0.000   0.000 deg. for the L =   37, J =   38.0 channel.
      39.0  1.00000000  0.00000002i: elastic S-matrix  @@      0.00  0   0 F  0
 Reaction Xsec    39.0+/37 @ 2 =   0.007#, Out:   0.000#   0.000#   0.000f

   S-matrix    3 =    1.00000  -0.00000 for L=   39, J=   38.0 channel on core I =   2.0 from L=   39,  Acc. loss =  0.0 D.
 Elastic phase shift   3 =   -0.000   0.000 deg. for the L =   39, J =   38.0 channel.
      39.0  1.00000000 -0.00000002i: elastic S-matrix  @@      0.00  0   0 F  0
 Reaction Xsec    39.0+/39 @ 3 =   0.001#, Out:   0.000#   0.000#   0.000f

   S-matrix    4 =    1.00000  -0.00000 for L=   39, J=   39.0 channel on core I =   2.0 from L=   39,  Acc. loss =  0.0 D.
 Elastic phase shift   4 =   -0.000   0.000 deg. for the L =   39, J =   39.0 channel.
      39.0  1.00000000 -0.00000001i: elastic S-matrix  @@      0.00  0   0 F  0
 Reaction Xsec    39.0+/39 @ 4 =   0.001#, Out:   0.000#   0.000#   0.000f

   S-matrix    5 =    1.00000  -0.00000 for L=   39, J=   40.0 channel on core I =   2.0 from L=   39,  Acc. loss =  0.0 D.
 Elastic phase shift   5 =   -0.000   0.000 deg. for the L =   39, J =   40.0 channel.
      39.0  1.00000000 -0.00000000i: elastic S-matrix  @@      0.00  0   0 F  0
 Reaction Xsec    39.0+/39 @ 5 =   0.001#, Out:   0.000#   0.000#   0.000f

   S-matrix    6 =    1.00000  -0.00000 for L=   41, J=   40.0 channel on core I =   2.0 from L=   41,  Acc. loss =  0.0 D.
 Elastic phase shift   6 =   -0.000   0.000 deg. for the L =   41, J =   40.0 channel.
      39.0  1.00000000 -0.00000001i: elastic S-matrix  @@      0.00  0   0 F  0
 Reaction Xsec    39.0+/41 @ 6 =   0.000#, Out:   0.000#   0.000#   0.000f

   S-matrix    7 =    1.00000  -0.00000 for L=   41, J=   41.0 channel on core I =   2.0 from L=   41,  Acc. loss =  0.0 D.
 Elastic phase shift   7 =   -0.000   0.000 deg. for the L =   41, J =   41.0 channel.
      39.0  1.00000000 -0.00000001i: elastic S-matrix  @@      0.00  0   0 F  0
 Reaction Xsec    39.0+/41 @ 7 =   0.000#, Out:   0.000#   0.000#   0.000f


 Total SPIN, PARITY =    39.0 -,     10 chs,      0 cc.  Rmin & Coul turning =    3.1   22.8
   S-matrix    1 =    1.00000   0.00000 for L=   36, J=   37.0 channel on core I =   2.0 from L=   36,  Acc. loss =  0.0 D.
 Elastic phase shift   1 =    0.000   0.000 deg. for the L =   36, J =   37.0 channel.
      39.0  1.00000000  0.00000004i: elastic S-matrix  @@      0.00  0   0 F  0
 Reaction Xsec    39.0-/36 @ 1 =   0.016#, Out:   0.000#   0.000#   0.000f

   S-matrix    2 =    1.00000  -0.00000 for L=   38, J=   37.0 channel on core I =   2.0 from L=   38,  Acc. loss =  0.0 D.
 Elastic phase shift   2 =   -0.000   0.000 deg. for the L =   38, J =   37.0 channel.
      39.0  1.00000000 -0.00000002i: elastic S-matrix  @@      0.00  0   0 F  0
 Reaction Xsec    39.0-/38 @ 2 =   0.003#, Out:   0.000#   0.000#   0.000f

   S-matrix    3 =    1.00000  -0.00000 for L=   38, J=   38.0 channel on core I =   2.0 from L=   38,  Acc. loss =  0.0 D.
 Elastic phase shift   3 =   -0.000   0.000 deg. for the L =   38, J =   38.0 channel.
      39.0  1.00000000 -0.00000001i: elastic S-matrix  @@      0.00  0   0 F  0
 Reaction Xsec    39.0-/38 @ 3 =   0.003#, Out:   0.000#   0.000#   0.000f

   S-matrix    4 =    1.00000   0.00000 for L=   38, J=   39.0 channel on core I =   2.0 from L=   38,  Acc. loss =  0.0 D.
 Elastic phase shift   4 =    0.000   0.000 deg. for the L =   38, J =   39.0 channel.
      39.0  1.00000000  0.00000000i: elastic S-matrix  @@      0.00  0   0 F  0
 Reaction Xsec    39.0-/38 @ 4 =   0.003#, Out:   0.000#   0.000#   0.000f

   S-matrix    5 =    1.00000  -0.00000 for L=   40, J=   39.0 channel on core I =   2.0 from L=   40,  Acc. loss =  0.0 D.
 Elastic phase shift   5 =   -0.000   0.000 deg. for the L =   40, J =   39.0 channel.
      39.0  1.00000000 -0.00000001i: elastic S-matrix  @@      0.00  0   0 F  0
 Reaction Xsec    39.0-/40 @ 5 =   0.001#, Out:   0.000#   0.000#   0.000f

   S-matrix    6 =    1.00000  -0.00000 for L=   40, J=   40.0 channel on core I =   2.0 from L=   40,  Acc. loss =  0.0 D.
 Elastic phase shift   6 =   -0.000   0.000 deg. for the L =   40, J =   40.0 channel.
      39.0  1.00000000 -0.00000001i: elastic S-matrix  @@      0.00  0   0 F  0
 Reaction Xsec    39.0-/40 @ 6 =   0.001#, Out:   0.000#   0.000#   0.000f

   S-matrix    7 =    1.00000  -0.00000 for L=   40, J=   41.0 channel on core I =   2.0 from L=   40,  Acc. loss =  0.0 D.
 Elastic phase shift   7 =   -0.000   0.000 deg. for the L =   40, J =   41.0 channel.
      39.0  1.00000000 -0.00000001i: elastic S-matrix  @@      0.00  0   0 F  0
 Reaction Xsec    39.0-/40 @ 7 =   0.001#, Out:   0.000#   0.000#   0.000f

   S-matrix    8 =    1.00000  -0.00000 for L=   42, J=   41.0 channel on core I =   2.0 from L=   42,  Acc. loss =  0.0 D.
 Elastic phase shift   8 =   -0.000   0.000 deg. for the L =   42, J =   41.0 channel.
      39.0  1.00000000 -0.00000000i: elastic S-matrix  @@      0.00  0   0 F  0
 Reaction Xsec    39.0-/42 @ 8 =   0.000#, Out:   0.000#   0.000#   0.000f


 Total SPIN, PARITY =    40.0 +,     10 chs,      0 cc.  Rmin & Coul turning =    3.2   23.4
   S-matrix    1 =    1.00000   0.00000 for L=   37, J=   38.0 channel on core I =   2.0 from L=   37,  Acc. loss =  0.0 D.
 Elastic phase shift   1 =    0.000   0.000 deg. for the L =   37, J =   38.0 channel.
      40.0  1.00000000  0.00000002i: elastic S-matrix  @@      0.00  0   0 F  0
 Reaction Xsec    40.0+/37 @ 1 =   0.007#, Out:   0.000#   0.000#   0.000f

   S-matrix    2 =    1.00000  -0.00000 for L=   39, J=   38.0 channel on core I =   2.0 from L=   39,  Acc. loss =  0.0 D.
 Elastic phase shift   2 =   -0.000   0.000 deg. for the L =   39, J =   38.0 channel.
      40.0  1.00000000 -0.00000002i: elastic S-matrix  @@      0.00  0   0 F  0
 Reaction Xsec    40.0+/39 @ 2 =   0.001#, Out:   0.000#   0.000#   0.000f

   S-matrix    3 =    1.00000  -0.00000 for L=   39, J=   39.0 channel on core I =   2.0 from L=   39,  Acc. loss =  0.0 D.
 Elastic phase shift   3 =   -0.000   0.000 deg. for the L =   39, J =   39.0 channel.
      40.0  1.00000000 -0.00000001i: elastic S-matrix  @@      0.00  0   0 F  0
 Reaction Xsec    40.0+/39 @ 3 =   0.001#, Out:   0.000#   0.000#   0.000f

   S-matrix    4 =    1.00000  -0.00000 for L=   39, J=   40.0 channel on core I =   2.0 from L=   39,  Acc. loss =  0.0 D.
 Elastic phase shift   4 =   -0.000   0.000 deg. for the L =   39, J =   40.0 channel.
      40.0  1.00000000 -0.00000000i: elastic S-matrix  @@      0.00  0   0 F  0
 Reaction Xsec    40.0+/39 @ 4 =   0.001#, Out:   0.000#   0.000#   0.000f

   S-matrix    5 =    1.00000  -0.00000 for L=   41, J=   40.0 channel on core I =   2.0 from L=   41,  Acc. loss =  0.0 D.
 Elastic phase shift   5 =   -0.000   0.000 deg. for the L =   41, J =   40.0 channel.
      40.0  1.00000000 -0.00000001i: elastic S-matrix  @@      0.00  0   0 F  0
 Reaction Xsec    40.0+/41 @ 5 =   0.000#, Out:   0.000#   0.000#   0.000f

   S-matrix    6 =    1.00000  -0.00000 for L=   41, J=   41.0 channel on core I =   2.0 from L=   41,  Acc. loss =  0.0 D.
 Elastic phase shift   6 =   -0.000   0.000 deg. for the L =   41, J =   41.0 channel.
      40.0  1.00000000 -0.00000001i: elastic S-matrix  @@      0.00  0   0 F  0
 Reaction Xsec    40.0+/41 @ 6 =   0.000#, Out:   0.000#   0.000#   0.000f

   S-matrix    7 =    1.00000  -0.00000 for L=   41, J=   42.0 channel on core I =   2.0 from L=   41,  Acc. loss =  0.0 D.
 Elastic phase shift   7 =   -0.000   0.000 deg. for the L =   41, J =   42.0 channel.
      40.0  1.00000000 -0.00000000i: elastic S-matrix  @@      0.00  0   0 F  0
 Reaction Xsec    40.0+/41 @ 7 =   0.000#, Out:   0.000#   0.000#   0.000f

   S-matrix    8 =    1.00000  -0.00000 for L=   43, J=   42.0 channel on core I =   2.0 from L=   43,  Acc. loss =  0.0 D.
 Elastic phase shift   8 =   -0.000   0.000 deg. for the L =   43, J =   42.0 channel.
      40.0  1.00000000 -0.00000000i: elastic S-matrix  @@      0.00  0   0 F  0
 Reaction Xsec    40.0+/43 @ 8 =   0.000#, Out:   0.000#   0.000#   0.000f


 Total SPIN, PARITY =    40.0 -,      9 chs,      0 cc.  Rmin & Coul turning =    3.2   23.4
   S-matrix    1 =    1.00000  -0.00000 for L=   38, J=   38.0 channel on core I =   2.0 from L=   38,  Acc. loss =  0.0 D.
 Elastic phase shift   1 =   -0.000   0.000 deg. for the L =   38, J =   38.0 channel.
      40.0  1.00000000 -0.00000001i: elastic S-matrix  @@      0.00  0   0 F  0
 Reaction Xsec    40.0-/38 @ 1 =   0.003#, Out:   0.000#   0.000#   0.000f

   S-matrix    2 =    1.00000   0.00000 for L=   38, J=   39.0 channel on core I =   2.0 from L=   38,  Acc. loss =  0.0 D.
 Elastic phase shift   2 =    0.000   0.000 deg. for the L =   38, J =   39.0 channel.
      40.0  1.00000000  0.00000000i: elastic S-matrix  @@      0.00  0   0 F  0
 Reaction Xsec    40.0-/38 @ 2 =   0.003#, Out:   0.000#   0.000#   0.000f

   S-matrix    3 =    1.00000  -0.00000 for L=   40, J=   39.0 channel on core I =   2.0 from L=   40,  Acc. loss =  0.0 D.
 Elastic phase shift   3 =   -0.000   0.000 deg. for the L =   40, J =   39.0 channel.
      40.0  1.00000000 -0.00000001i: elastic S-matrix  @@      0.00  0   0 F  0
 Reaction Xsec    40.0-/40 @ 3 =   0.001#, Out:   0.000#   0.000#   0.000f

   S-matrix    4 =    1.00000  -0.00000 for L=   40, J=   40.0 channel on core I =   2.0 from L=   40,  Acc. loss =  0.0 D.
 Elastic phase shift   4 =   -0.000   0.000 deg. for the L =   40, J =   40.0 channel.
      40.0  1.00000000 -0.00000001i: elastic S-matrix  @@      0.00  0   0 F  0
 Reaction Xsec    40.0-/40 @ 4 =   0.001#, Out:   0.000#   0.000#   0.000f

   S-matrix    5 =    1.00000  -0.00000 for L=   40, J=   41.0 channel on core I =   2.0 from L=   40,  Acc. loss =  0.0 D.
 Elastic phase shift   5 =   -0.000   0.000 deg. for the L =   40, J =   41.0 channel.
      40.0  1.00000000 -0.00000001i: elastic S-matrix  @@      0.00  0   0 F  0
 Reaction Xsec    40.0-/40 @ 5 =   0.001#, Out:   0.000#   0.000#   0.000f

   S-matrix    6 =    1.00000  -0.00000 for L=   42, J=   41.0 channel on core I =   2.0 from L=   42,  Acc. loss =  0.0 D.
 Elastic phase shift   6 =   -0.000   0.000 deg. for the L =   42, J =   41.0 channel.
      40.0  1.00000000 -0.00000000i: elastic S-matrix  @@      0.00  0   0 F  0
 Reaction Xsec    40.0-/42 @ 6 =   0.000#, Out:   0.000#   0.000#   0.000f

   S-matrix    7 =    1.00000  -0.00000 for L=   42, J=   42.0 channel on core I =   2.0 from L=   42,  Acc. loss =  0.0 D.
 Elastic phase shift   7 =   -0.000   0.000 deg. for the L =   42, J =   42.0 channel.
      40.0  1.00000000 -0.00000000i: elastic S-matrix  @@      0.00  0   0 F  0
 Reaction Xsec    40.0-/42 @ 7 =   0.000#, Out:   0.000#   0.000#   0.000f

 Finished all CC sets @   0.177565008    
0CUMULATIVE REACTION cross section                 =  998.46260  <L> =     6.91  <L**2> =     56.3
0CUMULATIVE outgoing cross sections in partition 1 :    0.00000
0CUMULATIVE outgoing cross sections in partition 2 :    3.66943
0Cumulative ABSORBTION by Imaginary Potentials     =  994.79317  <L> =     6.90  <L**2> =     56.2
   Fusion for specific d        M-states : 1015.567289 1015.496379 1015.567289
0CUMULATIVE OUTGOING cross section                 =    3.66943
 To convert to S-factors (MeV.mb = keV.b),  multiply by  1.6808E+02


 CROSS SECTIONS FOR OUTGOING d        & 16N      in state #   1 with spins & parities 1.0  + &  2.0  -;  0

     0.01 deg.: X-S =   8.6739E+14 mb/sr,
+                                         /R =   1.0000E+00
     2.00 deg.: X-S =   4.4771E+05 mb/sr,
+                                         /R =   8.2569E-01
     4.00 deg.: X-S =   2.1626E+04 mb/sr,
+                                         /R =   6.3774E-01
     6.00 deg.: X-S =  6049.215955 mb/sr,
+                                         /R =   9.0218E-01
     8.00 deg.: X-S =  3948.096937 mb/sr,
+                                         /R =   1.8583E+00
    10.00 deg.: X-S =  2917.792574 mb/sr,
+                                         /R =   3.3468E+00
    12.00 deg.: X-S =  2036.019163 mb/sr,
+                                         /R =   4.8319E+00
    14.00 deg.: X-S =  1289.477613 mb/sr,
+                                         /R =   5.6544E+00
    16.00 deg.: X-S =   721.890737 mb/sr,
+                                         /R =   5.3838E+00
    18.00 deg.: X-S =   341.627097 mb/sr,
+                                         /R =   4.0670E+00
    20.00 deg.: X-S =   123.631964 mb/sr,
+                                         /R =   2.2346E+00
    22.00 deg.: X-S =    25.100001 mb/sr,
+                                         /R =   6.6140E-01
    24.00 deg.: X-S =     0.300067 mb/sr,
+                                         /R =   1.1146E-02
    26.00 deg.: X-S =    10.704174 mb/sr,
+                                         /R =   5.4488E-01
    28.00 deg.: X-S =    29.747243 mb/sr,
+                                         /R =   2.0255E+00
    30.00 deg.: X-S =    43.127139 mb/sr,
+                                         /R =   3.8471E+00
    32.00 deg.: X-S =    46.282271 mb/sr,
+                                         /R =   5.3108E+00
    34.00 deg.: X-S =    40.740009 mb/sr,
+                                         /R =   5.9178E+00
    36.00 deg.: X-S =    30.645253 mb/sr,
+                                         /R =   5.5550E+00
    38.00 deg.: X-S =    20.216980 mb/sr,
+                                         /R =   4.5152E+00
    40.00 deg.: X-S =    12.353947 mb/sr,
+                                         /R =   3.3605E+00
    42.00 deg.: X-S =     8.239811 mb/sr,
+                                         /R =   2.7016E+00
    44.00 deg.: X-S =     7.614594 mb/sr,
+                                         /R =   2.9809E+00
    46.00 deg.: X-S =     9.353687 mb/sr,
+                                         /R =   4.3340E+00
    48.00 deg.: X-S =    12.069271 mb/sr,
+                                         /R =   6.5664E+00
    50.00 deg.: X-S =    14.562853 mb/sr,
+                                         /R =   9.2349E+00
    52.00 deg.: X-S =    16.066695 mb/sr,
+                                         /R =   1.1795E+01
    54.00 deg.: X-S =    16.291316 mb/sr,
+                                         /R =   1.3757E+01
    56.00 deg.: X-S =    15.338792 mb/sr,
+                                         /R =   1.4812E+01
    58.00 deg.: X-S =    13.552065 mb/sr,
+                                         /R =   1.4883E+01
    60.00 deg.: X-S =    11.359507 mb/sr,
+                                         /R =   1.4113E+01
    62.00 deg.: X-S =     9.152889 mb/sr,
+                                         /R =   1.2803E+01
    64.00 deg.: X-S =     7.214931 mb/sr,
+                                         /R =   1.1310E+01
    66.00 deg.: X-S =     5.695214 mb/sr,
+                                         /R =   9.9618E+00
    68.00 deg.: X-S =     4.622746 mb/sr,
+                                         /R =   8.9855E+00
    70.00 deg.: X-S =     3.939583 mb/sr,
+                                         /R =   8.4764E+00
    72.00 deg.: X-S =     3.540971 mb/sr,
+                                         /R =   8.4022E+00
    74.00 deg.: X-S =     3.311325 mb/sr,
+                                         /R =   8.6347E+00
    76.00 deg.: X-S =     3.150080 mb/sr,
+                                         /R =   8.9967E+00
    78.00 deg.: X-S =     2.985714 mb/sr,
+                                         /R =   9.3096E+00
    80.00 deg.: X-S =     2.779263 mb/sr,
+                                         /R =   9.4318E+00
    82.00 deg.: X-S =     2.520314 mb/sr,
+                                         /R =   9.2816E+00
    84.00 deg.: X-S =     2.218887 mb/sr,
+                                         /R =   8.8425E+00
    86.00 deg.: X-S =     1.896203 mb/sr,
+                                         /R =   8.1548E+00
    88.00 deg.: X-S =     1.576494 mb/sr,
+                                         /R =   7.2975E+00
    90.00 deg.: X-S =     1.281029 mb/sr,
+                                         /R =   6.3664E+00
    92.00 deg.: X-S =     1.024717 mb/sr,
+                                         /R =   5.4543E+00
    94.00 deg.: X-S =     0.815004 mb/sr,
+                                         /R =   4.6352E+00
    96.00 deg.: X-S =     0.652504 mb/sr,
+                                         /R =   3.9561E+00
    98.00 deg.: X-S =     0.532638 mb/sr,
+                                         /R =   3.4352E+00
   100.00 deg.: X-S =     0.447666 mb/sr,
+                                         /R =   3.0645E+00
   102.00 deg.: X-S =     0.388634 mb/sr,
+                                         /R =   2.8180E+00
   104.00 deg.: X-S =     0.346912 mb/sr,
+                                         /R =   2.6591E+00
   106.00 deg.: X-S =     0.315232 mb/sr,
+                                         /R =   2.5493E+00
   108.00 deg.: X-S =     0.288195 mb/sr,
+                                         /R =   2.4542E+00
   110.00 deg.: X-S =     0.262351 mb/sr,
+                                         /R =   2.3482E+00
   112.00 deg.: X-S =     0.235983 mb/sr,
+                                         /R =   2.2160E+00
   114.00 deg.: X-S =     0.208704 mb/sr,
+                                         /R =   2.0525E+00
   116.00 deg.: X-S =     0.181008 mb/sr,
+                                         /R =   1.8611E+00
   118.00 deg.: X-S =     0.153840 mb/sr,
+                                         /R =   1.6509E+00
   120.00 deg.: X-S =     0.128245 mb/sr,
+                                         /R =   1.4340E+00
   122.00 deg.: X-S =     0.105123 mb/sr,
+                                         /R =   1.2228E+00
   124.00 deg.: X-S =     0.085086 mb/sr,
+                                         /R =   1.0280E+00
   126.00 deg.: X-S =     0.068410 mb/sr,
+                                         /R =   8.5711E-01
   128.00 deg.: X-S =     0.055055 mb/sr,
+                                         /R =   7.1423E-01
   130.00 deg.: X-S =     0.044732 mb/sr,
+                                         /R =   5.9995E-01
   132.00 deg.: X-S =     0.036986 mb/sr,
+                                         /R =   5.1210E-01
   134.00 deg.: X-S =     0.031294 mb/sr,
+                                         /R =   4.4664E-01
   136.00 deg.: X-S =     0.027134 mb/sr,
+                                         /R =   3.9864E-01
   138.00 deg.: X-S =     0.024051 mb/sr,
+                                         /R =   3.6319E-01
   140.00 deg.: X-S =     0.021680 mb/sr,
+                                         /R =   3.3605E-01
   142.00 deg.: X-S =     0.019766 mb/sr,
+                                         /R =   3.1405E-01
   144.00 deg.: X-S =     0.018147 mb/sr,
+                                         /R =   2.9513E-01
   146.00 deg.: X-S =     0.016735 mb/sr,
+                                         /R =   2.7824E-01
   148.00 deg.: X-S =     0.015494 mb/sr,
+                                         /R =   2.6298E-01
   150.00 deg.: X-S =     0.014407 mb/sr,
+                                         /R =   2.4931E-01
   152.00 deg.: X-S =     0.013459 mb/sr,
+                                         /R =   2.3716E-01
   154.00 deg.: X-S =     0.012628 mb/sr,
+                                         /R =   2.2627E-01
   156.00 deg.: X-S =     0.011873 mb/sr,
+                                         /R =   2.1606E-01
   158.00 deg.: X-S =     0.011145 mb/sr,
+                                         /R =   2.0572E-01
   160.00 deg.: X-S =     0.010393 mb/sr,
+                                         /R =   1.9433E-01
   162.00 deg.: X-S =     0.009572 mb/sr,
+                                         /R =   1.8108E-01
   164.00 deg.: X-S =     0.008657 mb/sr,
+                                         /R =   1.6550E-01
   166.00 deg.: X-S =     0.007648 mb/sr,
+                                         /R =   1.4755E-01
   168.00 deg.: X-S =     0.006570 mb/sr,
+                                         /R =   1.2776E-01
   170.00 deg.: X-S =     0.005473 mb/sr,
+                                         /R =   1.0714E-01
   172.00 deg.: X-S =     0.004425 mb/sr,
+                                         /R =   8.7108E-02
   174.00 deg.: X-S =     0.003503 mb/sr,
+                                         /R =   6.9252E-02
   176.00 deg.: X-S =     0.002781 mb/sr,
+                                         /R =   5.5144E-02
   178.00 deg.: X-S =     0.002320 mb/sr,
+                                         /R =   4.6096E-02
   179.99 deg.: X-S =     0.002162 mb/sr,
+                                         /R =   4.2978E-02
                                           Integrated********** mb, over [   0.000, 180.000] at    40.0000 MeV 

 CROSS SECTIONS FOR OUTGOING 3He      & 15C      in state #   1 with spins & parities 0.5  + &  0.5  +;  0

     0.00 deg.: X-S =     0.883046 mb/sr,
+                                         REAC   3.6694E+00 mb
     2.00 deg.: X-S =     1.702042 mb/sr,
     4.00 deg.: X-S =     3.735324 mb/sr,
     6.00 deg.: X-S =     5.963926 mb/sr,
     8.00 deg.: X-S =     7.352673 mb/sr,
    10.00 deg.: X-S =     7.370994 mb/sr,
    12.00 deg.: X-S =     6.161114 mb/sr,
    14.00 deg.: X-S =     4.332297 mb/sr,
    16.00 deg.: X-S =     2.581392 mb/sr,
    18.00 deg.: X-S =     1.378211 mb/sr,
    20.00 deg.: X-S =     0.845718 mb/sr,
    22.00 deg.: X-S =     0.825394 mb/sr,
    24.00 deg.: X-S =     1.035253 mb/sr,
    26.00 deg.: X-S =     1.220977 mb/sr,
    28.00 deg.: X-S =     1.241449 mb/sr,
    30.00 deg.: X-S =     1.079607 mb/sr,
    32.00 deg.: X-S =     0.802718 mb/sr,
    34.00 deg.: X-S =     0.506242 mb/sr,
    36.00 deg.: X-S =     0.268234 mb/sr,
    38.00 deg.: X-S =     0.126784 mb/sr,
    40.00 deg.: X-S =     0.079819 mb/sr,
    42.00 deg.: X-S =     0.098935 mb/sr,
    44.00 deg.: X-S =     0.147298 mb/sr,
    46.00 deg.: X-S =     0.194064 mb/sr,
    48.00 deg.: X-S =     0.221798 mb/sr,
    50.00 deg.: X-S =     0.227002 mb/sr,
    52.00 deg.: X-S =     0.216068 mb/sr,
    54.00 deg.: X-S =     0.199543 mb/sr,
    56.00 deg.: X-S =     0.187101 mb/sr,
    58.00 deg.: X-S =     0.184502 mb/sr,
    60.00 deg.: X-S =     0.192797 mb/sr,
    62.00 deg.: X-S =     0.209231 mb/sr,
    64.00 deg.: X-S =     0.229020 mb/sr,
    66.00 deg.: X-S =     0.247208 mb/sr,
    68.00 deg.: X-S =     0.260036 mb/sr,
    70.00 deg.: X-S =     0.265612 mb/sr,
    72.00 deg.: X-S =     0.263902 mb/sr,
    74.00 deg.: X-S =     0.256260 mb/sr,
    76.00 deg.: X-S =     0.244752 mb/sr,
    78.00 deg.: X-S =     0.231504 mb/sr,
    80.00 deg.: X-S =     0.218221 mb/sr,
    82.00 deg.: X-S =     0.205951 mb/sr,
    84.00 deg.: X-S =     0.195059 mb/sr,
    86.00 deg.: X-S =     0.185370 mb/sr,
    88.00 deg.: X-S =     0.176394 mb/sr,
    90.00 deg.: X-S =     0.167555 mb/sr,
    92.00 deg.: X-S =     0.158376 mb/sr,
    94.00 deg.: X-S =     0.148593 mb/sr,
    96.00 deg.: X-S =     0.138187 mb/sr,
    98.00 deg.: X-S =     0.127355 mb/sr,
   100.00 deg.: X-S =     0.116431 mb/sr,
   102.00 deg.: X-S =     0.105801 mb/sr,
   104.00 deg.: X-S =     0.095809 mb/sr,
   106.00 deg.: X-S =     0.086704 mb/sr,
   108.00 deg.: X-S =     0.078602 mb/sr,
   110.00 deg.: X-S =     0.071492 mb/sr,
   112.00 deg.: X-S =     0.065265 mb/sr,
   114.00 deg.: X-S =     0.059756 mb/sr,
   116.00 deg.: X-S =     0.054793 mb/sr,
   118.00 deg.: X-S =     0.050241 mb/sr,
   120.00 deg.: X-S =     0.046020 mb/sr,
   122.00 deg.: X-S =     0.042113 mb/sr,
   124.00 deg.: X-S =     0.038550 mb/sr,
   126.00 deg.: X-S =     0.035377 mb/sr,
   128.00 deg.: X-S =     0.032626 mb/sr,
   130.00 deg.: X-S =     0.030288 mb/sr,
   132.00 deg.: X-S =     0.028297 mb/sr,
   134.00 deg.: X-S =     0.026538 mb/sr,
   136.00 deg.: X-S =     0.024866 mb/sr,
   138.00 deg.: X-S =     0.023140 mb/sr,
   140.00 deg.: X-S =     0.021261 mb/sr,
   142.00 deg.: X-S =     0.019203 mb/sr,
   144.00 deg.: X-S =     0.017026 mb/sr,
   146.00 deg.: X-S =     0.014871 mb/sr,
   148.00 deg.: X-S =     0.012935 mb/sr,
   150.00 deg.: X-S =     0.011428 mb/sr,
   152.00 deg.: X-S =     0.010521 mb/sr,
   154.00 deg.: X-S =     0.010305 mb/sr,
   156.00 deg.: X-S =     0.010760 mb/sr,
   158.00 deg.: X-S =     0.011750 mb/sr,
   160.00 deg.: X-S =     0.013043 mb/sr,
   162.00 deg.: X-S =     0.014355 mb/sr,
   164.00 deg.: X-S =     0.015404 mb/sr,
   166.00 deg.: X-S =     0.015968 mb/sr,
   168.00 deg.: X-S =     0.015933 mb/sr,
   170.00 deg.: X-S =     0.015317 mb/sr,
   172.00 deg.: X-S =     0.014263 mb/sr,
   174.00 deg.: X-S =     0.013010 mb/sr,
   176.00 deg.: X-S =     0.011839 mb/sr,
   178.00 deg.: X-S =     0.011012 mb/sr,
   180.00 deg.: X-S =     0.010714 mb/sr,
                                           Integrated    3.6689 mb, over [   0.000, 180.000] at    40.0000 MeV 
 Finished all xsecs @   0.201564997    

  The following files have been created:
   3:local copy of User input.            6:standard output.                   
   7:elastic  S-matrix elements.         12:transfer kernels.                  
  13:total cross sections/state.         16:tables of cross sections.          
  35:Astrophysics S-factors  / Ecm.      38:cross sections for each J/pi.      
  39:cross sections for each Ecm.        40:all cross sectns. for each Elab.   
  45:scat phase shift as E functions.    46:bs wave functions & ANC ratios.    
  56:Fusion for each Jtotal.             75:S-factors for lab energies.        
 201:Separate cross sections.           202:Separate cross sections.           

 PARAMETERS : MAXQRN   MFNL   MLOC  LMAX1 MCLIST
    ALLOWED :      4    100     13     60      6
    REQUIRED:      1     10     13     44      4


 ACCURACY ANALYSIS at    40.000 MeV :

  Elastic h*k = 0.087 so OK       compared with 0.200

   Real(S-el) > 0.01 first at J =       1.0
   Real(S-el) > 0.10 first at J =       1.0
   Real(S-el) > 0.50 first at J =       6.0
   Real(S-el) > 0.90 first at J =       8.0
   Real(S-el) > 0.99 first at J =      11.0
   R-turn =    23.37 fm    at J =      40.0

 Forward-angle excitation cut off below   0.700 deg by max JT =      40.0
                              and below   0.650 deg by max R.


 1: Recommended RNL: non-local width >   2.40 cf:   5.00 fm: OK      
    Recommended CENTRE: centration   ~   0.00 cf:   0.80 fm

 Total CPU  0 time =       0.20 seconds
