 FRESCO - FRES 3.4: Coupled Reaction Channels
 Assuming NAMELIST input.

 8Li(d,3He)7He @ 45 AMeV Daeh OMP (d) + Pang OMP (3He) and Ex = 17 MeV           

   0.050  25.000   0.500   0.200   5.000   0.900   0.000   0.000   0.000   0.000

 Centre-of-mass Range is    502 * 0.0500 fm., Maximum at  25.00 fm., Interpolating NL forms every  0.50 fm.
 Non - locality width is     26 * 0.2000 fm., Maximum of   5.00 fm., Centred at  0.80 fm.
 2-Nucleon Separation of      0 * 0.5000 fm., Maximum of   0.00 fm., Minimum at  0.00 fm.
 Maximum single particle bins of 25.0000 fm.
               M,Mint =          501         501


 Range of total J is     0.0 <= J <=    40.0 (at least     0.0) and Absorbtion =>    -0.1000 mb.
 Dry Run = F, CC set limits =  0  0, Relativistic kinematics =  , Both/Far/Near Analyses =  1                     

 Cross Sections (and up to T0 for 0=projectile) for Theta from   0.0 to 180.0 in steps of  1.0 degrees, DGAM=0,  Coordinates = 0 (Mads)

 Lower Radial Cutoff = maximum of -1.60*L*h &       0.0 fm.,  Lower Cutoff for Couplings =   0.0  fm.


 Iterate Couplings between   0 and   1 times, to  0.000 % if sooner.                                          
  Block solved exactly =   0 chs., with Pade = 0 & Isocen =  =0, NOSOL = F, initwf =  0
  NL quadrature with   18 Gaussian points, Calculate multipoles up to    46 from   0
  M-transfers for lp+lt greater than or equal to  6, Angular Integration Cutoff below  2.7778 %


 Trace switches are :  CHANS =  1, LISTCC =  0, TRENEG =  0, CDETR =  0, SMATS =  2, XSTABL =  1, NLPL =  0

                       WAVES =  0, LAMPL =  0, VEFF =  0, KFUS =  0, WDISK =  0, BPM =  0, MELFIL =  0

                       CDCC =  0, NFUS =  0

 Using unit mass = 1.000000 amu and 1/fine-structure constant = 137.03599 ( 1.000000 * true ) with hc = 197.32705 MeV.fm,
  thus 2*amu/hbar^2 = 0.0478450 = 1/20.9008 and Coulomb constant = 0.1574855 so e^2 = 1.43997, and nuclear magneton= 0.1261183

 Now pre-scan input and save to file 3



 *********** PARTITION NUMBER  1 ******************************************************************************************

   PROJ=d          MASS=  2.0136 Z=   1.0,        # STATES=    1T, TARG=8Li      MASS=  8.0208 Z=   3.0,     Q-VALUE =   0.0000 MEV.

     1:  J= 1.0+ (B# 1), E=  0.0000, K= 0.0              Potl#  1       J= 2.0+ (B# 1), E=  0.0000, K= 0.0    


 *********** PARTITION NUMBER  2 ******************************************************************************************

   PROJ=3He        MASS=  3.0149 Z=   2.0,        # STATES=    5T, TARG=7He      MASS=  7.0269 Z=   2.0,     Q-VALUE =  -6.9227 MEV.

     1:  J= 0.5+ (B# 1), E=  0.0000, K= 0.5              Potl#  2       J= 1.5+ (B# 1), E= 17.0000, K= 0.5    

     2:  J= 0.5+ (B# 1), E=  0.0000, K= 0.5              Potl#  2       J= 1.5- (B#-1), E= 17.0000, K= 0.5    
                                  (Just State  1)

     3:  J= 0.5+ (B# 1), E=  0.0000, K= 0.5              Potl#  2       J= 1.5+ (B# 1), E= 17.0000, K= 0.5    
                                  (Just State  1)

     4:  J= 0.5+ (B# 1), E=  0.0000, K= 0.5              Potl#  2       J= 1.5+ (B# 1), E= 17.0000, K= 0.5    
                                  (Just State  1)

     5:  J= 0.5+ (B# 1), E=  0.0000, K= 0.5              Potl#  2       J= 2.5+ (B# 1), E= 17.0000, K= 0.5    
                                  (Just State  1)


 ************************************************************************************************************************************

 The following POTENTIALS are defined :

  KP#       TYPE      IT    SHAPE      at     V1        r1        a1        V2        r2        a2        A-in     A-used


                                            A#1       A#2        r0c       ac                                                h @ 1
    1    0=Coulomb       0=CHARGE (WS)  1     8.000     0.000    1.3000    0.0000    0.0000    0.0000     0.000     8.000   0.05000

    1    1=Volume        0=Woods-Saxon  2   66.4200    1.1700    0.8620    8.0718    1.3250    0.6658     0.000     8.000

    1    2=Surface       0=Woods-Saxon  3    0.0000    0.0000    0.0000    6.4682    1.3250    0.6658     0.000     8.000

    1    3=Projtl S.O.   0=Woods-Saxon  4    2.3600    1.0700    0.6600    0.0000    0.0000    0.0000     0.000     8.000
   --------------------------------------------------------------------------------------------------------------------

                                            A#1       A#2        r0c       ac                                                h @ 2
    2    0=Coulomb       0=CHARGE (WS)  5     7.000     0.000    1.3027    0.0000    0.0000    0.0000     0.000     7.000   0.05000

    2    1=Volume        0=Woods-Saxon  6  109.5948    1.0491    0.8200    5.9415    1.2420    0.8400     0.000     7.000

    2    2=Surface       0=Woods-Saxon  7    0.0000    0.0000    0.0000   20.6494    1.2420    0.8400     0.000     7.000
   --------------------------------------------------------------------------------------------------------------------

                                            A#1       A#2        r0c       ac                                                h @ 0
    3    0=Coulomb       0=CHARGE (WS)  8     1.000     0.000    2.0000    0.0000    0.0000    0.0000     0.000     1.000   0.05000

    3    1=Volume        0=Woods-Saxon  9  179.9400    0.5400    0.6800    0.0000    0.0000    0.0000     0.000     1.000

    3    1=Volume        2=Gaussian    10 -203.3300    0.0000    0.6400    0.0000    0.0000    0.0000     0.000     1.000
   --------------------------------------------------------------------------------------------------------------------

                                            A#1       A#2        r0c       ac                                                h @ 0
    4    0=Coulomb       0=CHARGE (WS) 11     7.000     0.000    1.2500    0.0000    0.0000    0.0000     0.000     7.000   0.05000

    4    1=Volume        0=Woods-Saxon 12   60.0000    1.2500    0.6500    0.0000    0.0000    0.0000     0.000     7.000

    4    3=Projtl S.O.   0=Woods-Saxon 13    6.0000    1.1000    0.6500    0.0000    0.0000    0.0000     0.000     7.000


 ************************************************************************************************************************************

 The following SINGLE-PARTICLE FORM FACTORS are constructed :


 No.   P1 P2 IN KIND T N  L  S1 IA J/S  IB BIND XFER  BE    SC PC FIL AFRAC Adjust  to  Z  Mass   K     Norm    rms      D0     D   ANC/Gsp

    Parameters      Mismatch   Nodes -> 1 in ch  1

      1.000000     0.00133953     1    57
      0.999412     0.00000126     1    57

 No.   P1 P2 IN KIND T N  L  S1 IA J/S  IB BIND XFER  BE    SC PC FIL AFRAC Adjust  to  Z  Mass   K     Norm    rms      D0     D   ANC/Gsp

    1:  1  2  1  0     1  0 0.5  1 0.5   0   3   0   5.4936  1  4  0 1.0000 VR  0.9994; 1. 1.007 0.4201 1.0000  2.785 -163.9 -171.0  1.8330

    Parameters      Mismatch   Nodes -> 1 in ch  1

      1.000000    -0.47615298     1    48
      1.113229     0.14433057     1    48
      1.093341     0.00810001     1    48
      1.092089     0.00002795     1    48

 No.   P1 P2 IN KIND T N  L  S1 IA J/S  IB BIND XFER  BE    SC PC FIL AFRAC Adjust  to  Z  Mass   K     Norm    rms      D0     D   ANC/Gsp

    2:  2  1  2  0     1  0 0.5  1 0.5   0   4   0  29.4163  1  4  0 1.0000 VR  1.0921; 1. 1.026 1.1223 1.0000  1.857 -394.7 -843.6 12.7143

    Parameters      Mismatch   Nodes -> 1 in ch  1

      1.000000    -1.37674965     1    36
      1.781660     0.40591497     1    36
      1.647990     0.02336510     1    36
      1.639335     0.00008364     1    36

 No.   P1 P2 IN KIND T N  L  S1 IA J/S  IB BIND XFER  BE    SC PC FIL AFRAC Adjust  to  Z  Mass   K     Norm    rms      D0     D   ANC/Gsp

    3:  2  1  2  0     1  1 0.5  1 1.5   0   4   0  29.4163  1  4  0 1.0000 VR  1.6393; 1. 1.026 1.1223 1.0000  2.179 -215.6 -504.5 14.2657

    Parameters      Mismatch   Nodes -> 1 in ch  1

      1.000000    -2.14801588     1    46
      2.000000    -0.96788262     1    54
      2.564361     0.69573530     1    54
      2.440384     0.12539078     1    54
      2.407364     0.00531582     1    54
      2.405838     0.00001018     1    54

 No.   P1 P2 IN KIND T N  L  S1 IA J/S  IB BIND XFER  BE    SC PC FIL AFRAC Adjust  to  Z  Mass   K     Norm    rms      D0     D   ANC/Gsp

    4:  2  1  2  0     1  2 0.5  1 2.5   0   4   0  29.4163  1  4  0 1.0000 VR  2.4058; 1. 1.026 1.1223 1.0000  2.352  -40.3  -42.5 11.1886

    Parameters      Mismatch   Nodes -> 2 in ch  1

      1.000000    -0.47615298     1    48
      2.000000    -1.13163801     2    62
      2.687458     1.41102902     2    62
      2.561243     0.41880491     2    62
      2.486382     0.05783847     2    62
      2.472518     0.00136395     2    62
      2.472175     0.00000079     2    62

 No.   P1 P2 IN KIND T N  L  S1 IA J/S  IB BIND XFER  BE    SC PC FIL AFRAC Adjust  to  Z  Mass   K     Norm    rms      D0     D   ANC/Gsp

    5:  2  1  2  0     2  0 0.5  1 0.5   0   4   0  29.4163  1  4  0 1.0000 VR  2.4722; 1. 1.026 1.1223 1.0000  2.493  445.9 1975.1-29.7677

    Parameters      Mismatch   Nodes -> 1 in ch  1

      1.000000    -0.47615298     1    48
      1.113229     0.14433057     1    48
      1.093341     0.00810001     1    48
      1.092089     0.00002795     1    48

 No.   P1 P2 IN KIND T N  L  S1 IA J/S  IB BIND XFER  BE    SC PC FIL AFRAC Adjust  to  Z  Mass   K     Norm    rms      D0     D   ANC/Gsp

    6:  2  1  2  0     1  0 0.5  1 0.5   0   4   0  29.4163  1  4  0 1.0000 VR  1.0921; 1. 1.026 1.1223 1.0000  1.857 -394.7 -843.6 12.7143

 ************************************************************************************************************************************

 TWO-way COUPLING # 1 for partitions  2 <-  1 of KIND  7,   1  0  0 -1 -1 & P1,P2 =    0.0000   0.0000 : for J <=    40.5 & R <  25.0 fm.


 data =  1  1  1  1  1.1446,  so  < [3He      #  1] / [d        #  1]  * Eigen-form #  1>  =   1.1446            BE =  5.494     1

 data =  2  1  1  2  1.0000,  so  < [8Li      #  1] / [7He      #  1]  * Eigen-form #  2>  =   1.0000            BE = 29.416     2

 data =  2  1  2  3  1.0000,  so  < [8Li      #  1] / [7He      #  2]  * Eigen-form #  3>  =   1.0000            BE = 29.416     3

 data =  2  1  3  4  1.0000,  so  < [8Li      #  1] / [7He      #  3]  * Eigen-form #  4>  =   1.0000            BE = 29.416     4

 data =  2  1  4  5  1.0000,  so  < [8Li      #  1] / [7He      #  4]  * Eigen-form #  5>  =   1.0000            BE = 29.416     5

 data = -2  1  5  6  1.0000,  so  < [8Li      #  1] / [7He      #  5]  * Eigen-form #  6>  =   1.0000            BE = 29.416     6
 KNT =   2, KNP =   1: NK,NG,loc=   1   1   1  14  T  T  F
 KNT =   3, KNP =   1: NK,NG,loc=   2   2   2  15  T  T  F
 KNT =   4, KNP =   1: NK,NG,loc=   3   3   3  16  T  T  F
 KNT =   5, KNP =   1: NK,NG,loc=   4   4   4  17  T  T  F
 KNT =   6, KNP =   1: NK,NG,loc=   5   5   5  18  T  T  F

     So FINITE-RANGE TRANSFER : IP1 = 1 (PRIOR   ), IP2= 0 =NONE        ,  for   5 pairs of bound states summed into   5 pairs
      The main coupling potential is that binding the transferred particle to the d        core.

   A real*8 is            8  bytes
   NLL,NLN,NLO =          51          51          26
0File  11 needs RL =    1326    REAL*8 numbers, and NR =   236. i.e.     2.50 Megabytes
   File           11  RECL =       10400
0RECOMMENDED NON-LOCAL WIDTH IS GREATER THAN    2.80 FM.,  RECOMMENDED CENTRATION   0.00, after    0.01 secs.
0Relative non-local usages (rms) are
    0.014   0.061   0.402   1.415   4.581  19.608  38.621  72.920  76.993  81.992 100.000  81.548  37.397  13.024   4.128
    1.222   0.325   0.069   0.028   0.026   0.020   0.013   0.009   0.006   0.004   0.002

 Incoming partition  1 in excitation state # 1,   Laboratory Energy given for partition  1 Nucleus 1 in Excitation pair 1

0Lab. ENERGY ranges :

   from    90.0000     to   0.00000     in     0 intervals
   from    0.00000     to   0.00000     in     0 intervals
   from    0.00000     to   0.00000     in     0 intervals

 Largest real,imaginary parts of any form factor at R=   24.50 are   5.88E-02  3.01E-10 MeV
 Finished all Couplings @    1.76559985E-02          13

 Symmetric Hamiltonian
1***********************************************************************************************************************************
************************************************************************************************************************************

        INCOMING d        ;    LABORATORY d        ENERGY =   90.000     MeV.

 ***********************************************************************************************************************************
 ***********************************************************************************************************************************

 Allocate arrays for            6  channels, of which            6  need wfs.

 ######################################################################################################################
 #                                                                                                                    #
 # Total SPIN and PARITY =     0.0 +,      6 channels,    0 in 1st block.  Rmin & Coul turning =    0.0    0.1 fm.  #
 #                                                                                                                    #
 ######################################################################################################################



    C Projectl Target   #   EX.   (L  Proj) J  + Targ = Jtotal     E-cm      Re K     Re Eta     RM*K            CH
    1 d        8Li      #    1: I   2 1.0    2.0  2.0     0.0    71.94014   2.35369   0.07067   58.8424   0.43871   0.24093 1 1 1   1
    2 3He      7He      #    1:     2 0.5    1.5  1.5     0.0    48.01744   2.20157   0.13204   55.0392  -0.46460   0.18709 2 1 2   1
    3 3He      7He      #    2:     1 0.5    1.5  1.5     0.0    48.01744   2.20157   0.13204   55.0392  -0.23348  -0.44291 2 1 2   2
    4 3He      7He      #    3:     2 0.5    1.5  1.5     0.0    48.01744   2.20157   0.13204   55.0392  -0.46460   0.18709 2 1 2   3
    5 3He      7He      #    4:     2 0.5    1.5  1.5     0.0    48.01744   2.20157   0.13204   55.0392  -0.46460   0.18709 2 1 2   4
    6 3He      7He      #    5:     2 0.5    2.5  2.5     0.0    48.01744   2.20157   0.13204   55.0392  -0.46460   0.18709 2 1 2   5
   S-matrix    1 =   -0.15974  -0.30650 for L=    2, J=    2.0 channel on core I =   2.0 from L=    2,  Acc. loss =  0.0 D.
 Elastic phase shift   1 =  -58.764  30.435 deg. for the L =    2, J =    2.0 channel.
       0.0 -0.15973838 -0.30649920i: elastic S-matrix  @@      0.00  0   0 F  0
 Reaction Xsec     0.0+/ 2 @ 1 =   0.333 , Out:   0.000#   1.318/   0.000#   0.186/   0.521/   0.586/   0.330f

 Allocate arrays for            7  channels, of which            7  need wfs.

 Total SPIN, PARITY =     0.0 -,      7 chs,      0 cc.  Rmin & Coul turning =    0.0    0.1
   S-matrix    1 =    0.03374  -0.35190 for L=    1, J=    2.0 channel on core I =   2.0 from L=    1,  Acc. loss =  0.0 D.
 Elastic phase shift   1 =  -42.262  29.789 deg. for the L =    1, J =    2.0 channel.
       0.0  0.03373695 -0.35189605i: elastic S-matrix  @@      0.00  0   0 F  0
 Reaction Xsec     0.0-/ 1 @ 1 =   0.331 , Out:   0.000#   2.203/   0.644/   0.198/   0.799/   0.000#   0.327f

   S-matrix    2 =   -0.31837  -0.09710 for L=    3, J=    2.0 channel on core I =   2.0 from L=    3,  Acc. loss =  0.0 D.
 Elastic phase shift   2 =  -81.519  31.515 deg. for the L =    3, J =    2.0 channel.
       0.0 -0.31836503 -0.09710307i: elastic S-matrix  @@      0.00  0   0 F  0
 Reaction Xsec     0.0-/ 3 @ 2 =   0.336 , Out:   0.000#   0.000#   0.333/   6.450#   0.000#   1.171/   0.335f

 Allocate arrays for           20  channels, of which           20  need wfs.

 Total SPIN, PARITY =     1.0 +,     20 chs,      0 cc.  Rmin & Coul turning =    0.1    0.6
   S-matrix    1 =    0.07191  -0.34659 for L=    0, J=    1.0 channel on core I =   2.0 from L=    0,  Acc. loss =  0.0 D.
 Elastic phase shift   1 =  -39.140  29.752 deg. for the L =    0, J =    1.0 channel.
       1.0  0.07190658 -0.34658829i: elastic S-matrix  @@      0.00  0   0 F  0
 Reaction Xsec     1.0+/ 0 @ 1 =   0.992 , Out:   0.000#   4.691/   7.608/   1.220/   2.431/   0.000#   0.976f

   S-matrix    2 =   -0.23757  -0.24460 for L=    2, J=    1.0 channel on core I =   2.0 from L=    2,  Acc. loss =  0.0 D.
 Elastic phase shift   2 =  -67.082  30.823 deg. for the L =    2, J =    1.0 channel.
       1.0 -0.23756595 -0.24460009i: elastic S-matrix  @@      0.00  0   0 F  0
 Reaction Xsec     1.0+/ 2 @ 2 =   1.002 , Out:   0.000#   0.592/   1.009/   0.108/   0.334/   3.550/   0.997f

   S-matrix    3 =   -0.15974  -0.30650 for L=    2, J=    2.0 channel on core I =   2.0 from L=    2,  Acc. loss =  0.0 D.
 Elastic phase shift   3 =  -58.764  30.435 deg. for the L =    2, J =    2.0 channel.
       1.0 -0.15973838 -0.30649920i: elastic S-matrix  @@      0.00  0   0 F  0
 Reaction Xsec     1.0+/ 2 @ 3 =   0.999 , Out:   0.000#   3.734/   3.898/   0.143/   1.478/   1.903/   0.988f

   S-matrix    4 =   -0.01835  -0.35181 for L=    2, J=    3.0 channel on core I =   2.0 from L=    2,  Acc. loss =  0.0 D.
 Elastic phase shift   4 =  -46.493  29.889 deg. for the L =    2, J =    3.0 channel.
       1.0 -0.01835102 -0.35180973i: elastic S-matrix  @@      0.00  0   0 F  0
 Reaction Xsec     1.0+/ 2 @ 4 =   0.993 , Out:   0.000#   6.956/   2.210/   0.454/   1.711/   0.331/   0.982f

   S-matrix    5 =   -0.31472   0.08959 for L=    4, J=    3.0 channel on core I =   2.0 from L=    4,  Acc. loss =  0.0 D.
 Elastic phase shift   5 =   82.055  32.003 deg. for the L =    4, J =    3.0 channel.
       1.0 -0.31471756  0.08958839i: elastic S-matrix  @@      0.00  0   0 F  0
 Reaction Xsec     1.0+/ 4 @ 5 =   1.013 , Out:   0.000#   0.000#   0.550/   0.045/   0.000#   2.986/   1.009f


 Total SPIN, PARITY =     1.0 -,     19 chs,      0 cc.  Rmin & Coul turning =    0.1    0.6
   S-matrix    1 =   -0.06834  -0.34252 for L=    1, J=    1.0 channel on core I =   2.0 from L=    1,  Acc. loss =  0.0 D.
 Elastic phase shift   1 =  -50.642  30.135 deg. for the L =    1, J =    1.0 channel.
       1.0 -0.06834076 -0.34251857i: elastic S-matrix  @@      0.00  0   0 F  0
 Reaction Xsec     1.0-/ 1 @ 1 =   0.996 , Out:   0.000#   4.170/   5.605/   0.811/   2.247/   1.191/   0.982f

   S-matrix    2 =    0.03374  -0.35190 for L=    1, J=    2.0 channel on core I =   2.0 from L=    1,  Acc. loss =  0.0 D.
 Elastic phase shift   2 =  -42.262  29.789 deg. for the L =    1, J =    2.0 channel.
       1.0  0.03373695 -0.35189605i: elastic S-matrix  @@      0.00  0   0 F  0
 Reaction Xsec     1.0-/ 1 @ 2 =   0.992 , Out:   0.000#   5.939/   6.042/   0.797/   2.156/   0.440/   0.977f

   S-matrix    3 =   -0.31837  -0.09710 for L=    3, J=    2.0 channel on core I =   2.0 from L=    3,  Acc. loss =  0.0 D.
 Elastic phase shift   3 =  -81.519  31.515 deg. for the L =    3, J =    2.0 channel.
       1.0 -0.31836503 -0.09710307i: elastic S-matrix  @@      0.00  0   0 F  0
 Reaction Xsec     1.0-/ 3 @ 3 =   1.009 , Out:   0.000#   0.351/   0.445/   0.146/   0.170/   3.279/   1.004f

   S-matrix    4 =   -0.25378  -0.22656 for L=    3, J=    3.0 channel on core I =   2.0 from L=    3,  Acc. loss =  0.0 D.
 Elastic phase shift   4 =  -69.122  30.889 deg. for the L =    3, J =    3.0 channel.
       1.0 -0.25378211 -0.22655978i: elastic S-matrix  @@      0.00  0   0 F  0
 Reaction Xsec     1.0-/ 3 @ 4 =   1.003 , Out:   0.000#   3.269/   0.785/   0.299/   1.047/   1.907/   0.996f

 Allocate arrays for           27  channels, of which           27  need wfs.

 Total SPIN, PARITY =     2.0 +,     27 chs,      0 cc.  Rmin & Coul turning =    0.2    1.1
   S-matrix    1 =    0.07191  -0.34659 for L=    0, J=    1.0 channel on core I =   2.0 from L=    0,  Acc. loss =  0.0 D.
 Elastic phase shift   1 =  -39.140  29.752 deg. for the L =    0, J =    1.0 channel.
       2.0  0.07190658 -0.34658829i: elastic S-matrix  @@      0.00  0   0 F  0
 Reaction Xsec     2.0+/ 0 @ 1 =   1.653 , Out:   0.000#   4.209/   7.604/   1.206/   2.382/   1.871/   1.636f

   S-matrix    2 =   -0.23757  -0.24460 for L=    2, J=    1.0 channel on core I =   2.0 from L=    2,  Acc. loss =  0.0 D.
 Elastic phase shift   2 =  -67.082  30.823 deg. for the L =    2, J =    1.0 channel.
       2.0 -0.23756595 -0.24460009i: elastic S-matrix  @@      0.00  0   0 F  0
 Reaction Xsec     2.0+/ 2 @ 2 =   1.671 , Out:   0.000#   2.967/   6.411/   1.311/   1.677/   4.616/   1.654f

   S-matrix    3 =   -0.15974  -0.30650 for L=    2, J=    2.0 channel on core I =   2.0 from L=    2,  Acc. loss =  0.0 D.
 Elastic phase shift   3 =  -58.764  30.435 deg. for the L =    2, J =    2.0 channel.
       2.0 -0.15973838 -0.30649920i: elastic S-matrix  @@      0.00  0   0 F  0
 Reaction Xsec     2.0+/ 2 @ 3 =   1.664 , Out:   0.000#   5.507/   0.010    1.718/   2.181/   3.671/   1.641f

   S-matrix    4 =   -0.01835  -0.35181 for L=    2, J=    3.0 channel on core I =   2.0 from L=    2,  Acc. loss =  0.0 D.
 Elastic phase shift   4 =  -46.493  29.889 deg. for the L =    2, J =    3.0 channel.
       2.0 -0.01835102 -0.35180973i: elastic S-matrix  @@      0.00  0   0 F  0
 Reaction Xsec     2.0+/ 2 @ 4 =   1.656 , Out:   0.000#   9.969/   0.010    0.898/   2.453/   1.662/   1.631f

   S-matrix    5 =   -0.31472   0.08959 for L=    4, J=    3.0 channel on core I =   2.0 from L=    4,  Acc. loss =  0.0 D.
 Elastic phase shift   5 =   82.055  32.003 deg. for the L =    4, J =    3.0 channel.
       2.0 -0.31471756  0.08958839i: elastic S-matrix  @@      0.00  0   0 F  0
 Reaction Xsec     2.0+/ 4 @ 5 =   1.688 , Out:   0.000#   0.747/   0.229/   0.296/   0.346/   4.479/   1.682f

   S-matrix    6 =   -0.32299  -0.09255 for L=    4, J=    4.0 channel on core I =   2.0 from L=    4,  Acc. loss =  0.0 D.
 Elastic phase shift   6 =  -82.005  31.246 deg. for the L =    4, J =    4.0 channel.
       2.0 -0.32299102 -0.09255399i: elastic S-matrix  @@      0.00  0   0 F  0
 Reaction Xsec     2.0+/ 4 @ 6 =   1.677 , Out:   0.000#   4.461/   0.958/   0.618/   1.610/   2.974/   1.666f

 Allocate arrays for           28  channels, of which           28  need wfs.

 Total SPIN, PARITY =     2.0 -,     28 chs,      0 cc.  Rmin & Coul turning =    0.2    1.1
   S-matrix    1 =   -0.11725  -0.32670 for L=    1, J=    0.0 channel on core I =   2.0 from L=    1,  Acc. loss =  0.0 D.
 Elastic phase shift   1 =  -54.871  30.313 deg. for the L =    1, J =    0.0 channel.
       2.0 -0.11724727 -0.32670148i: elastic S-matrix  @@      0.00  0   0 F  0
 Reaction Xsec     2.0-/ 1 @ 1 =   1.663 , Out:   0.000#   3.777/   8.795/   2.353/   2.445/   3.777/   1.641f

   S-matrix    2 =   -0.06834  -0.34252 for L=    1, J=    1.0 channel on core I =   2.0 from L=    1,  Acc. loss =  0.0 D.
 Elastic phase shift   2 =  -50.642  30.135 deg. for the L =    1, J =    1.0 channel.
       2.0 -0.06834076 -0.34251857i: elastic S-matrix  @@      0.00  0   0 F  0
 Reaction Xsec     2.0-/ 1 @ 2 =   1.660 , Out:   0.000#   5.013/   8.318/   2.223/   2.650/   3.342/   1.638f

   S-matrix    3 =    0.03374  -0.35190 for L=    1, J=    2.0 channel on core I =   2.0 from L=    1,  Acc. loss =  0.0 D.
 Elastic phase shift   3 =  -42.262  29.789 deg. for the L =    1, J =    2.0 channel.
       2.0  0.03373695 -0.35189605i: elastic S-matrix  @@      0.00  0   0 F  0
 Reaction Xsec     2.0-/ 1 @ 3 =   1.654 , Out:   0.000#   7.774/   0.013    1.431/   2.769/   2.221/   1.627f

   S-matrix    4 =   -0.31837  -0.09710 for L=    3, J=    2.0 channel on core I =   2.0 from L=    3,  Acc. loss =  0.0 D.
 Elastic phase shift   4 =  -81.519  31.515 deg. for the L =    3, J =    2.0 channel.
       2.0 -0.31836503 -0.09710307i: elastic S-matrix  @@      0.00  0   0 F  0
 Reaction Xsec     2.0-/ 3 @ 4 =   1.681 , Out:   0.000#   1.756/   2.209/   0.091/   0.851/   4.682/   1.671f

   S-matrix    5 =   -0.25378  -0.22656 for L=    3, J=    3.0 channel on core I =   2.0 from L=    3,  Acc. loss =  0.0 D.
 Elastic phase shift   5 =  -69.122  30.889 deg. for the L =    3, J =    3.0 channel.
       2.0 -0.25378211 -0.22655978i: elastic S-matrix  @@      0.00  0   0 F  0
 Reaction Xsec     2.0-/ 3 @ 5 =   1.672 , Out:   0.000#   5.105/   5.812/   0.433/   1.635/   3.403/   1.655f

   S-matrix    6 =   -0.09625  -0.33593 for L=    3, J=    4.0 channel on core I =   2.0 from L=    3,  Acc. loss =  0.0 D.
 Elastic phase shift   6 =  -52.994  30.121 deg. for the L =    3, J =    4.0 channel.
       2.0 -0.09625284 -0.33592891i: elastic S-matrix  @@      0.00  0   0 F  0
 Reaction Xsec     2.0-/ 3 @ 6 =   1.659 , Out:   0.000#   0.011    2.548/   0.871/   2.379/   0.779/   1.642f

   S-matrix    7 =   -0.21357   0.25462 for L=    5, J=    4.0 channel on core I =   2.0 from L=    5,  Acc. loss =  0.0 D.
 Elastic phase shift   7 =   64.995  31.560 deg. for the L =    5, J =    4.0 channel.
       2.0 -0.21356887  0.25461531i: elastic S-matrix  @@      0.00  0   0 F  0
 Reaction Xsec     2.0-/ 5 @ 7 =   1.682 , Out:   0.000#   0.000#   0.483/   0.120/   0.000#   4.243/   1.677f

 Allocate arrays for           30  channels, of which           30  need wfs.

 Total SPIN, PARITY =     3.0 +,     30 chs,      0 cc.  Rmin & Coul turning =    0.2    1.5
   S-matrix    1 =    0.07191  -0.34659 for L=    0, J=    1.0 channel on core I =   2.0 from L=    0,  Acc. loss =  0.0 D.
 Elastic phase shift   1 =  -39.140  29.752 deg. for the L =    0, J =    1.0 channel.
       3.0  0.07190658 -0.34658829i: elastic S-matrix  @@      0.00  0   0 F  0
 Reaction Xsec     3.0+/ 0 @ 1 =   2.315 , Out:   0.000#   0.000#   2.661/   0.330/   0.000#   6.548/   2.305f

   S-matrix    2 =   -0.23757  -0.24460 for L=    2, J=    1.0 channel on core I =   2.0 from L=    2,  Acc. loss =  0.0 D.
 Elastic phase shift   2 =  -67.082  30.823 deg. for the L =    2, J =    1.0 channel.
       3.0 -0.23756595 -0.24460009i: elastic S-matrix  @@      0.00  0   0 F  0
 Reaction Xsec     3.0+/ 2 @ 2 =   2.339 , Out:   0.000#   8.308/   0.019    7.122/   4.695/   3.692/   2.296f

   S-matrix    3 =   -0.15974  -0.30650 for L=    2, J=    2.0 channel on core I =   2.0 from L=    2,  Acc. loss =  0.0 D.
 Elastic phase shift   3 =  -58.764  30.435 deg. for the L =    2, J =    2.0 channel.
       3.0 -0.15973838 -0.30649920i: elastic S-matrix  @@      0.00  0   0 F  0
 Reaction Xsec     3.0+/ 2 @ 3 =   2.330 , Out:   0.000#   6.168/   7.111/   2.352/   2.442/   6.168/   2.306f

   S-matrix    4 =   -0.01835  -0.35181 for L=    2, J=    3.0 channel on core I =   2.0 from L=    2,  Acc. loss =  0.0 D.
 Elastic phase shift   4 =  -46.493  29.889 deg. for the L =    2, J =    3.0 channel.
       3.0 -0.01835102 -0.35180973i: elastic S-matrix  @@      0.00  0   0 F  0
 Reaction Xsec     3.0+/ 2 @ 4 =   2.318 , Out:   0.000#   0.010    0.013    1.698/   2.576/   4.652/   2.285f

   S-matrix    5 =   -0.31472   0.08959 for L=    4, J=    3.0 channel on core I =   2.0 from L=    4,  Acc. loss =  0.0 D.
 Elastic phase shift   5 =   82.055  32.003 deg. for the L =    4, J =    3.0 channel.
       3.0 -0.31471756  0.08958839i: elastic S-matrix  @@      0.00  0   0 F  0
 Reaction Xsec     3.0+/ 4 @ 5 =   2.363 , Out:   0.000#   2.613/   3.630/   0.108/   1.212/   5.226/   2.350f

   S-matrix    6 =   -0.32299  -0.09255 for L=    4, J=    4.0 channel on core I =   2.0 from L=    4,  Acc. loss =  0.0 D.
 Elastic phase shift   6 =  -82.005  31.246 deg. for the L =    4, J =    4.0 channel.
       3.0 -0.32299102 -0.09255399i: elastic S-matrix  @@      0.00  0   0 F  0
 Reaction Xsec     3.0+/ 4 @ 6 =   2.348 , Out:   0.000#   5.871/   5.632/   0.962/   2.119/   4.414/   2.329f

   S-matrix    7 =   -0.19897  -0.28373 for L=    4, J=    5.0 channel on core I =   2.0 from L=    4,  Acc. loss =  0.0 D.
 Elastic phase shift   7 =  -62.520  30.360 deg. for the L =    4, J =    5.0 channel.
       3.0 -0.19896913 -0.28372795i: elastic S-matrix  @@      0.00  0   0 F  0
 Reaction Xsec     3.0+/ 4 @ 7 =   2.329 , Out:   0.000#   0.012    1.947/   1.793/   4.239/   1.136/   2.307f

   S-matrix    8 =   -0.04467   0.36852 for L=    6, J=    5.0 channel on core I =   2.0 from L=    6,  Acc. loss =  0.0 D.
 Elastic phase shift   8 =   48.456  28.389 deg. for the L =    6, J =    5.0 channel.
       3.0 -0.04467048  0.36851869i: elastic S-matrix  @@      0.00  0   0 F  0
 Reaction Xsec     3.0+/ 6 @ 8 =   2.282 , Out:   0.000#   0.000#   0.520/   0.223/   0.000#   5.864/   2.275f


 Total SPIN, PARITY =     3.0 -,     29 chs,      0 cc.  Rmin & Coul turning =    0.2    1.5
   S-matrix    1 =   -0.06834  -0.34252 for L=    1, J=    1.0 channel on core I =   2.0 from L=    1,  Acc. loss =  0.0 D.
 Elastic phase shift   1 =  -50.642  30.135 deg. for the L =    1, J =    1.0 channel.
       3.0 -0.06834076 -0.34251857i: elastic S-matrix  @@      0.00  0   0 F  0
 Reaction Xsec     3.0-/ 1 @ 1 =   2.324 , Out:   0.000#   2.807/   9.585/   2.317/   1.484/   7.486/   2.300f

   S-matrix    2 =    0.03374  -0.35190 for L=    1, J=    2.0 channel on core I =   2.0 from L=    1,  Acc. loss =  0.0 D.
 Elastic phase shift   2 =  -42.262  29.789 deg. for the L =    1, J =    2.0 channel.
       3.0  0.03373695 -0.35189605i: elastic S-matrix  @@      0.00  0   0 F  0
 Reaction Xsec     3.0-/ 1 @ 2 =   2.316 , Out:   0.000#   6.219/   4.480/   1.293/   2.215/   6.219/   2.295f

   S-matrix    3 =   -0.31837  -0.09710 for L=    3, J=    2.0 channel on core I =   2.0 from L=    3,  Acc. loss =  0.0 D.
 Elastic phase shift   3 =  -81.519  31.515 deg. for the L =    3, J =    2.0 channel.
       3.0 -0.31836503 -0.09710307i: elastic S-matrix  @@      0.00  0   0 F  0
 Reaction Xsec     3.0-/ 3 @ 3 =   2.353 , Out:   0.000#   4.916/   0.012    3.280/   2.382/   4.916/   2.326f

   S-matrix    4 =   -0.25378  -0.22656 for L=    3, J=    3.0 channel on core I =   2.0 from L=    3,  Acc. loss =  0.0 D.
 Elastic phase shift   4 =  -69.122  30.889 deg. for the L =    3, J =    3.0 channel.
       3.0 -0.25378211 -0.22655978i: elastic S-matrix  @@      0.00  0   0 F  0
 Reaction Xsec     3.0-/ 3 @ 4 =   2.340 , Out:   0.000#   6.432/   9.833/   2.017/   2.060/   5.241/   2.315f

   S-matrix    5 =   -0.09625  -0.33593 for L=    3, J=    4.0 channel on core I =   2.0 from L=    3,  Acc. loss =  0.0 D.
 Elastic phase shift   5 =  -52.994  30.121 deg. for the L =    3, J =    4.0 channel.
       3.0 -0.09625284 -0.33592891i: elastic S-matrix  @@      0.00  0   0 F  0
 Reaction Xsec     3.0-/ 3 @ 5 =   2.323 , Out:   0.000#   0.012    0.010    1.438/   2.775/   2.725/   2.294f

   S-matrix    6 =   -0.21357   0.25462 for L=    5, J=    4.0 channel on core I =   2.0 from L=    5,  Acc. loss =  0.0 D.
 Elastic phase shift   6 =   64.995  31.560 deg. for the L =    5, J =    4.0 channel.
       3.0 -0.21356887  0.25461531i: elastic S-matrix  @@      0.00  0   0 F  0
 Reaction Xsec     3.0-/ 5 @ 6 =   2.354 , Out:   0.000#   1.069/   0.108/   0.625/   0.724/   5.228/   2.346f

   S-matrix    7 =   -0.32467   0.08267 for L=    5, J=    5.0 channel on core I =   2.0 from L=    5,  Acc. loss =  0.0 D.
 Elastic phase shift   7 =   82.858  31.327 deg. for the L =    5, J =    5.0 channel.
       3.0 -0.32467337  0.08266607i: elastic S-matrix  @@      0.00  0   0 F  0
 Reaction Xsec     3.0-/ 5 @ 7 =   2.349 , Out:   0.000#   4.967/   0.777/   1.147/   2.960/   3.587/   2.336f


 Total SPIN, PARITY =     4.0 +,     29 chs,      0 cc.  Rmin & Coul turning =    0.3    1.9
   S-matrix    1 =   -0.15974  -0.30650 for L=    2, J=    2.0 channel on core I =   2.0 from L=    2,  Acc. loss =  0.0 D.
 Elastic phase shift   1 =  -58.764  30.435 deg. for the L =    2, J =    2.0 channel.
       4.0 -0.15973838 -0.30649920i: elastic S-matrix  @@      0.00  0   0 F  0
 Reaction Xsec     4.0+/ 2 @ 1 =   2.996 , Out:   0.000#   5.271/   0.015    4.481/   2.126/   9.663/   2.959f

   S-matrix    2 =   -0.01835  -0.35181 for L=    2, J=    3.0 channel on core I =   2.0 from L=    2,  Acc. loss =  0.0 D.
 Elastic phase shift   2 =  -46.493  29.889 deg. for the L =    2, J =    3.0 channel.
       4.0 -0.01835102 -0.35180973i: elastic S-matrix  @@      0.00  0   0 F  0
 Reaction Xsec     4.0+/ 2 @ 2 =   2.980 , Out:   0.000#   7.456/   2.727/   1.154/   1.865/   9.942/   2.957f

   S-matrix    3 =   -0.31472   0.08959 for L=    4, J=    3.0 channel on core I =   2.0 from L=    4,  Acc. loss =  0.0 D.
 Elastic phase shift   3 =   82.055  32.003 deg. for the L =    4, J =    3.0 channel.
       4.0 -0.31471756  0.08958839i: elastic S-matrix  @@      0.00  0   0 F  0
 Reaction Xsec     4.0+/ 4 @ 3 =   3.038 , Out:   0.000#   6.045/   0.015    4.926/   2.804/   4.926/   3.005f

   S-matrix    4 =   -0.32299  -0.09255 for L=    4, J=    4.0 channel on core I =   2.0 from L=    4,  Acc. loss =  0.0 D.
 Elastic phase shift   4 =  -82.005  31.246 deg. for the L =    4, J =    4.0 channel.
       4.0 -0.32299102 -0.09255399i: elastic S-matrix  @@      0.00  0   0 F  0
 Reaction Xsec     4.0+/ 4 @ 4 =   3.018 , Out:   0.000#   6.904/   8.567/   2.063/   2.492/   6.101/   2.992f

   S-matrix    5 =   -0.19897  -0.28373 for L=    4, J=    5.0 channel on core I =   2.0 from L=    4,  Acc. loss =  0.0 D.
 Elastic phase shift   5 =  -62.520  30.360 deg. for the L =    4, J =    5.0 channel.
       4.0 -0.19896913 -0.28372795i: elastic S-matrix  @@      0.00  0   0 F  0
 Reaction Xsec     4.0+/ 4 @ 5 =   2.994 , Out:   0.000#   0.013    8.635/   2.509/   4.460/   3.406/   2.962f

   S-matrix    6 =   -0.04467   0.36852 for L=    6, J=    5.0 channel on core I =   2.0 from L=    6,  Acc. loss =  0.0 D.
 Elastic phase shift   6 =   48.456  28.389 deg. for the L =    6, J =    5.0 channel.
       4.0 -0.04467048  0.36851869i: elastic S-matrix  @@      0.00  0   0 F  0
 Reaction Xsec     4.0+/ 6 @ 6 =   2.934 , Out:   0.000#   1.508/   0.074/   1.484/   1.980/   6.534/   2.922f

   S-matrix    7 =   -0.22718   0.26820 for L=    6, J=    6.0 channel on core I =   2.0 from L=    6,  Acc. loss =  0.0 D.
 Elastic phase shift   7 =   65.133  29.954 deg. for the L =    6, J =    6.0 channel.
       4.0 -0.22717595  0.26819859i: elastic S-matrix  @@      0.00  0   0 F  0
 Reaction Xsec     4.0+/ 6 @ 7 =   2.982 , Out:   0.000#   5.443/   0.890/   1.818/   6.338/   4.147/   2.964f


 Total SPIN, PARITY =     4.0 -,     30 chs,      0 cc.  Rmin & Coul turning =    0.3    1.9
   S-matrix    1 =    0.03374  -0.35190 for L=    1, J=    2.0 channel on core I =   2.0 from L=    1,  Acc. loss =  0.0 D.
 Elastic phase shift   1 =  -42.262  29.789 deg. for the L =    1, J =    2.0 channel.
       4.0  0.03373695 -0.35189605i: elastic S-matrix  @@      0.00  0   0 F  0
 Reaction Xsec     4.0-/ 1 @ 1 =   2.977 , Out:   0.000#   0.000#   5.373/   0.758/   0.000#   0.013    2.958f

   S-matrix    2 =   -0.31837  -0.09710 for L=    3, J=    2.0 channel on core I =   2.0 from L=    3,  Acc. loss =  0.0 D.
 Elastic phase shift   2 =  -81.519  31.515 deg. for the L =    3, J =    2.0 channel.
       4.0 -0.31836503 -0.09710307i: elastic S-matrix  @@      0.00  0   0 F  0
 Reaction Xsec     4.0-/ 3 @ 2 =   3.026 , Out:   0.000#   0.011    0.024    0.011    5.103/   3.507/   2.971f

   S-matrix    3 =   -0.25378  -0.22656 for L=    3, J=    3.0 channel on core I =   2.0 from L=    3,  Acc. loss =  0.0 D.
 Elastic phase shift   3 =  -69.122  30.889 deg. for the L =    3, J =    3.0 channel.
       4.0 -0.25378211 -0.22655978i: elastic S-matrix  @@      0.00  0   0 F  0
 Reaction Xsec     4.0-/ 3 @ 3 =   3.009 , Out:   0.000#   7.035/   8.098/   2.806/   2.257/   7.545/   2.981f

   S-matrix    4 =   -0.09625  -0.33593 for L=    3, J=    4.0 channel on core I =   2.0 from L=    3,  Acc. loss =  0.0 D.
 Elastic phase shift   4 =  -52.994  30.121 deg. for the L =    3, J =    4.0 channel.
       4.0 -0.09625284 -0.33592891i: elastic S-matrix  @@      0.00  0   0 F  0
 Reaction Xsec     4.0-/ 3 @ 4 =   2.987 , Out:   0.000#   0.012    0.011    1.899/   2.619/   6.298/   2.954f

   S-matrix    5 =   -0.21357   0.25462 for L=    5, J=    4.0 channel on core I =   2.0 from L=    5,  Acc. loss =  0.0 D.
 Elastic phase shift   5 =   64.995  31.560 deg. for the L =    5, J =    4.0 channel.
       4.0 -0.21356887  0.25461531i: elastic S-matrix  @@      0.00  0   0 F  0
 Reaction Xsec     4.0-/ 5 @ 5 =   3.027 , Out:   0.000#   3.208/   4.474/   0.194/   2.173/   5.499/   3.011f

   S-matrix    6 =   -0.32467   0.08267 for L=    5, J=    5.0 channel on core I =   2.0 from L=    5,  Acc. loss =  0.0 D.
 Elastic phase shift   6 =   82.858  31.327 deg. for the L =    5, J =    5.0 channel.
       4.0 -0.32467337  0.08266607i: elastic S-matrix  @@      0.00  0   0 F  0
 Reaction Xsec     4.0-/ 5 @ 6 =   3.021 , Out:   0.000#   6.031/   4.738/   1.661/   3.594/   4.849/   3.000f

   S-matrix    7 =   -0.30086  -0.16628 for L=    5, J=    6.0 channel on core I =   2.0 from L=    5,  Acc. loss =  0.0 D.
 Elastic phase shift   7 =  -75.536  30.591 deg. for the L =    5, J =    6.0 channel.
       4.0 -0.30086471 -0.16627689i: elastic S-matrix  @@      0.00  0   0 F  0
 Reaction Xsec     4.0-/ 5 @ 7 =   3.000 , Out:   0.000#   0.013    1.376/   2.789/   7.540/   1.300/   2.975f

   S-matrix    8 =    0.16582   0.43388 for L=    7, J=    6.0 channel on core I =   2.0 from L=    7,  Acc. loss =  0.0 D.
 Elastic phase shift   8 =   34.542  21.968 deg. for the L =    7, J =    6.0 channel.
       4.0  0.16582096  0.43388083i: elastic S-matrix  @@      0.00  0   0 F  0
 Reaction Xsec     4.0-/ 7 @ 8 =   2.668 , Out:   0.000#   0.000#   0.964/   0.317/   0.000#   8.606/   2.659f


 Total SPIN, PARITY =     5.0 +,     30 chs,      0 cc.  Rmin & Coul turning =    0.4    2.4
   S-matrix    1 =   -0.01835  -0.35181 for L=    2, J=    3.0 channel on core I =   2.0 from L=    2,  Acc. loss =  0.0 D.
 Elastic phase shift   1 =  -46.493  29.889 deg. for the L =    2, J =    3.0 channel.
       5.0 -0.01835102 -0.35180973i: elastic S-matrix  @@      0.00  0   0 F  0
 Reaction Xsec     5.0+/ 2 @ 1 =   3.643 , Out:   0.000#   0.000#   7.481/   1.157/   0.000#   0.018    3.616f

   S-matrix    2 =   -0.31472   0.08959 for L=    4, J=    3.0 channel on core I =   2.0 from L=    4,  Acc. loss =  0.0 D.
 Elastic phase shift   2 =   82.055  32.003 deg. for the L =    4, J =    3.0 channel.
       5.0 -0.31471756  0.08958839i: elastic S-matrix  @@      0.00  0   0 F  0
 Reaction Xsec     5.0+/ 4 @ 2 =   3.713 , Out:   0.000#   0.011    0.025    0.013    5.332/   3.284/   3.655f

   S-matrix    3 =   -0.32299  -0.09255 for L=    4, J=    4.0 channel on core I =   2.0 from L=    4,  Acc. loss =  0.0 D.
 Elastic phase shift   3 =  -82.005  31.246 deg. for the L =    4, J =    4.0 channel.
       5.0 -0.32299102 -0.09255399i: elastic S-matrix  @@      0.00  0   0 F  0
 Reaction Xsec     5.0+/ 4 @ 3 =   3.689 , Out:   0.000#   7.457/   8.550/   3.094/   2.692/   8.111/   3.659f

   S-matrix    4 =   -0.19897  -0.28373 for L=    4, J=    5.0 channel on core I =   2.0 from L=    4,  Acc. loss =  0.0 D.
 Elastic phase shift   4 =  -62.520  30.360 deg. for the L =    4, J =    5.0 channel.
       5.0 -0.19896913 -0.28372795i: elastic S-matrix  @@      0.00  0   0 F  0
 Reaction Xsec     5.0+/ 4 @ 4 =   3.659 , Out:   0.000#   0.012    8.361/   2.054/   3.937/   7.136/   3.626f

   S-matrix    5 =   -0.04467   0.36852 for L=    6, J=    5.0 channel on core I =   2.0 from L=    6,  Acc. loss =  0.0 D.
 Elastic phase shift   5 =   48.456  28.389 deg. for the L =    6, J =    5.0 channel.
       5.0 -0.04467048  0.36851869i: elastic S-matrix  @@      0.00  0   0 F  0
 Reaction Xsec     5.0+/ 6 @ 5 =   3.586 , Out:   0.000#   4.146/   5.638/   0.347/   5.446/   6.450/   3.564f

   S-matrix    6 =   -0.22718   0.26820 for L=    6, J=    6.0 channel on core I =   2.0 from L=    6,  Acc. loss =  0.0 D.
 Elastic phase shift   6 =   65.133  29.954 deg. for the L =    6, J =    6.0 channel.
       5.0 -0.22717595  0.26819859i: elastic S-matrix  @@      0.00  0   0 F  0
 Reaction Xsec     5.0+/ 6 @ 6 =   3.645 , Out:   0.000#   6.313/   4.750/   2.555/   7.351/   5.295/   3.619f

   S-matrix    7 =   -0.33907   0.03940 for L=    6, J=    7.0 channel on core I =   2.0 from L=    6,  Acc. loss =  0.0 D.
 Elastic phase shift   7 =   86.686  30.792 deg. for the L =    6, J =    7.0 channel.
       5.0 -0.33906569  0.03939760i: elastic S-matrix  @@      0.00  0   0 F  0
 Reaction Xsec     5.0+/ 6 @ 7 =   3.674 , Out:   0.000#   0.012    1.597/   3.386/   0.013    1.333/   3.643f

   S-matrix    8 =    0.39498   0.44638 for L=    8, J=    7.0 channel on core I =   2.0 from L=    8,  Acc. loss =  0.0 D.
 Elastic phase shift   8 =   24.248  14.824 deg. for the L =    8, J =    7.0 channel.
       5.0  0.39497828  0.44638251i: elastic S-matrix  @@      0.00  0   0 F  0
 Reaction Xsec     5.0+/ 8 @ 8 =   2.681 , Out:   0.000#   0.000#   1.841/   0.328/   0.000#   0.010    2.669f


 Total SPIN, PARITY =     5.0 -,     29 chs,      0 cc.  Rmin & Coul turning =    0.4    2.4
   S-matrix    1 =   -0.25378  -0.22656 for L=    3, J=    3.0 channel on core I =   2.0 from L=    3,  Acc. loss =  0.0 D.
 Elastic phase shift   1 =  -69.122  30.889 deg. for the L =    3, J =    3.0 channel.
       5.0 -0.25378211 -0.22655978i: elastic S-matrix  @@      0.00  0   0 F  0
 Reaction Xsec     5.0-/ 3 @ 1 =   3.677 , Out:   0.000#   6.723/   0.018    6.101/   2.161/   0.010    3.634f

   S-matrix    2 =   -0.09625  -0.33593 for L=    3, J=    4.0 channel on core I =   2.0 from L=    3,  Acc. loss =  0.0 D.
 Elastic phase shift   2 =  -52.994  30.121 deg. for the L =    3, J =    4.0 channel.
       5.0 -0.09625284 -0.33592891i: elastic S-matrix  @@      0.00  0   0 F  0
 Reaction Xsec     5.0-/ 3 @ 2 =   3.651 , Out:   0.000#   7.690/   1.691/   1.081/   1.745/   0.012    3.627f

   S-matrix    3 =   -0.21357   0.25462 for L=    5, J=    4.0 channel on core I =   2.0 from L=    5,  Acc. loss =  0.0 D.
 Elastic phase shift   3 =   64.995  31.560 deg. for the L =    5, J =    4.0 channel.
       5.0 -0.21356887  0.25461531i: elastic S-matrix  @@      0.00  0   0 F  0
 Reaction Xsec     5.0-/ 5 @ 3 =   3.699 , Out:   0.000#   6.721/   0.016    6.214/   4.554/   4.854/   3.661f

   S-matrix    4 =   -0.32467   0.08267 for L=    5, J=    5.0 channel on core I =   2.0 from L=    5,  Acc. loss =  0.0 D.
 Elastic phase shift   4 =   82.858  31.327 deg. for the L =    5, J =    5.0 channel.
       5.0 -0.32467337  0.08266607i: elastic S-matrix  @@      0.00  0   0 F  0
 Reaction Xsec     5.0-/ 5 @ 4 =   3.692 , Out:   0.000#   6.830/   7.072/   1.997/   4.069/   6.287/   3.666f

   S-matrix    5 =   -0.30086  -0.16628 for L=    5, J=    6.0 channel on core I =   2.0 from L=    5,  Acc. loss =  0.0 D.
 Elastic phase shift   5 =  -75.536  30.591 deg. for the L =    5, J =    6.0 channel.
       5.0 -0.30086471 -0.16627689i: elastic S-matrix  @@      0.00  0   0 F  0
 Reaction Xsec     5.0-/ 5 @ 5 =   3.667 , Out:   0.000#   0.013    6.831/   3.470/   7.443/   3.576/   3.633f

   S-matrix    6 =    0.16582   0.43388 for L=    7, J=    6.0 channel on core I =   2.0 from L=    7,  Acc. loss =  0.0 D.
 Elastic phase shift   6 =   34.542  21.968 deg. for the L =    7, J =    6.0 channel.
       5.0  0.16582096  0.43388083i: elastic S-matrix  @@      0.00  0   0 F  0
 Reaction Xsec     5.0-/ 7 @ 6 =   3.261 , Out:   0.000#   2.254/   0.096/   3.237/   5.019/   9.016/   3.242f

   S-matrix    7 =   -0.02516   0.42346 for L=    7, J=    7.0 channel on core I =   2.0 from L=    7,  Acc. loss =  0.0 D.
 Elastic phase shift   7 =   46.700  24.566 deg. for the L =    7, J =    7.0 channel.
       5.0 -0.02516273  0.42346410i: elastic S-matrix  @@      0.00  0   0 F  0
 Reaction Xsec     5.0-/ 7 @ 7 =   3.410 , Out:   0.000#   7.010/   1.871/   2.883/   0.015    5.549/   3.378f


 Total SPIN, PARITY =     6.0 +,     29 chs,      0 cc.  Rmin & Coul turning =    0.5    2.8
   S-matrix    1 =   -0.32299  -0.09255 for L=    4, J=    4.0 channel on core I =   2.0 from L=    4,  Acc. loss =  0.0 D.
 Elastic phase shift   1 =  -82.005  31.246 deg. for the L =    4, J =    4.0 channel.
       6.0 -0.32299102 -0.09255399i: elastic S-matrix  @@      0.00  0   0 F  0
 Reaction Xsec     6.0+/ 4 @ 1 =   4.360 , Out:   0.000#   7.419/   0.018    6.454/   2.679/   0.011    4.315f

   S-matrix    2 =   -0.19897  -0.28373 for L=    4, J=    5.0 channel on core I =   2.0 from L=    4,  Acc. loss =  0.0 D.
 Elastic phase shift   2 =  -62.520  30.360 deg. for the L =    4, J =    5.0 channel.
       6.0 -0.19896913 -0.28372795i: elastic S-matrix  @@      0.00  0   0 F  0
 Reaction Xsec     6.0+/ 4 @ 2 =   4.325 , Out:   0.000#   7.378/   1.044/   1.179/   2.504/   0.013    4.300f

   S-matrix    3 =   -0.04467   0.36852 for L=    6, J=    5.0 channel on core I =   2.0 from L=    6,  Acc. loss =  0.0 D.
 Elastic phase shift   3 =   48.456  28.389 deg. for the L =    6, J =    5.0 channel.
       6.0 -0.04467048  0.36851869i: elastic S-matrix  @@      0.00  0   0 F  0
 Reaction Xsec     6.0+/ 6 @ 3 =   4.237 , Out:   0.000#   8.167/   0.018    8.984/   0.011    5.445/   4.186f

   S-matrix    4 =   -0.22718   0.26820 for L=    6, J=    6.0 channel on core I =   2.0 from L=    6,  Acc. loss =  0.0 D.
 Elastic phase shift   4 =   65.133  29.954 deg. for the L =    6, J =    6.0 channel.
       6.0 -0.22717595  0.26819859i: elastic S-matrix  @@      0.00  0   0 F  0
 Reaction Xsec     6.0+/ 6 @ 4 =   4.308 , Out:   0.000#   6.979/   6.910/   2.501/   8.127/   6.578/   4.276f

   S-matrix    5 =   -0.33907   0.03940 for L=    6, J=    7.0 channel on core I =   2.0 from L=    6,  Acc. loss =  0.0 D.
 Elastic phase shift   5 =   86.686  30.792 deg. for the L =    6, J =    7.0 channel.
       6.0 -0.33906569  0.03939760i: elastic S-matrix  @@      0.00  0   0 F  0
 Reaction Xsec     6.0+/ 6 @ 5 =   4.342 , Out:   0.000#   0.011    6.602/   3.910/   0.012    3.465/   4.305f

   S-matrix    6 =    0.39498   0.44638 for L=    8, J=    7.0 channel on core I =   2.0 from L=    8,  Acc. loss =  0.0 D.
 Elastic phase shift   6 =   24.248  14.824 deg. for the L =    8, J =    7.0 channel.
       6.0  0.39497828  0.44638251i: elastic S-matrix  @@      0.00  0   0 F  0
 Reaction Xsec     6.0+/ 8 @ 6 =   3.169 , Out:   0.000#   2.779/   0.136/   4.880/   8.627/   0.010    3.142f

   S-matrix    7 =    0.24934   0.49978 for L=    8, J=    8.0 channel on core I =   2.0 from L=    8,  Acc. loss =  0.0 D.
 Elastic phase shift   7 =   31.742  16.686 deg. for the L =    8, J =    8.0 channel.
       6.0  0.24934480  0.49977607i: elastic S-matrix  @@      0.00  0   0 F  0
 Reaction Xsec     6.0+/ 8 @ 7 =   3.382 , Out:   0.000#   8.311/   3.800/   3.704/   0.025    6.772/   3.334f


 Total SPIN, PARITY =     6.0 -,     30 chs,      0 cc.  Rmin & Coul turning =    0.5    2.8
   S-matrix    1 =   -0.09625  -0.33593 for L=    3, J=    4.0 channel on core I =   2.0 from L=    3,  Acc. loss =  0.0 D.
 Elastic phase shift   1 =  -52.994  30.121 deg. for the L =    3, J =    4.0 channel.
       6.0 -0.09625284 -0.33592891i: elastic S-matrix  @@      0.00  0   0 F  0
 Reaction Xsec     6.0-/ 3 @ 1 =   4.315 , Out:   0.000#   0.000#   7.985/   1.321/   0.000#   0.020    4.285f

   S-matrix    2 =   -0.21357   0.25462 for L=    5, J=    4.0 channel on core I =   2.0 from L=    5,  Acc. loss =  0.0 D.
 Elastic phase shift   2 =   64.995  31.560 deg. for the L =    5, J =    4.0 channel.
       6.0 -0.21356887  0.25461531i: elastic S-matrix  @@      0.00  0   0 F  0
 Reaction Xsec     6.0-/ 5 @ 2 =   4.372 , Out:   0.000#   0.012    0.024    0.014    8.072/   3.089/   4.311f

   S-matrix    3 =   -0.32467   0.08267 for L=    5, J=    5.0 channel on core I =   2.0 from L=    5,  Acc. loss =  0.0 D.
 Elastic phase shift   3 =   82.858  31.327 deg. for the L =    5, J =    5.0 channel.
       6.0 -0.32467337  0.08266607i: elastic S-matrix  @@      0.00  0   0 F  0
 Reaction Xsec     6.0-/ 5 @ 3 =   4.363 , Out:   0.000#   7.301/   7.978/   3.275/   4.351/   7.942/   4.332f

   S-matrix    4 =   -0.30086  -0.16628 for L=    5, J=    6.0 channel on core I =   2.0 from L=    5,  Acc. loss =  0.0 D.
 Elastic phase shift   4 =  -75.536  30.591 deg. for the L =    5, J =    6.0 channel.
       6.0 -0.30086471 -0.16627689i: elastic S-matrix  @@      0.00  0   0 F  0
 Reaction Xsec     6.0-/ 5 @ 4 =   4.334 , Out:   0.000#   0.011    6.071/   2.001/   6.283/   7.042/   4.302f

   S-matrix    5 =    0.16582   0.43388 for L=    7, J=    6.0 channel on core I =   2.0 from L=    7,  Acc. loss =  0.0 D.
 Elastic phase shift   5 =   34.542  21.968 deg. for the L =    7, J =    6.0 channel.
       6.0  0.16582096  0.43388083i: elastic S-matrix  @@      0.00  0   0 F  0
 Reaction Xsec     6.0-/ 7 @ 5 =   3.854 , Out:   0.000#   5.860/   7.359/   0.543/   0.013    8.524/   3.819f

   S-matrix    6 =   -0.02516   0.42346 for L=    7, J=    7.0 channel on core I =   2.0 from L=    7,  Acc. loss =  0.0 D.
 Elastic phase shift   6 =   46.700  24.566 deg. for the L =    7, J =    7.0 channel.
       6.0 -0.02516273  0.42346410i: elastic S-matrix  @@      0.00  0   0 F  0
 Reaction Xsec     6.0-/ 7 @ 6 =   4.030 , Out:   0.000#   7.896/   6.549/   4.238/   0.017    6.817/   3.988f

   S-matrix    7 =   -0.22911   0.30234 for L=    7, J=    8.0 channel on core I =   2.0 from L=    7,  Acc. loss =  0.0 D.
 Elastic phase shift   7 =   63.577  27.769 deg. for the L =    7, J =    8.0 channel.
       6.0 -0.22911104  0.30233695i: elastic S-matrix  @@      0.00  0   0 F  0
 Reaction Xsec     6.0-/ 7 @ 7 =   4.208 , Out:   0.000#   0.014    3.331/   4.801/   0.027    1.651/   4.157f

   S-matrix    8 =    0.60668   0.40295 for L=    9, J=    8.0 channel on core I =   2.0 from L=    9,  Acc. loss =  0.0 D.
 Elastic phase shift   8 =   16.796   9.082 deg. for the L =    9, J =    8.0 channel.
       6.0  0.60667635  0.40295058i: elastic S-matrix  @@      0.00  0   0 F  0
 Reaction Xsec     6.0-/ 9 @ 8 =   2.308 , Out:   0.000#   0.000#   2.425/   0.350/   0.000#   9.098/   2.296f


 Total SPIN, PARITY =     7.0 +,     30 chs,      0 cc.  Rmin & Coul turning =    0.6    3.2
   S-matrix    1 =   -0.19897  -0.28373 for L=    4, J=    5.0 channel on core I =   2.0 from L=    4,  Acc. loss =  0.0 D.
 Elastic phase shift   1 =  -62.520  30.360 deg. for the L =    4, J =    5.0 channel.
       7.0 -0.19896913 -0.28372795i: elastic S-matrix  @@      0.00  0   0 F  0
 Reaction Xsec     7.0+/ 4 @ 1 =   4.990 , Out:   0.000#   0.000#   7.525/   1.247/   0.000#   0.020    4.961f

   S-matrix    2 =   -0.04467   0.36852 for L=    6, J=    5.0 channel on core I =   2.0 from L=    6,  Acc. loss =  0.0 D.
 Elastic phase shift   2 =   48.456  28.389 deg. for the L =    6, J =    5.0 channel.
       7.0 -0.04467048  0.36851869i: elastic S-matrix  @@      0.00  0   0 F  0
 Reaction Xsec     7.0+/ 6 @ 2 =   4.889 , Out:   0.000#   0.014    0.025    0.017    0.018    3.351/   4.812f

   S-matrix    3 =   -0.22718   0.26820 for L=    6, J=    6.0 channel on core I =   2.0 from L=    6,  Acc. loss =  0.0 D.
 Elastic phase shift   3 =   65.133  29.954 deg. for the L =    6, J =    6.0 channel.
       7.0 -0.22717595  0.26819859i: elastic S-matrix  @@      0.00  0   0 F  0
 Reaction Xsec     7.0+/ 6 @ 3 =   4.970 , Out:   0.000#   7.405/   8.166/   4.561/   8.623/   8.022/   4.934f

   S-matrix    4 =   -0.33907   0.03940 for L=    6, J=    7.0 channel on core I =   2.0 from L=    6,  Acc. loss =  0.0 D.
 Elastic phase shift   4 =   86.686  30.792 deg. for the L =    6, J =    7.0 channel.
       7.0 -0.33906569  0.03939760i: elastic S-matrix  @@      0.00  0   0 F  0
 Reaction Xsec     7.0+/ 6 @ 4 =   5.010 , Out:   0.000#   9.269/   5.397/   2.219/   9.670/   6.543/   4.977f

   S-matrix    5 =    0.39498   0.44638 for L=    8, J=    7.0 channel on core I =   2.0 from L=    8,  Acc. loss =  0.0 D.
 Elastic phase shift   5 =   24.248  14.824 deg. for the L =    8, J =    7.0 channel.
       7.0  0.39497828  0.44638251i: elastic S-matrix  @@      0.00  0   0 F  0
 Reaction Xsec     7.0+/ 8 @ 5 =   3.656 , Out:   0.000#   6.947/   7.841/   0.661/   0.022    9.619/   3.610f

   S-matrix    6 =    0.24934   0.49978 for L=    8, J=    8.0 channel on core I =   2.0 from L=    8,  Acc. loss =  0.0 D.
 Elastic phase shift   6 =   31.742  16.686 deg. for the L =    8, J =    8.0 channel.
       7.0  0.24934480  0.49977607i: elastic S-matrix  @@      0.00  0   0 F  0
 Reaction Xsec     7.0+/ 8 @ 6 =   3.902 , Out:   0.000#   9.176/   8.718/   5.913/   0.028    8.090/   3.842f

   S-matrix    7 =    0.05606   0.50452 for L=    8, J=    9.0 channel on core I =   2.0 from L=    8,  Acc. loss =  0.0 D.
 Elastic phase shift   7 =   41.830  19.424 deg. for the L =    8, J =    9.0 channel.
       7.0  0.05606343  0.50451704i: elastic S-matrix  @@      0.00  0   0 F  0
 Reaction Xsec     7.0+/ 8 @ 7 =   4.210 , Out:   0.000#   0.017    6.934/   6.691/   0.051    2.132/   4.125f

   S-matrix    8 =    0.76807   0.32274 for L=   10, J=    9.0 channel on core I =   2.0 from L=   10,  Acc. loss =  0.0 D.
 Elastic phase shift   8 =   11.396   5.230 deg. for the L =   10, J =    9.0 channel.
       7.0  0.76807254  0.32274129i: elastic S-matrix  @@      0.00  0   0 F  0
 Reaction Xsec     7.0+/10 @ 8 =   1.735 , Out:   0.000#   0.000#   2.107/   0.395/   0.000#   5.739/   1.726f


 Total SPIN, PARITY =     7.0 -,     29 chs,      0 cc.  Rmin & Coul turning =    0.6    3.2
   S-matrix    1 =   -0.32467   0.08267 for L=    5, J=    5.0 channel on core I =   2.0 from L=    5,  Acc. loss =  0.0 D.
 Elastic phase shift   1 =   82.858  31.327 deg. for the L =    5, J =    5.0 channel.
       7.0 -0.32467337  0.08266607i: elastic S-matrix  @@      0.00  0   0 F  0
 Reaction Xsec     7.0-/ 5 @ 1 =   5.034 , Out:   0.000#   7.390/   0.016    5.828/   4.404/   9.854/   4.991f

   S-matrix    2 =   -0.30086  -0.16628 for L=    5, J=    6.0 channel on core I =   2.0 from L=    5,  Acc. loss =  0.0 D.
 Elastic phase shift   2 =  -75.536  30.591 deg. for the L =    5, J =    6.0 channel.
       7.0 -0.30086471 -0.16627689i: elastic S-matrix  @@      0.00  0   0 F  0
 Reaction Xsec     7.0-/ 5 @ 2 =   5.001 , Out:   0.000#   6.501/   0.611/   1.444/   3.867/   0.012    4.976f

   S-matrix    3 =    0.16582   0.43388 for L=    7, J=    6.0 channel on core I =   2.0 from L=    7,  Acc. loss =  0.0 D.
 Elastic phase shift   3 =   34.542  21.968 deg. for the L =    7, J =    6.0 channel.
       7.0  0.16582096  0.43388083i: elastic S-matrix  @@      0.00  0   0 F  0
 Reaction Xsec     7.0-/ 7 @ 3 =   4.447 , Out:   0.000#   0.011    0.022    0.013    0.025    6.967/   4.370f

   S-matrix    4 =   -0.02516   0.42346 for L=    7, J=    7.0 channel on core I =   2.0 from L=    7,  Acc. loss =  0.0 D.
 Elastic phase shift   4 =   46.700  24.566 deg. for the L =    7, J =    7.0 channel.
       7.0 -0.02516273  0.42346410i: elastic S-matrix  @@      0.00  0   0 F  0
 Reaction Xsec     7.0-/ 7 @ 4 =   4.650 , Out:   0.000#   8.588/   8.846/   3.850/   0.018    8.214/   4.603f

   S-matrix    5 =   -0.22911   0.30234 for L=    7, J=    8.0 channel on core I =   2.0 from L=    7,  Acc. loss =  0.0 D.
 Elastic phase shift   5 =   63.577  27.769 deg. for the L =    7, J =    8.0 channel.
       7.0 -0.22911104  0.30233695i: elastic S-matrix  @@      0.00  0   0 F  0
 Reaction Xsec     7.0-/ 7 @ 5 =   4.855 , Out:   0.000#   0.013    0.010    5.346/   0.025    4.129/   4.798f

   S-matrix    6 =    0.60668   0.40295 for L=    9, J=    8.0 channel on core I =   2.0 from L=    9,  Acc. loss =  0.0 D.
 Elastic phase shift   6 =   16.796   9.082 deg. for the L =    9, J =    8.0 channel.
       7.0  0.60667635  0.40295058i: elastic S-matrix  @@      0.00  0   0 F  0
 Reaction Xsec     7.0-/ 9 @ 6 =   2.663 , Out:   0.000#   2.449/   0.138/   4.719/   9.386/   8.864/   2.637f

   S-matrix    7 =    0.52296   0.47409 for L=    9, J=    9.0 channel on core I =   2.0 from L=    9,  Acc. loss =  0.0 D.
 Elastic phase shift   7 =   21.097   9.979 deg. for the L =    9, J =    9.0 channel.
       7.0  0.52295759  0.47408837i: elastic S-matrix  @@      0.00  0   0 F  0
 Reaction Xsec     7.0-/ 9 @ 7 =   2.845 , Out:   0.000#   7.154/   5.096/   3.678/   0.027    5.962/   2.796f


 Total SPIN, PARITY =     8.0 +,     29 chs,      0 cc.  Rmin & Coul turning =    0.6    3.6
   S-matrix    1 =   -0.22718   0.26820 for L=    6, J=    6.0 channel on core I =   2.0 from L=    6,  Acc. loss =  0.0 D.
 Elastic phase shift   1 =   65.133  29.954 deg. for the L =    6, J =    6.0 channel.
       8.0 -0.22717595  0.26819859i: elastic S-matrix  @@      0.00  0   0 F  0
 Reaction Xsec     8.0+/ 6 @ 1 =   5.633 , Out:   0.000#   7.552/   0.015    6.796/   8.796/   9.650/   5.585f

   S-matrix    2 =   -0.33907   0.03940 for L=    6, J=    7.0 channel on core I =   2.0 from L=    6,  Acc. loss =  0.0 D.
 Elastic phase shift   2 =   86.686  30.792 deg. for the L =    6, J =    7.0 channel.
       8.0 -0.33906569  0.03939760i: elastic S-matrix  @@      0.00  0   0 F  0
 Reaction Xsec     8.0+/ 6 @ 2 =   5.678 , Out:   0.000#   5.561/   0.395/   1.982/   5.802/   0.011    5.654f

   S-matrix    3 =    0.39498   0.44638 for L=    8, J=    7.0 channel on core I =   2.0 from L=    8,  Acc. loss =  0.0 D.
 Elastic phase shift   3 =   24.248  14.824 deg. for the L =    8, J =    7.0 channel.
       8.0  0.39497828  0.44638251i: elastic S-matrix  @@      0.00  0   0 F  0
 Reaction Xsec     8.0+/ 8 @ 3 =   4.144 , Out:   0.000#   0.013    0.022    0.014    0.039    7.671/   4.047f

   S-matrix    4 =    0.24934   0.49978 for L=    8, J=    8.0 channel on core I =   2.0 from L=    8,  Acc. loss =  0.0 D.
 Elastic phase shift   4 =   31.742  16.686 deg. for the L =    8, J =    8.0 channel.
       8.0  0.24934480  0.49977607i: elastic S-matrix  @@      0.00  0   0 F  0
 Reaction Xsec     8.0+/ 8 @ 4 =   4.422 , Out:   0.000#   9.862/   0.011    4.539/   0.030    9.527/   4.358f

   S-matrix    5 =    0.05606   0.50452 for L=    8, J=    9.0 channel on core I =   2.0 from L=    8,  Acc. loss =  0.0 D.
 Elastic phase shift   5 =   41.830  19.424 deg. for the L =    8, J =    9.0 channel.
       8.0  0.05606343  0.50451704i: elastic S-matrix  @@      0.00  0   0 F  0
 Reaction Xsec     8.0+/ 8 @ 5 =   4.771 , Out:   0.000#   0.016    0.016    7.513/   0.046    5.178/   4.681f

   S-matrix    6 =    0.76807   0.32274 for L=   10, J=    9.0 channel on core I =   2.0 from L=   10,  Acc. loss =  0.0 D.
 Elastic phase shift   6 =   11.396   5.230 deg. for the L =   10, J =    9.0 channel.
       8.0  0.76807254  0.32274129i: elastic S-matrix  @@      0.00  0   0 F  0
 Reaction Xsec     8.0+/10 @ 6 =   1.966 , Out:   0.000#   1.561/   0.096/   3.115/   6.850/   5.464/   1.949f

   S-matrix    7 =    0.72978   0.38052 for L=   10, J=   10.0 channel on core I =   2.0 from L=   10,  Acc. loss =  0.0 D.
 Elastic phase shift   7 =   13.769   5.580 deg. for the L =   10, J =   10.0 channel.
       8.0  0.72978069  0.38051533i: elastic S-matrix  @@      0.00  0   0 F  0
 Reaction Xsec     8.0+/10 @ 7 =   2.074 , Out:   0.000#   4.411/   4.402/   3.029/   0.019    3.743/   2.039f


 Total SPIN, PARITY =     8.0 -,     30 chs,      0 cc.  Rmin & Coul turning =    0.6    3.6
   S-matrix    1 =   -0.30086  -0.16628 for L=    5, J=    6.0 channel on core I =   2.0 from L=    5,  Acc. loss =  0.0 D.
 Elastic phase shift   1 =  -75.536  30.591 deg. for the L =    5, J =    6.0 channel.
       8.0 -0.30086471 -0.16627689i: elastic S-matrix  @@      0.00  0   0 F  0
 Reaction Xsec     8.0-/ 5 @ 1 =   5.668 , Out:   0.000#   0.000#   6.234/   0.919/   0.000#   0.018    5.642f

   S-matrix    2 =    0.16582   0.43388 for L=    7, J=    6.0 channel on core I =   2.0 from L=    7,  Acc. loss =  0.0 D.
 Elastic phase shift   2 =   34.542  21.968 deg. for the L =    7, J =    6.0 channel.
       8.0  0.16582096  0.43388083i: elastic S-matrix  @@      0.00  0   0 F  0
 Reaction Xsec     8.0-/ 7 @ 2 =   5.040 , Out:   0.000#   0.018    0.029    0.021    0.040    4.180/   4.928f

   S-matrix    3 =   -0.02516   0.42346 for L=    7, J=    7.0 channel on core I =   2.0 from L=    7,  Acc. loss =  0.0 D.
 Elastic phase shift   3 =   46.700  24.566 deg. for the L =    7, J =    7.0 channel.
       8.0 -0.02516273  0.42346410i: elastic S-matrix  @@      0.00  0   0 F  0
 Reaction Xsec     8.0-/ 7 @ 3 =   5.270 , Out:   0.000#   9.056/   0.010    7.814/   0.019    9.761/   5.215f

   S-matrix    4 =   -0.22911   0.30234 for L=    7, J=    8.0 channel on core I =   2.0 from L=    7,  Acc. loss =  0.0 D.
 Elastic phase shift   4 =   63.577  27.769 deg. for the L =    7, J =    8.0 channel.
       8.0 -0.22911104  0.30233695i: elastic S-matrix  @@      0.00  0   0 F  0
 Reaction Xsec     8.0-/ 7 @ 4 =   5.502 , Out:   0.000#   0.010    7.715/   4.122/   0.020    7.559/   5.453f

   S-matrix    5 =    0.60668   0.40295 for L=    9, J=    8.0 channel on core I =   2.0 from L=    9,  Acc. loss =  0.0 D.
 Elastic phase shift   5 =   16.796   9.082 deg. for the L =    9, J =    8.0 channel.
       8.0  0.60667635  0.40295058i: elastic S-matrix  @@      0.00  0   0 F  0
 Reaction Xsec     8.0-/ 9 @ 5 =   3.018 , Out:   0.000#   5.948/   6.194/   0.701/   0.023    7.931/   2.974f

   S-matrix    6 =    0.52296   0.47409 for L=    9, J=    9.0 channel on core I =   2.0 from L=    9,  Acc. loss =  0.0 D.
 Elastic phase shift   6 =   21.097   9.979 deg. for the L =    9, J =    9.0 channel.
       8.0  0.52295759  0.47408837i: elastic S-matrix  @@      0.00  0   0 F  0
 Reaction Xsec     8.0-/ 9 @ 6 =   3.225 , Out:   0.000#   7.784/   8.728/   6.055/   0.030    6.973/   3.166f

   S-matrix    7 =    0.40561   0.53966 for L=    9, J=   10.0 channel on core I =   2.0 from L=    9,  Acc. loss =  0.0 D.
 Elastic phase shift   7 =   26.536  11.256 deg. for the L =    9, J =   10.0 channel.
       8.0  0.40561104  0.53965706i: elastic S-matrix  @@      0.00  0   0 F  0
 Reaction Xsec     8.0-/ 9 @ 7 =   3.498 , Out:   0.000#   0.016    9.360/   7.219/   0.059    1.978/   3.405f

   S-matrix    8 =    0.87207   0.23608 for L=   11, J=   10.0 channel on core I =   2.0 from L=   11,  Acc. loss =  0.0 D.
 Elastic phase shift   8 =    7.574   2.908 deg. for the L =   11, J =   10.0 channel.
       8.0  0.87207122  0.23608478i: elastic S-matrix  @@      0.00  0   0 F  0
 Reaction Xsec     8.0-/11 @ 8 =   1.181 , Out:   0.000#   0.000#   1.301/   0.346/   0.000#   2.843/   1.177f


 Total SPIN, PARITY =     9.0 +,     30 chs,      0 cc.  Rmin & Coul turning =    0.7    4.1
   S-matrix    1 =   -0.33907   0.03940 for L=    6, J=    7.0 channel on core I =   2.0 from L=    6,  Acc. loss =  0.0 D.
 Elastic phase shift   1 =   86.686  30.792 deg. for the L =    6, J =    7.0 channel.
       9.0 -0.33906569  0.03939760i: elastic S-matrix  @@      0.00  0   0 F  0
 Reaction Xsec     9.0+/ 6 @ 1 =   6.346 , Out:   0.000#   0.000#   5.412/   0.825/   0.000#   0.016    6.324f

   S-matrix    2 =    0.39498   0.44638 for L=    8, J=    7.0 channel on core I =   2.0 from L=    8,  Acc. loss =  0.0 D.
 Elastic phase shift   2 =   24.248  14.824 deg. for the L =    8, J =    7.0 channel.
       9.0  0.39497828  0.44638251i: elastic S-matrix  @@      0.00  0   0 F  0
 Reaction Xsec     9.0+/ 8 @ 2 =   4.631 , Out:   0.000#   0.020    0.027    0.020    0.063    4.513/   4.497f

   S-matrix    3 =    0.24934   0.49978 for L=    8, J=    8.0 channel on core I =   2.0 from L=    8,  Acc. loss =  0.0 D.
 Elastic phase shift   3 =   31.742  16.686 deg. for the L =    8, J =    8.0 channel.
       9.0  0.24934480  0.49977607i: elastic S-matrix  @@      0.00  0   0 F  0
 Reaction Xsec     9.0+/ 8 @ 3 =   4.942 , Out:   0.000#   0.010    0.011    0.010    0.031    0.011    4.868f

   S-matrix    4 =    0.05606   0.50452 for L=    8, J=    9.0 channel on core I =   2.0 from L=    8,  Acc. loss =  0.0 D.
 Elastic phase shift   4 =   41.830  19.424 deg. for the L =    8, J =    9.0 channel.
       9.0  0.05606343  0.50451704i: elastic S-matrix  @@      0.00  0   0 F  0
 Reaction Xsec     9.0+/ 8 @ 4 =   5.332 , Out:   0.000#   0.012    0.011    6.209/   0.036    9.259/   5.257f

   S-matrix    5 =    0.76807   0.32274 for L=   10, J=    9.0 channel on core I =   2.0 from L=   10,  Acc. loss =  0.0 D.
 Elastic phase shift   5 =   11.396   5.230 deg. for the L =   10, J =    9.0 channel.
       9.0  0.76807254  0.32274129i: elastic S-matrix  @@      0.00  0   0 F  0
 Reaction Xsec     9.0+/10 @ 5 =   2.197 , Out:   0.000#   3.708/   3.743/   0.667/   0.016    4.798/   2.168f

   S-matrix    6 =    0.72978   0.38052 for L=   10, J=   10.0 channel on core I =   2.0 from L=   10,  Acc. loss =  0.0 D.
 Elastic phase shift   6 =   13.769   5.580 deg. for the L =   10, J =   10.0 channel.
       9.0  0.72978069  0.38051533i: elastic S-matrix  @@      0.00  0   0 F  0
 Reaction Xsec     9.0+/10 @ 6 =   2.317 , Out:   0.000#   4.746/   6.309/   4.690/   0.021    4.305/   2.277f

   S-matrix    7 =    0.67752   0.44371 for L=   10, J=   11.0 channel on core I =   2.0 from L=   10,  Acc. loss =  0.0 D.
 Elastic phase shift   7 =   16.611   6.041 deg. for the L =   10, J =   11.0 channel.
       9.0  0.67751698  0.44371487i: elastic S-matrix  @@      0.00  0   0 F  0
 Reaction Xsec     9.0+/10 @ 7 =   2.472 , Out:   0.000#   9.651/   7.907/   6.126/   0.042    1.259/   2.405f

   S-matrix    8 =    0.93187   0.16282 for L=   12, J=   11.0 channel on core I =   2.0 from L=   12,  Acc. loss =  0.0 D.
 Elastic phase shift   8 =    4.955   1.591 deg. for the L =   12, J =   11.0 channel.
       9.0  0.93186713  0.16281619i: elastic S-matrix  @@      0.00  0   0 F  0
 Reaction Xsec     9.0+/12 @ 8 =   0.755 , Out:   0.000#   0.000#   0.633/   0.221/   0.000#   1.208/   0.753f


 Total SPIN, PARITY =     9.0 -,     29 chs,      0 cc.  Rmin & Coul turning =    0.7    4.1
   S-matrix    1 =   -0.02516   0.42346 for L=    7, J=    7.0 channel on core I =   2.0 from L=    7,  Acc. loss =  0.0 D.
 Elastic phase shift   1 =   46.700  24.566 deg. for the L =    7, J =    7.0 channel.
       9.0 -0.02516273  0.42346410i: elastic S-matrix  @@      0.00  0   0 F  0
 Reaction Xsec     9.0-/ 7 @ 1 =   5.890 , Out:   0.000#   9.270/   0.018    9.941/   0.019    0.011    5.822f

   S-matrix    2 =   -0.22911   0.30234 for L=    7, J=    8.0 channel on core I =   2.0 from L=    7,  Acc. loss =  0.0 D.
 Elastic phase shift   2 =   63.577  27.769 deg. for the L =    7, J =    8.0 channel.
       9.0 -0.22911104  0.30233695i: elastic S-matrix  @@      0.00  0   0 F  0
 Reaction Xsec     9.0-/ 7 @ 2 =   6.149 , Out:   0.000#   6.034/   0.384/   3.846/   0.012    0.012    6.115f

   S-matrix    3 =    0.60668   0.40295 for L=    9, J=    8.0 channel on core I =   2.0 from L=    9,  Acc. loss =  0.0 D.
 Elastic phase shift   3 =   16.796   9.082 deg. for the L =    9, J =    8.0 channel.
       9.0  0.60667635  0.40295058i: elastic S-matrix  @@      0.00  0   0 F  0
 Reaction Xsec     9.0-/ 9 @ 3 =   3.373 , Out:   0.000#   0.011    0.017    0.011    0.041    6.205/   3.287f

   S-matrix    4 =    0.52296   0.47409 for L=    9, J=    9.0 channel on core I =   2.0 from L=    9,  Acc. loss =  0.0 D.
 Elastic phase shift   4 =   21.097   9.979 deg. for the L =    9, J =    9.0 channel.
       9.0  0.52295759  0.47408837i: elastic S-matrix  @@      0.00  0   0 F  0
 Reaction Xsec     9.0-/ 9 @ 4 =   3.604 , Out:   0.000#   8.292/   9.368/   3.634/   0.032    8.065/   3.543f

   S-matrix    5 =    0.40561   0.53966 for L=    9, J=   10.0 channel on core I =   2.0 from L=    9,  Acc. loss =  0.0 D.
 Elastic phase shift   5 =   26.536  11.256 deg. for the L =    9, J =   10.0 channel.
       9.0  0.40561104  0.53965706i: elastic S-matrix  @@      0.00  0   0 F  0
 Reaction Xsec     9.0-/ 9 @ 5 =   3.909 , Out:   0.000#   0.014    0.018    8.269/   0.051    4.697/   3.814f

   S-matrix    6 =    0.87207   0.23608 for L=   11, J=   10.0 channel on core I =   2.0 from L=   11,  Acc. loss =  0.0 D.
 Elastic phase shift   6 =    7.574   2.908 deg. for the L =   11, J =   10.0 channel.
       9.0  0.87207122  0.23608478i: elastic S-matrix  @@      0.00  0   0 F  0
 Reaction Xsec     9.0-/11 @ 6 =   1.320 , Out:   0.000#   0.780/   0.048/   1.561/   3.731/   2.657/   1.311f

   S-matrix    7 =    0.85701   0.27367 for L=   11, J=   11.0 channel on core I =   2.0 from L=   11,  Acc. loss =  0.0 D.
 Elastic phase shift   7 =    8.855   3.030 deg. for the L =   11, J =   11.0 channel.
       9.0  0.85700923  0.27367420i: elastic S-matrix  @@      0.00  0   0 F  0
 Reaction Xsec     9.0-/11 @ 7 =   1.369 , Out:   0.000#   2.126/   2.683/   2.066/   0.010    1.830/   1.351f


 Total SPIN, PARITY =    10.0 +,     29 chs,      0 cc.  Rmin & Coul turning =    0.8    4.5
   S-matrix    1 =    0.24934   0.49978 for L=    8, J=    8.0 channel on core I =   2.0 from L=    8,  Acc. loss =  0.0 D.
 Elastic phase shift   1 =   31.742  16.686 deg. for the L =    8, J =    8.0 channel.
      10.0  0.24934480  0.49977607i: elastic S-matrix  @@      0.00  0   0 F  0
 Reaction Xsec    10.0+/ 8 @ 1 =   5.463 , Out:   0.000#   0.011    0.018    0.011    0.032    0.013    5.378f

   S-matrix    2 =    0.05606   0.50452 for L=    8, J=    9.0 channel on core I =   2.0 from L=    8,  Acc. loss =  0.0 D.
 Elastic phase shift   2 =   41.830  19.424 deg. for the L =    8, J =    9.0 channel.
      10.0  0.05606343  0.50451704i: elastic S-matrix  @@      0.00  0   0 F  0
 Reaction Xsec    10.0+/ 8 @ 2 =   5.893 , Out:   0.000#   7.036/   0.367/   6.410/   0.021    0.014    5.844f

   S-matrix    3 =    0.76807   0.32274 for L=   10, J=    9.0 channel on core I =   2.0 from L=   10,  Acc. loss =  0.0 D.
 Elastic phase shift   3 =   11.396   5.230 deg. for the L =   10, J =    9.0 channel.
      10.0  0.76807254  0.32274129i: elastic S-matrix  @@      0.00  0   0 F  0
 Reaction Xsec    10.0+/10 @ 3 =   2.429 , Out:   0.000#   6.508/   0.010    6.463/   0.029    3.696/   2.373f

   S-matrix    4 =    0.72978   0.38052 for L=   10, J=   10.0 channel on core I =   2.0 from L=   10,  Acc. loss =  0.0 D.
 Elastic phase shift   4 =   13.769   5.580 deg. for the L =   10, J =   10.0 channel.
      10.0  0.72978069  0.38051533i: elastic S-matrix  @@      0.00  0   0 F  0
 Reaction Xsec    10.0+/10 @ 4 =   2.561 , Out:   0.000#   5.021/   6.176/   2.132/   0.022    4.908/   2.521f

   S-matrix    5 =    0.67752   0.44371 for L=   10, J=   11.0 channel on core I =   2.0 from L=   10,  Acc. loss =  0.0 D.
 Elastic phase shift   5 =   16.611   6.041 deg. for the L =   10, J =   11.0 channel.
      10.0  0.67751698  0.44371487i: elastic S-matrix  @@      0.00  0   0 F  0
 Reaction Xsec    10.0+/10 @ 5 =   2.732 , Out:   0.000#   8.348/   0.013    6.975/   0.036    2.937/   2.664f

   S-matrix    6 =    0.93187   0.16282 for L=   12, J=   11.0 channel on core I =   2.0 from L=   12,  Acc. loss =  0.0 D.
 Elastic phase shift   6 =    4.955   1.591 deg. for the L =   12, J =   11.0 channel.
      10.0  0.93186713  0.16281619i: elastic S-matrix  @@      0.00  0   0 F  0
 Reaction Xsec    10.0+/12 @ 6 =   0.835 , Out:   0.000#   0.334/   0.019/   0.656/   1.685/   1.112/   0.831f

   S-matrix    7 =    0.92641   0.18485 for L=   12, J=   12.0 channel on core I =   2.0 from L=   12,  Acc. loss =  0.0 D.
 Elastic phase shift   7 =    5.642   1.630 deg. for the L =   12, J =   12.0 channel.
      10.0  0.92641323  0.18484906i: elastic S-matrix  @@      0.00  0   0 F  0
 Reaction Xsec    10.0+/12 @ 7 =   0.854 , Out:   0.000#   0.881/   1.290/   1.144/   4.446/   0.768/   0.846f


 Total SPIN, PARITY =    10.0 -,     30 chs,      0 cc.  Rmin & Coul turning =    0.8    4.5
   S-matrix    1 =   -0.22911   0.30234 for L=    7, J=    8.0 channel on core I =   2.0 from L=    7,  Acc. loss =  0.0 D.
 Elastic phase shift   1 =   63.577  27.769 deg. for the L =    7, J =    8.0 channel.
      10.0 -0.22911104  0.30233695i: elastic S-matrix  @@      0.00  0   0 F  0
 Reaction Xsec    10.0-/ 7 @ 1 =   6.797 , Out:   0.000#   0.000#   6.782/   1.681/   0.000#   0.018    6.771f

   S-matrix    2 =    0.60668   0.40295 for L=    9, J=    8.0 channel on core I =   2.0 from L=    9,  Acc. loss =  0.0 D.
 Elastic phase shift   2 =   16.796   9.082 deg. for the L =    9, J =    8.0 channel.
      10.0  0.60667635  0.40295058i: elastic S-matrix  @@      0.00  0   0 F  0
 Reaction Xsec    10.0-/ 9 @ 2 =   3.728 , Out:   0.000#   0.017    0.019    0.013    0.064    3.592/   3.612f

   S-matrix    3 =    0.52296   0.47409 for L=    9, J=    9.0 channel on core I =   2.0 from L=    9,  Acc. loss =  0.0 D.
 Elastic phase shift   3 =   21.097   9.979 deg. for the L =    9, J =    9.0 channel.
      10.0  0.52295759  0.47408837i: elastic S-matrix  @@      0.00  0   0 F  0
 Reaction Xsec    10.0-/ 9 @ 3 =   3.984 , Out:   0.000#   8.664/   8.857/   8.805/   0.033    9.248/   3.915f

   S-matrix    4 =    0.40561   0.53966 for L=    9, J=   10.0 channel on core I =   2.0 from L=    9,  Acc. loss =  0.0 D.
 Elastic phase shift   4 =   26.536  11.256 deg. for the L =    9, J =   10.0 channel.
      10.0  0.40561104  0.53965706i: elastic S-matrix  @@      0.00  0   0 F  0
 Reaction Xsec    10.0-/ 9 @ 4 =   4.321 , Out:   0.000#   0.011    0.012    5.571/   0.040    8.246/   4.245f

   S-matrix    5 =    0.87207   0.23608 for L=   11, J=   10.0 channel on core I =   2.0 from L=   11,  Acc. loss =  0.0 D.
 Elastic phase shift   5 =    7.574   2.908 deg. for the L =   11, J =   10.0 channel.
      10.0  0.87207122  0.23608478i: elastic S-matrix  @@      0.00  0   0 F  0
 Reaction Xsec    10.0-/11 @ 5 =   1.459 , Out:   0.000#   1.820/   1.849/   0.511/   8.706/   2.299/   1.444f

   S-matrix    6 =    0.85701   0.27367 for L=   11, J=   11.0 channel on core I =   2.0 from L=   11,  Acc. loss =  0.0 D.
 Elastic phase shift   6 =    8.855   3.030 deg. for the L =   11, J =   11.0 channel.
      10.0  0.85700923  0.27367420i: elastic S-matrix  @@      0.00  0   0 F  0
 Reaction Xsec    10.0-/11 @ 6 =   1.514 , Out:   0.000#   2.268/   3.461/   2.888/   0.011    2.077/   1.492f

   S-matrix    7 =    0.83744   0.31569 for L=   11, J=   12.0 channel on core I =   2.0 from L=   11,  Acc. loss =  0.0 D.
 Elastic phase shift   7 =   10.328   3.179 deg. for the L =   11, J =   12.0 channel.
      10.0  0.83744195  0.31569268i: elastic S-matrix  @@      0.00  0   0 F  0
 Reaction Xsec    10.0-/11 @ 7 =   1.580 , Out:   0.000#   4.598/   4.677/   4.149/   0.022    0.613/   1.544f

   S-matrix    8 =    0.96418   0.10842 for L=   13, J=   12.0 channel on core I =   2.0 from L=   13,  Acc. loss =  0.0 D.
 Elastic phase shift   8 =    3.208   0.865 deg. for the L =   13, J =   12.0 channel.
      10.0  0.96418111  0.10842335i: elastic S-matrix  @@      0.00  0   0 F  0
 Reaction Xsec    10.0-/13 @ 8 =   0.465 , Out:   0.000#   0.000#   0.266/   0.111/   0.000#   0.470/   0.464f


 Total SPIN, PARITY =    11.0 +,     30 chs,      0 cc.  Rmin & Coul turning =    0.9    4.9
   S-matrix    1 =    0.05606   0.50452 for L=    8, J=    9.0 channel on core I =   2.0 from L=    8,  Acc. loss =  0.0 D.
 Elastic phase shift   1 =   41.830  19.424 deg. for the L =    8, J =    9.0 channel.
      11.0  0.05606343  0.50451704i: elastic S-matrix  @@      0.00  0   0 F  0
 Reaction Xsec    11.0+/ 8 @ 1 =   6.455 , Out:   0.000#   0.000#   8.135/   2.443/   0.000#   0.021    6.423f

   S-matrix    2 =    0.76807   0.32274 for L=   10, J=    9.0 channel on core I =   2.0 from L=   10,  Acc. loss =  0.0 D.
 Elastic phase shift   2 =   11.396   5.230 deg. for the L =   10, J =    9.0 channel.
      11.0  0.76807254  0.32274129i: elastic S-matrix  @@      0.00  0   0 F  0
 Reaction Xsec    11.0+/10 @ 2 =   2.660 , Out:   0.000#   0.010    9.877/   6.994/   0.044    2.112/   2.587f

   S-matrix    3 =    0.72978   0.38052 for L=   10, J=   10.0 channel on core I =   2.0 from L=   10,  Acc. loss =  0.0 D.
 Elastic phase shift   3 =   13.769   5.580 deg. for the L =   10, J =   10.0 channel.
      11.0  0.72978069  0.38051533i: elastic S-matrix  @@      0.00  0   0 F  0
 Reaction Xsec    11.0+/10 @ 3 =   2.805 , Out:   0.000#   5.228/   5.250/   5.361/   0.023    5.557/   2.761f

   S-matrix    4 =    0.67752   0.44371 for L=   10, J=   11.0 channel on core I =   2.0 from L=   10,  Acc. loss =  0.0 D.
 Elastic phase shift   4 =   16.611   6.041 deg. for the L =   10, J =   11.0 channel.
      11.0  0.67751698  0.44371487i: elastic S-matrix  @@      0.00  0   0 F  0
 Reaction Xsec    11.0+/10 @ 4 =   2.992 , Out:   0.000#   6.349/   8.574/   3.282/   0.028    5.079/   2.941f

   S-matrix    5 =    0.93187   0.16282 for L=   12, J=   11.0 channel on core I =   2.0 from L=   12,  Acc. loss =  0.0 D.
 Elastic phase shift   5 =    4.955   1.591 deg. for the L =   12, J =   11.0 channel.
      11.0  0.93186713  0.16281619i: elastic S-matrix  @@      0.00  0   0 F  0
 Reaction Xsec    11.0+/12 @ 5 =   0.914 , Out:   0.000#   0.767/   0.796/   0.304/   3.876/   0.950/   0.907f

   S-matrix    6 =    0.92641   0.18485 for L=   12, J=   12.0 channel on core I =   2.0 from L=   12,  Acc. loss =  0.0 D.
 Elastic phase shift   6 =    5.642   1.630 deg. for the L =   12, J =   12.0 channel.
      11.0  0.92641323  0.18484906i: elastic S-matrix  @@      0.00  0   0 F  0
 Reaction Xsec    11.0+/12 @ 6 =   0.936 , Out:   0.000#   0.933/   1.561/   1.463/   4.710/   0.862/   0.926f

   S-matrix    7 =    0.91964   0.20925 for L=   12, J=   13.0 channel on core I =   2.0 from L=   12,  Acc. loss =  0.0 D.
 Elastic phase shift   7 =    6.409   1.677 deg. for the L =   12, J =   13.0 channel.
      11.0  0.91964209  0.20924918i: elastic S-matrix  @@      0.00  0   0 F  0
 Reaction Xsec    11.0+/12 @ 7 =   0.961 , Out:   0.000#   1.880/   2.192/   2.257/   9.485/   0.255/   0.945f

   S-matrix    8 =    0.98119   0.07076 for L=   14, J=   13.0 channel on core I =   2.0 from L=   14,  Acc. loss =  0.0 D.
 Elastic phase shift   8 =    2.062   0.470 deg. for the L =   14, J =   13.0 channel.
      11.0  0.98118591  0.07075733i: elastic S-matrix  @@      0.00  0   0 F  0
 Reaction Xsec    11.0+/14 @ 8 =   0.281 , Out:   0.000#   0.000#   0.103/   0.047/   0.000#   0.174/   0.280f


 Total SPIN, PARITY =    11.0 -,     29 chs,      0 cc.  Rmin & Coul turning =    0.9    4.9
   S-matrix    1 =    0.52296   0.47409 for L=    9, J=    9.0 channel on core I =   2.0 from L=    9,  Acc. loss =  0.0 D.
 Elastic phase shift   1 =   21.097   9.979 deg. for the L =    9, J =    9.0 channel.
      11.0  0.52295759  0.47408837i: elastic S-matrix  @@      0.00  0   0 F  0
 Reaction Xsec    11.0-/ 9 @ 1 =   4.363 , Out:   0.000#   8.886/   0.013    7.809/   0.034    0.011    4.289f

   S-matrix    2 =    0.40561   0.53966 for L=    9, J=   10.0 channel on core I =   2.0 from L=    9,  Acc. loss =  0.0 D.
 Elastic phase shift   2 =   26.536  11.256 deg. for the L =    9, J =   10.0 channel.
      11.0  0.40561104  0.53965706i: elastic S-matrix  @@      0.00  0   0 F  0
 Reaction Xsec    11.0-/ 9 @ 2 =   4.732 , Out:   0.000#   6.021/   0.240/   6.508/   0.023    0.013    4.684f

   S-matrix    3 =    0.87207   0.23608 for L=   11, J=   10.0 channel on core I =   2.0 from L=   11,  Acc. loss =  0.0 D.
 Elastic phase shift   3 =    7.574   2.908 deg. for the L =   11, J =   10.0 channel.
      11.0  0.87207122  0.23608478i: elastic S-matrix  @@      0.00  0   0 F  0
 Reaction Xsec    11.0-/11 @ 3 =   1.598 , Out:   0.000#   3.147/   4.970/   3.033/   0.015    1.748/   1.570f

   S-matrix    4 =    0.85701   0.27367 for L=   11, J=   11.0 channel on core I =   2.0 from L=   11,  Acc. loss =  0.0 D.
 Elastic phase shift   4 =    8.855   3.030 deg. for the L =   11, J =   11.0 channel.
      11.0  0.85700923  0.27367420i: elastic S-matrix  @@      0.00  0   0 F  0
 Reaction Xsec    11.0-/11 @ 4 =   1.658 , Out:   0.000#   2.385/   3.190/   1.022/   0.011    2.341/   1.637f

   S-matrix    5 =    0.83744   0.31569 for L=   11, J=   12.0 channel on core I =   2.0 from L=   11,  Acc. loss =  0.0 D.
 Elastic phase shift   5 =   10.328   3.179 deg. for the L =   11, J =   12.0 channel.
      11.0  0.83744195  0.31569268i: elastic S-matrix  @@      0.00  0   0 F  0
 Reaction Xsec    11.0-/11 @ 5 =   1.731 , Out:   0.000#   3.928/   7.219/   4.601/   0.019    1.410/   1.695f

   S-matrix    6 =    0.96418   0.10842 for L=   13, J=   12.0 channel on core I =   2.0 from L=   13,  Acc. loss =  0.0 D.
 Elastic phase shift   6 =    3.208   0.865 deg. for the L =   13, J =   12.0 channel.
      11.0  0.96418111  0.10842335i: elastic S-matrix  @@      0.00  0   0 F  0
 Reaction Xsec    11.0-/13 @ 6 =   0.510 , Out:   0.000#   0.131/   6.887#   0.249/   0.682/   0.427/   0.508f

   S-matrix    7 =    0.96228   0.12076 for L=   13, J=   13.0 channel on core I =   2.0 from L=   13,  Acc. loss =  0.0 D.
 Elastic phase shift   7 =    3.576   0.878 deg. for the L =   13, J =   13.0 channel.
      11.0  0.96228298  0.12076132i: elastic S-matrix  @@      0.00  0   0 F  0
 Reaction Xsec    11.0-/13 @ 7 =   0.517 , Out:   0.000#   0.335/   0.537/   0.528/   1.752/   0.296/   0.513f


 Total SPIN, PARITY =    12.0 +,     29 chs,      0 cc.  Rmin & Coul turning =    1.0    5.3
   S-matrix    1 =    0.72978   0.38052 for L=   10, J=   10.0 channel on core I =   2.0 from L=   10,  Acc. loss =  0.0 D.
 Elastic phase shift   1 =   13.769   5.580 deg. for the L =   10, J =   10.0 channel.
      12.0  0.72978069  0.38051533i: elastic S-matrix  @@      0.00  0   0 F  0
 Reaction Xsec    12.0+/10 @ 1 =   3.049 , Out:   0.000#   5.361/   7.155/   4.188/   0.023    6.254/   3.003f

   S-matrix    2 =    0.67752   0.44371 for L=   10, J=   11.0 channel on core I =   2.0 from L=   10,  Acc. loss =  0.0 D.
 Elastic phase shift   2 =   16.611   6.041 deg. for the L =   10, J =   11.0 channel.
      12.0  0.67751698  0.44371487i: elastic S-matrix  @@      0.00  0   0 F  0
 Reaction Xsec    12.0+/10 @ 2 =   3.252 , Out:   0.000#   3.589/   0.111/   4.235/   0.016    7.729/   3.221f

   S-matrix    3 =    0.93187   0.16282 for L=   12, J=   11.0 channel on core I =   2.0 from L=   12,  Acc. loss =  0.0 D.
 Elastic phase shift   3 =    4.955   1.591 deg. for the L =   12, J =   11.0 channel.
      12.0  0.93186713  0.16281619i: elastic S-matrix  @@      0.00  0   0 F  0
 Reaction Xsec    12.0+/12 @ 3 =   0.993 , Out:   0.000#   1.311/   2.102/   1.238/   6.621/   0.715/   0.981f

   S-matrix    4 =    0.92641   0.18485 for L=   12, J=   12.0 channel on core I =   2.0 from L=   12,  Acc. loss =  0.0 D.
 Elastic phase shift   4 =    5.642   1.630 deg. for the L =   12, J =   12.0 channel.
      12.0  0.92641323  0.18484906i: elastic S-matrix  @@      0.00  0   0 F  0
 Reaction Xsec    12.0+/12 @ 4 =   1.017 , Out:   0.000#   0.977/   1.388/   0.433/   4.932/   0.961/   1.008f

   S-matrix    5 =    0.91964   0.20925 for L=   12, J=   13.0 channel on core I =   2.0 from L=   12,  Acc. loss =  0.0 D.
 Elastic phase shift   5 =    6.409   1.677 deg. for the L =   12, J =   13.0 channel.
      12.0  0.91964209  0.20924918i: elastic S-matrix  @@      0.00  0   0 F  0
 Reaction Xsec    12.0+/12 @ 5 =   1.044 , Out:   0.000#   1.589/   3.227/   2.430/   8.019/   0.580/   1.028f

   S-matrix    6 =    0.98119   0.07076 for L=   14, J=   13.0 channel on core I =   2.0 from L=   14,  Acc. loss =  0.0 D.
 Elastic phase shift   6 =    2.062   0.470 deg. for the L =   14, J =   13.0 channel.
      12.0  0.98118591  0.07075733i: elastic S-matrix  @@      0.00  0   0 F  0
 Reaction Xsec    12.0+/14 @ 6 =   0.305 , Out:   0.000#   0.049/   2.278#   0.089/   0.259/   0.157/   0.304f

   S-matrix    7 =    0.98054   0.07754 for L=   14, J=   14.0 channel on core I =   2.0 from L=   14,  Acc. loss =  0.0 D.
 Elastic phase shift   7 =    2.261   0.474 deg. for the L =   14, J =   14.0 channel.
      12.0  0.98053649  0.07754068i: elastic S-matrix  @@      0.00  0   0 F  0
 Reaction Xsec    12.0+/14 @ 7 =   0.308 , Out:   0.000#   0.122/   0.207/   0.215/   0.652/   0.109/   0.306f


 Total SPIN, PARITY =    12.0 -,     30 chs,      0 cc.  Rmin & Coul turning =    1.0    5.3
   S-matrix    1 =    0.40561   0.53966 for L=    9, J=   10.0 channel on core I =   2.0 from L=    9,  Acc. loss =  0.0 D.
 Elastic phase shift   1 =   26.536  11.256 deg. for the L =    9, J =   10.0 channel.
      12.0  0.40561104  0.53965706i: elastic S-matrix  @@      0.00  0   0 F  0
 Reaction Xsec    12.0-/ 9 @ 1 =   5.144 , Out:   0.000#   0.000#   6.526/   2.003/   0.000#   0.018    5.117f

   S-matrix    2 =    0.87207   0.23608 for L=   11, J=   10.0 channel on core I =   2.0 from L=   11,  Acc. loss =  0.0 D.
 Elastic phase shift   2 =    7.574   2.908 deg. for the L =   11, J =   10.0 channel.
      12.0  0.87207122  0.23608478i: elastic S-matrix  @@      0.00  0   0 F  0
 Reaction Xsec    12.0-/11 @ 2 =   1.737 , Out:   0.000#   4.789/   4.326/   3.090/   0.023    0.988/   1.701f

   S-matrix    3 =    0.85701   0.27367 for L=   11, J=   11.0 channel on core I =   2.0 from L=   11,  Acc. loss =  0.0 D.
 Elastic phase shift   3 =    8.855   3.030 deg. for the L =   11, J =   11.0 channel.
      12.0  0.85700923  0.27367420i: elastic S-matrix  @@      0.00  0   0 F  0
 Reaction Xsec    12.0-/11 @ 3 =   1.802 , Out:   0.000#   2.476/   2.516/   2.548/   0.012    2.622/   1.780f

   S-matrix    4 =    0.83744   0.31569 for L=   11, J=   12.0 channel on core I =   2.0 from L=   11,  Acc. loss =  0.0 D.
 Elastic phase shift   4 =   10.328   3.179 deg. for the L =   11, J =   12.0 channel.
      12.0  0.83744195  0.31569268i: elastic S-matrix  @@      0.00  0   0 F  0
 Reaction Xsec    12.0-/11 @ 4 =   1.881 , Out:   0.000#   2.956/   4.564/   1.478/   0.014    2.408/   1.856f

   S-matrix    5 =    0.96418   0.10842 for L=   13, J=   12.0 channel on core I =   2.0 from L=   13,  Acc. loss =  0.0 D.
 Elastic phase shift   5 =    3.208   0.865 deg. for the L =   13, J =   12.0 channel.
      12.0  0.96418111  0.10842335i: elastic S-matrix  @@      0.00  0   0 F  0
 Reaction Xsec    12.0-/13 @ 5 =   0.554 , Out:   0.000#   0.297/   0.314/   0.147/   1.550/   0.361/   0.551f

   S-matrix    6 =    0.96228   0.12076 for L=   13, J=   13.0 channel on core I =   2.0 from L=   13,  Acc. loss =  0.0 D.
 Elastic phase shift   6 =    3.576   0.878 deg. for the L =   13, J =   13.0 channel.
      12.0  0.96228298  0.12076132i: elastic S-matrix  @@      0.00  0   0 F  0
 Reaction Xsec    12.0-/13 @ 6 =   0.562 , Out:   0.000#   0.354/   0.624/   0.635/   1.847/   0.329/   0.558f

   S-matrix    7 =    0.96001   0.13425 for L=   13, J=   14.0 channel on core I =   2.0 from L=   13,  Acc. loss =  0.0 D.
 Elastic phase shift   7 =    3.980   0.892 deg. for the L =   13, J =   14.0 channel.
      12.0  0.96000775  0.13424844i: elastic S-matrix  @@      0.00  0   0 F  0
 Reaction Xsec    12.0-/13 @ 7 =   0.571 , Out:   0.000#   0.709/   0.896/   1.025/   3.701/   0.098/   0.564f

   S-matrix    8 =    0.99007   0.04563 for L=   15, J=   14.0 channel on core I =   2.0 from L=   15,  Acc. loss =  0.0 D.
 Elastic phase shift   8 =    1.319   0.255 deg. for the L =   15, J =   14.0 channel.
      12.0  0.99007380  0.04563195i: elastic S-matrix  @@      0.00  0   0 F  0
 Reaction Xsec    12.0-/15 @ 8 =   0.167 , Out:   0.000#   0.000#   0.038/   0.018/   0.000#   0.063/   0.167f


 Total SPIN, PARITY =    13.0 +,     30 chs,      0 cc.  Rmin & Coul turning =    1.0    5.8
   S-matrix    1 =    0.67752   0.44371 for L=   10, J=   11.0 channel on core I =   2.0 from L=   10,  Acc. loss =  0.0 D.
 Elastic phase shift   1 =   16.611   6.041 deg. for the L =   10, J =   11.0 channel.
      13.0  0.67751698  0.44371487i: elastic S-matrix  @@      0.00  0   0 F  0
 Reaction Xsec    13.0+/10 @ 1 =   3.512 , Out:   0.000#   0.000#   3.621/   1.100/   0.000#   0.011    3.497f

   S-matrix    2 =    0.93187   0.16282 for L=   12, J=   11.0 channel on core I =   2.0 from L=   12,  Acc. loss =  0.0 D.
 Elastic phase shift   2 =    4.955   1.591 deg. for the L =   12, J =   11.0 channel.
      13.0  0.93186713  0.16281619i: elastic S-matrix  @@      0.00  0   0 F  0
 Reaction Xsec    13.0+/12 @ 2 =   1.073 , Out:   0.000#   1.973/   1.693/   1.222/   9.968/   0.400/   1.058f

   S-matrix    3 =    0.92641   0.18485 for L=   12, J=   12.0 channel on core I =   2.0 from L=   12,  Acc. loss =  0.0 D.
 Elastic phase shift   3 =    5.642   1.630 deg. for the L =   12, J =   12.0 channel.
      13.0  0.92641323  0.18484906i: elastic S-matrix  @@      0.00  0   0 F  0
 Reaction Xsec    13.0+/12 @ 3 =   1.098 , Out:   0.000#   1.012/   1.051/   1.037/   5.107/   1.067/   1.089f

   S-matrix    4 =    0.91964   0.20925 for L=   12, J=   13.0 channel on core I =   2.0 from L=   12,  Acc. loss =  0.0 D.
 Elastic phase shift   4 =    6.409   1.677 deg. for the L =   12, J =   13.0 channel.
      13.0  0.91964209  0.20924918i: elastic S-matrix  @@      0.00  0   0 F  0
 Reaction Xsec    13.0+/12 @ 4 =   1.128 , Out:   0.000#   1.185/   1.998/   0.571/   5.980/   0.981/   1.117f

   S-matrix    5 =    0.98119   0.07076 for L=   14, J=   13.0 channel on core I =   2.0 from L=   14,  Acc. loss =  0.0 D.
 Elastic phase shift   5 =    2.062   0.470 deg. for the L =   14, J =   13.0 channel.
      13.0  0.98118591  0.07075733i: elastic S-matrix  @@      0.00  0   0 F  0
 Reaction Xsec    13.0+/14 @ 5 =   0.329 , Out:   0.000#   0.109/   0.118/   0.062/   0.584/   0.131/   0.328f

   S-matrix    6 =    0.98054   0.07754 for L=   14, J=   14.0 channel on core I =   2.0 from L=   14,  Acc. loss =  0.0 D.
 Elastic phase shift   6 =    2.261   0.474 deg. for the L =   14, J =   14.0 channel.
      13.0  0.98053649  0.07754068i: elastic S-matrix  @@      0.00  0   0 F  0
 Reaction Xsec    13.0+/14 @ 6 =   0.332 , Out:   0.000#   0.128/   0.233/   0.248/   0.684/   0.120/   0.331f

   S-matrix    7 =    0.97978   0.08488 for L=   14, J=   15.0 channel on core I =   2.0 from L=   14,  Acc. loss =  0.0 D.
 Elastic phase shift   7 =    2.476   0.478 deg. for the L =   14, J =   15.0 channel.
      13.0  0.97977814  0.08487597i: elastic S-matrix  @@      0.00  0   0 F  0
 Reaction Xsec    13.0+/14 @ 7 =   0.335 , Out:   0.000#   0.256/   0.340/   0.412/   1.367/   0.036/   0.333f

   S-matrix    8 =    0.99473   0.02921 for L=   16, J=   15.0 channel on core I =   2.0 from L=   16,  Acc. loss =  0.0 D.
 Elastic phase shift   8 =    0.841   0.139 deg. for the L =   16, J =   15.0 channel.
      13.0  0.99473129  0.02921383i: elastic S-matrix  @@      0.00  0   0 F  0
 Reaction Xsec    13.0+/16 @ 8 =   0.099 , Out:   0.000#   0.000#   0.014/   6.740#   0.000#   0.022/   0.099f


 Total SPIN, PARITY =    13.0 -,     29 chs,      0 cc.  Rmin & Coul turning =    1.0    5.8
   S-matrix    1 =    0.85701   0.27367 for L=   11, J=   11.0 channel on core I =   2.0 from L=   11,  Acc. loss =  0.0 D.
 Elastic phase shift   1 =    8.855   3.030 deg. for the L =   11, J =   11.0 channel.
      13.0  0.85700923  0.27367420i: elastic S-matrix  @@      0.00  0   0 F  0
 Reaction Xsec    13.0-/11 @ 1 =   1.946 , Out:   0.000#   2.538/   3.126/   1.847/   0.012    2.923/   1.923f

   S-matrix    2 =    0.83744   0.31569 for L=   11, J=   12.0 channel on core I =   2.0 from L=   11,  Acc. loss =  0.0 D.
 Elastic phase shift   2 =   10.328   3.179 deg. for the L =   11, J =   12.0 channel.
      13.0  0.83744195  0.31569268i: elastic S-matrix  @@      0.00  0   0 F  0
 Reaction Xsec    13.0-/11 @ 2 =   2.032 , Out:   0.000#   1.655/   0.041/   2.046/   7.897/   3.626/   2.016f

   S-matrix    3 =    0.96418   0.10842 for L=   13, J=   12.0 channel on core I =   2.0 from L=   13,  Acc. loss =  0.0 D.
 Elastic phase shift   3 =    3.208   0.865 deg. for the L =   13, J =   12.0 channel.
      13.0  0.96418111  0.10842335i: elastic S-matrix  @@      0.00  0   0 F  0
 Reaction Xsec    13.0-/13 @ 3 =   0.598 , Out:   0.000#   0.502/   0.815/   0.465/   2.621/   0.269/   0.593f

   S-matrix    4 =    0.96228   0.12076 for L=   13, J=   13.0 channel on core I =   2.0 from L=   13,  Acc. loss =  0.0 D.
 Elastic phase shift   4 =    3.576   0.878 deg. for the L =   13, J =   13.0 channel.
      13.0  0.96228298  0.12076132i: elastic S-matrix  @@      0.00  0   0 F  0
 Reaction Xsec    13.0-/13 @ 4 =   0.607 , Out:   0.000#   0.369/   0.544/   0.169/   1.926/   0.364/   0.603f

   S-matrix    5 =    0.96001   0.13425 for L=   13, J=   14.0 channel on core I =   2.0 from L=   13,  Acc. loss =  0.0 D.
 Elastic phase shift   5 =    3.980   0.892 deg. for the L =   13, J =   14.0 channel.
      13.0  0.96000775  0.13424844i: elastic S-matrix  @@      0.00  0   0 F  0
 Reaction Xsec    13.0-/13 @ 5 =   0.616 , Out:   0.000#   0.594/   1.280/   1.077/   3.101/   0.220/   0.610f

   S-matrix    6 =    0.99007   0.04563 for L=   15, J=   14.0 channel on core I =   2.0 from L=   15,  Acc. loss =  0.0 D.
 Elastic phase shift   6 =    1.319   0.255 deg. for the L =   15, J =   14.0 channel.
      13.0  0.99007380  0.04563195i: elastic S-matrix  @@      0.00  0   0 F  0
 Reaction Xsec    13.0-/15 @ 6 =   0.180 , Out:   0.000#   0.018/   0.726#   0.031/   0.095/   0.056/   0.180f

   S-matrix    7 =    0.98985   0.04934 for L=   15, J=   15.0 channel on core I =   2.0 from L=   15,  Acc. loss =  0.0 D.
 Elastic phase shift   7 =    1.427   0.257 deg. for the L =   15, J =   15.0 channel.
      13.0  0.98985309  0.04933643i: elastic S-matrix  @@      0.00  0   0 F  0
 Reaction Xsec    13.0-/15 @ 7 =   0.181 , Out:   0.000#   0.044/   0.076/   0.081/   0.235/   0.039/   0.181f


 Total SPIN, PARITY =    14.0 +,     29 chs,      0 cc.  Rmin & Coul turning =    1.1    6.2
   S-matrix    1 =    0.92641   0.18485 for L=   12, J=   12.0 channel on core I =   2.0 from L=   12,  Acc. loss =  0.0 D.
 Elastic phase shift   1 =    5.642   1.630 deg. for the L =   12, J =   12.0 channel.
      14.0  0.92641323  0.18484906i: elastic S-matrix  @@      0.00  0   0 F  0
 Reaction Xsec    14.0+/12 @ 1 =   1.180 , Out:   0.000#   1.036/   1.214/   0.726/   5.231/   1.180/   1.170f

   S-matrix    2 =    0.91964   0.20925 for L=   12, J=   13.0 channel on core I =   2.0 from L=   12,  Acc. loss =  0.0 D.
 Elastic phase shift   2 =    6.409   1.677 deg. for the L =   12, J =   13.0 channel.
      14.0  0.91964209  0.20924918i: elastic S-matrix  @@      0.00  0   0 F  0
 Reaction Xsec    14.0+/12 @ 2 =   1.211 , Out:   0.000#   0.658/   0.014/   0.829/   3.322/   1.463/   1.205f

   S-matrix    3 =    0.98119   0.07076 for L=   14, J=   13.0 channel on core I =   2.0 from L=   14,  Acc. loss =  0.0 D.
 Elastic phase shift   3 =    2.062   0.470 deg. for the L =   14, J =   13.0 channel.
      14.0  0.98118591  0.07075733i: elastic S-matrix  @@      0.00  0   0 F  0
 Reaction Xsec    14.0+/14 @ 3 =   0.354 , Out:   0.000#   0.183/   0.301/   0.166/   0.978/   0.097/   0.352f

   S-matrix    4 =    0.98054   0.07754 for L=   14, J=   14.0 channel on core I =   2.0 from L=   14,  Acc. loss =  0.0 D.
 Elastic phase shift   4 =    2.261   0.474 deg. for the L =   14, J =   14.0 channel.
      14.0  0.98053649  0.07754068i: elastic S-matrix  @@      0.00  0   0 F  0
 Reaction Xsec    14.0+/14 @ 4 =   0.357 , Out:   0.000#   0.133/   0.201/   0.062/   0.711/   0.132/   0.355f

   S-matrix    5 =    0.97978   0.08488 for L=   14, J=   15.0 channel on core I =   2.0 from L=   14,  Acc. loss =  0.0 D.
 Elastic phase shift   5 =    2.476   0.478 deg. for the L =   14, J =   15.0 channel.
      14.0  0.97977814  0.08487597i: elastic S-matrix  @@      0.00  0   0 F  0
 Reaction Xsec    14.0+/14 @ 5 =   0.360 , Out:   0.000#   0.213/   0.476/   0.425/   1.137/   0.080/   0.358f

   S-matrix    6 =    0.99473   0.02921 for L=   16, J=   15.0 channel on core I =   2.0 from L=   16,  Acc. loss =  0.0 D.
 Elastic phase shift   6 =    0.841   0.139 deg. for the L =   16, J =   15.0 channel.
      14.0  0.99473129  0.02921383i: elastic S-matrix  @@      0.00  0   0 F  0
 Reaction Xsec    14.0+/16 @ 6 =   0.106 , Out:   0.000#   6.317#   0.227#   0.011/   0.034/   0.020/   0.106f

   S-matrix    7 =    0.99466   0.03123 for L=   16, J=   16.0 channel on core I =   2.0 from L=   16,  Acc. loss =  0.0 D.
 Elastic phase shift   7 =    0.899   0.139 deg. for the L =   16, J =   16.0 channel.
      14.0  0.99465647  0.03123249i: elastic S-matrix  @@      0.00  0   0 F  0
 Reaction Xsec    14.0+/16 @ 7 =   0.106 , Out:   0.000#   0.015/   0.027/   0.029/   0.084/   0.014/   0.106f


 Total SPIN, PARITY =    14.0 -,     30 chs,      0 cc.  Rmin & Coul turning =    1.1    6.2
   S-matrix    1 =    0.83744   0.31569 for L=   11, J=   12.0 channel on core I =   2.0 from L=   11,  Acc. loss =  0.0 D.
 Elastic phase shift   1 =   10.328   3.179 deg. for the L =   11, J =   12.0 channel.
      14.0  0.83744195  0.31569268i: elastic S-matrix  @@      0.00  0   0 F  0
 Reaction Xsec    14.0-/11 @ 1 =   2.182 , Out:   0.000#   0.000#   1.590/   0.480/   0.000#   5.079/   2.175f

   S-matrix    2 =    0.96418   0.10842 for L=   13, J=   12.0 channel on core I =   2.0 from L=   13,  Acc. loss =  0.0 D.
 Elastic phase shift   2 =    3.208   0.865 deg. for the L =   13, J =   12.0 channel.
      14.0  0.96418111  0.10842335i: elastic S-matrix  @@      0.00  0   0 F  0
 Reaction Xsec    14.0-/13 @ 2 =   0.642 , Out:   0.000#   0.748/   0.623/   0.452/   3.910/   0.150/   0.637f

   S-matrix    3 =    0.96228   0.12076 for L=   13, J=   13.0 channel on core I =   2.0 from L=   13,  Acc. loss =  0.0 D.
 Elastic phase shift   3 =    3.576   0.878 deg. for the L =   13, J =   13.0 channel.
      14.0  0.96228298  0.12076132i: elastic S-matrix  @@      0.00  0   0 F  0
 Reaction Xsec    14.0-/13 @ 3 =   0.652 , Out:   0.000#   0.381/   0.404/   0.387/   1.990/   0.401/   0.648f

   S-matrix    4 =    0.96001   0.13425 for L=   13, J=   14.0 channel on core I =   2.0 from L=   13,  Acc. loss =  0.0 D.
 Elastic phase shift   4 =    3.980   0.892 deg. for the L =   13, J =   14.0 channel.
      14.0  0.96000775  0.13424844i: elastic S-matrix  @@      0.00  0   0 F  0
 Reaction Xsec    14.0-/13 @ 4 =   0.662 , Out:   0.000#   0.439/   0.780/   0.204/   2.295/   0.369/   0.658f

   S-matrix    5 =    0.99007   0.04563 for L=   15, J=   14.0 channel on core I =   2.0 from L=   15,  Acc. loss =  0.0 D.
 Elastic phase shift   5 =    1.319   0.255 deg. for the L =   15, J =   14.0 channel.
      14.0  0.99007380  0.04563195i: elastic S-matrix  @@      0.00  0   0 F  0
 Reaction Xsec    14.0-/15 @ 5 =   0.194 , Out:   0.000#   0.039/   0.043/   0.024/   0.213/   0.047/   0.193f

   S-matrix    6 =    0.98985   0.04934 for L=   15, J=   15.0 channel on core I =   2.0 from L=   15,  Acc. loss =  0.0 D.
 Elastic phase shift   6 =    1.427   0.257 deg. for the L =   15, J =   15.0 channel.
      14.0  0.98985309  0.04933643i: elastic S-matrix  @@      0.00  0   0 F  0
 Reaction Xsec    14.0-/15 @ 6 =   0.195 , Out:   0.000#   0.046/   0.084/   0.091/   0.246/   0.043/   0.194f

   S-matrix    7 =    0.98960   0.05331 for L=   15, J=   16.0 channel on core I =   2.0 from L=   15,  Acc. loss =  0.0 D.
 Elastic phase shift   7 =    1.542   0.258 deg. for the L =   15, J =   16.0 channel.
      14.0  0.98960039  0.05330960i: elastic S-matrix  @@      0.00  0   0 F  0
 Reaction Xsec    14.0-/15 @ 7 =   0.196 , Out:   0.000#   0.091/   0.124/   0.154/   0.491/   0.013/   0.195f

   S-matrix    8 =    0.99719   0.01861 for L=   17, J=   16.0 channel on core I =   2.0 from L=   17,  Acc. loss =  0.0 D.
 Elastic phase shift   8 =    0.535   0.076 deg. for the L =   17, J =   16.0 channel.
      14.0  0.99718705  0.01861240i: elastic S-matrix  @@      0.00  0   0 F  0
 Reaction Xsec    14.0-/17 @ 8 =   0.058 , Out:   0.000#   0.000#   4.780#   2.417#   0.000#   7.915#   0.058f


 Total SPIN, PARITY =    15.0 +,     30 chs,      0 cc.  Rmin & Coul turning =    1.2    6.6
   S-matrix    1 =    0.91964   0.20925 for L=   12, J=   13.0 channel on core I =   2.0 from L=   12,  Acc. loss =  0.0 D.
 Elastic phase shift   1 =    6.409   1.677 deg. for the L =   12, J =   13.0 channel.
      15.0  0.91964209  0.20924918i: elastic S-matrix  @@      0.00  0   0 F  0
 Reaction Xsec    15.0+/12 @ 1 =   1.295 , Out:   0.000#   0.000#   0.616/   0.185/   0.000#   2.033/   1.292f

   S-matrix    2 =    0.98119   0.07076 for L=   14, J=   13.0 channel on core I =   2.0 from L=   14,  Acc. loss =  0.0 D.
 Elastic phase shift   2 =    2.062   0.470 deg. for the L =   14, J =   13.0 channel.
      15.0  0.98118591  0.07075733i: elastic S-matrix  @@      0.00  0   0 F  0
 Reaction Xsec    15.0+/14 @ 2 =   0.378 , Out:   0.000#   0.271/   0.222/   0.161/   1.448/   0.054/   0.376f

   S-matrix    3 =    0.98054   0.07754 for L=   14, J=   14.0 channel on core I =   2.0 from L=   14,  Acc. loss =  0.0 D.
 Elastic phase shift   3 =    2.261   0.474 deg. for the L =   14, J =   14.0 channel.
      15.0  0.98053649  0.07754068i: elastic S-matrix  @@      0.00  0   0 F  0
 Reaction Xsec    15.0+/14 @ 3 =   0.381 , Out:   0.000#   0.138/   0.149/   0.137/   0.733/   0.144/   0.380f

   S-matrix    4 =    0.97978   0.08488 for L=   14, J=   15.0 channel on core I =   2.0 from L=   14,  Acc. loss =  0.0 D.
 Elastic phase shift   4 =    2.476   0.478 deg. for the L =   14, J =   15.0 channel.
      15.0  0.97977814  0.08487597i: elastic S-matrix  @@      0.00  0   0 F  0
 Reaction Xsec    15.0+/14 @ 4 =   0.385 , Out:   0.000#   0.157/   0.286/   0.070/   0.835/   0.133/   0.383f

   S-matrix    5 =    0.99473   0.02921 for L=   16, J=   15.0 channel on core I =   2.0 from L=   16,  Acc. loss =  0.0 D.
 Elastic phase shift   5 =    0.841   0.139 deg. for the L =   16, J =   15.0 channel.
      15.0  0.99473129  0.02921383i: elastic S-matrix  @@      0.00  0   0 F  0
 Reaction Xsec    15.0+/16 @ 5 =   0.113 , Out:   0.000#   0.014/   0.015/   8.721#   0.076/   0.016/   0.113f

   S-matrix    6 =    0.99466   0.03123 for L=   16, J=   16.0 channel on core I =   2.0 from L=   16,  Acc. loss =  0.0 D.
 Elastic phase shift   6 =    0.899   0.139 deg. for the L =   16, J =   16.0 channel.
      15.0  0.99465647  0.03123249i: elastic S-matrix  @@      0.00  0   0 F  0
 Reaction Xsec    15.0+/16 @ 6 =   0.113 , Out:   0.000#   0.016/   0.029/   0.032/   0.087/   0.015/   0.113f

   S-matrix    7 =    0.99457   0.03338 for L=   16, J=   17.0 channel on core I =   2.0 from L=   16,  Acc. loss =  0.0 D.
 Elastic phase shift   7 =    0.961   0.140 deg. for the L =   16, J =   17.0 channel.
      15.0  0.99457209  0.03338418i: elastic S-matrix  @@      0.00  0   0 F  0
 Reaction Xsec    15.0+/16 @ 7 =   0.114 , Out:   0.000#   0.032/   0.044/   0.055/   0.174/   4.559#   0.114f

   S-matrix    8 =    0.99849   0.01182 for L=   18, J=   17.0 channel on core I =   2.0 from L=   18,  Acc. loss =  0.0 D.
 Elastic phase shift   8 =    0.339   0.041 deg. for the L =   18, J =   17.0 channel.
      15.0  0.99849074  0.01181698i: elastic S-matrix  @@      0.00  0   0 F  0
 Reaction Xsec    15.0+/18 @ 8 =   0.034 , Out:   0.000#   0.000#   1.673#   0.856#   0.000#   2.781#   0.034f


 Total SPIN, PARITY =    15.0 -,     29 chs,      0 cc.  Rmin & Coul turning =    1.2    6.6
   S-matrix    1 =    0.96228   0.12076 for L=   13, J=   13.0 channel on core I =   2.0 from L=   13,  Acc. loss =  0.0 D.
 Elastic phase shift   1 =    3.576   0.878 deg. for the L =   13, J =   13.0 channel.
      15.0  0.96228298  0.12076132i: elastic S-matrix  @@      0.00  0   0 F  0
 Reaction Xsec    15.0-/13 @ 1 =   0.696 , Out:   0.000#   0.390/   0.444/   0.267/   2.037/   0.440/   0.693f

   S-matrix    2 =    0.96001   0.13425 for L=   13, J=   14.0 channel on core I =   2.0 from L=   13,  Acc. loss =  0.0 D.
 Elastic phase shift   2 =    3.980   0.892 deg. for the L =   13, J =   14.0 channel.
      15.0  0.96000775  0.13424844i: elastic S-matrix  @@      0.00  0   0 F  0
 Reaction Xsec    15.0-/13 @ 2 =   0.707 , Out:   0.000#   0.242/   4.296#   0.305/   1.266/   0.545/   0.705f

   S-matrix    3 =    0.99007   0.04563 for L=   15, J=   14.0 channel on core I =   2.0 from L=   15,  Acc. loss =  0.0 D.
 Elastic phase shift   3 =    1.319   0.255 deg. for the L =   15, J =   14.0 channel.
      15.0  0.99007380  0.04563195i: elastic S-matrix  @@      0.00  0   0 F  0
 Reaction Xsec    15.0-/15 @ 3 =   0.207 , Out:   0.000#   0.066/   0.108/   0.058/   0.354/   0.034/   0.206f

   S-matrix    4 =    0.98985   0.04934 for L=   15, J=   15.0 channel on core I =   2.0 from L=   15,  Acc. loss =  0.0 D.
 Elastic phase shift   4 =    1.427   0.257 deg. for the L =   15, J =   15.0 channel.
      15.0  0.98985309  0.04933643i: elastic S-matrix  @@      0.00  0   0 F  0
 Reaction Xsec    15.0-/15 @ 4 =   0.208 , Out:   0.000#   0.047/   0.072/   0.022/   0.255/   0.047/   0.208f

   S-matrix    5 =    0.98960   0.05331 for L=   15, J=   16.0 channel on core I =   2.0 from L=   15,  Acc. loss =  0.0 D.
 Elastic phase shift   5 =    1.542   0.258 deg. for the L =   15, J =   16.0 channel.
      15.0  0.98960039  0.05330960i: elastic S-matrix  @@      0.00  0   0 F  0
 Reaction Xsec    15.0-/15 @ 5 =   0.209 , Out:   0.000#   0.075/   0.170/   0.156/   0.405/   0.028/   0.208f

   S-matrix    6 =    0.99719   0.01861 for L=   17, J=   16.0 channel on core I =   2.0 from L=   17,  Acc. loss =  0.0 D.
 Elastic phase shift   6 =    0.535   0.076 deg. for the L =   17, J =   16.0 channel.
      15.0  0.99718705  0.01861240i: elastic S-matrix  @@      0.00  0   0 F  0
 Reaction Xsec    15.0-/17 @ 6 =   0.062 , Out:   0.000#   2.240#   0.071#   3.652#   0.012/   6.968#   0.062f

   S-matrix    7 =    0.99716   0.01971 for L=   17, J=   17.0 channel on core I =   2.0 from L=   17,  Acc. loss =  0.0 D.
 Elastic phase shift   7 =    0.566   0.076 deg. for the L =   17, J =   17.0 channel.
      15.0  0.99716170  0.01971171i: elastic S-matrix  @@      0.00  0   0 F  0
 Reaction Xsec    15.0-/17 @ 7 =   0.062 , Out:   0.000#   5.382#   9.562#   0.010/   0.029/   4.883#   0.062f


 Total SPIN, PARITY =    16.0 +,     29 chs,      0 cc.  Rmin & Coul turning =    1.2    7.0
   S-matrix    1 =    0.98054   0.07754 for L=   14, J=   14.0 channel on core I =   2.0 from L=   14,  Acc. loss =  0.0 D.
 Elastic phase shift   1 =    2.261   0.474 deg. for the L =   14, J =   14.0 channel.
      16.0  0.98053649  0.07754068i: elastic S-matrix  @@      0.00  0   0 F  0
 Reaction Xsec    16.0+/14 @ 1 =   0.406 , Out:   0.000#   0.141/   0.157/   0.095/   0.750/   0.157/   0.405f

   S-matrix    2 =    0.97978   0.08488 for L=   14, J=   15.0 channel on core I =   2.0 from L=   14,  Acc. loss =  0.0 D.
 Elastic phase shift   2 =    2.476   0.478 deg. for the L =   14, J =   15.0 channel.
      16.0  0.97977814  0.08487597i: elastic S-matrix  @@      0.00  0   0 F  0
 Reaction Xsec    16.0+/14 @ 2 =   0.410 , Out:   0.000#   0.086/   1.328#   0.107/   0.458/   0.195/   0.409f

   S-matrix    3 =    0.99473   0.02921 for L=   16, J=   15.0 channel on core I =   2.0 from L=   16,  Acc. loss =  0.0 D.
 Elastic phase shift   3 =    0.841   0.139 deg. for the L =   16, J =   15.0 channel.
      16.0  0.99473129  0.02921383i: elastic S-matrix  @@      0.00  0   0 F  0
 Reaction Xsec    16.0+/16 @ 3 =   0.120 , Out:   0.000#   0.023/   0.038/   0.020/   0.126/   0.012/   0.120f

   S-matrix    4 =    0.99466   0.03123 for L=   16, J=   16.0 channel on core I =   2.0 from L=   16,  Acc. loss =  0.0 D.
 Elastic phase shift   4 =    0.899   0.139 deg. for the L =   16, J =   16.0 channel.
      16.0  0.99465647  0.03123249i: elastic S-matrix  @@      0.00  0   0 F  0
 Reaction Xsec    16.0+/16 @ 4 =   0.121 , Out:   0.000#   0.017/   0.025/   7.785#   0.090/   0.016/   0.121f

   S-matrix    5 =    0.99457   0.03338 for L=   16, J=   17.0 channel on core I =   2.0 from L=   16,  Acc. loss =  0.0 D.
 Elastic phase shift   5 =    0.961   0.140 deg. for the L =   16, J =   17.0 channel.
      16.0  0.99457209  0.03338418i: elastic S-matrix  @@      0.00  0   0 F  0
 Reaction Xsec    16.0+/16 @ 5 =   0.121 , Out:   0.000#   0.026/   0.060/   0.055/   0.143/   0.010/   0.121f

   S-matrix    6 =    0.99849   0.01182 for L=   18, J=   17.0 channel on core I =   2.0 from L=   18,  Acc. loss =  0.0 D.
 Elastic phase shift   6 =    0.339   0.041 deg. for the L =   18, J =   17.0 channel.
      16.0  0.99849074  0.01181698i: elastic S-matrix  @@      0.00  0   0 F  0
 Reaction Xsec    16.0+/18 @ 6 =   0.036 , Out:   0.000#   0.789#   0.022#   1.250#   4.347#   2.434#   0.036f

   S-matrix    7 =    0.99848   0.01242 for L=   18, J=   18.0 channel on core I =   2.0 from L=   18,  Acc. loss =  0.0 D.
 Elastic phase shift   7 =    0.356   0.041 deg. for the L =   18, J =   18.0 channel.
      16.0  0.99848216  0.01241547i: elastic S-matrix  @@      0.00  0   0 F  0
 Reaction Xsec    16.0+/18 @ 7 =   0.036 , Out:   0.000#   1.876#   3.346#   3.652#   0.010/   1.712#   0.036f


 Total SPIN, PARITY =    16.0 -,     30 chs,      0 cc.  Rmin & Coul turning =    1.2    7.0
   S-matrix    1 =    0.96001   0.13425 for L=   13, J=   14.0 channel on core I =   2.0 from L=   13,  Acc. loss =  0.0 D.
 Elastic phase shift   1 =    3.980   0.892 deg. for the L =   13, J =   14.0 channel.
      16.0  0.96000775  0.13424844i: elastic S-matrix  @@      0.00  0   0 F  0
 Reaction Xsec    16.0-/13 @ 1 =   0.753 , Out:   0.000#   0.000#   0.224/   0.067/   0.000#   0.753/   0.752f

   S-matrix    2 =    0.99007   0.04563 for L=   15, J=   14.0 channel on core I =   2.0 from L=   15,  Acc. loss =  0.0 D.
 Elastic phase shift   2 =    1.319   0.255 deg. for the L =   15, J =   14.0 channel.
      16.0  0.99007380  0.04563195i: elastic S-matrix  @@      0.00  0   0 F  0
 Reaction Xsec    16.0-/15 @ 2 =   0.220 , Out:   0.000#   0.096/   0.078/   0.056/   0.520/   0.019/   0.220f

   S-matrix    3 =    0.98985   0.04934 for L=   15, J=   15.0 channel on core I =   2.0 from L=   15,  Acc. loss =  0.0 D.
 Elastic phase shift   3 =    1.427   0.257 deg. for the L =   15, J =   15.0 channel.
      16.0  0.98985309  0.04933643i: elastic S-matrix  @@      0.00  0   0 F  0
 Reaction Xsec    16.0-/15 @ 3 =   0.222 , Out:   0.000#   0.049/   0.053/   0.048/   0.262/   0.051/   0.221f

   S-matrix    4 =    0.98960   0.05331 for L=   15, J=   16.0 channel on core I =   2.0 from L=   15,  Acc. loss =  0.0 D.
 Elastic phase shift   4 =    1.542   0.258 deg. for the L =   15, J =   16.0 channel.
      16.0  0.98960039  0.05330960i: elastic S-matrix  @@      0.00  0   0 F  0
 Reaction Xsec    16.0-/15 @ 4 =   0.223 , Out:   0.000#   0.055/   0.101/   0.023/   0.296/   0.047/   0.222f

   S-matrix    5 =    0.99719   0.01861 for L=   17, J=   16.0 channel on core I =   2.0 from L=   17,  Acc. loss =  0.0 D.
 Elastic phase shift   5 =    0.535   0.076 deg. for the L =   17, J =   16.0 channel.
      16.0  0.99718705  0.01861240i: elastic S-matrix  @@      0.00  0   0 F  0
 Reaction Xsec    16.0-/17 @ 5 =   0.066 , Out:   0.000#   4.927#   5.465#   3.126#   0.027/   5.722#   0.066f

   S-matrix    6 =    0.99716   0.01971 for L=   17, J=   17.0 channel on core I =   2.0 from L=   17,  Acc. loss =  0.0 D.
 Elastic phase shift   6 =    0.566   0.076 deg. for the L =   17, J =   17.0 channel.
      16.0  0.99716170  0.01971171i: elastic S-matrix  @@      0.00  0   0 F  0
 Reaction Xsec    16.0-/17 @ 6 =   0.066 , Out:   0.000#   5.587#   0.010/   0.011/   0.031/   5.293#   0.066f

   S-matrix    7 =    0.99713   0.02088 for L=   17, J=   18.0 channel on core I =   2.0 from L=   17,  Acc. loss =  0.0 D.
 Elastic phase shift   7 =    0.600   0.076 deg. for the L =   17, J =   18.0 channel.
      16.0  0.99713347  0.02087783i: elastic S-matrix  @@      0.00  0   0 F  0
 Reaction Xsec    16.0-/17 @ 7 =   0.066 , Out:   0.000#   0.011/   0.015/   0.019/   0.061/   1.605#   0.066f

   S-matrix    8 =    0.99919   0.00748 for L=   19, J=   18.0 channel on core I =   2.0 from L=   19,  Acc. loss =  0.0 D.
 Elastic phase shift   8 =    0.215   0.022 deg. for the L =   19, J =   18.0 channel.
      16.0  0.99918709  0.00748252i: elastic S-matrix  @@      0.00  0   0 F  0
 Reaction Xsec    16.0-/19 @ 8 =   0.020 , Out:   0.000#   0.000#   0.583#   0.301#   0.000#   0.973#   0.020f


 Total SPIN, PARITY =    17.0 +,     30 chs,      0 cc.  Rmin & Coul turning =    1.4    7.5
   S-matrix    1 =    0.97978   0.08488 for L=   14, J=   15.0 channel on core I =   2.0 from L=   14,  Acc. loss =  0.0 D.
 Elastic phase shift   1 =    2.476   0.478 deg. for the L =   14, J =   15.0 channel.
      17.0  0.97977814  0.08487597i: elastic S-matrix  @@      0.00  0   0 F  0
 Reaction Xsec    17.0+/14 @ 1 =   0.434 , Out:   0.000#   0.000#   0.079/   0.024/   0.000#   0.268/   0.434f

   S-matrix    2 =    0.99473   0.02921 for L=   16, J=   15.0 channel on core I =   2.0 from L=   16,  Acc. loss =  0.0 D.
 Elastic phase shift   2 =    0.841   0.139 deg. for the L =   16, J =   15.0 channel.
      17.0  0.99473129  0.02921383i: elastic S-matrix  @@      0.00  0   0 F  0
 Reaction Xsec    17.0+/16 @ 2 =   0.128 , Out:   0.000#   0.034/   0.027/   0.020/   0.184/   6.535#   0.128f

   S-matrix    3 =    0.99466   0.03123 for L=   16, J=   16.0 channel on core I =   2.0 from L=   16,  Acc. loss =  0.0 D.
 Elastic phase shift   3 =    0.899   0.139 deg. for the L =   16, J =   16.0 channel.
      17.0  0.99465647  0.03123249i: elastic S-matrix  @@      0.00  0   0 F  0
 Reaction Xsec    17.0+/16 @ 3 =   0.128 , Out:   0.000#   0.017/   0.019/   0.016/   0.093/   0.018/   0.128f

   S-matrix    4 =    0.99457   0.03338 for L=   16, J=   17.0 channel on core I =   2.0 from L=   16,  Acc. loss =  0.0 D.
 Elastic phase shift   4 =    0.961   0.140 deg. for the L =   16, J =   17.0 channel.
      17.0  0.99457209  0.03338418i: elastic S-matrix  @@      0.00  0   0 F  0
 Reaction Xsec    17.0+/16 @ 4 =   0.129 , Out:   0.000#   0.019/   0.035/   7.851#   0.104/   0.016/   0.128f

   S-matrix    5 =    0.99849   0.01182 for L=   18, J=   17.0 channel on core I =   2.0 from L=   18,  Acc. loss =  0.0 D.
 Elastic phase shift   5 =    0.339   0.041 deg. for the L =   18, J =   17.0 channel.
      17.0  0.99849074  0.01181698i: elastic S-matrix  @@      0.00  0   0 F  0
 Reaction Xsec    17.0+/18 @ 5 =   0.038 , Out:   0.000#   1.727#   1.923#   1.107#   9.510#   1.989#   0.038f

   S-matrix    6 =    0.99848   0.01242 for L=   18, J=   18.0 channel on core I =   2.0 from L=   18,  Acc. loss =  0.0 D.
 Elastic phase shift   6 =    0.356   0.041 deg. for the L =   18, J =   18.0 channel.
      17.0  0.99848216  0.01241547i: elastic S-matrix  @@      0.00  0   0 F  0
 Reaction Xsec    17.0+/18 @ 6 =   0.038 , Out:   0.000#   1.943#   3.547#   3.873#   0.011/   1.847#   0.038f

   S-matrix    7 =    0.99847   0.01305 for L=   18, J=   19.0 channel on core I =   2.0 from L=   18,  Acc. loss =  0.0 D.
 Elastic phase shift   7 =    0.374   0.041 deg. for the L =   18, J =   19.0 channel.
      17.0  0.99847270  0.01304789i: elastic S-matrix  @@      0.00  0   0 F  0
 Reaction Xsec    17.0+/18 @ 7 =   0.038 , Out:   0.000#   3.872#   5.350#   6.794#   0.021/   0.563#   0.038f

   S-matrix    8 =    0.99956   0.00473 for L=   20, J=   19.0 channel on core I =   2.0 from L=   20,  Acc. loss =  0.0 D.
 Elastic phase shift   8 =    0.135   0.012 deg. for the L =   20, J =   19.0 channel.
      17.0  0.99956091  0.00472760i: elastic S-matrix  @@      0.00  0   0 F  0
 Reaction Xsec    17.0+/20 @ 8 =   0.011 , Out:   0.000#   0.000#   0.203#   0.106#   0.000#   0.338#   0.011f


 Total SPIN, PARITY =    17.0 -,     29 chs,      0 cc.  Rmin & Coul turning =    1.4    7.5
   S-matrix    1 =    0.98985   0.04934 for L=   15, J=   15.0 channel on core I =   2.0 from L=   15,  Acc. loss =  0.0 D.
 Elastic phase shift   1 =    1.427   0.257 deg. for the L =   15, J =   15.0 channel.
      17.0  0.98985309  0.04933643i: elastic S-matrix  @@      0.00  0   0 F  0
 Reaction Xsec    17.0-/15 @ 1 =   0.235 , Out:   0.000#   0.050/   0.055/   0.033/   0.268/   0.055/   0.234f

   S-matrix    2 =    0.98960   0.05331 for L=   15, J=   16.0 channel on core I =   2.0 from L=   15,  Acc. loss =  0.0 D.
 Elastic phase shift   2 =    1.542   0.258 deg. for the L =   15, J =   16.0 channel.
      17.0  0.98960039  0.05330960i: elastic S-matrix  @@      0.00  0   0 F  0
 Reaction Xsec    17.0-/15 @ 2 =   0.236 , Out:   0.000#   0.030/   0.408#   0.037/   0.161/   0.069/   0.236f

   S-matrix    3 =    0.99719   0.01861 for L=   17, J=   16.0 channel on core I =   2.0 from L=   17,  Acc. loss =  0.0 D.
 Elastic phase shift   3 =    0.535   0.076 deg. for the L =   17, J =   16.0 channel.
      17.0  0.99718705  0.01861240i: elastic S-matrix  @@      0.00  0   0 F  0
 Reaction Xsec    17.0-/17 @ 3 =   0.070 , Out:   0.000#   8.092#   0.013/   6.959#   0.044/   4.158#   0.070f

   S-matrix    4 =    0.99716   0.01971 for L=   17, J=   17.0 channel on core I =   2.0 from L=   17,  Acc. loss =  0.0 D.
 Elastic phase shift   4 =    0.566   0.076 deg. for the L =   17, J =   17.0 channel.
      17.0  0.99716170  0.01971171i: elastic S-matrix  @@      0.00  0   0 F  0
 Reaction Xsec    17.0-/17 @ 4 =   0.070 , Out:   0.000#   5.767#   8.741#   2.704#   0.032/   5.720#   0.070f

   S-matrix    5 =    0.99713   0.02088 for L=   17, J=   18.0 channel on core I =   2.0 from L=   17,  Acc. loss =  0.0 D.
 Elastic phase shift   5 =    0.600   0.076 deg. for the L =   17, J =   18.0 channel.
      17.0  0.99713347  0.02087783i: elastic S-matrix  @@      0.00  0   0 F  0
 Reaction Xsec    17.0-/17 @ 5 =   0.070 , Out:   0.000#   9.097#   0.021/   0.019/   0.050/   3.511#   0.070f

   S-matrix    6 =    0.99919   0.00748 for L=   19, J=   18.0 channel on core I =   2.0 from L=   19,  Acc. loss =  0.0 D.
 Elastic phase shift   6 =    0.215   0.022 deg. for the L =   19, J =   18.0 channel.
      17.0  0.99918709  0.00748252i: elastic S-matrix  @@      0.00  0   0 F  0
 Reaction Xsec    17.0-/19 @ 6 =   0.021 , Out:   0.000#   0.277#   0.007#   0.428#   1.534#   0.847#   0.021f

   S-matrix    7 =    0.99918   0.00781 for L=   19, J=   19.0 channel on core I =   2.0 from L=   19,  Acc. loss =  0.0 D.
 Elastic phase shift   7 =    0.224   0.023 deg. for the L =   19, J =   19.0 channel.
      17.0  0.99918419  0.00780826i: elastic S-matrix  @@      0.00  0   0 F  0
 Reaction Xsec    17.0-/19 @ 7 =   0.021 , Out:   0.000#   0.652#   1.166#   1.276#   3.611#   0.597#   0.021f


 Total SPIN, PARITY =    18.0 +,     29 chs,      0 cc.  Rmin & Coul turning =    1.4    7.9
   S-matrix    1 =    0.99466   0.03123 for L=   16, J=   16.0 channel on core I =   2.0 from L=   16,  Acc. loss =  0.0 D.
 Elastic phase shift   1 =    0.899   0.139 deg. for the L =   16, J =   16.0 channel.
      18.0  0.99465647  0.03123249i: elastic S-matrix  @@      0.00  0   0 F  0
 Reaction Xsec    18.0+/16 @ 1 =   0.135 , Out:   0.000#   0.017/   0.019/   0.011/   0.094/   0.019/   0.135f

   S-matrix    2 =    0.99457   0.03338 for L=   16, J=   17.0 channel on core I =   2.0 from L=   16,  Acc. loss =  0.0 D.
 Elastic phase shift   2 =    0.961   0.140 deg. for the L =   16, J =   17.0 channel.
      18.0  0.99457209  0.03338418i: elastic S-matrix  @@      0.00  0   0 F  0
 Reaction Xsec    18.0+/16 @ 2 =   0.136 , Out:   0.000#   0.010/   0.125#   0.012/   0.056/   0.024/   0.136f

   S-matrix    3 =    0.99849   0.01182 for L=   18, J=   17.0 channel on core I =   2.0 from L=   18,  Acc. loss =  0.0 D.
 Elastic phase shift   3 =    0.339   0.041 deg. for the L =   18, J =   17.0 channel.
      18.0  0.99849074  0.01181698i: elastic S-matrix  @@      0.00  0   0 F  0
 Reaction Xsec    18.0+/18 @ 3 =   0.040 , Out:   0.000#   2.821#   4.644#   2.399#   0.016/   1.438#   0.040f

   S-matrix    4 =    0.99848   0.01242 for L=   18, J=   18.0 channel on core I =   2.0 from L=   18,  Acc. loss =  0.0 D.
 Elastic phase shift   4 =    0.356   0.041 deg. for the L =   18, J =   18.0 channel.
      18.0  0.99848216  0.01241547i: elastic S-matrix  @@      0.00  0   0 F  0
 Reaction Xsec    18.0+/18 @ 4 =   0.040 , Out:   0.000#   2.002#   3.020#   0.936#   0.011/   1.987#   0.040f

   S-matrix    5 =    0.99847   0.01305 for L=   18, J=   19.0 channel on core I =   2.0 from L=   18,  Acc. loss =  0.0 D.
 Elastic phase shift   5 =    0.374   0.041 deg. for the L =   18, J =   19.0 channel.
      18.0  0.99847270  0.01304789i: elastic S-matrix  @@      0.00  0   0 F  0
 Reaction Xsec    18.0+/18 @ 5 =   0.040 , Out:   0.000#   3.149#   7.172#   6.674#   0.017/   1.225#   0.040f

   S-matrix    6 =    0.99956   0.00473 for L=   20, J=   19.0 channel on core I =   2.0 from L=   20,  Acc. loss =  0.0 D.
 Elastic phase shift   6 =    0.135   0.012 deg. for the L =   20, J =   19.0 channel.
      18.0  0.99956091  0.00472760i: elastic S-matrix  @@      0.00  0   0 F  0
 Reaction Xsec    18.0+/20 @ 6 =   0.012 , Out:   0.000#   0.097#   0.002#   0.146#   0.539#   0.293#   0.012f

   S-matrix    7 =    0.99956   0.00490 for L=   20, J=   20.0 channel on core I =   2.0 from L=   20,  Acc. loss =  0.0 D.
 Elastic phase shift   7 =    0.141   0.012 deg. for the L =   20, J =   20.0 channel.
      18.0  0.99955992  0.00490481i: elastic S-matrix  @@      0.00  0   0 F  0
 Reaction Xsec    18.0+/20 @ 7 =   0.012 , Out:   0.000#   0.225#   0.405#   0.445#   1.257#   0.208#   0.012f


 Total SPIN, PARITY =    18.0 -,     30 chs,      0 cc.  Rmin & Coul turning =    1.4    7.9
   S-matrix    1 =    0.98960   0.05331 for L=   15, J=   16.0 channel on core I =   2.0 from L=   15,  Acc. loss =  0.0 D.
 Elastic phase shift   1 =    1.542   0.258 deg. for the L =   15, J =   16.0 channel.
      18.0  0.98960039  0.05330960i: elastic S-matrix  @@      0.00  0   0 F  0
 Reaction Xsec    18.0-/15 @ 1 =   0.250 , Out:   0.000#   0.000#   0.028/   8.176#   0.000#   0.094/   0.250f

   S-matrix    2 =    0.99719   0.01861 for L=   17, J=   16.0 channel on core I =   2.0 from L=   17,  Acc. loss =  0.0 D.
 Elastic phase shift   2 =    0.535   0.076 deg. for the L =   17, J =   16.0 channel.
      18.0  0.99718705  0.01861240i: elastic S-matrix  @@      0.00  0   0 F  0
 Reaction Xsec    18.0-/17 @ 2 =   0.074 , Out:   0.000#   0.012/   9.383#   6.773#   0.064/   2.257#   0.074f

   S-matrix    3 =    0.99716   0.01971 for L=   17, J=   17.0 channel on core I =   2.0 from L=   17,  Acc. loss =  0.0 D.
 Elastic phase shift   3 =    0.566   0.076 deg. for the L =   17, J =   17.0 channel.
      18.0  0.99716170  0.01971171i: elastic S-matrix  @@      0.00  0   0 F  0
 Reaction Xsec    18.0-/17 @ 3 =   0.074 , Out:   0.000#   5.918#   6.572#   5.611#   0.032/   6.166#   0.074f

   S-matrix    4 =    0.99713   0.02088 for L=   17, J=   18.0 channel on core I =   2.0 from L=   17,  Acc. loss =  0.0 D.
 Elastic phase shift   4 =    0.600   0.076 deg. for the L =   17, J =   18.0 channel.
      18.0  0.99713347  0.02087783i: elastic S-matrix  @@      0.00  0   0 F  0
 Reaction Xsec    18.0-/17 @ 4 =   0.074 , Out:   0.000#   6.580#   0.012/   2.631#   0.036/   5.737#   0.074f

   S-matrix    5 =    0.99919   0.00748 for L=   19, J=   18.0 channel on core I =   2.0 from L=   19,  Acc. loss =  0.0 D.
 Elastic phase shift   5 =    0.215   0.022 deg. for the L =   19, J =   18.0 channel.
      18.0  0.99918709  0.00748252i: elastic S-matrix  @@      0.00  0   0 F  0
 Reaction Xsec    18.0-/19 @ 5 =   0.022 , Out:   0.000#   0.603#   0.673#   0.390#   3.339#   0.689#   0.022f

   S-matrix    6 =    0.99918   0.00781 for L=   19, J=   19.0 channel on core I =   2.0 from L=   19,  Acc. loss =  0.0 D.
 Elastic phase shift   6 =    0.224   0.023 deg. for the L =   19, J =   19.0 channel.
      18.0  0.99918419  0.00780826i: elastic S-matrix  @@      0.00  0   0 F  0
 Reaction Xsec    18.0-/19 @ 6 =   0.022 , Out:   0.000#   0.674#   1.224#   1.337#   3.731#   0.642#   0.022f

   S-matrix    7 =    0.99918   0.00815 for L=   19, J=   20.0 channel on core I =   2.0 from L=   19,  Acc. loss =  0.0 D.
 Elastic phase shift   7 =    0.234   0.023 deg. for the L =   19, J =   20.0 channel.
      18.0  0.99918101  0.00815135i: elastic S-matrix  @@      0.00  0   0 F  0
 Reaction Xsec    18.0-/19 @ 7 =   0.022 , Out:   0.000#   1.343#   1.857#   2.364#   7.437#   0.196#   0.022f

   S-matrix    8 =    0.99976   0.00298 for L=   21, J=   20.0 channel on core I =   2.0 from L=   21,  Acc. loss =  0.0 D.
 Elastic phase shift   8 =    0.085   0.007 deg. for the L =   21, J =   20.0 channel.
      18.0  0.99976235  0.00298146i: elastic S-matrix  @@      0.00  0   0 F  0
 Reaction Xsec    18.0-/21 @ 8 =   6.523/, Out:   0.000#   0.000#   0.070#   0.037#   0.000#   0.117#   0.007f


 Total SPIN, PARITY =    19.0 +,     30 chs,      0 cc.  Rmin & Coul turning =    1.5    8.3
   S-matrix    1 =    0.99457   0.03338 for L=   16, J=   17.0 channel on core I =   2.0 from L=   16,  Acc. loss =  0.0 D.
 Elastic phase shift   1 =    0.961   0.140 deg. for the L =   16, J =   17.0 channel.
      19.0  0.99457209  0.03338418i: elastic S-matrix  @@      0.00  0   0 F  0
 Reaction Xsec    19.0+/16 @ 1 =   0.143 , Out:   0.000#   0.000#   9.557#   2.815#   0.000#   0.033/   0.143f

   S-matrix    2 =    0.99849   0.01182 for L=   18, J=   17.0 channel on core I =   2.0 from L=   18,  Acc. loss =  0.0 D.
 Elastic phase shift   2 =    0.339   0.041 deg. for the L =   18, J =   17.0 channel.
      19.0  0.99849074  0.01181698i: elastic S-matrix  @@      0.00  0   0 F  0
 Reaction Xsec    19.0+/18 @ 2 =   0.042 , Out:   0.000#   4.082#   3.236#   2.340#   0.022/   0.777#   0.042f

   S-matrix    3 =    0.99848   0.01242 for L=   18, J=   18.0 channel on core I =   2.0 from L=   18,  Acc. loss =  0.0 D.
 Elastic phase shift   3 =    0.356   0.041 deg. for the L =   18, J =   18.0 channel.
      19.0  0.99848216  0.01241547i: elastic S-matrix  @@      0.00  0   0 F  0
 Reaction Xsec    19.0+/18 @ 3 =   0.042 , Out:   0.000#   2.051#   2.287#   1.922#   0.011/   2.133#   0.042f

   S-matrix    4 =    0.99847   0.01305 for L=   18, J=   19.0 channel on core I =   2.0 from L=   18,  Acc. loss =  0.0 D.
 Elastic phase shift   4 =    0.374   0.041 deg. for the L =   18, J =   19.0 channel.
      19.0  0.99847270  0.01304789i: elastic S-matrix  @@      0.00  0   0 F  0
 Reaction Xsec    19.0+/18 @ 4 =   0.042 , Out:   0.000#   2.268#   4.145#   0.884#   0.012/   1.992#   0.042f

   S-matrix    5 =    0.99956   0.00473 for L=   20, J=   19.0 channel on core I =   2.0 from L=   20,  Acc. loss =  0.0 D.
 Elastic phase shift   5 =    0.135   0.012 deg. for the L =   20, J =   19.0 channel.
      19.0  0.99956091  0.00472760i: elastic S-matrix  @@      0.00  0   0 F  0
 Reaction Xsec    19.0+/20 @ 5 =   0.013 , Out:   0.000#   0.209#   0.235#   0.137#   1.167#   0.238#   0.013f

   S-matrix    6 =    0.99956   0.00490 for L=   20, J=   20.0 channel on core I =   2.0 from L=   20,  Acc. loss =  0.0 D.
 Elastic phase shift   6 =    0.141   0.012 deg. for the L =   20, J =   20.0 channel.
      19.0  0.99955992  0.00490481i: elastic S-matrix  @@      0.00  0   0 F  0
 Reaction Xsec    19.0+/20 @ 6 =   0.013 , Out:   0.000#   0.232#   0.421#   0.461#   1.296#   0.222#   0.013f

   S-matrix    7 =    0.99956   0.00509 for L=   20, J=   21.0 channel on core I =   2.0 from L=   20,  Acc. loss =  0.0 D.
 Elastic phase shift   7 =    0.146   0.012 deg. for the L =   20, J =   21.0 channel.
      19.0  0.99955886  0.00509094i: elastic S-matrix  @@      0.00  0   0 F  0
 Reaction Xsec    19.0+/20 @ 7 =   0.013 , Out:   0.000#   0.463#   0.643#   0.821#   2.584#   0.068#   0.013f

   S-matrix    8 =    0.99987   0.00188 for L=   22, J=   21.0 channel on core I =   2.0 from L=   22,  Acc. loss =  0.0 D.
 Elastic phase shift   8 =    0.054   0.004 deg. for the L =   22, J =   21.0 channel.
      19.0  0.99987121  0.00187723i: elastic S-matrix  @@      0.00  0   0 F  0
 Reaction Xsec    19.0+/22 @ 8 =   3.746/, Out:   0.000#   0.000#   0.024#   0.013#   0.000#   0.040#   0.004f


 Total SPIN, PARITY =    19.0 -,     29 chs,      0 cc.  Rmin & Coul turning =    1.5    8.3
   S-matrix    1 =    0.99716   0.01971 for L=   17, J=   17.0 channel on core I =   2.0 from L=   17,  Acc. loss =  0.0 D.
 Elastic phase shift   1 =    0.566   0.076 deg. for the L =   17, J =   17.0 channel.
      19.0  0.99716170  0.01971171i: elastic S-matrix  @@      0.00  0   0 F  0
 Reaction Xsec    19.0-/17 @ 1 =   0.078 , Out:   0.000#   6.039#   6.570#   3.951#   0.033/   6.631#   0.078f

   S-matrix    2 =    0.99713   0.02088 for L=   17, J=   18.0 channel on core I =   2.0 from L=   17,  Acc. loss =  0.0 D.
 Elastic phase shift   2 =    0.600   0.076 deg. for the L =   17, J =   18.0 channel.
      19.0  0.99713347  0.02087783i: elastic S-matrix  @@      0.00  0   0 F  0
 Reaction Xsec    19.0-/17 @ 2 =   0.078 , Out:   0.000#   3.557#   0.039#   4.201#   0.019/   8.299#   0.078f

   S-matrix    3 =    0.99919   0.00748 for L=   19, J=   18.0 channel on core I =   2.0 from L=   19,  Acc. loss =  0.0 D.
 Elastic phase shift   3 =    0.215   0.022 deg. for the L =   19, J =   18.0 channel.
      19.0  0.99918709  0.00748252i: elastic S-matrix  @@      0.00  0   0 F  0
 Reaction Xsec    19.0-/19 @ 3 =   0.023 , Out:   0.000#   0.980#   1.610#   0.825#   5.430#   0.496#   0.023f

   S-matrix    4 =    0.99918   0.00781 for L=   19, J=   19.0 channel on core I =   2.0 from L=   19,  Acc. loss =  0.0 D.
 Elastic phase shift   4 =    0.224   0.023 deg. for the L =   19, J =   19.0 channel.
      19.0  0.99918419  0.00780826i: elastic S-matrix  @@      0.00  0   0 F  0
 Reaction Xsec    19.0-/19 @ 4 =   0.023 , Out:   0.000#   0.693#   1.041#   0.324#   3.837#   0.688#   0.023f

   S-matrix    5 =    0.99918   0.00815 for L=   19, J=   20.0 channel on core I =   2.0 from L=   19,  Acc. loss =  0.0 D.
 Elastic phase shift   5 =    0.234   0.023 deg. for the L =   19, J =   20.0 channel.
      19.0  0.99918101  0.00815135i: elastic S-matrix  @@      0.00  0   0 F  0
 Reaction Xsec    19.0-/19 @ 5 =   0.023 , Out:   0.000#   1.087#   2.472#   2.303#   6.023#   0.426#   0.023f

   S-matrix    6 =    0.99976   0.00298 for L=   21, J=   20.0 channel on core I =   2.0 from L=   21,  Acc. loss =  0.0 D.
 Elastic phase shift   6 =    0.085   0.007 deg. for the L =   21, J =   20.0 channel.
      19.0  0.99976235  0.00298146i: elastic S-matrix  @@      0.00  0   0 F  0
 Reaction Xsec    19.0-/21 @ 6 =   6.876/, Out:   0.000#   0.033#   0.001#   0.050#   0.188#   0.101#   0.007f

   S-matrix    7 =    0.99976   0.00308 for L=   21, J=   21.0 channel on core I =   2.0 from L=   21,  Acc. loss =  0.0 D.
 Elastic phase shift   7 =    0.088   0.007 deg. for the L =   21, J =   21.0 channel.
      19.0  0.99976202  0.00307780i: elastic S-matrix  @@      0.00  0   0 F  0
 Reaction Xsec    19.0-/21 @ 7 =   6.877/, Out:   0.000#   0.078#   0.140#   0.154#   0.435#   0.072#   0.007f


 Total SPIN, PARITY =    20.0 +,     29 chs,      0 cc.  Rmin & Coul turning =    1.6    8.7
   S-matrix    1 =    0.99848   0.01242 for L=   18, J=   18.0 channel on core I =   2.0 from L=   18,  Acc. loss =  0.0 D.
 Elastic phase shift   1 =    0.356   0.041 deg. for the L =   18, J =   18.0 channel.
      20.0  0.99848216  0.01241547i: elastic S-matrix  @@      0.00  0   0 F  0
 Reaction Xsec    20.0+/18 @ 1 =   0.045 , Out:   0.000#   2.092#   2.260#   1.363#   0.012/   2.286#   0.045f

   S-matrix    2 =    0.99847   0.01305 for L=   18, J=   19.0 channel on core I =   2.0 from L=   18,  Acc. loss =  0.0 D.
 Elastic phase shift   2 =    0.374   0.041 deg. for the L =   18, J =   19.0 channel.
      20.0  0.99847270  0.01304789i: elastic S-matrix  @@      0.00  0   0 F  0
 Reaction Xsec    20.0+/18 @ 2 =   0.045 , Out:   0.000#   1.221#   0.012#   1.424#   6.725#   2.869#   0.045f

   S-matrix    3 =    0.99956   0.00473 for L=   20, J=   19.0 channel on core I =   2.0 from L=   20,  Acc. loss =  0.0 D.
 Elastic phase shift   3 =    0.135   0.012 deg. for the L =   20, J =   19.0 channel.
      20.0  0.99956091  0.00472760i: elastic S-matrix  @@      0.00  0   0 F  0
 Reaction Xsec    20.0+/20 @ 3 =   0.013 , Out:   0.000#   0.339#   0.556#   0.283#   1.890#   0.170#   0.013f

   S-matrix    4 =    0.99956   0.00490 for L=   20, J=   20.0 channel on core I =   2.0 from L=   20,  Acc. loss =  0.0 D.
 Elastic phase shift   4 =    0.141   0.012 deg. for the L =   20, J =   20.0 channel.
      20.0  0.99955992  0.00490481i: elastic S-matrix  @@      0.00  0   0 F  0
 Reaction Xsec    20.0+/20 @ 4 =   0.013 , Out:   0.000#   0.239#   0.358#   0.112#   1.331#   0.237#   0.013f

   S-matrix    5 =    0.99956   0.00509 for L=   20, J=   21.0 channel on core I =   2.0 from L=   20,  Acc. loss =  0.0 D.
 Elastic phase shift   5 =    0.146   0.012 deg. for the L =   20, J =   21.0 channel.
      20.0  0.99955886  0.00509094i: elastic S-matrix  @@      0.00  0   0 F  0
 Reaction Xsec    20.0+/20 @ 5 =   0.013 , Out:   0.000#   0.374#   0.850#   0.794#   2.085#   0.147#   0.013f

   S-matrix    6 =    0.99987   0.00188 for L=   22, J=   21.0 channel on core I =   2.0 from L=   22,  Acc. loss =  0.0 D.
 Elastic phase shift   6 =    0.054   0.004 deg. for the L =   22, J =   21.0 channel.
      20.0  0.99987121  0.00187723i: elastic S-matrix  @@      0.00  0   0 F  0
 Reaction Xsec    20.0+/22 @ 6 =   3.938/, Out:   0.000#   0.012#   0.000#   0.017#   0.065#   0.035#   0.004f

   S-matrix    7 =    0.99987   0.00193 for L=   22, J=   22.0 channel on core I =   2.0 from L=   22,  Acc. loss =  0.0 D.
 Elastic phase shift   7 =    0.055   0.004 deg. for the L =   22, J =   22.0 channel.
      20.0  0.99987109  0.00192957i: elastic S-matrix  @@      0.00  0   0 F  0
 Reaction Xsec    20.0+/22 @ 7 =   3.938/, Out:   0.000#   0.027#   0.048#   0.053#   0.149#   0.025#   0.004f


 Total SPIN, PARITY =    20.0 -,     30 chs,      0 cc.  Rmin & Coul turning =    1.6    8.7
   S-matrix    1 =    0.99713   0.02088 for L=   17, J=   18.0 channel on core I =   2.0 from L=   17,  Acc. loss =  0.0 D.
 Elastic phase shift   1 =    0.600   0.076 deg. for the L =   17, J =   18.0 channel.
      20.0  0.99713347  0.02087783i: elastic S-matrix  @@      0.00  0   0 F  0
 Reaction Xsec    20.0-/17 @ 1 =   0.082 , Out:   0.000#   0.000#   3.294#   0.968#   0.000#   0.011/   0.082f

   S-matrix    2 =    0.99919   0.00748 for L=   19, J=   18.0 channel on core I =   2.0 from L=   19,  Acc. loss =  0.0 D.
 Elastic phase shift   2 =    0.215   0.022 deg. for the L =   19, J =   18.0 channel.
      20.0  0.99918709  0.00748252i: elastic S-matrix  @@      0.00  0   0 F  0
 Reaction Xsec    20.0-/19 @ 2 =   0.024 , Out:   0.000#   1.412#   1.112#   0.806#   7.822#   0.267#   0.024f

   S-matrix    3 =    0.99918   0.00781 for L=   19, J=   19.0 channel on core I =   2.0 from L=   19,  Acc. loss =  0.0 D.
 Elastic phase shift   3 =    0.224   0.023 deg. for the L =   19, J =   19.0 channel.
      20.0  0.99918419  0.00780826i: elastic S-matrix  @@      0.00  0   0 F  0
 Reaction Xsec    20.0-/19 @ 3 =   0.024 , Out:   0.000#   0.709#   0.793#   0.658#   3.928#   0.736#   0.024f

   S-matrix    4 =    0.99918   0.00815 for L=   19, J=   20.0 channel on core I =   2.0 from L=   19,  Acc. loss =  0.0 D.
 Elastic phase shift   4 =    0.234   0.023 deg. for the L =   19, J =   20.0 channel.
      20.0  0.99918101  0.00815135i: elastic S-matrix  @@      0.00  0   0 F  0
 Reaction Xsec    20.0-/19 @ 4 =   0.024 , Out:   0.000#   0.780#   1.419#   0.297#   4.322#   0.689#   0.024f

   S-matrix    5 =    0.99976   0.00298 for L=   21, J=   20.0 channel on core I =   2.0 from L=   21,  Acc. loss =  0.0 D.
 Elastic phase shift   5 =    0.085   0.007 deg. for the L =   21, J =   20.0 channel.
      20.0  0.99976235  0.00298146i: elastic S-matrix  @@      0.00  0   0 F  0
 Reaction Xsec    20.0-/21 @ 5 =   7.229/, Out:   0.000#   0.072#   0.081#   0.048#   0.405#   0.082#   0.007f

   S-matrix    6 =    0.99976   0.00308 for L=   21, J=   21.0 channel on core I =   2.0 from L=   21,  Acc. loss =  0.0 D.
 Elastic phase shift   6 =    0.088   0.007 deg. for the L =   21, J =   21.0 channel.
      20.0  0.99976202  0.00307780i: elastic S-matrix  @@      0.00  0   0 F  0
 Reaction Xsec    20.0-/21 @ 6 =   7.230/, Out:   0.000#   0.080#   0.144#   0.158#   0.448#   0.076#   0.007f

   S-matrix    7 =    0.99976   0.00318 for L=   21, J=   22.0 channel on core I =   2.0 from L=   21,  Acc. loss =  0.0 D.
 Elastic phase shift   7 =    0.091   0.007 deg. for the L =   21, J =   22.0 channel.
      20.0  0.99976166  0.00317876i: elastic S-matrix  @@      0.00  0   0 F  0
 Reaction Xsec    20.0-/21 @ 7 =   7.231/, Out:   0.000#   0.159#   0.222#   0.284#   0.893#   0.024#   0.007f

   S-matrix    8 =    0.99993   0.00118 for L=   23, J=   22.0 channel on core I =   2.0 from L=   23,  Acc. loss =  0.0 D.
 Elastic phase shift   8 =    0.034   0.002 deg. for the L =   23, J =   22.0 channel.
      20.0  0.99993014  0.00118027i: elastic S-matrix  @@      0.00  0   0 F  0
 Reaction Xsec    20.0-/23 @ 8 =   2.144/, Out:   0.000#   0.000#   0.008#   0.004#   0.000#   0.014#   0.002f


 Total SPIN, PARITY =    21.0 +,     30 chs,      0 cc.  Rmin & Coul turning =    1.7    9.2
   S-matrix    1 =    0.99847   0.01305 for L=   18, J=   19.0 channel on core I =   2.0 from L=   18,  Acc. loss =  0.0 D.
 Elastic phase shift   1 =    0.374   0.041 deg. for the L =   18, J =   19.0 channel.
      21.0  0.99847270  0.01304789i: elastic S-matrix  @@      0.00  0   0 F  0
 Reaction Xsec    21.0+/18 @ 1 =   0.047 , Out:   0.000#   0.000#   1.132#   0.333#   0.000#   3.863#   0.047f

   S-matrix    2 =    0.99956   0.00473 for L=   20, J=   19.0 channel on core I =   2.0 from L=   20,  Acc. loss =  0.0 D.
 Elastic phase shift   2 =    0.135   0.012 deg. for the L =   20, J =   19.0 channel.
      21.0  0.99956091  0.00472760i: elastic S-matrix  @@      0.00  0   0 F  0
 Reaction Xsec    21.0+/20 @ 2 =   0.014 , Out:   0.000#   0.486#   0.381#   0.277#   2.712#   0.091#   0.014f

   S-matrix    3 =    0.99956   0.00490 for L=   20, J=   20.0 channel on core I =   2.0 from L=   20,  Acc. loss =  0.0 D.
 Elastic phase shift   3 =    0.141   0.012 deg. for the L =   20, J =   20.0 channel.
      21.0  0.99955992  0.00490481i: elastic S-matrix  @@      0.00  0   0 F  0
 Reaction Xsec    21.0+/20 @ 3 =   0.014 , Out:   0.000#   0.244#   0.274#   0.225#   1.361#   0.253#   0.014f

   S-matrix    4 =    0.99956   0.00509 for L=   20, J=   21.0 channel on core I =   2.0 from L=   20,  Acc. loss =  0.0 D.
 Elastic phase shift   4 =    0.146   0.012 deg. for the L =   20, J =   21.0 channel.
      21.0  0.99955886  0.00509094i: elastic S-matrix  @@      0.00  0   0 F  0
 Reaction Xsec    21.0+/20 @ 4 =   0.014 , Out:   0.000#   0.267#   0.485#   0.100#   1.491#   0.238#   0.014f

   S-matrix    5 =    0.99987   0.00188 for L=   22, J=   21.0 channel on core I =   2.0 from L=   22,  Acc. loss =  0.0 D.
 Elastic phase shift   5 =    0.054   0.004 deg. for the L =   22, J =   21.0 channel.
      21.0  0.99987121  0.00187723i: elastic S-matrix  @@      0.00  0   0 F  0
 Reaction Xsec    21.0+/22 @ 5 =   4.130/, Out:   0.000#   0.025#   0.028#   0.017#   0.140#   0.028#   0.004f

   S-matrix    6 =    0.99987   0.00193 for L=   22, J=   22.0 channel on core I =   2.0 from L=   22,  Acc. loss =  0.0 D.
 Elastic phase shift   6 =    0.055   0.004 deg. for the L =   22, J =   22.0 channel.
      21.0  0.99987109  0.00192957i: elastic S-matrix  @@      0.00  0   0 F  0
 Reaction Xsec    21.0+/22 @ 6 =   4.130/, Out:   0.000#   0.027#   0.049#   0.054#   0.154#   0.026#   0.004f

   S-matrix    7 =    0.99987   0.00198 for L=   22, J=   23.0 channel on core I =   2.0 from L=   22,  Acc. loss =  0.0 D.
 Elastic phase shift   7 =    0.057   0.004 deg. for the L =   22, J =   23.0 channel.
      21.0  0.99987097  0.00198431i: elastic S-matrix  @@      0.00  0   0 F  0
 Reaction Xsec    21.0+/22 @ 7 =   4.131/, Out:   0.000#   0.054#   0.076#   0.098#   0.306#   0.008#   0.004f

   S-matrix    8 =    0.99996   0.00074 for L=   24, J=   23.0 channel on core I =   2.0 from L=   24,  Acc. loss =  0.0 D.
 Elastic phase shift   8 =    0.021   0.001 deg. for the L =   24, J =   23.0 channel.
      21.0  0.99996209  0.00074113i: elastic S-matrix  @@      0.00  0   0 F  0
 Reaction Xsec    21.0+/24 @ 8 =   1.223/, Out:   0.000#   0.000#   0.003#   0.002#   0.000#   0.005#   0.001f


 Total SPIN, PARITY =    21.0 -,     29 chs,      0 cc.  Rmin & Coul turning =    1.7    9.2
   S-matrix    1 =    0.99918   0.00781 for L=   19, J=   19.0 channel on core I =   2.0 from L=   19,  Acc. loss =  0.0 D.
 Elastic phase shift   1 =    0.224   0.023 deg. for the L =   19, J =   19.0 channel.
      21.0  0.99918419  0.00780826i: elastic S-matrix  @@      0.00  0   0 F  0
 Reaction Xsec    21.0-/19 @ 1 =   0.026 , Out:   0.000#   0.723#   0.775#   0.469#   4.004#   0.786#   0.026f

   S-matrix    2 =    0.99918   0.00815 for L=   19, J=   20.0 channel on core I =   2.0 from L=   19,  Acc. loss =  0.0 D.
 Elastic phase shift   2 =    0.234   0.023 deg. for the L =   19, J =   20.0 channel.
      21.0  0.99918101  0.00815135i: elastic S-matrix  @@      0.00  0   0 F  0
 Reaction Xsec    21.0-/19 @ 2 =   0.026 , Out:   0.000#   0.419#   0.004#   0.483#   2.319#   0.989#   0.026f

   S-matrix    3 =    0.99976   0.00298 for L=   21, J=   20.0 channel on core I =   2.0 from L=   21,  Acc. loss =  0.0 D.
 Elastic phase shift   3 =    0.085   0.007 deg. for the L =   21, J =   20.0 channel.
      21.0  0.99976235  0.00298146i: elastic S-matrix  @@      0.00  0   0 F  0
 Reaction Xsec    21.0-/21 @ 3 =   7.581/, Out:   0.000#   0.117#   0.191#   0.097#   0.654#   0.058#   0.008f

   S-matrix    4 =    0.99976   0.00308 for L=   21, J=   21.0 channel on core I =   2.0 from L=   21,  Acc. loss =  0.0 D.
 Elastic phase shift   4 =    0.088   0.007 deg. for the L =   21, J =   21.0 channel.
      21.0  0.99976202  0.00307780i: elastic S-matrix  @@      0.00  0   0 F  0
 Reaction Xsec    21.0-/21 @ 4 =   7.583/, Out:   0.000#   0.082#   0.123#   0.038#   0.459#   0.081#   0.008f

   S-matrix    5 =    0.99976   0.00318 for L=   21, J=   22.0 channel on core I =   2.0 from L=   21,  Acc. loss =  0.0 D.
 Elastic phase shift   5 =    0.091   0.007 deg. for the L =   21, J =   22.0 channel.
      21.0  0.99976166  0.00317876i: elastic S-matrix  @@      0.00  0   0 F  0
 Reaction Xsec    21.0-/21 @ 5 =   7.584/, Out:   0.000#   0.128#   0.292#   0.273#   0.718#   0.051#   0.008f

   S-matrix    6 =    0.99993   0.00118 for L=   23, J=   22.0 channel on core I =   2.0 from L=   23,  Acc. loss =  0.0 D.
 Elastic phase shift   6 =    0.034   0.002 deg. for the L =   23, J =   22.0 channel.
      21.0  0.99993014  0.00118027i: elastic S-matrix  @@      0.00  0   0 F  0
 Reaction Xsec    21.0-/23 @ 6 =   2.249/, Out:   0.000#   0.004#   0.000#   0.006#   0.022#   0.012#   0.002f

   S-matrix    7 =    0.99993   0.00121 for L=   23, J=   23.0 channel on core I =   2.0 from L=   23,  Acc. loss =  0.0 D.
 Elastic phase shift   7 =    0.035   0.002 deg. for the L =   23, J =   23.0 channel.
      21.0  0.99993011  0.00120869i: elastic S-matrix  @@      0.00  0   0 F  0
 Reaction Xsec    21.0-/23 @ 7 =   2.249/, Out:   0.000#   0.009#   0.017#   0.018#   0.051#   0.008#   0.002f


 Total SPIN, PARITY =    22.0 +,     29 chs,      0 cc.  Rmin & Coul turning =    1.8    9.6
   S-matrix    1 =    0.99956   0.00490 for L=   20, J=   20.0 channel on core I =   2.0 from L=   20,  Acc. loss =  0.0 D.
 Elastic phase shift   1 =    0.141   0.012 deg. for the L =   20, J =   20.0 channel.
      22.0  0.99955992  0.00490481i: elastic S-matrix  @@      0.00  0   0 F  0
 Reaction Xsec    22.0+/20 @ 1 =   0.015 , Out:   0.000#   0.249#   0.265#   0.161#   1.387#   0.269#   0.015f

   S-matrix    2 =    0.99956   0.00509 for L=   20, J=   21.0 channel on core I =   2.0 from L=   20,  Acc. loss =  0.0 D.
 Elastic phase shift   2 =    0.146   0.012 deg. for the L =   20, J =   21.0 channel.
      22.0  0.99955886  0.00509094i: elastic S-matrix  @@      0.00  0   0 F  0
 Reaction Xsec    22.0+/20 @ 2 =   0.015 , Out:   0.000#   0.143#   0.001#   0.164#   0.798#   0.340#   0.015f

   S-matrix    3 =    0.99987   0.00188 for L=   22, J=   21.0 channel on core I =   2.0 from L=   22,  Acc. loss =  0.0 D.
 Elastic phase shift   3 =    0.054   0.004 deg. for the L =   22, J =   21.0 channel.
      22.0  0.99987121  0.00187723i: elastic S-matrix  @@      0.00  0   0 F  0
 Reaction Xsec    22.0+/22 @ 3 =   4.322/, Out:   0.000#   0.040#   0.065#   0.033#   0.225#   0.020#   0.004f

   S-matrix    4 =    0.99987   0.00193 for L=   22, J=   22.0 channel on core I =   2.0 from L=   22,  Acc. loss =  0.0 D.
 Elastic phase shift   4 =    0.055   0.004 deg. for the L =   22, J =   22.0 channel.
      22.0  0.99987109  0.00192957i: elastic S-matrix  @@      0.00  0   0 F  0
 Reaction Xsec    22.0+/22 @ 4 =   4.322/, Out:   0.000#   0.028#   0.042#   0.013#   0.157#   0.028#   0.004f

   S-matrix    5 =    0.99987   0.00198 for L=   22, J=   23.0 channel on core I =   2.0 from L=   22,  Acc. loss =  0.0 D.
 Elastic phase shift   5 =    0.057   0.004 deg. for the L =   22, J =   23.0 channel.
      22.0  0.99987097  0.00198431i: elastic S-matrix  @@      0.00  0   0 F  0
 Reaction Xsec    22.0+/22 @ 5 =   4.323/, Out:   0.000#   0.044#   0.100#   0.093#   0.246#   0.017#   0.004f

   S-matrix    6 =    0.99996   0.00074 for L=   24, J=   23.0 channel on core I =   2.0 from L=   24,  Acc. loss =  0.0 D.
 Elastic phase shift   6 =    0.021   0.001 deg. for the L =   24, J =   23.0 channel.
      22.0  0.99996209  0.00074113i: elastic S-matrix  @@      0.00  0   0 F  0
 Reaction Xsec    22.0+/24 @ 6 =   1.280/, Out:   0.000#   0.001#   0.000#   0.002#   0.008#   0.004#   0.001f

   S-matrix    7 =    0.99996   0.00076 for L=   24, J=   24.0 channel on core I =   2.0 from L=   24,  Acc. loss =  0.0 D.
 Elastic phase shift   7 =    0.022   0.001 deg. for the L =   24, J =   24.0 channel.
      22.0  0.99996208  0.00075654i: elastic S-matrix  @@      0.00  0   0 F  0
 Reaction Xsec    22.0+/24 @ 7 =   1.280/, Out:   0.000#   0.003#   0.006#   0.006#   0.017#   0.003#   0.001f


 Total SPIN, PARITY =    22.0 -,     30 chs,      0 cc.  Rmin & Coul turning =    1.8    9.6
   S-matrix    1 =    0.99918   0.00815 for L=   19, J=   20.0 channel on core I =   2.0 from L=   19,  Acc. loss =  0.0 D.
 Elastic phase shift   1 =    0.234   0.023 deg. for the L =   19, J =   20.0 channel.
      22.0  0.99918101  0.00815135i: elastic S-matrix  @@      0.00  0   0 F  0
 Reaction Xsec    22.0-/19 @ 1 =   0.027 , Out:   0.000#   0.000#   0.388#   0.114#   0.000#   1.327#   0.027f

   S-matrix    2 =    0.99976   0.00298 for L=   21, J=   20.0 channel on core I =   2.0 from L=   21,  Acc. loss =  0.0 D.
 Elastic phase shift   2 =    0.085   0.007 deg. for the L =   21, J =   20.0 channel.
      22.0  0.99976235  0.00298146i: elastic S-matrix  @@      0.00  0   0 F  0
 Reaction Xsec    22.0-/21 @ 2 =   7.934/, Out:   0.000#   0.167#   0.130#   0.094#   0.935#   0.031#   0.008f

   S-matrix    3 =    0.99976   0.00308 for L=   21, J=   21.0 channel on core I =   2.0 from L=   21,  Acc. loss =  0.0 D.
 Elastic phase shift   3 =    0.088   0.007 deg. for the L =   21, J =   21.0 channel.
      22.0  0.99976202  0.00307780i: elastic S-matrix  @@      0.00  0   0 F  0
 Reaction Xsec    22.0-/21 @ 3 =   7.935/, Out:   0.000#   0.084#   0.094#   0.076#   0.469#   0.087#   0.008f

   S-matrix    4 =    0.99976   0.00318 for L=   21, J=   22.0 channel on core I =   2.0 from L=   21,  Acc. loss =  0.0 D.
 Elastic phase shift   4 =    0.091   0.007 deg. for the L =   21, J =   22.0 channel.
      22.0  0.99976166  0.00317876i: elastic S-matrix  @@      0.00  0   0 F  0
 Reaction Xsec    22.0-/21 @ 4 =   7.937/, Out:   0.000#   0.091#   0.165#   0.034#   0.512#   0.082#   0.008f

   S-matrix    5 =    0.99993   0.00118 for L=   23, J=   22.0 channel on core I =   2.0 from L=   23,  Acc. loss =  0.0 D.
 Elastic phase shift   5 =    0.034   0.002 deg. for the L =   23, J =   22.0 channel.
      22.0  0.99993014  0.00118027i: elastic S-matrix  @@      0.00  0   0 F  0
 Reaction Xsec    22.0-/23 @ 5 =   2.353/, Out:   0.000#   0.009#   0.010#   0.006#   0.048#   0.010#   0.002f

   S-matrix    6 =    0.99993   0.00121 for L=   23, J=   23.0 channel on core I =   2.0 from L=   23,  Acc. loss =  0.0 D.
 Elastic phase shift   6 =    0.035   0.002 deg. for the L =   23, J =   23.0 channel.
      22.0  0.99993011  0.00120869i: elastic S-matrix  @@      0.00  0   0 F  0
 Reaction Xsec    22.0-/23 @ 6 =   2.353/, Out:   0.000#   0.009#   0.017#   0.018#   0.052#   0.009#   0.002f

   S-matrix    7 =    0.99993   0.00124 for L=   23, J=   24.0 channel on core I =   2.0 from L=   23,  Acc. loss =  0.0 D.
 Elastic phase shift   7 =    0.035   0.002 deg. for the L =   23, J =   24.0 channel.
      22.0  0.99993007  0.00123835i: elastic S-matrix  @@      0.00  0   0 F  0
 Reaction Xsec    22.0-/23 @ 7 =   2.353/, Out:   0.000#   0.019#   0.026#   0.034#   0.104#   0.003#   0.002f

   S-matrix    8 =    0.99998   0.00046 for L=   25, J=   24.0 channel on core I =   2.0 from L=   25,  Acc. loss =  0.0 D.
 Elastic phase shift   8 =    0.013   0.001 deg. for the L =   25, J =   24.0 channel.
      22.0  0.99997943  0.00046485i: elastic S-matrix  @@      0.00  0   0 F  0
 Reaction Xsec    22.0-/25 @ 8 =   0.696/, Out:   0.000#   0.000#   0.001#   0.001#   0.000#   0.002#   0.001f


 Total SPIN, PARITY =    23.0 +,     30 chs,      0 cc.  Rmin & Coul turning =    1.8   10.0
   S-matrix    1 =    0.99956   0.00509 for L=   20, J=   21.0 channel on core I =   2.0 from L=   20,  Acc. loss =  0.0 D.
 Elastic phase shift   1 =    0.146   0.012 deg. for the L =   20, J =   21.0 channel.
      23.0  0.99955886  0.00509094i: elastic S-matrix  @@      0.00  0   0 F  0
 Reaction Xsec    23.0+/20 @ 1 =   0.015 , Out:   0.000#   0.000#   0.133#   0.039#   0.000#   0.455#   0.015f

   S-matrix    2 =    0.99987   0.00188 for L=   22, J=   21.0 channel on core I =   2.0 from L=   22,  Acc. loss =  0.0 D.
 Elastic phase shift   2 =    0.054   0.004 deg. for the L =   22, J =   21.0 channel.
      23.0  0.99987121  0.00187723i: elastic S-matrix  @@      0.00  0   0 F  0
 Reaction Xsec    23.0+/22 @ 2 =   4.514/, Out:   0.000#   0.057#   0.044#   0.032#   0.320#   0.011#   0.005f

   S-matrix    3 =    0.99987   0.00193 for L=   22, J=   22.0 channel on core I =   2.0 from L=   22,  Acc. loss =  0.0 D.
 Elastic phase shift   3 =    0.055   0.004 deg. for the L =   22, J =   22.0 channel.
      23.0  0.99987109  0.00192957i: elastic S-matrix  @@      0.00  0   0 F  0
 Reaction Xsec    23.0+/22 @ 3 =   4.515/, Out:   0.000#   0.029#   0.032#   0.026#   0.161#   0.030#   0.005f

   S-matrix    4 =    0.99987   0.00198 for L=   22, J=   23.0 channel on core I =   2.0 from L=   22,  Acc. loss =  0.0 D.
 Elastic phase shift   4 =    0.057   0.004 deg. for the L =   22, J =   23.0 channel.
      23.0  0.99987097  0.00198431i: elastic S-matrix  @@      0.00  0   0 F  0
 Reaction Xsec    23.0+/22 @ 4 =   4.515/, Out:   0.000#   0.031#   0.056#   0.011#   0.175#   0.028#   0.005f

   S-matrix    5 =    0.99996   0.00074 for L=   24, J=   23.0 channel on core I =   2.0 from L=   24,  Acc. loss =  0.0 D.
 Elastic phase shift   5 =    0.021   0.001 deg. for the L =   24, J =   23.0 channel.
      23.0  0.99996209  0.00074113i: elastic S-matrix  @@      0.00  0   0 F  0
 Reaction Xsec    23.0+/24 @ 5 =   1.337/, Out:   0.000#   0.003#   0.003#   0.002#   0.016#   0.003#   0.001f

   S-matrix    6 =    0.99996   0.00076 for L=   24, J=   24.0 channel on core I =   2.0 from L=   24,  Acc. loss =  0.0 D.
 Elastic phase shift   6 =    0.022   0.001 deg. for the L =   24, J =   24.0 channel.
      23.0  0.99996208  0.00075654i: elastic S-matrix  @@      0.00  0   0 F  0
 Reaction Xsec    23.0+/24 @ 6 =   1.337/, Out:   0.000#   0.003#   0.006#   0.006#   0.018#   0.003#   0.001f

   S-matrix    7 =    0.99996   0.00077 for L=   24, J=   25.0 channel on core I =   2.0 from L=   24,  Acc. loss =  0.0 D.
 Elastic phase shift   7 =    0.022   0.001 deg. for the L =   24, J =   25.0 channel.
      23.0  0.99996207  0.00077261i: elastic S-matrix  @@      0.00  0   0 F  0
 Reaction Xsec    23.0+/24 @ 7 =   1.337/, Out:   0.000#   0.006#   0.009#   0.011#   0.035#   0.001#   0.001f

   S-matrix    8 =    0.99999   0.00029 for L=   26, J=   25.0 channel on core I =   2.0 from L=   26,  Acc. loss =  0.0 D.
 Elastic phase shift   8 =    0.008   0.000 deg. for the L =   26, J =   25.0 channel.
      23.0  0.99998884  0.00029125i: elastic S-matrix  @@      0.00  0   0 F  0
 Reaction Xsec    23.0+/26 @ 8 =   0.395/, Out:   0.000#   0.000#   0.000#   0.000#   0.000#   0.001#   0.000f


 Total SPIN, PARITY =    23.0 -,     29 chs,      0 cc.  Rmin & Coul turning =    1.8   10.0
   S-matrix    1 =    0.99976   0.00308 for L=   21, J=   21.0 channel on core I =   2.0 from L=   21,  Acc. loss =  0.0 D.
 Elastic phase shift   1 =    0.088   0.007 deg. for the L =   21, J =   21.0 channel.
      23.0  0.99976202  0.00307780i: elastic S-matrix  @@      0.00  0   0 F  0
 Reaction Xsec    23.0-/21 @ 1 =   8.288/, Out:   0.000#   0.085#   0.090#   0.055#   0.478#   0.092#   0.008f

   S-matrix    2 =    0.99976   0.00318 for L=   21, J=   22.0 channel on core I =   2.0 from L=   21,  Acc. loss =  0.0 D.
 Elastic phase shift   2 =    0.091   0.007 deg. for the L =   21, J =   22.0 channel.
      23.0  0.99976166  0.00317876i: elastic S-matrix  @@      0.00  0   0 F  0
 Reaction Xsec    23.0-/21 @ 2 =   8.289/, Out:   0.000#   0.049#   0.000#   0.055#   0.273#   0.116#   0.008f

   S-matrix    3 =    0.99993   0.00118 for L=   23, J=   22.0 channel on core I =   2.0 from L=   23,  Acc. loss =  0.0 D.
 Elastic phase shift   3 =    0.034   0.002 deg. for the L =   23, J =   22.0 channel.
      23.0  0.99993014  0.00118027i: elastic S-matrix  @@      0.00  0   0 F  0
 Reaction Xsec    23.0-/23 @ 3 =   2.458/, Out:   0.000#   0.014#   0.022#   0.011#   0.077#   0.007#   0.002f

   S-matrix    4 =    0.99993   0.00121 for L=   23, J=   23.0 channel on core I =   2.0 from L=   23,  Acc. loss =  0.0 D.
 Elastic phase shift   4 =    0.035   0.002 deg. for the L =   23, J =   23.0 channel.
      23.0  0.99993011  0.00120869i: elastic S-matrix  @@      0.00  0   0 F  0
 Reaction Xsec    23.0-/23 @ 4 =   2.458/, Out:   0.000#   0.010#   0.014#   0.004#   0.054#   0.009#   0.002f

   S-matrix    5 =    0.99993   0.00124 for L=   23, J=   24.0 channel on core I =   2.0 from L=   23,  Acc. loss =  0.0 D.
 Elastic phase shift   5 =    0.035   0.002 deg. for the L =   23, J =   24.0 channel.
      23.0  0.99993007  0.00123835i: elastic S-matrix  @@      0.00  0   0 F  0
 Reaction Xsec    23.0-/23 @ 5 =   2.458/, Out:   0.000#   0.015#   0.034#   0.032#   0.084#   0.006#   0.002f

   S-matrix    6 =    0.99998   0.00046 for L=   25, J=   24.0 channel on core I =   2.0 from L=   25,  Acc. loss =  0.0 D.
 Elastic phase shift   6 =    0.013   0.001 deg. for the L =   25, J =   24.0 channel.
      23.0  0.99997943  0.00046485i: elastic S-matrix  @@      0.00  0   0 F  0
 Reaction Xsec    23.0-/25 @ 6 =   0.727/, Out:   0.000#   0.000#   0.000#   0.001#   0.003#   0.001#   0.001f

   S-matrix    7 =    0.99998   0.00047 for L=   25, J=   25.0 channel on core I =   2.0 from L=   25,  Acc. loss =  0.0 D.
 Elastic phase shift   7 =    0.014   0.001 deg. for the L =   25, J =   25.0 channel.
      23.0  0.99997942  0.00047320i: elastic S-matrix  @@      0.00  0   0 F  0
 Reaction Xsec    23.0-/25 @ 7 =   0.727/, Out:   0.000#   0.001#   0.002#   0.002#   0.006#   0.001#   0.001f


 Total SPIN, PARITY =    24.0 +,     29 chs,      0 cc.  Rmin & Coul turning =    1.9   10.4
   S-matrix    1 =    0.99987   0.00193 for L=   22, J=   22.0 channel on core I =   2.0 from L=   22,  Acc. loss =  0.0 D.
 Elastic phase shift   1 =    0.055   0.004 deg. for the L =   22, J =   22.0 channel.
      24.0  0.99987109  0.00192957i: elastic S-matrix  @@      0.00  0   0 F  0
 Reaction Xsec    24.0+/22 @ 1 =   4.707/, Out:   0.000#   0.029#   0.031#   0.019#   0.163#   0.031#   0.005f

   S-matrix    2 =    0.99987   0.00198 for L=   22, J=   23.0 channel on core I =   2.0 from L=   22,  Acc. loss =  0.0 D.
 Elastic phase shift   2 =    0.057   0.004 deg. for the L =   22, J =   23.0 channel.
      24.0  0.99987097  0.00198431i: elastic S-matrix  @@      0.00  0   0 F  0
 Reaction Xsec    24.0+/22 @ 2 =   4.707/, Out:   0.000#   0.017#   0.000#   0.019#   0.093#   0.040#   0.005f

   S-matrix    3 =    0.99996   0.00074 for L=   24, J=   23.0 channel on core I =   2.0 from L=   24,  Acc. loss =  0.0 D.
 Elastic phase shift   3 =    0.021   0.001 deg. for the L =   24, J =   23.0 channel.
      24.0  0.99996209  0.00074113i: elastic S-matrix  @@      0.00  0   0 F  0
 Reaction Xsec    24.0+/24 @ 3 =   1.394/, Out:   0.000#   0.005#   0.008#   0.004#   0.026#   0.002#   0.001f

   S-matrix    4 =    0.99996   0.00076 for L=   24, J=   24.0 channel on core I =   2.0 from L=   24,  Acc. loss =  0.0 D.
 Elastic phase shift   4 =    0.022   0.001 deg. for the L =   24, J =   24.0 channel.
      24.0  0.99996208  0.00075654i: elastic S-matrix  @@      0.00  0   0 F  0
 Reaction Xsec    24.0+/24 @ 4 =   1.394/, Out:   0.000#   0.003#   0.005#   0.002#   0.018#   0.003#   0.001f

   S-matrix    5 =    0.99996   0.00077 for L=   24, J=   25.0 channel on core I =   2.0 from L=   24,  Acc. loss =  0.0 D.
 Elastic phase shift   5 =    0.022   0.001 deg. for the L =   24, J =   25.0 channel.
      24.0  0.99996207  0.00077261i: elastic S-matrix  @@      0.00  0   0 F  0
 Reaction Xsec    24.0+/24 @ 5 =   1.394/, Out:   0.000#   0.005#   0.012#   0.011#   0.028#   0.002#   0.001f

   S-matrix    6 =    0.99999   0.00029 for L=   26, J=   25.0 channel on core I =   2.0 from L=   26,  Acc. loss =  0.0 D.
 Elastic phase shift   6 =    0.008   0.000 deg. for the L =   26, J =   25.0 channel.
      24.0  0.99998884  0.00029125i: elastic S-matrix  @@      0.00  0   0 F  0
 Reaction Xsec    24.0+/26 @ 6 =   0.412/, Out:   0.000#   0.000#   0.000#   0.000#   0.001#   0.000#   0.000f

   S-matrix    7 =    0.99999   0.00030 for L=   26, J=   26.0 channel on core I =   2.0 from L=   26,  Acc. loss =  0.0 D.
 Elastic phase shift   7 =    0.008   0.000 deg. for the L =   26, J =   26.0 channel.
      24.0  0.99998883  0.00029577i: elastic S-matrix  @@      0.00  0   0 F  0
 Reaction Xsec    24.0+/26 @ 7 =   0.412/, Out:   0.000#   0.000#   0.001#   0.001#   0.002#   0.000#   0.000f


 Total SPIN, PARITY =    24.0 -,     30 chs,      0 cc.  Rmin & Coul turning =    1.9   10.4
   S-matrix    1 =    0.99976   0.00318 for L=   21, J=   22.0 channel on core I =   2.0 from L=   21,  Acc. loss =  0.0 D.
 Elastic phase shift   1 =    0.091   0.007 deg. for the L =   21, J =   22.0 channel.
      24.0  0.99976166  0.00317876i: elastic S-matrix  @@      0.00  0   0 F  0
 Reaction Xsec    24.0-/21 @ 1 =   8.642/, Out:   0.000#   0.000#   0.045#   0.013#   0.000#   0.155#   0.009f

   S-matrix    2 =    0.99993   0.00118 for L=   23, J=   22.0 channel on core I =   2.0 from L=   23,  Acc. loss =  0.0 D.
 Elastic phase shift   2 =    0.034   0.002 deg. for the L =   23, J =   22.0 channel.
      24.0  0.99993014  0.00118027i: elastic S-matrix  @@      0.00  0   0 F  0
 Reaction Xsec    24.0-/23 @ 2 =   2.562/, Out:   0.000#   0.019#   0.015#   0.011#   0.109#   0.004#   0.003f

   S-matrix    3 =    0.99993   0.00121 for L=   23, J=   23.0 channel on core I =   2.0 from L=   23,  Acc. loss =  0.0 D.
 Elastic phase shift   3 =    0.035   0.002 deg. for the L =   23, J =   23.0 channel.
      24.0  0.99993011  0.00120869i: elastic S-matrix  @@      0.00  0   0 F  0
 Reaction Xsec    24.0-/23 @ 3 =   2.562/, Out:   0.000#   0.010#   0.011#   0.009#   0.055#   0.010#   0.003f

   S-matrix    4 =    0.99993   0.00124 for L=   23, J=   24.0 channel on core I =   2.0 from L=   23,  Acc. loss =  0.0 D.
 Elastic phase shift   4 =    0.035   0.002 deg. for the L =   23, J =   24.0 channel.
      24.0  0.99993007  0.00123835i: elastic S-matrix  @@      0.00  0   0 F  0
 Reaction Xsec    24.0-/23 @ 4 =   2.563/, Out:   0.000#   0.011#   0.019#   0.004#   0.059#   0.010#   0.003f

   S-matrix    5 =    0.99998   0.00046 for L=   25, J=   24.0 channel on core I =   2.0 from L=   25,  Acc. loss =  0.0 D.
 Elastic phase shift   5 =    0.013   0.001 deg. for the L =   25, J =   24.0 channel.
      24.0  0.99997943  0.00046485i: elastic S-matrix  @@      0.00  0   0 F  0
 Reaction Xsec    24.0-/25 @ 5 =   0.758/, Out:   0.000#   0.001#   0.001#   0.001#   0.006#   0.001#   0.001f

   S-matrix    6 =    0.99998   0.00047 for L=   25, J=   25.0 channel on core I =   2.0 from L=   25,  Acc. loss =  0.0 D.
 Elastic phase shift   6 =    0.014   0.001 deg. for the L =   25, J =   25.0 channel.
      24.0  0.99997942  0.00047320i: elastic S-matrix  @@      0.00  0   0 F  0
 Reaction Xsec    24.0-/25 @ 6 =   0.758/, Out:   0.000#   0.001#   0.002#   0.002#   0.006#   0.001#   0.001f

   S-matrix    7 =    0.99998   0.00048 for L=   25, J=   26.0 channel on core I =   2.0 from L=   25,  Acc. loss =  0.0 D.
 Elastic phase shift   7 =    0.014   0.001 deg. for the L =   25, J =   26.0 channel.
      24.0  0.99997942  0.00048190i: elastic S-matrix  @@      0.00  0   0 F  0
 Reaction Xsec    24.0-/25 @ 7 =   0.758/, Out:   0.000#   0.002#   0.003#   0.004#   0.012#   0.000#   0.001f

   S-matrix    8 =    0.99999   0.00018 for L=   27, J=   26.0 channel on core I =   2.0 from L=   27,  Acc. loss =  0.0 D.
 Elastic phase shift   8 =    0.005   0.000 deg. for the L =   27, J =   26.0 channel.
      24.0  0.99999394  0.00018232i: elastic S-matrix  @@      0.00  0   0 F  0
 Reaction Xsec    24.0-/27 @ 8 =   0.224/, Out:   0.000#   0.000#   0.000#   0.000#   0.000#   0.000#   0.000f


 Total SPIN, PARITY =    25.0 +,     30 chs,      0 cc.  Rmin & Coul turning =    2.0   10.9
   S-matrix    1 =    0.99987   0.00198 for L=   22, J=   23.0 channel on core I =   2.0 from L=   22,  Acc. loss =  0.0 D.
 Elastic phase shift   1 =    0.057   0.004 deg. for the L =   22, J =   23.0 channel.
      25.0  0.99987097  0.00198431i: elastic S-matrix  @@      0.00  0   0 F  0
 Reaction Xsec    25.0+/22 @ 1 =   4.899/, Out:   0.000#   0.000#   0.015#   0.004#   0.000#   0.053#   0.005f

   S-matrix    2 =    0.99996   0.00074 for L=   24, J=   23.0 channel on core I =   2.0 from L=   24,  Acc. loss =  0.0 D.
 Elastic phase shift   2 =    0.021   0.001 deg. for the L =   24, J =   23.0 channel.
      25.0  0.99996209  0.00074113i: elastic S-matrix  @@      0.00  0   0 F  0
 Reaction Xsec    25.0+/24 @ 2 =   1.451/, Out:   0.000#   0.007#   0.005#   0.004#   0.037#   0.001#   0.001f

   S-matrix    3 =    0.99996   0.00076 for L=   24, J=   24.0 channel on core I =   2.0 from L=   24,  Acc. loss =  0.0 D.
 Elastic phase shift   3 =    0.022   0.001 deg. for the L =   24, J =   24.0 channel.
      25.0  0.99996208  0.00075654i: elastic S-matrix  @@      0.00  0   0 F  0
 Reaction Xsec    25.0+/24 @ 3 =   1.451/, Out:   0.000#   0.003#   0.004#   0.003#   0.019#   0.003#   0.001f

   S-matrix    4 =    0.99996   0.00077 for L=   24, J=   25.0 channel on core I =   2.0 from L=   24,  Acc. loss =  0.0 D.
 Elastic phase shift   4 =    0.022   0.001 deg. for the L =   24, J =   25.0 channel.
      25.0  0.99996207  0.00077261i: elastic S-matrix  @@      0.00  0   0 F  0
 Reaction Xsec    25.0+/24 @ 4 =   1.451/, Out:   0.000#   0.004#   0.006#   0.001#   0.020#   0.003#   0.001f

   S-matrix    5 =    0.99999   0.00029 for L=   26, J=   25.0 channel on core I =   2.0 from L=   26,  Acc. loss =  0.0 D.
 Elastic phase shift   5 =    0.008   0.000 deg. for the L =   26, J =   25.0 channel.
      25.0  0.99998884  0.00029125i: elastic S-matrix  @@      0.00  0   0 F  0
 Reaction Xsec    25.0+/26 @ 5 =   0.429/, Out:   0.000#   0.000#   0.000#   0.000#   0.002#   0.000#   0.000f

   S-matrix    6 =    0.99999   0.00030 for L=   26, J=   26.0 channel on core I =   2.0 from L=   26,  Acc. loss =  0.0 D.
 Elastic phase shift   6 =    0.008   0.000 deg. for the L =   26, J =   26.0 channel.
      25.0  0.99998883  0.00029577i: elastic S-matrix  @@      0.00  0   0 F  0
 Reaction Xsec    25.0+/26 @ 6 =   0.429/, Out:   0.000#   0.000#   0.001#   0.001#   0.002#   0.000#   0.000f

   S-matrix    7 =    0.99999   0.00030 for L=   26, J=   27.0 channel on core I =   2.0 from L=   26,  Acc. loss =  0.0 D.
 Elastic phase shift   7 =    0.009   0.000 deg. for the L =   26, J =   27.0 channel.
      25.0  0.99998883  0.00030048i: elastic S-matrix  @@      0.00  0   0 F  0
 Reaction Xsec    25.0+/26 @ 7 =   0.429/, Out:   0.000#   0.001#   0.001#   0.001#   0.004#   0.000#   0.000f

   S-matrix    8 =    1.00000   0.00011 for L=   28, J=   27.0 channel on core I =   2.0 from L=   28,  Acc. loss =  0.0 D.
 Elastic phase shift   8 =    0.003   0.000 deg. for the L =   28, J =   27.0 channel.
      25.0  0.99999671  0.00011403i: elastic S-matrix  @@      0.00  0   0 F  0
 Reaction Xsec    25.0+/28 @ 8 =   0.126/, Out:   0.000#   0.000#   0.000#   0.000#   0.000#   0.000#   0.000f


 Total SPIN, PARITY =    25.0 -,     29 chs,      0 cc.  Rmin & Coul turning =    2.0   10.9
   S-matrix    1 =    0.99993   0.00121 for L=   23, J=   23.0 channel on core I =   2.0 from L=   23,  Acc. loss =  0.0 D.
 Elastic phase shift   1 =    0.035   0.002 deg. for the L =   23, J =   23.0 channel.
      25.0  0.99993011  0.00120869i: elastic S-matrix  @@      0.00  0   0 F  0
 Reaction Xsec    25.0-/23 @ 1 =   2.667/, Out:   0.000#   0.010#   0.010#   0.006#   0.056#   0.011#   0.003f

   S-matrix    2 =    0.99993   0.00124 for L=   23, J=   24.0 channel on core I =   2.0 from L=   23,  Acc. loss =  0.0 D.
 Elastic phase shift   2 =    0.035   0.002 deg. for the L =   23, J =   24.0 channel.
      25.0  0.99993007  0.00123835i: elastic S-matrix  @@      0.00  0   0 F  0
 Reaction Xsec    25.0-/23 @ 2 =   2.667/, Out:   0.000#   0.006#   0.000#   0.006#   0.031#   0.013#   0.003f

   S-matrix    3 =    0.99998   0.00046 for L=   25, J=   24.0 channel on core I =   2.0 from L=   25,  Acc. loss =  0.0 D.
 Elastic phase shift   3 =    0.013   0.001 deg. for the L =   25, J =   24.0 channel.
      25.0  0.99997943  0.00046485i: elastic S-matrix  @@      0.00  0   0 F  0
 Reaction Xsec    25.0-/25 @ 3 =   0.789/, Out:   0.000#   0.002#   0.003#   0.001#   0.009#   0.001#   0.001f

   S-matrix    4 =    0.99998   0.00047 for L=   25, J=   25.0 channel on core I =   2.0 from L=   25,  Acc. loss =  0.0 D.
 Elastic phase shift   4 =    0.014   0.001 deg. for the L =   25, J =   25.0 channel.
      25.0  0.99997942  0.00047320i: elastic S-matrix  @@      0.00  0   0 F  0
 Reaction Xsec    25.0-/25 @ 4 =   0.789/, Out:   0.000#   0.001#   0.002#   0.001#   0.006#   0.001#   0.001f

   S-matrix    5 =    0.99998   0.00048 for L=   25, J=   26.0 channel on core I =   2.0 from L=   25,  Acc. loss =  0.0 D.
 Elastic phase shift   5 =    0.014   0.001 deg. for the L =   25, J =   26.0 channel.
      25.0  0.99997942  0.00048190i: elastic S-matrix  @@      0.00  0   0 F  0
 Reaction Xsec    25.0-/25 @ 5 =   0.789/, Out:   0.000#   0.002#   0.004#   0.004#   0.010#   0.001#   0.001f

   S-matrix    6 =    0.99999   0.00018 for L=   27, J=   26.0 channel on core I =   2.0 from L=   27,  Acc. loss =  0.0 D.
 Elastic phase shift   6 =    0.005   0.000 deg. for the L =   27, J =   26.0 channel.
      25.0  0.99999394  0.00018232i: elastic S-matrix  @@      0.00  0   0 F  0
 Reaction Xsec    25.0-/27 @ 6 =   0.233/, Out:   0.000#   0.000#   0.000#   0.000#   0.000#   0.000#   0.000f

   S-matrix    7 =    0.99999   0.00018 for L=   27, J=   27.0 channel on core I =   2.0 from L=   27,  Acc. loss =  0.0 D.
 Elastic phase shift   7 =    0.005   0.000 deg. for the L =   27, J =   27.0 channel.
      25.0  0.99999394  0.00018477i: elastic S-matrix  @@      0.00  0   0 F  0
 Reaction Xsec    25.0-/27 @ 7 =   0.233/, Out:   0.000#   0.000#   0.000#   0.000#   0.001#   0.000#   0.000f


 Total SPIN, PARITY =    26.0 +,     29 chs,      0 cc.  Rmin & Coul turning =    2.1   11.3
   S-matrix    1 =    0.99996   0.00076 for L=   24, J=   24.0 channel on core I =   2.0 from L=   24,  Acc. loss =  0.0 D.
 Elastic phase shift   1 =    0.022   0.001 deg. for the L =   24, J =   24.0 channel.
      26.0  0.99996208  0.00075654i: elastic S-matrix  @@      0.00  0   0 F  0
 Reaction Xsec    26.0+/24 @ 1 =   1.508/, Out:   0.000#   0.003#   0.004#   0.002#   0.019#   0.004#   0.002f

   S-matrix    2 =    0.99996   0.00077 for L=   24, J=   25.0 channel on core I =   2.0 from L=   24,  Acc. loss =  0.0 D.
 Elastic phase shift   2 =    0.022   0.001 deg. for the L =   24, J =   25.0 channel.
      26.0  0.99996207  0.00077261i: elastic S-matrix  @@      0.00  0   0 F  0
 Reaction Xsec    26.0+/24 @ 2 =   1.508/, Out:   0.000#   0.002#   0.000#   0.002#   0.011#   0.005#   0.002f

   S-matrix    3 =    0.99999   0.00029 for L=   26, J=   25.0 channel on core I =   2.0 from L=   26,  Acc. loss =  0.0 D.
 Elastic phase shift   3 =    0.008   0.000 deg. for the L =   26, J =   25.0 channel.
      26.0  0.99998884  0.00029125i: elastic S-matrix  @@      0.00  0   0 F  0
 Reaction Xsec    26.0+/26 @ 3 =   0.446/, Out:   0.000#   0.001#   0.001#   0.000#   0.003#   0.000#   0.000f

   S-matrix    4 =    0.99999   0.00030 for L=   26, J=   26.0 channel on core I =   2.0 from L=   26,  Acc. loss =  0.0 D.
 Elastic phase shift   4 =    0.008   0.000 deg. for the L =   26, J =   26.0 channel.
      26.0  0.99998883  0.00029577i: elastic S-matrix  @@      0.00  0   0 F  0
 Reaction Xsec    26.0+/26 @ 4 =   0.446/, Out:   0.000#   0.000#   0.001#   0.000#   0.002#   0.000#   0.000f

   S-matrix    5 =    0.99999   0.00030 for L=   26, J=   27.0 channel on core I =   2.0 from L=   26,  Acc. loss =  0.0 D.
 Elastic phase shift   5 =    0.009   0.000 deg. for the L =   26, J =   27.0 channel.
      26.0  0.99998883  0.00030048i: elastic S-matrix  @@      0.00  0   0 F  0
 Reaction Xsec    26.0+/26 @ 5 =   0.446/, Out:   0.000#   0.001#   0.001#   0.001#   0.003#   0.000#   0.000f

   S-matrix    6 =    1.00000   0.00011 for L=   28, J=   27.0 channel on core I =   2.0 from L=   28,  Acc. loss =  0.0 D.
 Elastic phase shift   6 =    0.003   0.000 deg. for the L =   28, J =   27.0 channel.
      26.0  0.99999671  0.00011403i: elastic S-matrix  @@      0.00  0   0 F  0
 Reaction Xsec    26.0+/28 @ 6 =   0.131/, Out:   0.000#   0.000#   0.000#   0.000#   0.000#   0.000#   0.000f

   S-matrix    7 =    1.00000   0.00012 for L=   28, J=   28.0 channel on core I =   2.0 from L=   28,  Acc. loss =  0.0 D.
 Elastic phase shift   7 =    0.003   0.000 deg. for the L =   28, J =   28.0 channel.
      26.0  0.99999671  0.00011536i: elastic S-matrix  @@      0.00  0   0 F  0
 Reaction Xsec    26.0+/28 @ 7 =   0.131/, Out:   0.000#   0.000#   0.000#   0.000#   0.000#   0.000#   0.000f


 Total SPIN, PARITY =    26.0 -,     30 chs,      0 cc.  Rmin & Coul turning =    2.1   11.3
   S-matrix    1 =    0.99993   0.00124 for L=   23, J=   24.0 channel on core I =   2.0 from L=   23,  Acc. loss =  0.0 D.
 Elastic phase shift   1 =    0.035   0.002 deg. for the L =   23, J =   24.0 channel.
      26.0  0.99993007  0.00123835i: elastic S-matrix  @@      0.00  0   0 F  0
 Reaction Xsec    26.0-/23 @ 1 =   2.772/, Out:   0.000#   0.000#   0.005#   0.002#   0.000#   0.018#   0.003f

   S-matrix    2 =    0.99998   0.00046 for L=   25, J=   24.0 channel on core I =   2.0 from L=   25,  Acc. loss =  0.0 D.
 Elastic phase shift   2 =    0.013   0.001 deg. for the L =   25, J =   24.0 channel.
      26.0  0.99997943  0.00046485i: elastic S-matrix  @@      0.00  0   0 F  0
 Reaction Xsec    26.0-/25 @ 2 =   0.820/, Out:   0.000#   0.002#   0.002#   0.001#   0.013#   0.000#   0.001f

   S-matrix    3 =    0.99998   0.00047 for L=   25, J=   25.0 channel on core I =   2.0 from L=   25,  Acc. loss =  0.0 D.
 Elastic phase shift   3 =    0.014   0.001 deg. for the L =   25, J =   25.0 channel.
      26.0  0.99997942  0.00047320i: elastic S-matrix  @@      0.00  0   0 F  0
 Reaction Xsec    26.0-/25 @ 3 =   0.820/, Out:   0.000#   0.001#   0.001#   0.001#   0.006#   0.001#   0.001f

   S-matrix    4 =    0.99998   0.00048 for L=   25, J=   26.0 channel on core I =   2.0 from L=   25,  Acc. loss =  0.0 D.
 Elastic phase shift   4 =    0.014   0.001 deg. for the L =   25, J =   26.0 channel.
      26.0  0.99997942  0.00048190i: elastic S-matrix  @@      0.00  0   0 F  0
 Reaction Xsec    26.0-/25 @ 4 =   0.820/, Out:   0.000#   0.001#   0.002#   0.000#   0.007#   0.001#   0.001f

   S-matrix    5 =    0.99999   0.00018 for L=   27, J=   26.0 channel on core I =   2.0 from L=   27,  Acc. loss =  0.0 D.
 Elastic phase shift   5 =    0.005   0.000 deg. for the L =   27, J =   26.0 channel.
      26.0  0.99999394  0.00018232i: elastic S-matrix  @@      0.00  0   0 F  0
 Reaction Xsec    26.0-/27 @ 5 =   0.242/, Out:   0.000#   0.000#   0.000#   0.000#   0.001#   0.000#   0.000f

   S-matrix    6 =    0.99999   0.00018 for L=   27, J=   27.0 channel on core I =   2.0 from L=   27,  Acc. loss =  0.0 D.
 Elastic phase shift   6 =    0.005   0.000 deg. for the L =   27, J =   27.0 channel.
      26.0  0.99999394  0.00018477i: elastic S-matrix  @@      0.00  0   0 F  0
 Reaction Xsec    26.0-/27 @ 6 =   0.242/, Out:   0.000#   0.000#   0.000#   0.000#   0.001#   0.000#   0.000f

   S-matrix    7 =    0.99999   0.00019 for L=   27, J=   28.0 channel on core I =   2.0 from L=   27,  Acc. loss =  0.0 D.
 Elastic phase shift   7 =    0.005   0.000 deg. for the L =   27, J =   28.0 channel.
      26.0  0.99999394  0.00018731i: elastic S-matrix  @@      0.00  0   0 F  0
 Reaction Xsec    26.0-/27 @ 7 =   0.242/, Out:   0.000#   0.000#   0.000#   0.000#   0.001#   0.000#   0.000f

   S-matrix    8 =    1.00000   0.00007 for L=   29, J=   28.0 channel on core I =   2.0 from L=   29,  Acc. loss =  0.0 D.
 Elastic phase shift   8 =    0.002   0.000 deg. for the L =   29, J =   28.0 channel.
      26.0  0.99999822  0.00007126i: elastic S-matrix  @@      0.00  0   0 F  0
 Reaction Xsec    26.0-/29 @ 8 =   0.071/, Out:   0.000#   0.000#   0.000#   0.000#   0.000#   0.000#   0.000f


 Total SPIN, PARITY =    27.0 +,     30 chs,      0 cc.  Rmin & Coul turning =    2.1   11.7
   S-matrix    1 =    0.99996   0.00077 for L=   24, J=   25.0 channel on core I =   2.0 from L=   24,  Acc. loss =  0.0 D.
 Elastic phase shift   1 =    0.022   0.001 deg. for the L =   24, J =   25.0 channel.
      27.0  0.99996207  0.00077261i: elastic S-matrix  @@      0.00  0   0 F  0
 Reaction Xsec    27.0+/24 @ 1 =   1.565/, Out:   0.000#   0.000#   0.002#   0.001#   0.000#   0.006#   0.002f

   S-matrix    2 =    0.99999   0.00029 for L=   26, J=   25.0 channel on core I =   2.0 from L=   26,  Acc. loss =  0.0 D.
 Elastic phase shift   2 =    0.008   0.000 deg. for the L =   26, J =   25.0 channel.
      27.0  0.99998884  0.00029125i: elastic S-matrix  @@      0.00  0   0 F  0
 Reaction Xsec    27.0+/26 @ 2 =   0.462/, Out:   0.000#   0.001#   0.001#   0.000#   0.004#   0.000#   0.000f

   S-matrix    3 =    0.99999   0.00030 for L=   26, J=   26.0 channel on core I =   2.0 from L=   26,  Acc. loss =  0.0 D.
 Elastic phase shift   3 =    0.008   0.000 deg. for the L =   26, J =   26.0 channel.
      27.0  0.99998883  0.00029577i: elastic S-matrix  @@      0.00  0   0 F  0
 Reaction Xsec    27.0+/26 @ 3 =   0.462/, Out:   0.000#   0.000#   0.000#   0.000#   0.002#   0.000#   0.000f

   S-matrix    4 =    0.99999   0.00030 for L=   26, J=   27.0 channel on core I =   2.0 from L=   26,  Acc. loss =  0.0 D.
 Elastic phase shift   4 =    0.009   0.000 deg. for the L =   26, J =   27.0 channel.
      27.0  0.99998883  0.00030048i: elastic S-matrix  @@      0.00  0   0 F  0
 Reaction Xsec    27.0+/26 @ 4 =   0.463/, Out:   0.000#   0.000#   0.001#   0.000#   0.002#   0.000#   0.000f

   S-matrix    5 =    1.00000   0.00011 for L=   28, J=   27.0 channel on core I =   2.0 from L=   28,  Acc. loss =  0.0 D.
 Elastic phase shift   5 =    0.003   0.000 deg. for the L =   28, J =   27.0 channel.
      27.0  0.99999671  0.00011403i: elastic S-matrix  @@      0.00  0   0 F  0
 Reaction Xsec    27.0+/28 @ 5 =   0.136/, Out:   0.000#   0.000#   0.000#   0.000#   0.000#   0.000#   0.000f

   S-matrix    6 =    1.00000   0.00012 for L=   28, J=   28.0 channel on core I =   2.0 from L=   28,  Acc. loss =  0.0 D.
 Elastic phase shift   6 =    0.003   0.000 deg. for the L =   28, J =   28.0 channel.
      27.0  0.99999671  0.00011536i: elastic S-matrix  @@      0.00  0   0 F  0
 Reaction Xsec    27.0+/28 @ 6 =   0.136/, Out:   0.000#   0.000#   0.000#   0.000#   0.000#   0.000#   0.000f

   S-matrix    7 =    1.00000   0.00012 for L=   28, J=   29.0 channel on core I =   2.0 from L=   28,  Acc. loss =  0.0 D.
 Elastic phase shift   7 =    0.003   0.000 deg. for the L =   28, J =   29.0 channel.
      27.0  0.99999671  0.00011673i: elastic S-matrix  @@      0.00  0   0 F  0
 Reaction Xsec    27.0+/28 @ 7 =   0.136/, Out:   0.000#   0.000#   0.000#   0.000#   0.000#   0.000#   0.000f

   S-matrix    8 =    1.00000   0.00004 for L=   30, J=   29.0 channel on core I =   2.0 from L=   30,  Acc. loss =  0.0 D.
 Elastic phase shift   8 =    0.001   0.000 deg. for the L =   30, J =   29.0 channel.
      27.0  0.99999903  0.00004451i: elastic S-matrix  @@      0.00  0   0 F  0
 Reaction Xsec    27.0+/30 @ 8 =   0.040/, Out:   0.000#   0.000#   0.000#   0.000#   0.000#   0.000#   0.000f


 Total SPIN, PARITY =    27.0 -,     29 chs,      0 cc.  Rmin & Coul turning =    2.1   11.7
   S-matrix    1 =    0.99998   0.00047 for L=   25, J=   25.0 channel on core I =   2.0 from L=   25,  Acc. loss =  0.0 D.
 Elastic phase shift   1 =    0.014   0.001 deg. for the L =   25, J =   25.0 channel.
      27.0  0.99997942  0.00047320i: elastic S-matrix  @@      0.00  0   0 F  0
 Reaction Xsec    27.0-/25 @ 1 =   0.851/, Out:   0.000#   0.001#   0.001#   0.001#   0.006#   0.001#   0.001f

   S-matrix    2 =    0.99998   0.00048 for L=   25, J=   26.0 channel on core I =   2.0 from L=   25,  Acc. loss =  0.0 D.
 Elastic phase shift   2 =    0.014   0.001 deg. for the L =   25, J =   26.0 channel.
      27.0  0.99997942  0.00048190i: elastic S-matrix  @@      0.00  0   0 F  0
 Reaction Xsec    27.0-/25 @ 2 =   0.851/, Out:   0.000#   0.001#   0.000#   0.001#   0.004#   0.002#   0.001f

   S-matrix    3 =    0.99999   0.00018 for L=   27, J=   26.0 channel on core I =   2.0 from L=   27,  Acc. loss =  0.0 D.
 Elastic phase shift   3 =    0.005   0.000 deg. for the L =   27, J =   26.0 channel.
      27.0  0.99999394  0.00018232i: elastic S-matrix  @@      0.00  0   0 F  0
 Reaction Xsec    27.0-/27 @ 3 =   0.251/, Out:   0.000#   0.000#   0.000#   0.000#   0.001#   0.000#   0.000f

   S-matrix    4 =    0.99999   0.00018 for L=   27, J=   27.0 channel on core I =   2.0 from L=   27,  Acc. loss =  0.0 D.
 Elastic phase shift   4 =    0.005   0.000 deg. for the L =   27, J =   27.0 channel.
      27.0  0.99999394  0.00018477i: elastic S-matrix  @@      0.00  0   0 F  0
 Reaction Xsec    27.0-/27 @ 4 =   0.251/, Out:   0.000#   0.000#   0.000#   0.000#   0.001#   0.000#   0.000f

   S-matrix    5 =    0.99999   0.00019 for L=   27, J=   28.0 channel on core I =   2.0 from L=   27,  Acc. loss =  0.0 D.
 Elastic phase shift   5 =    0.005   0.000 deg. for the L =   27, J =   28.0 channel.
      27.0  0.99999394  0.00018731i: elastic S-matrix  @@      0.00  0   0 F  0
 Reaction Xsec    27.0-/27 @ 5 =   0.251/, Out:   0.000#   0.000#   0.000#   0.000#   0.001#   0.000#   0.000f

   S-matrix    6 =    1.00000   0.00007 for L=   29, J=   28.0 channel on core I =   2.0 from L=   29,  Acc. loss =  0.0 D.
 Elastic phase shift   6 =    0.002   0.000 deg. for the L =   29, J =   28.0 channel.
      27.0  0.99999822  0.00007126i: elastic S-matrix  @@      0.00  0   0 F  0
 Reaction Xsec    27.0-/29 @ 6 =   0.074/, Out:   0.000#   0.000#   0.000#   0.000#   0.000#   0.000#   0.000f

   S-matrix    7 =    1.00000   0.00007 for L=   29, J=   29.0 channel on core I =   2.0 from L=   29,  Acc. loss =  0.0 D.
 Elastic phase shift   7 =    0.002   0.000 deg. for the L =   29, J =   29.0 channel.
      27.0  0.99999822  0.00007198i: elastic S-matrix  @@      0.00  0   0 F  0
 Reaction Xsec    27.0-/29 @ 7 =   0.074/, Out:   0.000#   0.000#   0.000#   0.000#   0.000#   0.000#   0.000f


 Total SPIN, PARITY =    28.0 +,     29 chs,      0 cc.  Rmin & Coul turning =    2.2   12.1
   S-matrix    1 =    0.99999   0.00030 for L=   26, J=   26.0 channel on core I =   2.0 from L=   26,  Acc. loss =  0.0 D.
 Elastic phase shift   1 =    0.008   0.000 deg. for the L =   26, J =   26.0 channel.
      28.0  0.99998883  0.00029577i: elastic S-matrix  @@      0.00  0   0 F  0
 Reaction Xsec    28.0+/26 @ 1 =   0.479/, Out:   0.000#   0.000#   0.000#   0.000#   0.002#   0.000#   0.000f

   S-matrix    2 =    0.99999   0.00030 for L=   26, J=   27.0 channel on core I =   2.0 from L=   26,  Acc. loss =  0.0 D.
 Elastic phase shift   2 =    0.009   0.000 deg. for the L =   26, J =   27.0 channel.
      28.0  0.99998883  0.00030048i: elastic S-matrix  @@      0.00  0   0 F  0
 Reaction Xsec    28.0+/26 @ 2 =   0.479/, Out:   0.000#   0.000#   0.000#   0.000#   0.001#   0.001#   0.000f

   S-matrix    3 =    1.00000   0.00011 for L=   28, J=   27.0 channel on core I =   2.0 from L=   28,  Acc. loss =  0.0 D.
 Elastic phase shift   3 =    0.003   0.000 deg. for the L =   28, J =   27.0 channel.
      28.0  0.99999671  0.00011403i: elastic S-matrix  @@      0.00  0   0 F  0
 Reaction Xsec    28.0+/28 @ 3 =   0.141/, Out:   0.000#   0.000#   0.000#   0.000#   0.000#   0.000#   0.000f

   S-matrix    4 =    1.00000   0.00012 for L=   28, J=   28.0 channel on core I =   2.0 from L=   28,  Acc. loss =  0.0 D.
 Elastic phase shift   4 =    0.003   0.000 deg. for the L =   28, J =   28.0 channel.
      28.0  0.99999671  0.00011536i: elastic S-matrix  @@      0.00  0   0 F  0
 Reaction Xsec    28.0+/28 @ 4 =   0.141/, Out:   0.000#   0.000#   0.000#   0.000#   0.000#   0.000#   0.000f

   S-matrix    5 =    1.00000   0.00012 for L=   28, J=   29.0 channel on core I =   2.0 from L=   28,  Acc. loss =  0.0 D.
 Elastic phase shift   5 =    0.003   0.000 deg. for the L =   28, J =   29.0 channel.
      28.0  0.99999671  0.00011673i: elastic S-matrix  @@      0.00  0   0 F  0
 Reaction Xsec    28.0+/28 @ 5 =   0.141/, Out:   0.000#   0.000#   0.000#   0.000#   0.000#   0.000#   0.000f

   S-matrix    6 =    1.00000   0.00004 for L=   30, J=   29.0 channel on core I =   2.0 from L=   30,  Acc. loss =  0.0 D.
 Elastic phase shift   6 =    0.001   0.000 deg. for the L =   30, J =   29.0 channel.
      28.0  0.99999903  0.00004451i: elastic S-matrix  @@      0.00  0   0 F  0
 Reaction Xsec    28.0+/30 @ 6 =   0.042/, Out:   0.000#   0.000#   0.000#   0.000#   0.000#   0.000#   0.000f

   S-matrix    7 =    1.00000   0.00004 for L=   30, J=   30.0 channel on core I =   2.0 from L=   30,  Acc. loss =  0.0 D.
 Elastic phase shift   7 =    0.001   0.000 deg. for the L =   30, J =   30.0 channel.
      28.0  0.99999903  0.00004490i: elastic S-matrix  @@      0.00  0   0 F  0
 Reaction Xsec    28.0+/30 @ 7 =   0.042/, Out:   0.000#   0.000#   0.000#   0.000#   0.000#   0.000#   0.000f


 Total SPIN, PARITY =    28.0 -,     30 chs,      0 cc.  Rmin & Coul turning =    2.2   12.1
   S-matrix    1 =    0.99998   0.00048 for L=   25, J=   26.0 channel on core I =   2.0 from L=   25,  Acc. loss =  0.0 D.
 Elastic phase shift   1 =    0.014   0.001 deg. for the L =   25, J =   26.0 channel.
      28.0  0.99997942  0.00048190i: elastic S-matrix  @@      0.00  0   0 F  0
 Reaction Xsec    28.0-/25 @ 1 =   0.882/, Out:   0.000#   0.000#   0.001#   0.000#   0.000#   0.002#   0.001f

   S-matrix    2 =    0.99999   0.00018 for L=   27, J=   26.0 channel on core I =   2.0 from L=   27,  Acc. loss =  0.0 D.
 Elastic phase shift   2 =    0.005   0.000 deg. for the L =   27, J =   26.0 channel.
      28.0  0.99999394  0.00018232i: elastic S-matrix  @@      0.00  0   0 F  0
 Reaction Xsec    28.0-/27 @ 2 =   0.260/, Out:   0.000#   0.000#   0.000#   0.000#   0.001#   0.000#   0.000f

   S-matrix    3 =    0.99999   0.00018 for L=   27, J=   27.0 channel on core I =   2.0 from L=   27,  Acc. loss =  0.0 D.
 Elastic phase shift   3 =    0.005   0.000 deg. for the L =   27, J =   27.0 channel.
      28.0  0.99999394  0.00018477i: elastic S-matrix  @@      0.00  0   0 F  0
 Reaction Xsec    28.0-/27 @ 3 =   0.260/, Out:   0.000#   0.000#   0.000#   0.000#   0.001#   0.000#   0.000f

   S-matrix    4 =    0.99999   0.00019 for L=   27, J=   28.0 channel on core I =   2.0 from L=   27,  Acc. loss =  0.0 D.
 Elastic phase shift   4 =    0.005   0.000 deg. for the L =   27, J =   28.0 channel.
      28.0  0.99999394  0.00018731i: elastic S-matrix  @@      0.00  0   0 F  0
 Reaction Xsec    28.0-/27 @ 4 =   0.260/, Out:   0.000#   0.000#   0.000#   0.000#   0.001#   0.000#   0.000f

   S-matrix    5 =    1.00000   0.00007 for L=   29, J=   28.0 channel on core I =   2.0 from L=   29,  Acc. loss =  0.0 D.
 Elastic phase shift   5 =    0.002   0.000 deg. for the L =   29, J =   28.0 channel.
      28.0  0.99999822  0.00007126i: elastic S-matrix  @@      0.00  0   0 F  0
 Reaction Xsec    28.0-/29 @ 5 =   0.077/, Out:   0.000#   0.000#   0.000#   0.000#   0.000#   0.000#   0.000f

   S-matrix    6 =    1.00000   0.00007 for L=   29, J=   29.0 channel on core I =   2.0 from L=   29,  Acc. loss =  0.0 D.
 Elastic phase shift   6 =    0.002   0.000 deg. for the L =   29, J =   29.0 channel.
      28.0  0.99999822  0.00007198i: elastic S-matrix  @@      0.00  0   0 F  0
 Reaction Xsec    28.0-/29 @ 6 =   0.077/, Out:   0.000#   0.000#   0.000#   0.000#   0.000#   0.000#   0.000f

   S-matrix    7 =    1.00000   0.00007 for L=   29, J=   30.0 channel on core I =   2.0 from L=   29,  Acc. loss =  0.0 D.
 Elastic phase shift   7 =    0.002   0.000 deg. for the L =   29, J =   30.0 channel.
      28.0  0.99999822  0.00007272i: elastic S-matrix  @@      0.00  0   0 F  0
 Reaction Xsec    28.0-/29 @ 7 =   0.077/, Out:   0.000#   0.000#   0.000#   0.000#   0.000#   0.000#   0.000f

   S-matrix    8 =    1.00000   0.00003 for L=   31, J=   30.0 channel on core I =   2.0 from L=   31,  Acc. loss =  0.0 D.
 Elastic phase shift   8 =    0.001   0.000 deg. for the L =   31, J =   30.0 channel.
      28.0  0.99999948  0.00002779i: elastic S-matrix  @@      0.00  0   0 F  0
 Reaction Xsec    28.0-/31 @ 8 =   0.023/, Out:   0.000#   0.000#   0.000#   0.000#   0.000#   0.000#   0.000f


 Total SPIN, PARITY =    29.0 +,     30 chs,      0 cc.  Rmin & Coul turning =    2.3   12.6
   S-matrix    1 =    0.99999   0.00030 for L=   26, J=   27.0 channel on core I =   2.0 from L=   26,  Acc. loss =  0.0 D.
 Elastic phase shift   1 =    0.009   0.000 deg. for the L =   26, J =   27.0 channel.
      29.0  0.99998883  0.00030048i: elastic S-matrix  @@      0.00  0   0 F  0
 Reaction Xsec    29.0+/26 @ 1 =   0.496/, Out:   0.000#   0.000#   0.000#   0.000#   0.000#   0.001#   0.000f

   S-matrix    2 =    1.00000   0.00011 for L=   28, J=   27.0 channel on core I =   2.0 from L=   28,  Acc. loss =  0.0 D.
 Elastic phase shift   2 =    0.003   0.000 deg. for the L =   28, J =   27.0 channel.
      29.0  0.99999671  0.00011403i: elastic S-matrix  @@      0.00  0   0 F  0
 Reaction Xsec    29.0+/28 @ 2 =   0.146/, Out:   0.000#   0.000#   0.000#   0.000#   0.000#   0.000#   0.000f

   S-matrix    3 =    1.00000   0.00012 for L=   28, J=   28.0 channel on core I =   2.0 from L=   28,  Acc. loss =  0.0 D.
 Elastic phase shift   3 =    0.003   0.000 deg. for the L =   28, J =   28.0 channel.
      29.0  0.99999671  0.00011536i: elastic S-matrix  @@      0.00  0   0 F  0
 Reaction Xsec    29.0+/28 @ 3 =   0.146/, Out:   0.000#   0.000#   0.000#   0.000#   0.000#   0.000#   0.000f

   S-matrix    4 =    1.00000   0.00012 for L=   28, J=   29.0 channel on core I =   2.0 from L=   28,  Acc. loss =  0.0 D.
 Elastic phase shift   4 =    0.003   0.000 deg. for the L =   28, J =   29.0 channel.
      29.0  0.99999671  0.00011673i: elastic S-matrix  @@      0.00  0   0 F  0
 Reaction Xsec    29.0+/28 @ 4 =   0.146/, Out:   0.000#   0.000#   0.000#   0.000#   0.000#   0.000#   0.000f

   S-matrix    5 =    1.00000   0.00004 for L=   30, J=   29.0 channel on core I =   2.0 from L=   30,  Acc. loss =  0.0 D.
 Elastic phase shift   5 =    0.001   0.000 deg. for the L =   30, J =   29.0 channel.
      29.0  0.99999903  0.00004451i: elastic S-matrix  @@      0.00  0   0 F  0
 Reaction Xsec    29.0+/30 @ 5 =   0.043/, Out:   0.000#   0.000#   0.000#   0.000#   0.000#   0.000#   0.000f

   S-matrix    6 =    1.00000   0.00004 for L=   30, J=   30.0 channel on core I =   2.0 from L=   30,  Acc. loss =  0.0 D.
 Elastic phase shift   6 =    0.001   0.000 deg. for the L =   30, J =   30.0 channel.
      29.0  0.99999903  0.00004490i: elastic S-matrix  @@      0.00  0   0 F  0
 Reaction Xsec    29.0+/30 @ 6 =   0.043/, Out:   0.000#   0.000#   0.000#   0.000#   0.000#   0.000#   0.000f

   S-matrix    7 =    1.00000   0.00005 for L=   30, J=   31.0 channel on core I =   2.0 from L=   30,  Acc. loss =  0.0 D.
 Elastic phase shift   7 =    0.001   0.000 deg. for the L =   30, J =   31.0 channel.
      29.0  0.99999903  0.00004530i: elastic S-matrix  @@      0.00  0   0 F  0
 Reaction Xsec    29.0+/30 @ 7 =   0.043/, Out:   0.000#   0.000#   0.000#   0.000#   0.000#   0.000#   0.000f

   S-matrix    8 =    1.00000   0.00002 for L=   32, J=   31.0 channel on core I =   2.0 from L=   32,  Acc. loss =  0.0 D.
 Elastic phase shift   8 =    0.000   0.000 deg. for the L =   32, J =   31.0 channel.
      29.0  0.99999972  0.00001733i: elastic S-matrix  @@      0.00  0   0 F  0
 Reaction Xsec    29.0+/32 @ 8 =   0.013/, Out:   0.000#   0.000#   0.000#   0.000#   0.000#   0.000#   0.000f


 Total SPIN, PARITY =    29.0 -,     29 chs,      0 cc.  Rmin & Coul turning =    2.3   12.6
   S-matrix    1 =    0.99999   0.00018 for L=   27, J=   27.0 channel on core I =   2.0 from L=   27,  Acc. loss =  0.0 D.
 Elastic phase shift   1 =    0.005   0.000 deg. for the L =   27, J =   27.0 channel.
      29.0  0.99999394  0.00018477i: elastic S-matrix  @@      0.00  0   0 F  0
 Reaction Xsec    29.0-/27 @ 1 =   0.269/, Out:   0.000#   0.000#   0.000#   0.000#   0.001#   0.000#   0.000f

   S-matrix    2 =    0.99999   0.00019 for L=   27, J=   28.0 channel on core I =   2.0 from L=   27,  Acc. loss =  0.0 D.
 Elastic phase shift   2 =    0.005   0.000 deg. for the L =   27, J =   28.0 channel.
      29.0  0.99999394  0.00018731i: elastic S-matrix  @@      0.00  0   0 F  0
 Reaction Xsec    29.0-/27 @ 2 =   0.269/, Out:   0.000#   0.000#   0.000#   0.000#   0.000#   0.000#   0.000f

   S-matrix    3 =    1.00000   0.00007 for L=   29, J=   28.0 channel on core I =   2.0 from L=   29,  Acc. loss =  0.0 D.
 Elastic phase shift   3 =    0.002   0.000 deg. for the L =   29, J =   28.0 channel.
      29.0  0.99999822  0.00007126i: elastic S-matrix  @@      0.00  0   0 F  0
 Reaction Xsec    29.0-/29 @ 3 =   0.079/, Out:   0.000#   0.000#   0.000#   0.000#   0.000#   0.000#   0.000f

   S-matrix    4 =    1.00000   0.00007 for L=   29, J=   29.0 channel on core I =   2.0 from L=   29,  Acc. loss =  0.0 D.
 Elastic phase shift   4 =    0.002   0.000 deg. for the L =   29, J =   29.0 channel.
      29.0  0.99999822  0.00007198i: elastic S-matrix  @@      0.00  0   0 F  0
 Reaction Xsec    29.0-/29 @ 4 =   0.079/, Out:   0.000#   0.000#   0.000#   0.000#   0.000#   0.000#   0.000f

   S-matrix    5 =    1.00000   0.00007 for L=   29, J=   30.0 channel on core I =   2.0 from L=   29,  Acc. loss =  0.0 D.
 Elastic phase shift   5 =    0.002   0.000 deg. for the L =   29, J =   30.0 channel.
      29.0  0.99999822  0.00007272i: elastic S-matrix  @@      0.00  0   0 F  0
 Reaction Xsec    29.0-/29 @ 5 =   0.079/, Out:   0.000#   0.000#   0.000#   0.000#   0.000#   0.000#   0.000f

   S-matrix    6 =    1.00000   0.00003 for L=   31, J=   30.0 channel on core I =   2.0 from L=   31,  Acc. loss =  0.0 D.
 Elastic phase shift   6 =    0.001   0.000 deg. for the L =   31, J =   30.0 channel.
      29.0  0.99999948  0.00002779i: elastic S-matrix  @@      0.00  0   0 F  0
 Reaction Xsec    29.0-/31 @ 6 =   0.023/, Out:   0.000#   0.000#   0.000#   0.000#   0.000#   0.000#   0.000f

   S-matrix    7 =    1.00000   0.00003 for L=   31, J=   31.0 channel on core I =   2.0 from L=   31,  Acc. loss =  0.0 D.
 Elastic phase shift   7 =    0.001   0.000 deg. for the L =   31, J =   31.0 channel.
      29.0  0.99999948  0.00002800i: elastic S-matrix  @@      0.00  0   0 F  0
 Reaction Xsec    29.0-/31 @ 7 =   0.023/, Out:   0.000#   0.000#   0.000#   0.000#   0.000#   0.000#   0.000f


 Total SPIN, PARITY =    30.0 +,     29 chs,      0 cc.  Rmin & Coul turning =    2.4   13.0
   S-matrix    1 =    1.00000   0.00012 for L=   28, J=   28.0 channel on core I =   2.0 from L=   28,  Acc. loss =  0.0 D.
 Elastic phase shift   1 =    0.003   0.000 deg. for the L =   28, J =   28.0 channel.
      30.0  0.99999671  0.00011536i: elastic S-matrix  @@      0.00  0   0 F  0
 Reaction Xsec    30.0+/28 @ 1 =   0.151/, Out:   0.000#   0.000#   0.000#   0.000#   0.000#   0.000#   0.000f

   S-matrix    2 =    1.00000   0.00012 for L=   28, J=   29.0 channel on core I =   2.0 from L=   28,  Acc. loss =  0.0 D.
 Elastic phase shift   2 =    0.003   0.000 deg. for the L =   28, J =   29.0 channel.
      30.0  0.99999671  0.00011673i: elastic S-matrix  @@      0.00  0   0 F  0
 Reaction Xsec    30.0+/28 @ 2 =   0.151/, Out:   0.000#   0.000#   0.000#   0.000#   0.000#   0.000#   0.000f

   S-matrix    3 =    1.00000   0.00004 for L=   30, J=   29.0 channel on core I =   2.0 from L=   30,  Acc. loss =  0.0 D.
 Elastic phase shift   3 =    0.001   0.000 deg. for the L =   30, J =   29.0 channel.
      30.0  0.99999903  0.00004451i: elastic S-matrix  @@      0.00  0   0 F  0
 Reaction Xsec    30.0+/30 @ 3 =   0.045/, Out:   0.000#   0.000#   0.000#   0.000#   0.000#   0.000#   0.000f

   S-matrix    4 =    1.00000   0.00004 for L=   30, J=   30.0 channel on core I =   2.0 from L=   30,  Acc. loss =  0.0 D.
 Elastic phase shift   4 =    0.001   0.000 deg. for the L =   30, J =   30.0 channel.
      30.0  0.99999903  0.00004490i: elastic S-matrix  @@      0.00  0   0 F  0
 Reaction Xsec    30.0+/30 @ 4 =   0.045/, Out:   0.000#   0.000#   0.000#   0.000#   0.000#   0.000#   0.000f

   S-matrix    5 =    1.00000   0.00005 for L=   30, J=   31.0 channel on core I =   2.0 from L=   30,  Acc. loss =  0.0 D.
 Elastic phase shift   5 =    0.001   0.000 deg. for the L =   30, J =   31.0 channel.
      30.0  0.99999903  0.00004530i: elastic S-matrix  @@      0.00  0   0 F  0
 Reaction Xsec    30.0+/30 @ 5 =   0.045/, Out:   0.000#   0.000#   0.000#   0.000#   0.000#   0.000#   0.000f

   S-matrix    6 =    1.00000   0.00002 for L=   32, J=   31.0 channel on core I =   2.0 from L=   32,  Acc. loss =  0.0 D.
 Elastic phase shift   6 =    0.000   0.000 deg. for the L =   32, J =   31.0 channel.
      30.0  0.99999972  0.00001733i: elastic S-matrix  @@      0.00  0   0 F  0
 Reaction Xsec    30.0+/32 @ 6 =   0.013/, Out:   0.000#   0.000#   0.000#   0.000#   0.000#   0.000#   0.000f

   S-matrix    7 =    1.00000   0.00002 for L=   32, J=   32.0 channel on core I =   2.0 from L=   32,  Acc. loss =  0.0 D.
 Elastic phase shift   7 =    0.000   0.000 deg. for the L =   32, J =   32.0 channel.
      30.0  0.99999972  0.00001744i: elastic S-matrix  @@      0.00  0   0 F  0
 Reaction Xsec    30.0+/32 @ 7 =   0.013/, Out:   0.000#   0.000#   0.000#   0.000#   0.000#   0.000#   0.000f


 Total SPIN, PARITY =    30.0 -,     30 chs,      0 cc.  Rmin & Coul turning =    2.4   13.0
   S-matrix    1 =    0.99999   0.00019 for L=   27, J=   28.0 channel on core I =   2.0 from L=   27,  Acc. loss =  0.0 D.
 Elastic phase shift   1 =    0.005   0.000 deg. for the L =   27, J =   28.0 channel.
      30.0  0.99999394  0.00018731i: elastic S-matrix  @@      0.00  0   0 F  0
 Reaction Xsec    30.0-/27 @ 1 =   0.279/, Out:   0.000#   0.000#   0.000#   0.000#   0.000#   0.000#   0.000f

   S-matrix    2 =    1.00000   0.00007 for L=   29, J=   28.0 channel on core I =   2.0 from L=   29,  Acc. loss =  0.0 D.
 Elastic phase shift   2 =    0.002   0.000 deg. for the L =   29, J =   28.0 channel.
      30.0  0.99999822  0.00007126i: elastic S-matrix  @@      0.00  0   0 F  0
 Reaction Xsec    30.0-/29 @ 2 =   0.082/, Out:   0.000#   0.000#   0.000#   0.000#   0.000#   0.000#   0.000f

   S-matrix    3 =    1.00000   0.00007 for L=   29, J=   29.0 channel on core I =   2.0 from L=   29,  Acc. loss =  0.0 D.
 Elastic phase shift   3 =    0.002   0.000 deg. for the L =   29, J =   29.0 channel.
      30.0  0.99999822  0.00007198i: elastic S-matrix  @@      0.00  0   0 F  0
 Reaction Xsec    30.0-/29 @ 3 =   0.082/, Out:   0.000#   0.000#   0.000#   0.000#   0.000#   0.000#   0.000f

   S-matrix    4 =    1.00000   0.00007 for L=   29, J=   30.0 channel on core I =   2.0 from L=   29,  Acc. loss =  0.0 D.
 Elastic phase shift   4 =    0.002   0.000 deg. for the L =   29, J =   30.0 channel.
      30.0  0.99999822  0.00007272i: elastic S-matrix  @@      0.00  0   0 F  0
 Reaction Xsec    30.0-/29 @ 4 =   0.082/, Out:   0.000#   0.000#   0.000#   0.000#   0.000#   0.000#   0.000f

   S-matrix    5 =    1.00000   0.00003 for L=   31, J=   30.0 channel on core I =   2.0 from L=   31,  Acc. loss =  0.0 D.
 Elastic phase shift   5 =    0.001   0.000 deg. for the L =   31, J =   30.0 channel.
      30.0  0.99999948  0.00002779i: elastic S-matrix  @@      0.00  0   0 F  0
 Reaction Xsec    30.0-/31 @ 5 =   0.024/, Out:   0.000#   0.000#   0.000#   0.000#   0.000#   0.000#   0.000f

   S-matrix    6 =    1.00000   0.00003 for L=   31, J=   31.0 channel on core I =   2.0 from L=   31,  Acc. loss =  0.0 D.
 Elastic phase shift   6 =    0.001   0.000 deg. for the L =   31, J =   31.0 channel.
      30.0  0.99999948  0.00002800i: elastic S-matrix  @@      0.00  0   0 F  0
 Reaction Xsec    30.0-/31 @ 6 =   0.024/, Out:   0.000#   0.000#   0.000#   0.000#   0.000#   0.000#   0.000f

   S-matrix    7 =    1.00000   0.00003 for L=   31, J=   32.0 channel on core I =   2.0 from L=   31,  Acc. loss =  0.0 D.
 Elastic phase shift   7 =    0.001   0.000 deg. for the L =   31, J =   32.0 channel.
      30.0  0.99999948  0.00002821i: elastic S-matrix  @@      0.00  0   0 F  0
 Reaction Xsec    30.0-/31 @ 7 =   0.024/, Out:   0.000#   0.000#   0.000#   0.000#   0.000#   0.000#   0.000f

   S-matrix    8 =    1.00000   0.00001 for L=   33, J=   32.0 channel on core I =   2.0 from L=   33,  Acc. loss =  0.0 D.
 Elastic phase shift   8 =    0.000   0.000 deg. for the L =   33, J =   32.0 channel.
      30.0  0.99999985  0.00001081i: elastic S-matrix  @@      0.00  0   0 F  0
 Reaction Xsec    30.0-/33 @ 8 =   7.079#, Out:   0.000#   0.000#   0.000#   0.000#   0.000#   0.000#   0.000f


 Total SPIN, PARITY =    31.0 +,     30 chs,      0 cc.  Rmin & Coul turning =    2.5   13.4
   S-matrix    1 =    1.00000   0.00012 for L=   28, J=   29.0 channel on core I =   2.0 from L=   28,  Acc. loss =  0.0 D.
 Elastic phase shift   1 =    0.003   0.000 deg. for the L =   28, J =   29.0 channel.
      31.0  0.99999671  0.00011673i: elastic S-matrix  @@      0.00  0   0 F  0
 Reaction Xsec    31.0+/28 @ 1 =   0.156/, Out:   0.000#   0.000#   0.000#   0.000#   0.000#   0.000#   0.000f

   S-matrix    2 =    1.00000   0.00004 for L=   30, J=   29.0 channel on core I =   2.0 from L=   30,  Acc. loss =  0.0 D.
 Elastic phase shift   2 =    0.001   0.000 deg. for the L =   30, J =   29.0 channel.
      31.0  0.99999903  0.00004451i: elastic S-matrix  @@      0.00  0   0 F  0
 Reaction Xsec    31.0+/30 @ 2 =   0.046/, Out:   0.000#   0.000#   0.000#   0.000#   0.000#   0.000#   0.000f

   S-matrix    3 =    1.00000   0.00004 for L=   30, J=   30.0 channel on core I =   2.0 from L=   30,  Acc. loss =  0.0 D.
 Elastic phase shift   3 =    0.001   0.000 deg. for the L =   30, J =   30.0 channel.
      31.0  0.99999903  0.00004490i: elastic S-matrix  @@      0.00  0   0 F  0
 Reaction Xsec    31.0+/30 @ 3 =   0.046/, Out:   0.000#   0.000#   0.000#   0.000#   0.000#   0.000#   0.000f

   S-matrix    4 =    1.00000   0.00005 for L=   30, J=   31.0 channel on core I =   2.0 from L=   30,  Acc. loss =  0.0 D.
 Elastic phase shift   4 =    0.001   0.000 deg. for the L =   30, J =   31.0 channel.
      31.0  0.99999903  0.00004530i: elastic S-matrix  @@      0.00  0   0 F  0
 Reaction Xsec    31.0+/30 @ 4 =   0.046/, Out:   0.000#   0.000#   0.000#   0.000#   0.000#   0.000#   0.000f

   S-matrix    5 =    1.00000   0.00002 for L=   32, J=   31.0 channel on core I =   2.0 from L=   32,  Acc. loss =  0.0 D.
 Elastic phase shift   5 =    0.000   0.000 deg. for the L =   32, J =   31.0 channel.
      31.0  0.99999972  0.00001733i: elastic S-matrix  @@      0.00  0   0 F  0
 Reaction Xsec    31.0+/32 @ 5 =   0.013/, Out:   0.000#   0.000#   0.000#   0.000#   0.000#   0.000#   0.000f

   S-matrix    6 =    1.00000   0.00002 for L=   32, J=   32.0 channel on core I =   2.0 from L=   32,  Acc. loss =  0.0 D.
 Elastic phase shift   6 =    0.000   0.000 deg. for the L =   32, J =   32.0 channel.
      31.0  0.99999972  0.00001744i: elastic S-matrix  @@      0.00  0   0 F  0
 Reaction Xsec    31.0+/32 @ 6 =   0.013/, Out:   0.000#   0.000#   0.000#   0.000#   0.000#   0.000#   0.000f

   S-matrix    7 =    1.00000   0.00002 for L=   32, J=   33.0 channel on core I =   2.0 from L=   32,  Acc. loss =  0.0 D.
 Elastic phase shift   7 =    0.001   0.000 deg. for the L =   32, J =   33.0 channel.
      31.0  0.99999972  0.00001756i: elastic S-matrix  @@      0.00  0   0 F  0
 Reaction Xsec    31.0+/32 @ 7 =   0.013/, Out:   0.000#   0.000#   0.000#   0.000#   0.000#   0.000#   0.000f

   S-matrix    8 =    1.00000   0.00001 for L=   34, J=   33.0 channel on core I =   2.0 from L=   34,  Acc. loss =  0.0 D.
 Elastic phase shift   8 =    0.000   0.000 deg. for the L =   34, J =   33.0 channel.
      31.0  0.99999992  0.00000674i: elastic S-matrix  @@      0.00  0   0 F  0
 Reaction Xsec    31.0+/34 @ 8 =   3.958#, Out:   0.000#   0.000#   0.000#   0.000#   0.000#   0.000#   0.000f


 Total SPIN, PARITY =    31.0 -,     29 chs,      0 cc.  Rmin & Coul turning =    2.5   13.4
   S-matrix    1 =    1.00000   0.00007 for L=   29, J=   29.0 channel on core I =   2.0 from L=   29,  Acc. loss =  0.0 D.
 Elastic phase shift   1 =    0.002   0.000 deg. for the L =   29, J =   29.0 channel.
      31.0  0.99999822  0.00007198i: elastic S-matrix  @@      0.00  0   0 F  0
 Reaction Xsec    31.0-/29 @ 1 =   0.085/, Out:   0.000#   0.000#   0.000#   0.000#   0.000#   0.000#   0.000f

   S-matrix    2 =    1.00000   0.00007 for L=   29, J=   30.0 channel on core I =   2.0 from L=   29,  Acc. loss =  0.0 D.
 Elastic phase shift   2 =    0.002   0.000 deg. for the L =   29, J =   30.0 channel.
      31.0  0.99999822  0.00007272i: elastic S-matrix  @@      0.00  0   0 F  0
 Reaction Xsec    31.0-/29 @ 2 =   0.085/, Out:   0.000#   0.000#   0.000#   0.000#   0.000#   0.000#   0.000f

   S-matrix    3 =    1.00000   0.00003 for L=   31, J=   30.0 channel on core I =   2.0 from L=   31,  Acc. loss =  0.0 D.
 Elastic phase shift   3 =    0.001   0.000 deg. for the L =   31, J =   30.0 channel.
      31.0  0.99999948  0.00002779i: elastic S-matrix  @@      0.00  0   0 F  0
 Reaction Xsec    31.0-/31 @ 3 =   0.025/, Out:   0.000#   0.000#   0.000#   0.000#   0.000#   0.000#   0.000f

   S-matrix    4 =    1.00000   0.00003 for L=   31, J=   31.0 channel on core I =   2.0 from L=   31,  Acc. loss =  0.0 D.
 Elastic phase shift   4 =    0.001   0.000 deg. for the L =   31, J =   31.0 channel.
      31.0  0.99999948  0.00002800i: elastic S-matrix  @@      0.00  0   0 F  0
 Reaction Xsec    31.0-/31 @ 4 =   0.025/, Out:   0.000#   0.000#   0.000#   0.000#   0.000#   0.000#   0.000f

   S-matrix    5 =    1.00000   0.00003 for L=   31, J=   32.0 channel on core I =   2.0 from L=   31,  Acc. loss =  0.0 D.
 Elastic phase shift   5 =    0.001   0.000 deg. for the L =   31, J =   32.0 channel.
      31.0  0.99999948  0.00002821i: elastic S-matrix  @@      0.00  0   0 F  0
 Reaction Xsec    31.0-/31 @ 5 =   0.025/, Out:   0.000#   0.000#   0.000#   0.000#   0.000#   0.000#   0.000f

   S-matrix    6 =    1.00000   0.00001 for L=   33, J=   32.0 channel on core I =   2.0 from L=   33,  Acc. loss =  0.0 D.
 Elastic phase shift   6 =    0.000   0.000 deg. for the L =   33, J =   32.0 channel.
      31.0  0.99999985  0.00001081i: elastic S-matrix  @@      0.00  0   0 F  0
 Reaction Xsec    31.0-/33 @ 6 =   7.311#, Out:   0.000#   0.000#   0.000#   0.000#   0.000#   0.000#   0.000f

   S-matrix    7 =    1.00000   0.00001 for L=   33, J=   33.0 channel on core I =   2.0 from L=   33,  Acc. loss =  0.0 D.
 Elastic phase shift   7 =    0.000   0.000 deg. for the L =   33, J =   33.0 channel.
      31.0  0.99999985  0.00001087i: elastic S-matrix  @@      0.00  0   0 F  0
 Reaction Xsec    31.0-/33 @ 7 =   7.311#, Out:   0.000#   0.000#   0.000#   0.000#   0.000#   0.000#   0.000f


 Total SPIN, PARITY =    32.0 +,     29 chs,      0 cc.  Rmin & Coul turning =    2.6   13.8
   S-matrix    1 =    1.00000   0.00004 for L=   30, J=   30.0 channel on core I =   2.0 from L=   30,  Acc. loss =  0.0 D.
 Elastic phase shift   1 =    0.001   0.000 deg. for the L =   30, J =   30.0 channel.
      32.0  0.99999903  0.00004490i: elastic S-matrix  @@      0.00  0   0 F  0
 Reaction Xsec    32.0+/30 @ 1 =   0.047/, Out:   0.000#   0.000#   0.000#   0.000#   0.000#   0.000#   0.000f

   S-matrix    2 =    1.00000   0.00005 for L=   30, J=   31.0 channel on core I =   2.0 from L=   30,  Acc. loss =  0.0 D.
 Elastic phase shift   2 =    0.001   0.000 deg. for the L =   30, J =   31.0 channel.
      32.0  0.99999903  0.00004530i: elastic S-matrix  @@      0.00  0   0 F  0
 Reaction Xsec    32.0+/30 @ 2 =   0.047/, Out:   0.000#   0.000#   0.000#   0.000#   0.000#   0.000#   0.000f

   S-matrix    3 =    1.00000   0.00002 for L=   32, J=   31.0 channel on core I =   2.0 from L=   32,  Acc. loss =  0.0 D.
 Elastic phase shift   3 =    0.000   0.000 deg. for the L =   32, J =   31.0 channel.
      32.0  0.99999972  0.00001733i: elastic S-matrix  @@      0.00  0   0 F  0
 Reaction Xsec    32.0+/32 @ 3 =   0.014/, Out:   0.000#   0.000#   0.000#   0.000#   0.000#   0.000#   0.000f

   S-matrix    4 =    1.00000   0.00002 for L=   32, J=   32.0 channel on core I =   2.0 from L=   32,  Acc. loss =  0.0 D.
 Elastic phase shift   4 =    0.000   0.000 deg. for the L =   32, J =   32.0 channel.
      32.0  0.99999972  0.00001744i: elastic S-matrix  @@      0.00  0   0 F  0
 Reaction Xsec    32.0+/32 @ 4 =   0.014/, Out:   0.000#   0.000#   0.000#   0.000#   0.000#   0.000#   0.000f

   S-matrix    5 =    1.00000   0.00002 for L=   32, J=   33.0 channel on core I =   2.0 from L=   32,  Acc. loss =  0.0 D.
 Elastic phase shift   5 =    0.001   0.000 deg. for the L =   32, J =   33.0 channel.
      32.0  0.99999972  0.00001756i: elastic S-matrix  @@      0.00  0   0 F  0
 Reaction Xsec    32.0+/32 @ 5 =   0.014/, Out:   0.000#   0.000#   0.000#   0.000#   0.000#   0.000#   0.000f

   S-matrix    6 =    1.00000   0.00001 for L=   34, J=   33.0 channel on core I =   2.0 from L=   34,  Acc. loss =  0.0 D.
 Elastic phase shift   6 =    0.000   0.000 deg. for the L =   34, J =   33.0 channel.
      32.0  0.99999992  0.00000674i: elastic S-matrix  @@      0.00  0   0 F  0
 Reaction Xsec    32.0+/34 @ 6 =   4.083#, Out:   0.000#   0.000#   0.000#   0.000#   0.000#   0.000#   0.000f

   S-matrix    7 =    1.00000   0.00001 for L=   34, J=   34.0 channel on core I =   2.0 from L=   34,  Acc. loss =  0.0 D.
 Elastic phase shift   7 =    0.000   0.000 deg. for the L =   34, J =   34.0 channel.
      32.0  0.99999992  0.00000678i: elastic S-matrix  @@      0.00  0   0 F  0
 Reaction Xsec    32.0+/34 @ 7 =   4.083#, Out:   0.000#   0.000#   0.000#   0.000#   0.000#   0.000#   0.000f


 Total SPIN, PARITY =    32.0 -,     30 chs,      0 cc.  Rmin & Coul turning =    2.6   13.8
   S-matrix    1 =    1.00000   0.00007 for L=   29, J=   30.0 channel on core I =   2.0 from L=   29,  Acc. loss =  0.0 D.
 Elastic phase shift   1 =    0.002   0.000 deg. for the L =   29, J =   30.0 channel.
      32.0  0.99999822  0.00007272i: elastic S-matrix  @@      0.00  0   0 F  0
 Reaction Xsec    32.0-/29 @ 1 =   0.087/, Out:   0.000#   0.000#   0.000#   0.000#   0.000#   0.000#   0.000f

   S-matrix    2 =    1.00000   0.00003 for L=   31, J=   30.0 channel on core I =   2.0 from L=   31,  Acc. loss =  0.0 D.
 Elastic phase shift   2 =    0.001   0.000 deg. for the L =   31, J =   30.0 channel.
      32.0  0.99999948  0.00002779i: elastic S-matrix  @@      0.00  0   0 F  0
 Reaction Xsec    32.0-/31 @ 2 =   0.026/, Out:   0.000#   0.000#   0.000#   0.000#   0.000#   0.000#   0.000f

   S-matrix    3 =    1.00000   0.00003 for L=   31, J=   31.0 channel on core I =   2.0 from L=   31,  Acc. loss =  0.0 D.
 Elastic phase shift   3 =    0.001   0.000 deg. for the L =   31, J =   31.0 channel.
      32.0  0.99999948  0.00002800i: elastic S-matrix  @@      0.00  0   0 F  0
 Reaction Xsec    32.0-/31 @ 3 =   0.026/, Out:   0.000#   0.000#   0.000#   0.000#   0.000#   0.000#   0.000f

   S-matrix    4 =    1.00000   0.00003 for L=   31, J=   32.0 channel on core I =   2.0 from L=   31,  Acc. loss =  0.0 D.
 Elastic phase shift   4 =    0.001   0.000 deg. for the L =   31, J =   32.0 channel.
      32.0  0.99999948  0.00002821i: elastic S-matrix  @@      0.00  0   0 F  0
 Reaction Xsec    32.0-/31 @ 4 =   0.026/, Out:   0.000#   0.000#   0.000#   0.000#   0.000#   0.000#   0.000f

   S-matrix    5 =    1.00000   0.00001 for L=   33, J=   32.0 channel on core I =   2.0 from L=   33,  Acc. loss =  0.0 D.
 Elastic phase shift   5 =    0.000   0.000 deg. for the L =   33, J =   32.0 channel.
      32.0  0.99999985  0.00001081i: elastic S-matrix  @@      0.00  0   0 F  0
 Reaction Xsec    32.0-/33 @ 5 =   7.543#, Out:   0.000#   0.000#   0.000#   0.000#   0.000#   0.000#   0.000f

   S-matrix    6 =    1.00000   0.00001 for L=   33, J=   33.0 channel on core I =   2.0 from L=   33,  Acc. loss =  0.0 D.
 Elastic phase shift   6 =    0.000   0.000 deg. for the L =   33, J =   33.0 channel.
      32.0  0.99999985  0.00001087i: elastic S-matrix  @@      0.00  0   0 F  0
 Reaction Xsec    32.0-/33 @ 6 =   7.543#, Out:   0.000#   0.000#   0.000#   0.000#   0.000#   0.000#   0.000f

   S-matrix    7 =    1.00000   0.00001 for L=   33, J=   34.0 channel on core I =   2.0 from L=   33,  Acc. loss =  0.0 D.
 Elastic phase shift   7 =    0.000   0.000 deg. for the L =   33, J =   34.0 channel.
      32.0  0.99999985  0.00001093i: elastic S-matrix  @@      0.00  0   0 F  0
 Reaction Xsec    32.0-/33 @ 7 =   7.543#, Out:   0.000#   0.000#   0.000#   0.000#   0.000#   0.000#   0.000f

   S-matrix    8 =    1.00000   0.00000 for L=   35, J=   34.0 channel on core I =   2.0 from L=   35,  Acc. loss =  0.0 D.
 Elastic phase shift   8 =    0.000   0.000 deg. for the L =   35, J =   34.0 channel.
      32.0  0.99999996  0.00000419i: elastic S-matrix  @@      0.00  0   0 F  0
 Reaction Xsec    32.0-/35 @ 8 =   2.210#, Out:   0.000#   0.000#   0.000#   0.000#   0.000#   0.000#   0.000f


 Total SPIN, PARITY =    33.0 +,     30 chs,      0 cc.  Rmin & Coul turning =    2.6   14.3
   S-matrix    1 =    1.00000   0.00005 for L=   30, J=   31.0 channel on core I =   2.0 from L=   30,  Acc. loss =  0.0 D.
 Elastic phase shift   1 =    0.001   0.000 deg. for the L =   30, J =   31.0 channel.
      33.0  0.99999903  0.00004530i: elastic S-matrix  @@      0.00  0   0 F  0
 Reaction Xsec    33.0+/30 @ 1 =   0.049/, Out:   0.000#   0.000#   0.000#   0.000#   0.000#   0.000#   0.000f

   S-matrix    2 =    1.00000   0.00002 for L=   32, J=   31.0 channel on core I =   2.0 from L=   32,  Acc. loss =  0.0 D.
 Elastic phase shift   2 =    0.000   0.000 deg. for the L =   32, J =   31.0 channel.
      33.0  0.99999972  0.00001733i: elastic S-matrix  @@      0.00  0   0 F  0
 Reaction Xsec    33.0+/32 @ 2 =   0.014/, Out:   0.000#   0.000#   0.000#   0.000#   0.000#   0.000#   0.000f

   S-matrix    3 =    1.00000   0.00002 for L=   32, J=   32.0 channel on core I =   2.0 from L=   32,  Acc. loss =  0.0 D.
 Elastic phase shift   3 =    0.000   0.000 deg. for the L =   32, J =   32.0 channel.
      33.0  0.99999972  0.00001744i: elastic S-matrix  @@      0.00  0   0 F  0
 Reaction Xsec    33.0+/32 @ 3 =   0.014/, Out:   0.000#   0.000#   0.000#   0.000#   0.000#   0.000#   0.000f

   S-matrix    4 =    1.00000   0.00002 for L=   32, J=   33.0 channel on core I =   2.0 from L=   32,  Acc. loss =  0.0 D.
 Elastic phase shift   4 =    0.001   0.000 deg. for the L =   32, J =   33.0 channel.
      33.0  0.99999972  0.00001756i: elastic S-matrix  @@      0.00  0   0 F  0
 Reaction Xsec    33.0+/32 @ 4 =   0.014/, Out:   0.000#   0.000#   0.000#   0.000#   0.000#   0.000#   0.000f

   S-matrix    5 =    1.00000   0.00001 for L=   34, J=   33.0 channel on core I =   2.0 from L=   34,  Acc. loss =  0.0 D.
 Elastic phase shift   5 =    0.000   0.000 deg. for the L =   34, J =   33.0 channel.
      33.0  0.99999992  0.00000674i: elastic S-matrix  @@      0.00  0   0 F  0
 Reaction Xsec    33.0+/34 @ 5 =   4.209#, Out:   0.000#   0.000#   0.000#   0.000#   0.000#   0.000#   0.000f

   S-matrix    6 =    1.00000   0.00001 for L=   34, J=   34.0 channel on core I =   2.0 from L=   34,  Acc. loss =  0.0 D.
 Elastic phase shift   6 =    0.000   0.000 deg. for the L =   34, J =   34.0 channel.
      33.0  0.99999992  0.00000678i: elastic S-matrix  @@      0.00  0   0 F  0
 Reaction Xsec    33.0+/34 @ 6 =   4.209#, Out:   0.000#   0.000#   0.000#   0.000#   0.000#   0.000#   0.000f

   S-matrix    7 =    1.00000   0.00001 for L=   34, J=   35.0 channel on core I =   2.0 from L=   34,  Acc. loss =  0.0 D.
 Elastic phase shift   7 =    0.000   0.000 deg. for the L =   34, J =   35.0 channel.
      33.0  0.99999992  0.00000681i: elastic S-matrix  @@      0.00  0   0 F  0
 Reaction Xsec    33.0+/34 @ 7 =   4.209#, Out:   0.000#   0.000#   0.000#   0.000#   0.000#   0.000#   0.000f

   S-matrix    8 =    1.00000   0.00000 for L=   36, J=   35.0 channel on core I =   2.0 from L=   36,  Acc. loss =  0.0 D.
 Elastic phase shift   8 =    0.000   0.000 deg. for the L =   36, J =   35.0 channel.
      33.0  0.99999998  0.00000261i: elastic S-matrix  @@      0.00  0   0 F  0
 Reaction Xsec    33.0+/36 @ 8 =   1.232#, Out:   0.000#   0.000#   0.000#   0.000#   0.000#   0.000#   0.000f


 Total SPIN, PARITY =    33.0 -,     29 chs,      0 cc.  Rmin & Coul turning =    2.6   14.3
   S-matrix    1 =    1.00000   0.00003 for L=   31, J=   31.0 channel on core I =   2.0 from L=   31,  Acc. loss =  0.0 D.
 Elastic phase shift   1 =    0.001   0.000 deg. for the L =   31, J =   31.0 channel.
      33.0  0.99999948  0.00002800i: elastic S-matrix  @@      0.00  0   0 F  0
 Reaction Xsec    33.0-/31 @ 1 =   0.026/, Out:   0.000#   0.000#   0.000#   0.000#   0.000#   0.000#   0.000f

   S-matrix    2 =    1.00000   0.00003 for L=   31, J=   32.0 channel on core I =   2.0 from L=   31,  Acc. loss =  0.0 D.
 Elastic phase shift   2 =    0.001   0.000 deg. for the L =   31, J =   32.0 channel.
      33.0  0.99999948  0.00002821i: elastic S-matrix  @@      0.00  0   0 F  0
 Reaction Xsec    33.0-/31 @ 2 =   0.026/, Out:   0.000#   0.000#   0.000#   0.000#   0.000#   0.000#   0.000f

   S-matrix    3 =    1.00000   0.00001 for L=   33, J=   32.0 channel on core I =   2.0 from L=   33,  Acc. loss =  0.0 D.
 Elastic phase shift   3 =    0.000   0.000 deg. for the L =   33, J =   32.0 channel.
      33.0  0.99999985  0.00001081i: elastic S-matrix  @@      0.00  0   0 F  0
 Reaction Xsec    33.0-/33 @ 3 =   7.775#, Out:   0.000#   0.000#   0.000#   0.000#   0.000#   0.000#   0.000f

   S-matrix    4 =    1.00000   0.00001 for L=   33, J=   33.0 channel on core I =   2.0 from L=   33,  Acc. loss =  0.0 D.
 Elastic phase shift   4 =    0.000   0.000 deg. for the L =   33, J =   33.0 channel.
      33.0  0.99999985  0.00001087i: elastic S-matrix  @@      0.00  0   0 F  0
 Reaction Xsec    33.0-/33 @ 4 =   7.775#, Out:   0.000#   0.000#   0.000#   0.000#   0.000#   0.000#   0.000f

   S-matrix    5 =    1.00000   0.00001 for L=   33, J=   34.0 channel on core I =   2.0 from L=   33,  Acc. loss =  0.0 D.
 Elastic phase shift   5 =    0.000   0.000 deg. for the L =   33, J =   34.0 channel.
      33.0  0.99999985  0.00001093i: elastic S-matrix  @@      0.00  0   0 F  0
 Reaction Xsec    33.0-/33 @ 5 =   7.775#, Out:   0.000#   0.000#   0.000#   0.000#   0.000#   0.000#   0.000f

   S-matrix    6 =    1.00000   0.00000 for L=   35, J=   34.0 channel on core I =   2.0 from L=   35,  Acc. loss =  0.0 D.
 Elastic phase shift   6 =    0.000   0.000 deg. for the L =   35, J =   34.0 channel.
      33.0  0.99999996  0.00000419i: elastic S-matrix  @@      0.00  0   0 F  0
 Reaction Xsec    33.0-/35 @ 6 =   2.278#, Out:   0.000#   0.000#   0.000#   0.000#   0.000#   0.000#   0.000f

   S-matrix    7 =    1.00000   0.00000 for L=   35, J=   35.0 channel on core I =   2.0 from L=   35,  Acc. loss =  0.0 D.
 Elastic phase shift   7 =    0.000   0.000 deg. for the L =   35, J =   35.0 channel.
      33.0  0.99999996  0.00000421i: elastic S-matrix  @@      0.00  0   0 F  0
 Reaction Xsec    33.0-/35 @ 7 =   2.278#, Out:   0.000#   0.000#   0.000#   0.000#   0.000#   0.000#   0.000f


 Total SPIN, PARITY =    34.0 +,     29 chs,      0 cc.  Rmin & Coul turning =    2.7   14.7
   S-matrix    1 =    1.00000   0.00002 for L=   32, J=   32.0 channel on core I =   2.0 from L=   32,  Acc. loss =  0.0 D.
 Elastic phase shift   1 =    0.000   0.000 deg. for the L =   32, J =   32.0 channel.
      34.0  0.99999972  0.00001744i: elastic S-matrix  @@      0.00  0   0 F  0
 Reaction Xsec    34.0+/32 @ 1 =   0.015/, Out:   0.000#   0.000#   0.000#   0.000#   0.000#   0.000#   0.000f

   S-matrix    2 =    1.00000   0.00002 for L=   32, J=   33.0 channel on core I =   2.0 from L=   32,  Acc. loss =  0.0 D.
 Elastic phase shift   2 =    0.001   0.000 deg. for the L =   32, J =   33.0 channel.
      34.0  0.99999972  0.00001756i: elastic S-matrix  @@      0.00  0   0 F  0
 Reaction Xsec    34.0+/32 @ 2 =   0.015/, Out:   0.000#   0.000#   0.000#   0.000#   0.000#   0.000#   0.000f

   S-matrix    3 =    1.00000   0.00001 for L=   34, J=   33.0 channel on core I =   2.0 from L=   34,  Acc. loss =  0.0 D.
 Elastic phase shift   3 =    0.000   0.000 deg. for the L =   34, J =   33.0 channel.
      34.0  0.99999992  0.00000674i: elastic S-matrix  @@      0.00  0   0 F  0
 Reaction Xsec    34.0+/34 @ 3 =   4.335#, Out:   0.000#   0.000#   0.000#   0.000#   0.000#   0.000#   0.000f

   S-matrix    4 =    1.00000   0.00001 for L=   34, J=   34.0 channel on core I =   2.0 from L=   34,  Acc. loss =  0.0 D.
 Elastic phase shift   4 =    0.000   0.000 deg. for the L =   34, J =   34.0 channel.
      34.0  0.99999992  0.00000678i: elastic S-matrix  @@      0.00  0   0 F  0
 Reaction Xsec    34.0+/34 @ 4 =   4.335#, Out:   0.000#   0.000#   0.000#   0.000#   0.000#   0.000#   0.000f

   S-matrix    5 =    1.00000   0.00001 for L=   34, J=   35.0 channel on core I =   2.0 from L=   34,  Acc. loss =  0.0 D.
 Elastic phase shift   5 =    0.000   0.000 deg. for the L =   34, J =   35.0 channel.
      34.0  0.99999992  0.00000681i: elastic S-matrix  @@      0.00  0   0 F  0
 Reaction Xsec    34.0+/34 @ 5 =   4.335#, Out:   0.000#   0.000#   0.000#   0.000#   0.000#   0.000#   0.000f

   S-matrix    6 =    1.00000   0.00000 for L=   36, J=   35.0 channel on core I =   2.0 from L=   36,  Acc. loss =  0.0 D.
 Elastic phase shift   6 =    0.000   0.000 deg. for the L =   36, J =   35.0 channel.
      34.0  0.99999998  0.00000261i: elastic S-matrix  @@      0.00  0   0 F  0
 Reaction Xsec    34.0+/36 @ 6 =   1.269#, Out:   0.000#   0.000#   0.000#   0.000#   0.000#   0.000#   0.000f

   S-matrix    7 =    1.00000   0.00000 for L=   36, J=   36.0 channel on core I =   2.0 from L=   36,  Acc. loss =  0.0 D.
 Elastic phase shift   7 =    0.000   0.000 deg. for the L =   36, J =   36.0 channel.
      34.0  0.99999998  0.00000262i: elastic S-matrix  @@      0.00  0   0 F  0
 Reaction Xsec    34.0+/36 @ 7 =   1.269#, Out:   0.000#   0.000#   0.000#   0.000#   0.000#   0.000#   0.000f


 Total SPIN, PARITY =    34.0 -,     30 chs,      0 cc.  Rmin & Coul turning =    2.7   14.7
   S-matrix    1 =    1.00000   0.00003 for L=   31, J=   32.0 channel on core I =   2.0 from L=   31,  Acc. loss =  0.0 D.
 Elastic phase shift   1 =    0.001   0.000 deg. for the L =   31, J =   32.0 channel.
      34.0  0.99999948  0.00002821i: elastic S-matrix  @@      0.00  0   0 F  0
 Reaction Xsec    34.0-/31 @ 1 =   0.027/, Out:   0.000#   0.000#   0.000#   0.000#   0.000#   0.000#   0.000f

   S-matrix    2 =    1.00000   0.00001 for L=   33, J=   32.0 channel on core I =   2.0 from L=   33,  Acc. loss =  0.0 D.
 Elastic phase shift   2 =    0.000   0.000 deg. for the L =   33, J =   32.0 channel.
      34.0  0.99999985  0.00001081i: elastic S-matrix  @@      0.00  0   0 F  0
 Reaction Xsec    34.0-/33 @ 2 =   8.007#, Out:   0.000#   0.000#   0.000#   0.000#   0.000#   0.000#   0.000f

   S-matrix    3 =    1.00000   0.00001 for L=   33, J=   33.0 channel on core I =   2.0 from L=   33,  Acc. loss =  0.0 D.
 Elastic phase shift   3 =    0.000   0.000 deg. for the L =   33, J =   33.0 channel.
      34.0  0.99999985  0.00001087i: elastic S-matrix  @@      0.00  0   0 F  0
 Reaction Xsec    34.0-/33 @ 3 =   8.007#, Out:   0.000#   0.000#   0.000#   0.000#   0.000#   0.000#   0.000f

   S-matrix    4 =    1.00000   0.00001 for L=   33, J=   34.0 channel on core I =   2.0 from L=   33,  Acc. loss =  0.0 D.
 Elastic phase shift   4 =    0.000   0.000 deg. for the L =   33, J =   34.0 channel.
      34.0  0.99999985  0.00001093i: elastic S-matrix  @@      0.00  0   0 F  0
 Reaction Xsec    34.0-/33 @ 4 =   8.007#, Out:   0.000#   0.000#   0.000#   0.000#   0.000#   0.000#   0.000f

   S-matrix    5 =    1.00000   0.00000 for L=   35, J=   34.0 channel on core I =   2.0 from L=   35,  Acc. loss =  0.0 D.
 Elastic phase shift   5 =    0.000   0.000 deg. for the L =   35, J =   34.0 channel.
      34.0  0.99999996  0.00000419i: elastic S-matrix  @@      0.00  0   0 F  0
 Reaction Xsec    34.0-/35 @ 5 =   2.346#, Out:   0.000#   0.000#   0.000#   0.000#   0.000#   0.000#   0.000f

   S-matrix    6 =    1.00000   0.00000 for L=   35, J=   35.0 channel on core I =   2.0 from L=   35,  Acc. loss =  0.0 D.
 Elastic phase shift   6 =    0.000   0.000 deg. for the L =   35, J =   35.0 channel.
      34.0  0.99999996  0.00000421i: elastic S-matrix  @@      0.00  0   0 F  0
 Reaction Xsec    34.0-/35 @ 6 =   2.346#, Out:   0.000#   0.000#   0.000#   0.000#   0.000#   0.000#   0.000f

   S-matrix    7 =    1.00000   0.00000 for L=   35, J=   36.0 channel on core I =   2.0 from L=   35,  Acc. loss =  0.0 D.
 Elastic phase shift   7 =    0.000   0.000 deg. for the L =   35, J =   36.0 channel.
      34.0  0.99999996  0.00000423i: elastic S-matrix  @@      0.00  0   0 F  0
 Reaction Xsec    34.0-/35 @ 7 =   2.346#, Out:   0.000#   0.000#   0.000#   0.000#   0.000#   0.000#   0.000f

   S-matrix    8 =    1.00000   0.00000 for L=   37, J=   36.0 channel on core I =   2.0 from L=   37,  Acc. loss =  0.0 D.
 Elastic phase shift   8 =    0.000   0.000 deg. for the L =   37, J =   36.0 channel.
      34.0  0.99999999  0.00000163i: elastic S-matrix  @@      0.00  0   0 F  0
 Reaction Xsec    34.0-/37 @ 8 =   0.686#, Out:   0.000#   0.000#   0.000#   0.000#   0.000#   0.000#   0.000f


 Total SPIN, PARITY =    35.0 +,     30 chs,      0 cc.  Rmin & Coul turning =    2.8   15.1
   S-matrix    1 =    1.00000   0.00002 for L=   32, J=   33.0 channel on core I =   2.0 from L=   32,  Acc. loss =  0.0 D.
 Elastic phase shift   1 =    0.001   0.000 deg. for the L =   32, J =   33.0 channel.
      35.0  0.99999972  0.00001756i: elastic S-matrix  @@      0.00  0   0 F  0
 Reaction Xsec    35.0+/32 @ 1 =   0.015/, Out:   0.000#   0.000#   0.000#   0.000#   0.000#   0.000#   0.000f

   S-matrix    2 =    1.00000   0.00001 for L=   34, J=   33.0 channel on core I =   2.0 from L=   34,  Acc. loss =  0.0 D.
 Elastic phase shift   2 =    0.000   0.000 deg. for the L =   34, J =   33.0 channel.
      35.0  0.99999992  0.00000674i: elastic S-matrix  @@      0.00  0   0 F  0
 Reaction Xsec    35.0+/34 @ 2 =   4.460#, Out:   0.000#   0.000#   0.000#   0.000#   0.000#   0.000#   0.000f

   S-matrix    3 =    1.00000   0.00001 for L=   34, J=   34.0 channel on core I =   2.0 from L=   34,  Acc. loss =  0.0 D.
 Elastic phase shift   3 =    0.000   0.000 deg. for the L =   34, J =   34.0 channel.
      35.0  0.99999992  0.00000678i: elastic S-matrix  @@      0.00  0   0 F  0
 Reaction Xsec    35.0+/34 @ 3 =   4.460#, Out:   0.000#   0.000#   0.000#   0.000#   0.000#   0.000#   0.000f

   S-matrix    4 =    1.00000   0.00001 for L=   34, J=   35.0 channel on core I =   2.0 from L=   34,  Acc. loss =  0.0 D.
 Elastic phase shift   4 =    0.000   0.000 deg. for the L =   34, J =   35.0 channel.
      35.0  0.99999992  0.00000681i: elastic S-matrix  @@      0.00  0   0 F  0
 Reaction Xsec    35.0+/34 @ 4 =   4.460#, Out:   0.000#   0.000#   0.000#   0.000#   0.000#   0.000#   0.000f

   S-matrix    5 =    1.00000   0.00000 for L=   36, J=   35.0 channel on core I =   2.0 from L=   36,  Acc. loss =  0.0 D.
 Elastic phase shift   5 =    0.000   0.000 deg. for the L =   36, J =   35.0 channel.
      35.0  0.99999998  0.00000261i: elastic S-matrix  @@      0.00  0   0 F  0
 Reaction Xsec    35.0+/36 @ 5 =   1.306#, Out:   0.000#   0.000#   0.000#   0.000#   0.000#   0.000#   0.000f

   S-matrix    6 =    1.00000   0.00000 for L=   36, J=   36.0 channel on core I =   2.0 from L=   36,  Acc. loss =  0.0 D.
 Elastic phase shift   6 =    0.000   0.000 deg. for the L =   36, J =   36.0 channel.
      35.0  0.99999998  0.00000262i: elastic S-matrix  @@      0.00  0   0 F  0
 Reaction Xsec    35.0+/36 @ 6 =   1.306#, Out:   0.000#   0.000#   0.000#   0.000#   0.000#   0.000#   0.000f

   S-matrix    7 =    1.00000   0.00000 for L=   36, J=   37.0 channel on core I =   2.0 from L=   36,  Acc. loss =  0.0 D.
 Elastic phase shift   7 =    0.000   0.000 deg. for the L =   36, J =   37.0 channel.
      35.0  0.99999998  0.00000263i: elastic S-matrix  @@      0.00  0   0 F  0
 Reaction Xsec    35.0+/36 @ 7 =   1.306#, Out:   0.000#   0.000#   0.000#   0.000#   0.000#   0.000#   0.000f

   S-matrix    8 =    1.00000   0.00000 for L=   38, J=   37.0 channel on core I =   2.0 from L=   38,  Acc. loss =  0.0 D.
 Elastic phase shift   8 =    0.000   0.000 deg. for the L =   38, J =   37.0 channel.
      35.0  0.99999999  0.00000101i: elastic S-matrix  @@      0.00  0   0 F  0
 Reaction Xsec    35.0+/38 @ 8 =   0.382#, Out:   0.000#   0.000#   0.000#   0.000#   0.000#   0.000#   0.000f


 Total SPIN, PARITY =    35.0 -,     29 chs,      0 cc.  Rmin & Coul turning =    2.8   15.1
   S-matrix    1 =    1.00000   0.00001 for L=   33, J=   33.0 channel on core I =   2.0 from L=   33,  Acc. loss =  0.0 D.
 Elastic phase shift   1 =    0.000   0.000 deg. for the L =   33, J =   33.0 channel.
      35.0  0.99999985  0.00001087i: elastic S-matrix  @@      0.00  0   0 F  0
 Reaction Xsec    35.0-/33 @ 1 =   8.239#, Out:   0.000#   0.000#   0.000#   0.000#   0.000#   0.000#   0.000f

   S-matrix    2 =    1.00000   0.00001 for L=   33, J=   34.0 channel on core I =   2.0 from L=   33,  Acc. loss =  0.0 D.
 Elastic phase shift   2 =    0.000   0.000 deg. for the L =   33, J =   34.0 channel.
      35.0  0.99999985  0.00001093i: elastic S-matrix  @@      0.00  0   0 F  0
 Reaction Xsec    35.0-/33 @ 2 =   8.239#, Out:   0.000#   0.000#   0.000#   0.000#   0.000#   0.000#   0.000f

   S-matrix    3 =    1.00000   0.00000 for L=   35, J=   34.0 channel on core I =   2.0 from L=   35,  Acc. loss =  0.0 D.
 Elastic phase shift   3 =    0.000   0.000 deg. for the L =   35, J =   34.0 channel.
      35.0  0.99999996  0.00000419i: elastic S-matrix  @@      0.00  0   0 F  0
 Reaction Xsec    35.0-/35 @ 3 =   2.414#, Out:   0.000#   0.000#   0.000#   0.000#   0.000#   0.000#   0.000f

   S-matrix    4 =    1.00000   0.00000 for L=   35, J=   35.0 channel on core I =   2.0 from L=   35,  Acc. loss =  0.0 D.
 Elastic phase shift   4 =    0.000   0.000 deg. for the L =   35, J =   35.0 channel.
      35.0  0.99999996  0.00000421i: elastic S-matrix  @@      0.00  0   0 F  0
 Reaction Xsec    35.0-/35 @ 4 =   2.414#, Out:   0.000#   0.000#   0.000#   0.000#   0.000#   0.000#   0.000f

   S-matrix    5 =    1.00000   0.00000 for L=   35, J=   36.0 channel on core I =   2.0 from L=   35,  Acc. loss =  0.0 D.
 Elastic phase shift   5 =    0.000   0.000 deg. for the L =   35, J =   36.0 channel.
      35.0  0.99999996  0.00000423i: elastic S-matrix  @@      0.00  0   0 F  0
 Reaction Xsec    35.0-/35 @ 5 =   2.414#, Out:   0.000#   0.000#   0.000#   0.000#   0.000#   0.000#   0.000f

   S-matrix    6 =    1.00000   0.00000 for L=   37, J=   36.0 channel on core I =   2.0 from L=   37,  Acc. loss =  0.0 D.
 Elastic phase shift   6 =    0.000   0.000 deg. for the L =   37, J =   36.0 channel.
      35.0  0.99999999  0.00000163i: elastic S-matrix  @@      0.00  0   0 F  0
 Reaction Xsec    35.0-/37 @ 6 =   0.706#, Out:   0.000#   0.000#   0.000#   0.000#   0.000#   0.000#   0.000f

   S-matrix    7 =    1.00000   0.00000 for L=   37, J=   37.0 channel on core I =   2.0 from L=   37,  Acc. loss =  0.0 D.
 Elastic phase shift   7 =    0.000   0.000 deg. for the L =   37, J =   37.0 channel.
      35.0  0.99999999  0.00000164i: elastic S-matrix  @@      0.00  0   0 F  0
 Reaction Xsec    35.0-/37 @ 7 =   0.706#, Out:   0.000#   0.000#   0.000#   0.000#   0.000#   0.000#   0.000f


 Total SPIN, PARITY =    36.0 +,     29 chs,      0 cc.  Rmin & Coul turning =    2.9   15.5
   S-matrix    1 =    1.00000   0.00001 for L=   34, J=   34.0 channel on core I =   2.0 from L=   34,  Acc. loss =  0.0 D.
 Elastic phase shift   1 =    0.000   0.000 deg. for the L =   34, J =   34.0 channel.
      36.0  0.99999992  0.00000678i: elastic S-matrix  @@      0.00  0   0 F  0
 Reaction Xsec    36.0+/34 @ 1 =   4.586#, Out:   0.000#   0.000#   0.000#   0.000#   0.000#   0.000#   0.000f

   S-matrix    2 =    1.00000   0.00001 for L=   34, J=   35.0 channel on core I =   2.0 from L=   34,  Acc. loss =  0.0 D.
 Elastic phase shift   2 =    0.000   0.000 deg. for the L =   34, J =   35.0 channel.
      36.0  0.99999992  0.00000681i: elastic S-matrix  @@      0.00  0   0 F  0
 Reaction Xsec    36.0+/34 @ 2 =   4.586#, Out:   0.000#   0.000#   0.000#   0.000#   0.000#   0.000#   0.000f

   S-matrix    3 =    1.00000   0.00000 for L=   36, J=   35.0 channel on core I =   2.0 from L=   36,  Acc. loss =  0.0 D.
 Elastic phase shift   3 =    0.000   0.000 deg. for the L =   36, J =   35.0 channel.
      36.0  0.99999998  0.00000261i: elastic S-matrix  @@      0.00  0   0 F  0
 Reaction Xsec    36.0+/36 @ 3 =   1.342#, Out:   0.000#   0.000#   0.000#   0.000#   0.000#   0.000#   0.000f

   S-matrix    4 =    1.00000   0.00000 for L=   36, J=   36.0 channel on core I =   2.0 from L=   36,  Acc. loss =  0.0 D.
 Elastic phase shift   4 =    0.000   0.000 deg. for the L =   36, J =   36.0 channel.
      36.0  0.99999998  0.00000262i: elastic S-matrix  @@      0.00  0   0 F  0
 Reaction Xsec    36.0+/36 @ 4 =   1.342#, Out:   0.000#   0.000#   0.000#   0.000#   0.000#   0.000#   0.000f

   S-matrix    5 =    1.00000   0.00000 for L=   36, J=   37.0 channel on core I =   2.0 from L=   36,  Acc. loss =  0.0 D.
 Elastic phase shift   5 =    0.000   0.000 deg. for the L =   36, J =   37.0 channel.
      36.0  0.99999998  0.00000263i: elastic S-matrix  @@      0.00  0   0 F  0
 Reaction Xsec    36.0+/36 @ 5 =   1.342#, Out:   0.000#   0.000#   0.000#   0.000#   0.000#   0.000#   0.000f

   S-matrix    6 =    1.00000   0.00000 for L=   38, J=   37.0 channel on core I =   2.0 from L=   38,  Acc. loss =  0.0 D.
 Elastic phase shift   6 =    0.000   0.000 deg. for the L =   38, J =   37.0 channel.
      36.0  0.99999999  0.00000101i: elastic S-matrix  @@      0.00  0   0 F  0
 Reaction Xsec    36.0+/38 @ 6 =   0.392#, Out:   0.000#   0.000#   0.000#   0.000#   0.000#   0.000#   0.000f

   S-matrix    7 =    1.00000   0.00000 for L=   38, J=   38.0 channel on core I =   2.0 from L=   38,  Acc. loss =  0.0 D.
 Elastic phase shift   7 =    0.000   0.000 deg. for the L =   38, J =   38.0 channel.
      36.0  0.99999999  0.00000102i: elastic S-matrix  @@      0.00  0   0 F  0
 Reaction Xsec    36.0+/38 @ 7 =   0.392#, Out:   0.000#   0.000#   0.000#   0.000#   0.000#   0.000#   0.000f


 Total SPIN, PARITY =    36.0 -,     30 chs,      0 cc.  Rmin & Coul turning =    2.9   15.5
   S-matrix    1 =    1.00000   0.00001 for L=   33, J=   34.0 channel on core I =   2.0 from L=   33,  Acc. loss =  0.0 D.
 Elastic phase shift   1 =    0.000   0.000 deg. for the L =   33, J =   34.0 channel.
      36.0  0.99999985  0.00001093i: elastic S-matrix  @@      0.00  0   0 F  0
 Reaction Xsec    36.0-/33 @ 1 =   8.471#, Out:   0.000#   0.000#   0.000#   0.000#   0.000#   0.000#   0.000f

   S-matrix    2 =    1.00000   0.00000 for L=   35, J=   34.0 channel on core I =   2.0 from L=   35,  Acc. loss =  0.0 D.
 Elastic phase shift   2 =    0.000   0.000 deg. for the L =   35, J =   34.0 channel.
      36.0  0.99999996  0.00000419i: elastic S-matrix  @@      0.00  0   0 F  0
 Reaction Xsec    36.0-/35 @ 2 =   2.482#, Out:   0.000#   0.000#   0.000#   0.000#   0.000#   0.000#   0.000f

   S-matrix    3 =    1.00000   0.00000 for L=   35, J=   35.0 channel on core I =   2.0 from L=   35,  Acc. loss =  0.0 D.
 Elastic phase shift   3 =    0.000   0.000 deg. for the L =   35, J =   35.0 channel.
      36.0  0.99999996  0.00000421i: elastic S-matrix  @@      0.00  0   0 F  0
 Reaction Xsec    36.0-/35 @ 3 =   2.482#, Out:   0.000#   0.000#   0.000#   0.000#   0.000#   0.000#   0.000f

   S-matrix    4 =    1.00000   0.00000 for L=   35, J=   36.0 channel on core I =   2.0 from L=   35,  Acc. loss =  0.0 D.
 Elastic phase shift   4 =    0.000   0.000 deg. for the L =   35, J =   36.0 channel.
      36.0  0.99999996  0.00000423i: elastic S-matrix  @@      0.00  0   0 F  0
 Reaction Xsec    36.0-/35 @ 4 =   2.482#, Out:   0.000#   0.000#   0.000#   0.000#   0.000#   0.000#   0.000f

   S-matrix    5 =    1.00000   0.00000 for L=   37, J=   36.0 channel on core I =   2.0 from L=   37,  Acc. loss =  0.0 D.
 Elastic phase shift   5 =    0.000   0.000 deg. for the L =   37, J =   36.0 channel.
      36.0  0.99999999  0.00000163i: elastic S-matrix  @@      0.00  0   0 F  0
 Reaction Xsec    36.0-/37 @ 5 =   0.726#, Out:   0.000#   0.000#   0.000#   0.000#   0.000#   0.000#   0.000f

   S-matrix    6 =    1.00000   0.00000 for L=   37, J=   37.0 channel on core I =   2.0 from L=   37,  Acc. loss =  0.0 D.
 Elastic phase shift   6 =    0.000   0.000 deg. for the L =   37, J =   37.0 channel.
      36.0  0.99999999  0.00000164i: elastic S-matrix  @@      0.00  0   0 F  0
 Reaction Xsec    36.0-/37 @ 6 =   0.726#, Out:   0.000#   0.000#   0.000#   0.000#   0.000#   0.000#   0.000f

   S-matrix    7 =    1.00000   0.00000 for L=   37, J=   38.0 channel on core I =   2.0 from L=   37,  Acc. loss =  0.0 D.
 Elastic phase shift   7 =    0.000   0.000 deg. for the L =   37, J =   38.0 channel.
      36.0  0.99999999  0.00000164i: elastic S-matrix  @@      0.00  0   0 F  0
 Reaction Xsec    36.0-/37 @ 7 =   0.726#, Out:   0.000#   0.000#   0.000#   0.000#   0.000#   0.000#   0.000f

   S-matrix    8 =    1.00000   0.00000 for L=   39, J=   38.0 channel on core I =   2.0 from L=   39,  Acc. loss =  0.0 D.
 Elastic phase shift   8 =    0.000   0.000 deg. for the L =   39, J =   38.0 channel.
      36.0  1.00000000  0.00000062i: elastic S-matrix  @@      0.00  0   0 F  0
 Reaction Xsec    36.0-/39 @ 8 =   0.212#, Out:   0.000#   0.000#   0.000#   0.000#   0.000#   0.000#   0.000f


 Total SPIN, PARITY =    37.0 +,     30 chs,      0 cc.  Rmin & Coul turning =    3.0   16.0
   S-matrix    1 =    1.00000   0.00001 for L=   34, J=   35.0 channel on core I =   2.0 from L=   34,  Acc. loss =  0.0 D.
 Elastic phase shift   1 =    0.000   0.000 deg. for the L =   34, J =   35.0 channel.
      37.0  0.99999992  0.00000681i: elastic S-matrix  @@      0.00  0   0 F  0
 Reaction Xsec    37.0+/34 @ 1 =   4.712#, Out:   0.000#   0.000#   0.000#   0.000#   0.000#   0.000#   0.000f

   S-matrix    2 =    1.00000   0.00000 for L=   36, J=   35.0 channel on core I =   2.0 from L=   36,  Acc. loss =  0.0 D.
 Elastic phase shift   2 =    0.000   0.000 deg. for the L =   36, J =   35.0 channel.
      37.0  0.99999998  0.00000261i: elastic S-matrix  @@      0.00  0   0 F  0
 Reaction Xsec    37.0+/36 @ 2 =   1.379#, Out:   0.000#   0.000#   0.000#   0.000#   0.000#   0.000#   0.000f

   S-matrix    3 =    1.00000   0.00000 for L=   36, J=   36.0 channel on core I =   2.0 from L=   36,  Acc. loss =  0.0 D.
 Elastic phase shift   3 =    0.000   0.000 deg. for the L =   36, J =   36.0 channel.
      37.0  0.99999998  0.00000262i: elastic S-matrix  @@      0.00  0   0 F  0
 Reaction Xsec    37.0+/36 @ 3 =   1.379#, Out:   0.000#   0.000#   0.000#   0.000#   0.000#   0.000#   0.000f

   S-matrix    4 =    1.00000   0.00000 for L=   36, J=   37.0 channel on core I =   2.0 from L=   36,  Acc. loss =  0.0 D.
 Elastic phase shift   4 =    0.000   0.000 deg. for the L =   36, J =   37.0 channel.
      37.0  0.99999998  0.00000263i: elastic S-matrix  @@      0.00  0   0 F  0
 Reaction Xsec    37.0+/36 @ 4 =   1.379#, Out:   0.000#   0.000#   0.000#   0.000#   0.000#   0.000#   0.000f

   S-matrix    5 =    1.00000   0.00000 for L=   38, J=   37.0 channel on core I =   2.0 from L=   38,  Acc. loss =  0.0 D.
 Elastic phase shift   5 =    0.000   0.000 deg. for the L =   38, J =   37.0 channel.
      37.0  0.99999999  0.00000101i: elastic S-matrix  @@      0.00  0   0 F  0
 Reaction Xsec    37.0+/38 @ 5 =   0.403#, Out:   0.000#   0.000#   0.000#   0.000#   0.000#   0.000#   0.000f

   S-matrix    6 =    1.00000   0.00000 for L=   38, J=   38.0 channel on core I =   2.0 from L=   38,  Acc. loss =  0.0 D.
 Elastic phase shift   6 =    0.000   0.000 deg. for the L =   38, J =   38.0 channel.
      37.0  0.99999999  0.00000102i: elastic S-matrix  @@      0.00  0   0 F  0
 Reaction Xsec    37.0+/38 @ 6 =   0.403#, Out:   0.000#   0.000#   0.000#   0.000#   0.000#   0.000#   0.000f

   S-matrix    7 =    1.00000   0.00000 for L=   38, J=   39.0 channel on core I =   2.0 from L=   38,  Acc. loss =  0.0 D.
 Elastic phase shift   7 =    0.000   0.000 deg. for the L =   38, J =   39.0 channel.
      37.0  0.99999999  0.00000102i: elastic S-matrix  @@      0.00  0   0 F  0
 Reaction Xsec    37.0+/38 @ 7 =   0.403#, Out:   0.000#   0.000#   0.000#   0.000#   0.000#   0.000#   0.000f

   S-matrix    8 =    1.00000   0.00000 for L=   40, J=   39.0 channel on core I =   2.0 from L=   40,  Acc. loss =  0.0 D.
 Elastic phase shift   8 =    0.000   0.000 deg. for the L =   40, J =   39.0 channel.
      37.0  1.00000000  0.00000038i: elastic S-matrix  @@      0.00  0   0 F  0
 Reaction Xsec    37.0+/40 @ 8 =   0.118#, Out:   0.000#   0.000#   0.000#   0.000#   0.000#   0.000#   0.000f


 Total SPIN, PARITY =    37.0 -,     29 chs,      0 cc.  Rmin & Coul turning =    3.0   16.0
   S-matrix    1 =    1.00000   0.00000 for L=   35, J=   35.0 channel on core I =   2.0 from L=   35,  Acc. loss =  0.0 D.
 Elastic phase shift   1 =    0.000   0.000 deg. for the L =   35, J =   35.0 channel.
      37.0  0.99999996  0.00000421i: elastic S-matrix  @@      0.00  0   0 F  0
 Reaction Xsec    37.0-/35 @ 1 =   2.550#, Out:   0.000#   0.000#   0.000#   0.000#   0.000#   0.000#   0.000f

   S-matrix    2 =    1.00000   0.00000 for L=   35, J=   36.0 channel on core I =   2.0 from L=   35,  Acc. loss =  0.0 D.
 Elastic phase shift   2 =    0.000   0.000 deg. for the L =   35, J =   36.0 channel.
      37.0  0.99999996  0.00000423i: elastic S-matrix  @@      0.00  0   0 F  0
 Reaction Xsec    37.0-/35 @ 2 =   2.550#, Out:   0.000#   0.000#   0.000#   0.000#   0.000#   0.000#   0.000f

   S-matrix    3 =    1.00000   0.00000 for L=   37, J=   36.0 channel on core I =   2.0 from L=   37,  Acc. loss =  0.0 D.
 Elastic phase shift   3 =    0.000   0.000 deg. for the L =   37, J =   36.0 channel.
      37.0  0.99999999  0.00000163i: elastic S-matrix  @@      0.00  0   0 F  0
 Reaction Xsec    37.0-/37 @ 3 =   0.746#, Out:   0.000#   0.000#   0.000#   0.000#   0.000#   0.000#   0.000f

   S-matrix    4 =    1.00000   0.00000 for L=   37, J=   37.0 channel on core I =   2.0 from L=   37,  Acc. loss =  0.0 D.
 Elastic phase shift   4 =    0.000   0.000 deg. for the L =   37, J =   37.0 channel.
      37.0  0.99999999  0.00000164i: elastic S-matrix  @@      0.00  0   0 F  0
 Reaction Xsec    37.0-/37 @ 4 =   0.746#, Out:   0.000#   0.000#   0.000#   0.000#   0.000#   0.000#   0.000f

   S-matrix    5 =    1.00000   0.00000 for L=   37, J=   38.0 channel on core I =   2.0 from L=   37,  Acc. loss =  0.0 D.
 Elastic phase shift   5 =    0.000   0.000 deg. for the L =   37, J =   38.0 channel.
      37.0  0.99999999  0.00000164i: elastic S-matrix  @@      0.00  0   0 F  0
 Reaction Xsec    37.0-/37 @ 5 =   0.746#, Out:   0.000#   0.000#   0.000#   0.000#   0.000#   0.000#   0.000f

   S-matrix    6 =    1.00000   0.00000 for L=   39, J=   38.0 channel on core I =   2.0 from L=   39,  Acc. loss =  0.0 D.
 Elastic phase shift   6 =    0.000   0.000 deg. for the L =   39, J =   38.0 channel.
      37.0  1.00000000  0.00000062i: elastic S-matrix  @@      0.00  0   0 F  0
 Reaction Xsec    37.0-/39 @ 6 =   0.218#, Out:   0.000#   0.000#   0.000#   0.000#   0.000#   0.000#   0.000f

   S-matrix    7 =    1.00000   0.00000 for L=   39, J=   39.0 channel on core I =   2.0 from L=   39,  Acc. loss =  0.0 D.
 Elastic phase shift   7 =    0.000   0.000 deg. for the L =   39, J =   39.0 channel.
      37.0  1.00000000  0.00000062i: elastic S-matrix  @@      0.00  0   0 F  0
 Reaction Xsec    37.0-/39 @ 7 =   0.218#, Out:   0.000#   0.000#   0.000#   0.000#   0.000#   0.000#   0.000f


 Total SPIN, PARITY =    38.0 +,     29 chs,      0 cc.  Rmin & Coul turning =    3.0   16.4
   S-matrix    1 =    1.00000   0.00000 for L=   36, J=   36.0 channel on core I =   2.0 from L=   36,  Acc. loss =  0.0 D.
 Elastic phase shift   1 =    0.000   0.000 deg. for the L =   36, J =   36.0 channel.
      38.0  0.99999998  0.00000262i: elastic S-matrix  @@      0.00  0   0 F  0
 Reaction Xsec    38.0+/36 @ 1 =   1.416#, Out:   0.000#   0.000#   0.000#   0.000#   0.000#   0.000#   0.000f

   S-matrix    2 =    1.00000   0.00000 for L=   36, J=   37.0 channel on core I =   2.0 from L=   36,  Acc. loss =  0.0 D.
 Elastic phase shift   2 =    0.000   0.000 deg. for the L =   36, J =   37.0 channel.
      38.0  0.99999998  0.00000263i: elastic S-matrix  @@      0.00  0   0 F  0
 Reaction Xsec    38.0+/36 @ 2 =   1.416#, Out:   0.000#   0.000#   0.000#   0.000#   0.000#   0.000#   0.000f

   S-matrix    3 =    1.00000   0.00000 for L=   38, J=   37.0 channel on core I =   2.0 from L=   38,  Acc. loss =  0.0 D.
 Elastic phase shift   3 =    0.000   0.000 deg. for the L =   38, J =   37.0 channel.
      38.0  0.99999999  0.00000101i: elastic S-matrix  @@      0.00  0   0 F  0
 Reaction Xsec    38.0+/38 @ 3 =   0.414#, Out:   0.000#   0.000#   0.000#   0.000#   0.000#   0.000#   0.000f

   S-matrix    4 =    1.00000   0.00000 for L=   38, J=   38.0 channel on core I =   2.0 from L=   38,  Acc. loss =  0.0 D.
 Elastic phase shift   4 =    0.000   0.000 deg. for the L =   38, J =   38.0 channel.
      38.0  0.99999999  0.00000102i: elastic S-matrix  @@      0.00  0   0 F  0
 Reaction Xsec    38.0+/38 @ 4 =   0.414#, Out:   0.000#   0.000#   0.000#   0.000#   0.000#   0.000#   0.000f

   S-matrix    5 =    1.00000   0.00000 for L=   38, J=   39.0 channel on core I =   2.0 from L=   38,  Acc. loss =  0.0 D.
 Elastic phase shift   5 =    0.000   0.000 deg. for the L =   38, J =   39.0 channel.
      38.0  0.99999999  0.00000102i: elastic S-matrix  @@      0.00  0   0 F  0
 Reaction Xsec    38.0+/38 @ 5 =   0.414#, Out:   0.000#   0.000#   0.000#   0.000#   0.000#   0.000#   0.000f

   S-matrix    6 =    1.00000   0.00000 for L=   40, J=   39.0 channel on core I =   2.0 from L=   40,  Acc. loss =  0.0 D.
 Elastic phase shift   6 =    0.000   0.000 deg. for the L =   40, J =   39.0 channel.
      38.0  1.00000000  0.00000038i: elastic S-matrix  @@      0.00  0   0 F  0
 Reaction Xsec    38.0+/40 @ 6 =   0.121#, Out:   0.000#   0.000#   0.000#   0.000#   0.000#   0.000#   0.000f

   S-matrix    7 =    1.00000   0.00000 for L=   40, J=   40.0 channel on core I =   2.0 from L=   40,  Acc. loss =  0.0 D.
 Elastic phase shift   7 =    0.000   0.000 deg. for the L =   40, J =   40.0 channel.
      38.0  1.00000000  0.00000038i: elastic S-matrix  @@      0.00  0   0 F  0
 Reaction Xsec    38.0+/40 @ 7 =   0.121#, Out:   0.000#   0.000#   0.000#   0.000#   0.000#   0.000#   0.000f


 Total SPIN, PARITY =    38.0 -,     30 chs,      0 cc.  Rmin & Coul turning =    3.0   16.4
   S-matrix    1 =    1.00000   0.00000 for L=   35, J=   36.0 channel on core I =   2.0 from L=   35,  Acc. loss =  0.0 D.
 Elastic phase shift   1 =    0.000   0.000 deg. for the L =   35, J =   36.0 channel.
      38.0  0.99999996  0.00000423i: elastic S-matrix  @@      0.00  0   0 F  0
 Reaction Xsec    38.0-/35 @ 1 =   2.618#, Out:   0.000#   0.000#   0.000#   0.000#   0.000#   0.000#   0.000f

   S-matrix    2 =    1.00000   0.00000 for L=   37, J=   36.0 channel on core I =   2.0 from L=   37,  Acc. loss =  0.0 D.
 Elastic phase shift   2 =    0.000   0.000 deg. for the L =   37, J =   36.0 channel.
      38.0  0.99999999  0.00000163i: elastic S-matrix  @@      0.00  0   0 F  0
 Reaction Xsec    38.0-/37 @ 2 =   0.766#, Out:   0.000#   0.000#   0.000#   0.000#   0.000#   0.000#   0.000f

   S-matrix    3 =    1.00000   0.00000 for L=   37, J=   37.0 channel on core I =   2.0 from L=   37,  Acc. loss =  0.0 D.
 Elastic phase shift   3 =    0.000   0.000 deg. for the L =   37, J =   37.0 channel.
      38.0  0.99999999  0.00000164i: elastic S-matrix  @@      0.00  0   0 F  0
 Reaction Xsec    38.0-/37 @ 3 =   0.766#, Out:   0.000#   0.000#   0.000#   0.000#   0.000#   0.000#   0.000f

   S-matrix    4 =    1.00000   0.00000 for L=   37, J=   38.0 channel on core I =   2.0 from L=   37,  Acc. loss =  0.0 D.
 Elastic phase shift   4 =    0.000   0.000 deg. for the L =   37, J =   38.0 channel.
      38.0  0.99999999  0.00000164i: elastic S-matrix  @@      0.00  0   0 F  0
 Reaction Xsec    38.0-/37 @ 4 =   0.766#, Out:   0.000#   0.000#   0.000#   0.000#   0.000#   0.000#   0.000f

   S-matrix    5 =    1.00000   0.00000 for L=   39, J=   38.0 channel on core I =   2.0 from L=   39,  Acc. loss =  0.0 D.
 Elastic phase shift   5 =    0.000   0.000 deg. for the L =   39, J =   38.0 channel.
      38.0  1.00000000  0.00000062i: elastic S-matrix  @@      0.00  0   0 F  0
 Reaction Xsec    38.0-/39 @ 5 =   0.224#, Out:   0.000#   0.000#   0.000#   0.000#   0.000#   0.000#   0.000f

   S-matrix    6 =    1.00000   0.00000 for L=   39, J=   39.0 channel on core I =   2.0 from L=   39,  Acc. loss =  0.0 D.
 Elastic phase shift   6 =    0.000   0.000 deg. for the L =   39, J =   39.0 channel.
      38.0  1.00000000  0.00000062i: elastic S-matrix  @@      0.00  0   0 F  0
 Reaction Xsec    38.0-/39 @ 6 =   0.224#, Out:   0.000#   0.000#   0.000#   0.000#   0.000#   0.000#   0.000f

   S-matrix    7 =    1.00000   0.00000 for L=   39, J=   40.0 channel on core I =   2.0 from L=   39,  Acc. loss =  0.0 D.
 Elastic phase shift   7 =    0.000   0.000 deg. for the L =   39, J =   40.0 channel.
      38.0  1.00000000  0.00000062i: elastic S-matrix  @@      0.00  0   0 F  0
 Reaction Xsec    38.0-/39 @ 7 =   0.224#, Out:   0.000#   0.000#   0.000#   0.000#   0.000#   0.000#   0.000f

   S-matrix    8 =    1.00000   0.00000 for L=   41, J=   40.0 channel on core I =   2.0 from L=   41,  Acc. loss =  0.0 D.
 Elastic phase shift   8 =    0.000   0.000 deg. for the L =   41, J =   40.0 channel.
      38.0  1.00000000  0.00000025i: elastic S-matrix  @@      0.00  0   0 F  0
 Reaction Xsec    38.0-/41 @ 8 =   0.065#, Out:   0.000#   0.000#   0.000#   0.000#   0.000#   0.000#   0.000f


 Total SPIN, PARITY =    39.0 +,     30 chs,      0 cc.  Rmin & Coul turning =    3.1   16.8
   S-matrix    1 =    1.00000   0.00000 for L=   36, J=   37.0 channel on core I =   2.0 from L=   36,  Acc. loss =  0.0 D.
 Elastic phase shift   1 =    0.000   0.000 deg. for the L =   36, J =   37.0 channel.
      39.0  0.99999998  0.00000263i: elastic S-matrix  @@      0.00  0   0 F  0
 Reaction Xsec    39.0+/36 @ 1 =   1.453#, Out:   0.000#   0.000#   0.000#   0.000#   0.000#   0.000#   0.000f

   S-matrix    2 =    1.00000   0.00000 for L=   38, J=   37.0 channel on core I =   2.0 from L=   38,  Acc. loss =  0.0 D.
 Elastic phase shift   2 =    0.000   0.000 deg. for the L =   38, J =   37.0 channel.
      39.0  0.99999999  0.00000101i: elastic S-matrix  @@      0.00  0   0 F  0
 Reaction Xsec    39.0+/38 @ 2 =   0.425#, Out:   0.000#   0.000#   0.000#   0.000#   0.000#   0.000#   0.000f

   S-matrix    3 =    1.00000   0.00000 for L=   38, J=   38.0 channel on core I =   2.0 from L=   38,  Acc. loss =  0.0 D.
 Elastic phase shift   3 =    0.000   0.000 deg. for the L =   38, J =   38.0 channel.
0****** WARNING : ACCURACY LOSS IN ERWIN = 14.7 DIGITS, SO EXPECT ERRORS OF   0.0000 % OF UNITARITY

      39.0  0.99999999  0.00000102i: elastic S-matrix  @@      0.00  0   0 F  0
 Reaction Xsec    39.0+/38 @ 3 =   0.425#, Out:   0.000#   0.000#   0.000#   0.000#   0.000#   0.000#   0.000f

   S-matrix    4 =    1.00000   0.00000 for L=   38, J=   39.0 channel on core I =   2.0 from L=   38,  Acc. loss =  0.0 D.
 Elastic phase shift   4 =    0.000   0.000 deg. for the L =   38, J =   39.0 channel.
0****** WARNING : ACCURACY LOSS IN ERWIN = 14.2 DIGITS, SO EXPECT ERRORS OF   0.0000 % OF UNITARITY

      39.0  0.99999999  0.00000102i: elastic S-matrix  @@      0.00  0   0 F  0
 Reaction Xsec    39.0+/38 @ 4 =   0.425#, Out:   0.000#   0.000#   0.000#   0.000#   0.000#   0.000#   0.000f

   S-matrix    5 =    1.00000   0.00000 for L=   40, J=   39.0 channel on core I =   2.0 from L=   40,  Acc. loss =  0.0 D.
 Elastic phase shift   5 =    0.000   0.000 deg. for the L =   40, J =   39.0 channel.
0****** WARNING : ACCURACY LOSS IN ERWIN = 14.5 DIGITS, SO EXPECT ERRORS OF   0.0000 % OF UNITARITY

      39.0  1.00000000  0.00000038i: elastic S-matrix  @@      0.00  0   0 F  0
 Reaction Xsec    39.0+/40 @ 5 =   0.124#, Out:   0.000#   0.000#   0.000#   0.000#   0.000#   0.000#   0.000f

   S-matrix    6 =    1.00000   0.00000 for L=   40, J=   40.0 channel on core I =   2.0 from L=   40,  Acc. loss =  0.0 D.
 Elastic phase shift   6 =    0.000   0.000 deg. for the L =   40, J =   40.0 channel.
      39.0  1.00000000  0.00000038i: elastic S-matrix  @@      0.00  0   0 F  0
 Reaction Xsec    39.0+/40 @ 6 =   0.124#, Out:   0.000#   0.000#   0.000#   0.000#   0.000#   0.000#   0.000f

   S-matrix    7 =    1.00000   0.00000 for L=   40, J=   41.0 channel on core I =   2.0 from L=   40,  Acc. loss =  0.0 D.
 Elastic phase shift   7 =    0.000   0.000 deg. for the L =   40, J =   41.0 channel.
      39.0  1.00000000  0.00000039i: elastic S-matrix  @@      0.00  0   0 F  0
 Reaction Xsec    39.0+/40 @ 7 =   0.124#, Out:   0.000#   0.000#   0.000#   0.000#   0.000#   0.000#   0.000f

   S-matrix    8 =    1.00000   0.00000 for L=   42, J=   41.0 channel on core I =   2.0 from L=   42,  Acc. loss =  0.0 D.
 Elastic phase shift   8 =    0.000   0.000 deg. for the L =   42, J =   41.0 channel.
      39.0  1.00000000  0.00000014i: elastic S-matrix  @@      0.00  0   0 F  0
 Reaction Xsec    39.0+/42 @ 8 =   0.036#, Out:   0.000#   0.000#   0.000#   0.000#   0.000#   0.000#   0.000f


 Total SPIN, PARITY =    39.0 -,     29 chs,      0 cc.  Rmin & Coul turning =    3.1   16.8
   S-matrix    1 =    1.00000   0.00000 for L=   37, J=   37.0 channel on core I =   2.0 from L=   37,  Acc. loss =  0.0 D.
 Elastic phase shift   1 =    0.000   0.000 deg. for the L =   37, J =   37.0 channel.
      39.0  0.99999999  0.00000164i: elastic S-matrix  @@      0.00  0   0 F  0
 Reaction Xsec    39.0-/37 @ 1 =   0.786#, Out:   0.000#   0.000#   0.000#   0.000#   0.000#   0.000#   0.000f

   S-matrix    2 =    1.00000   0.00000 for L=   37, J=   38.0 channel on core I =   2.0 from L=   37,  Acc. loss =  0.0 D.
 Elastic phase shift   2 =    0.000   0.000 deg. for the L =   37, J =   38.0 channel.
      39.0  0.99999999  0.00000164i: elastic S-matrix  @@      0.00  0   0 F  0
 Reaction Xsec    39.0-/37 @ 2 =   0.786#, Out:   0.000#   0.000#   0.000#   0.000#   0.000#   0.000#   0.000f

   S-matrix    3 =    1.00000   0.00000 for L=   39, J=   38.0 channel on core I =   2.0 from L=   39,  Acc. loss =  0.0 D.
 Elastic phase shift   3 =    0.000   0.000 deg. for the L =   39, J =   38.0 channel.
      39.0  1.00000000  0.00000062i: elastic S-matrix  @@      0.00  0   0 F  0
 Reaction Xsec    39.0-/39 @ 3 =   0.230#, Out:   0.000#   0.000#   0.000#   0.000#   0.000#   0.000#   0.000f

   S-matrix    4 =    1.00000   0.00000 for L=   39, J=   39.0 channel on core I =   2.0 from L=   39,  Acc. loss =  0.0 D.
 Elastic phase shift   4 =    0.000   0.000 deg. for the L =   39, J =   39.0 channel.
      39.0  1.00000000  0.00000062i: elastic S-matrix  @@      0.00  0   0 F  0
 Reaction Xsec    39.0-/39 @ 4 =   0.230#, Out:   0.000#   0.000#   0.000#   0.000#   0.000#   0.000#   0.000f

   S-matrix    5 =    1.00000   0.00000 for L=   39, J=   40.0 channel on core I =   2.0 from L=   39,  Acc. loss =  0.0 D.
 Elastic phase shift   5 =    0.000   0.000 deg. for the L =   39, J =   40.0 channel.
      39.0  1.00000000  0.00000062i: elastic S-matrix  @@      0.00  0   0 F  0
 Reaction Xsec    39.0-/39 @ 5 =   0.230#, Out:   0.000#   0.000#   0.000#   0.000#   0.000#   0.000#   0.000f

   S-matrix    6 =    1.00000   0.00000 for L=   41, J=   40.0 channel on core I =   2.0 from L=   41,  Acc. loss =  0.0 D.
 Elastic phase shift   6 =    0.000   0.000 deg. for the L =   41, J =   40.0 channel.
      39.0  1.00000000  0.00000025i: elastic S-matrix  @@      0.00  0   0 F  0
 Reaction Xsec    39.0-/41 @ 6 =   0.067#, Out:   0.000#   0.000#   0.000#   0.000#   0.000#   0.000#   0.000f

   S-matrix    7 =    1.00000   0.00000 for L=   41, J=   41.0 channel on core I =   2.0 from L=   41,  Acc. loss =  0.0 D.
 Elastic phase shift   7 =    0.000   0.000 deg. for the L =   41, J =   41.0 channel.
      39.0  1.00000000  0.00000025i: elastic S-matrix  @@      0.00  0   0 F  0
 Reaction Xsec    39.0-/41 @ 7 =   0.067#, Out:   0.000#   0.000#   0.000#   0.000#   0.000#   0.000#   0.000f


 Total SPIN, PARITY =    40.0 +,     29 chs,      0 cc.  Rmin & Coul turning =    3.2   17.2
   S-matrix    1 =    1.00000   0.00000 for L=   38, J=   38.0 channel on core I =   2.0 from L=   38,  Acc. loss =  0.0 D.
 Elastic phase shift   1 =    0.000   0.000 deg. for the L =   38, J =   38.0 channel.
      40.0  0.99999999  0.00000102i: elastic S-matrix  @@      0.00  0   0 F  0
 Reaction Xsec    40.0+/38 @ 1 =   0.435#, Out:   0.000#   0.000#   0.000#   0.000#   0.000#   0.000#   0.000f

   S-matrix    2 =    1.00000   0.00000 for L=   38, J=   39.0 channel on core I =   2.0 from L=   38,  Acc. loss =  0.0 D.
 Elastic phase shift   2 =    0.000   0.000 deg. for the L =   38, J =   39.0 channel.
      40.0  0.99999999  0.00000102i: elastic S-matrix  @@      0.00  0   0 F  0
 Reaction Xsec    40.0+/38 @ 2 =   0.435#, Out:   0.000#   0.000#   0.000#   0.000#   0.000#   0.000#   0.000f

   S-matrix    3 =    1.00000   0.00000 for L=   40, J=   39.0 channel on core I =   2.0 from L=   40,  Acc. loss =  0.0 D.
 Elastic phase shift   3 =    0.000   0.000 deg. for the L =   40, J =   39.0 channel.
      40.0  1.00000000  0.00000038i: elastic S-matrix  @@      0.00  0   0 F  0
 Reaction Xsec    40.0+/40 @ 3 =   0.127#, Out:   0.000#   0.000#   0.000#   0.000#   0.000#   0.000#   0.000f

   S-matrix    4 =    1.00000   0.00000 for L=   40, J=   40.0 channel on core I =   2.0 from L=   40,  Acc. loss =  0.0 D.
 Elastic phase shift   4 =    0.000   0.000 deg. for the L =   40, J =   40.0 channel.
      40.0  1.00000000  0.00000038i: elastic S-matrix  @@      0.00  0   0 F  0
 Reaction Xsec    40.0+/40 @ 4 =   0.127#, Out:   0.000#   0.000#   0.000#   0.000#   0.000#   0.000#   0.000f

   S-matrix    5 =    1.00000   0.00000 for L=   40, J=   41.0 channel on core I =   2.0 from L=   40,  Acc. loss =  0.0 D.
 Elastic phase shift   5 =    0.000   0.000 deg. for the L =   40, J =   41.0 channel.
      40.0  1.00000000  0.00000039i: elastic S-matrix  @@      0.00  0   0 F  0
 Reaction Xsec    40.0+/40 @ 5 =   0.127#, Out:   0.000#   0.000#   0.000#   0.000#   0.000#   0.000#   0.000f

   S-matrix    6 =    1.00000   0.00000 for L=   42, J=   41.0 channel on core I =   2.0 from L=   42,  Acc. loss =  0.0 D.
 Elastic phase shift   6 =    0.000   0.000 deg. for the L =   42, J =   41.0 channel.
      40.0  1.00000000  0.00000014i: elastic S-matrix  @@      0.00  0   0 F  0
 Reaction Xsec    40.0+/42 @ 6 =   0.037#, Out:   0.000#   0.000#   0.000#   0.000#   0.000#   0.000#   0.000f

   S-matrix    7 =    1.00000   0.00000 for L=   42, J=   42.0 channel on core I =   2.0 from L=   42,  Acc. loss =  0.0 D.
 Elastic phase shift   7 =    0.000   0.000 deg. for the L =   42, J =   42.0 channel.
      40.0  1.00000000  0.00000014i: elastic S-matrix  @@      0.00  0   0 F  0
 Reaction Xsec    40.0+/42 @ 7 =   0.037#, Out:   0.000#   0.000#   0.000#   0.000#   0.000#   0.000#   0.000f


 Total SPIN, PARITY =    40.0 -,     30 chs,      0 cc.  Rmin & Coul turning =    3.2   17.2
   S-matrix    1 =    1.00000   0.00000 for L=   37, J=   38.0 channel on core I =   2.0 from L=   37,  Acc. loss =  0.0 D.
 Elastic phase shift   1 =    0.000   0.000 deg. for the L =   37, J =   38.0 channel.
      40.0  0.99999999  0.00000164i: elastic S-matrix  @@      0.00  0   0 F  0
 Reaction Xsec    40.0-/37 @ 1 =   0.806#, Out:   0.000#   0.000#   0.000#   0.000#   0.000#   0.000#   0.000f

   S-matrix    2 =    1.00000   0.00000 for L=   39, J=   38.0 channel on core I =   2.0 from L=   39,  Acc. loss =  0.0 D.
 Elastic phase shift   2 =    0.000   0.000 deg. for the L =   39, J =   38.0 channel.
      40.0  1.00000000  0.00000062i: elastic S-matrix  @@      0.00  0   0 F  0
 Reaction Xsec    40.0-/39 @ 2 =   0.235#, Out:   0.000#   0.000#   0.000#   0.000#   0.000#   0.000#   0.000f

   S-matrix    3 =    1.00000   0.00000 for L=   39, J=   39.0 channel on core I =   2.0 from L=   39,  Acc. loss =  0.0 D.
 Elastic phase shift   3 =    0.000   0.000 deg. for the L =   39, J =   39.0 channel.
      40.0  1.00000000  0.00000062i: elastic S-matrix  @@      0.00  0   0 F  0
 Reaction Xsec    40.0-/39 @ 3 =   0.235#, Out:   0.000#   0.000#   0.000#   0.000#   0.000#   0.000#   0.000f

   S-matrix    4 =    1.00000   0.00000 for L=   39, J=   40.0 channel on core I =   2.0 from L=   39,  Acc. loss =  0.0 D.
 Elastic phase shift   4 =    0.000   0.000 deg. for the L =   39, J =   40.0 channel.
      40.0  1.00000000  0.00000062i: elastic S-matrix  @@      0.00  0   0 F  0
 Reaction Xsec    40.0-/39 @ 4 =   0.235#, Out:   0.000#   0.000#   0.000#   0.000#   0.000#   0.000#   0.000f

   S-matrix    5 =    1.00000   0.00000 for L=   41, J=   40.0 channel on core I =   2.0 from L=   41,  Acc. loss =  0.0 D.
 Elastic phase shift   5 =    0.000   0.000 deg. for the L =   41, J =   40.0 channel.
      40.0  1.00000000  0.00000025i: elastic S-matrix  @@      0.00  0   0 F  0
 Reaction Xsec    40.0-/41 @ 5 =   0.069#, Out:   0.000#   0.000#   0.000#   0.000#   0.000#   0.000#   0.000f

   S-matrix    6 =    1.00000   0.00000 for L=   41, J=   41.0 channel on core I =   2.0 from L=   41,  Acc. loss =  0.0 D.
 Elastic phase shift   6 =    0.000   0.000 deg. for the L =   41, J =   41.0 channel.
      40.0  1.00000000  0.00000025i: elastic S-matrix  @@      0.00  0   0 F  0
 Reaction Xsec    40.0-/41 @ 6 =   0.069#, Out:   0.000#   0.000#   0.000#   0.000#   0.000#   0.000#   0.000f

   S-matrix    7 =    1.00000   0.00000 for L=   41, J=   42.0 channel on core I =   2.0 from L=   41,  Acc. loss =  0.0 D.
 Elastic phase shift   7 =    0.000   0.000 deg. for the L =   41, J =   42.0 channel.
      40.0  1.00000000  0.00000025i: elastic S-matrix  @@      0.00  0   0 F  0
 Reaction Xsec    40.0-/41 @ 7 =   0.069#, Out:   0.000#   0.000#   0.000#   0.000#   0.000#   0.000#   0.000f

   S-matrix    8 =    1.00000   0.00000 for L=   43, J=   42.0 channel on core I =   2.0 from L=   43,  Acc. loss =  0.0 D.
 Elastic phase shift   8 =    0.000   0.000 deg. for the L =   43, J =   42.0 channel.
      40.0  1.00000000  0.00000007i: elastic S-matrix  @@      0.00  0   0 F  0
 Reaction Xsec    40.0-/43 @ 8 =   0.020#, Out:   0.000#   0.000#   0.000#   0.000#   0.000#   0.000#   0.000f

 Finished all CC sets @   0.917197049    
0CUMULATIVE REACTION cross section                 =  537.51824  <L> =     7.36  <L**2> =     65.0
0CUMULATIVE outgoing cross sections in partition 1 :    0.00000
0CUMULATIVE outgoing cross sections in partition 2 :    1.01924    1.20133    0.61098    2.04956    1.01824
0Cumulative ABSORBTION by Imaginary Potentials     =  531.61889  <L> =     7.36  <L**2> =     65.0
   Fusion for specific d        M-states :  543.074791  543.018616  543.074791
0CUMULATIVE OUTGOING cross section                 =    5.89935
 To convert to S-factors (MeV.mb = keV.b),  multiply by  1.1215E+02


 CROSS SECTIONS FOR OUTGOING d        & 8Li      in state #   1 with spins & parities 1.0  + &  2.0  +;  0

     0.01 deg.: X-S =   3.8858E+13 mb/sr,
+                                         /R =   9.9997E-01
     1.00 deg.: X-S =   3.2541E+05 mb/sr,
+                                         /R =   8.3737E-01
     2.00 deg.: X-S =   1.5919E+04 mb/sr,
+                                         /R =   6.5534E-01
     3.00 deg.: X-S =  5327.217762 mb/sr,
+                                         /R =   1.1099E+00
     4.00 deg.: X-S =  4605.238716 mb/sr,
+                                         /R =   3.0314E+00
     5.00 deg.: X-S =  4480.187221 mb/sr,
+                                         /R =   7.1967E+00
     6.00 deg.: X-S =  4234.121150 mb/sr,
+                                         /R =   1.4095E+01
     7.00 deg.: X-S =  3855.525154 mb/sr,
+                                         /R =   2.3763E+01
     8.00 deg.: X-S =  3399.920742 mb/sr,
+                                         /R =   3.5721E+01
     9.00 deg.: X-S =  2916.531326 mb/sr,
+                                         /R =   4.9041E+01
    10.00 deg.: X-S =  2441.320838 mb/sr,
+                                         /R =   6.2506E+01
    11.00 deg.: X-S =  1998.568699 mb/sr,
+                                         /R =   7.4839E+01
    12.00 deg.: X-S =  1603.124687 mb/sr,
+                                         /R =   8.4922E+01
    13.00 deg.: X-S =  1262.418892 mb/sr,
+                                         /R =   9.1993E+01
    14.00 deg.: X-S =   978.229848 mb/sr,
+                                         /R =   9.5749E+01
    15.00 deg.: X-S =   748.256728 mb/sr,
+                                         /R =   9.6373E+01
    16.00 deg.: X-S =   567.496114 mb/sr,
+                                         /R =   9.4471E+01
    17.00 deg.: X-S =   429.402812 mb/sr,
+                                         /R =   9.0947E+01
    18.00 deg.: X-S =   326.817784 mb/sr,
+                                         /R =   8.6846E+01
    19.00 deg.: X-S =   252.661424 mb/sr,
+                                         /R =   8.3194E+01
    20.00 deg.: X-S =   200.407401 mb/sr,
+                                         /R =   8.0856E+01
    21.00 deg.: X-S =   164.365629 mb/sr,
+                                         /R =   8.0438E+01
    22.00 deg.: X-S =   139.810728 mb/sr,
+                                         /R =   8.2234E+01
    23.00 deg.: X-S =   122.994598 mb/sr,
+                                         /R =   8.6223E+01
    24.00 deg.: X-S =   111.079690 mb/sr,
+                                         /R =   9.2101E+01
    25.00 deg.: X-S =   102.024596 mb/sr,
+                                         /R =   9.9350E+01
    26.00 deg.: X-S =    94.447291 mb/sr,
+                                         /R =   1.0731E+02
    27.00 deg.: X-S =    87.484755 mb/sr,
+                                         /R =   1.1529E+02
    28.00 deg.: X-S =    80.661606 mb/sr,
+                                         /R =   1.2260E+02
    29.00 deg.: X-S =    73.775270 mb/sr,
+                                         /R =   1.2865E+02
    30.00 deg.: X-S =    66.801185 mb/sr,
+                                         /R =   1.3301E+02
    31.00 deg.: X-S =    59.818631 mb/sr,
+                                         /R =   1.3538E+02
    32.00 deg.: X-S =    52.955830 mb/sr,
+                                         /R =   1.3564E+02
    33.00 deg.: X-S =    46.351862 mb/sr,
+                                         /R =   1.3383E+02
    34.00 deg.: X-S =    40.132402 mb/sr,
+                                         /R =   1.3012E+02
    35.00 deg.: X-S =    34.396225 mb/sr,
+                                         /R =   1.2479E+02
    36.00 deg.: X-S =    29.209650 mb/sr,
+                                         /R =   1.1819E+02
    37.00 deg.: X-S =    24.606448 mb/sr,
+                                         /R =   1.1068E+02
    38.00 deg.: X-S =    20.591215 mb/sr,
+                                         /R =   1.0265E+02
    39.00 deg.: X-S =    17.144614 mb/sr,
+                                         /R =   9.4455E+01
    40.00 deg.: X-S =    14.229351 mb/sr,
+                                         /R =   8.6399E+01
    41.00 deg.: X-S =    11.796066 mb/sr,
+                                         /R =   7.8733E+01
    42.00 deg.: X-S =     9.788645 mb/sr,
+                                         /R =   7.1640E+01
    43.00 deg.: X-S =     8.148652 mb/sr,
+                                         /R =   6.5238E+01
    44.00 deg.: X-S =     6.818805 mb/sr,
+                                         /R =   5.9583E+01
    45.00 deg.: X-S =     5.745483 mb/sr,
+                                         /R =   5.4677E+01
    46.00 deg.: X-S =     4.880357 mb/sr,
+                                         /R =   5.0475E+01
    47.00 deg.: X-S =     4.181288 mb/sr,
+                                         /R =   4.6906E+01
    48.00 deg.: X-S =     3.612624 mb/sr,
+                                         /R =   4.3872E+01
    49.00 deg.: X-S =     3.145043 mb/sr,
+                                         /R =   4.1272E+01
    50.00 deg.: X-S =     2.755093 mb/sr,
+                                         /R =   3.8998E+01
    51.00 deg.: X-S =     2.424525 mb/sr,
+                                         /R =   3.6956E+01
    52.00 deg.: X-S =     2.139535 mb/sr,
+                                         /R =   3.5059E+01
    53.00 deg.: X-S =     1.889978 mb/sr,
+                                         /R =   3.3242E+01
    54.00 deg.: X-S =     1.668618 mb/sr,
+                                         /R =   3.1453E+01
    55.00 deg.: X-S =     1.470439 mb/sr,
+                                         /R =   2.9661E+01
    56.00 deg.: X-S =     1.292055 mb/sr,
+                                         /R =   2.7851E+01
    57.00 deg.: X-S =     1.131217 mb/sr,
+                                         /R =   2.6020E+01
    58.00 deg.: X-S =     0.986411 mb/sr,
+                                         /R =   2.4180E+01
    59.00 deg.: X-S =     0.856566 mb/sr,
+                                         /R =   2.2348E+01
    60.00 deg.: X-S =     0.740829 mb/sr,
+                                         /R =   2.0545E+01
    61.00 deg.: X-S =     0.638420 mb/sr,
+                                         /R =   1.8797E+01
    62.00 deg.: X-S =     0.548547 mb/sr,
+                                         /R =   1.7127E+01
    63.00 deg.: X-S =     0.470356 mb/sr,
+                                         /R =   1.5555E+01
    64.00 deg.: X-S =     0.402920 mb/sr,
+                                         /R =   1.4099E+01
    65.00 deg.: X-S =     0.345250 mb/sr,
+                                         /R =   1.2768E+01
    66.00 deg.: X-S =     0.296317 mb/sr,
+                                         /R =   1.1569E+01
    67.00 deg.: X-S =     0.255078 mb/sr,
+                                         /R =   1.0504E+01
    68.00 deg.: X-S =     0.220508 mb/sr,
+                                         /R =   9.5673E+00
    69.00 deg.: X-S =     0.191631 mb/sr,
+                                         /R =   8.7517E+00
    70.00 deg.: X-S =     0.167533 mb/sr,
+                                         /R =   8.0460E+00
    71.00 deg.: X-S =     0.147390 mb/sr,
+                                         /R =   7.4370E+00
    72.00 deg.: X-S =     0.130471 mb/sr,
+                                         /R =   6.9104E+00
    73.00 deg.: X-S =     0.116147 mb/sr,
+                                         /R =   6.4517E+00
    74.00 deg.: X-S =     0.103887 mb/sr,
+                                         /R =   6.0469E+00
    75.00 deg.: X-S =     0.093258 mb/sr,
+                                         /R =   5.6831E+00
    76.00 deg.: X-S =     0.083911 mb/sr,
+                                         /R =   5.3494E+00
    77.00 deg.: X-S =     0.075579 mb/sr,
+                                         /R =   5.0364E+00
    78.00 deg.: X-S =     0.068059 mb/sr,
+                                         /R =   4.7368E+00
    79.00 deg.: X-S =     0.061203 mb/sr,
+                                         /R =   4.4456E+00
    80.00 deg.: X-S =     0.054910 mb/sr,
+                                         /R =   4.1595E+00
    81.00 deg.: X-S =     0.049110 mb/sr,
+                                         /R =   3.8767E+00
    82.00 deg.: X-S =     0.043759 mb/sr,
+                                         /R =   3.5971E+00
    83.00 deg.: X-S =     0.038829 mb/sr,
+                                         /R =   3.3215E+00
    84.00 deg.: X-S =     0.034304 mb/sr,
+                                         /R =   3.0514E+00
    85.00 deg.: X-S =     0.030173 mb/sr,
+                                         /R =   2.7891E+00
    86.00 deg.: X-S =     0.026425 mb/sr,
+                                         /R =   2.5367E+00
    87.00 deg.: X-S =     0.023051 mb/sr,
+                                         /R =   2.2964E+00
    88.00 deg.: X-S =     0.020037 mb/sr,
+                                         /R =   2.0703E+00
    89.00 deg.: X-S =     0.017368 mb/sr,
+                                         /R =   1.8600E+00
    90.00 deg.: X-S =     0.015025 mb/sr,
+                                         /R =   1.6667E+00
    91.00 deg.: X-S =     0.012985 mb/sr,
+                                         /R =   1.4911E+00
    92.00 deg.: X-S =     0.011223 mb/sr,
+                                         /R =   1.3334E+00
    93.00 deg.: X-S =     0.009714 mb/sr,
+                                         /R =   1.1933E+00
    94.00 deg.: X-S =     0.008430 mb/sr,
+                                         /R =   1.0701E+00
    95.00 deg.: X-S =     0.007344 mb/sr,
+                                         /R =   9.6285E-01
    96.00 deg.: X-S =     0.006430 mb/sr,
+                                         /R =   8.7017E-01
    97.00 deg.: X-S =     0.005663 mb/sr,
+                                         /R =   7.9059E-01
    98.00 deg.: X-S =     0.005019 mb/sr,
+                                         /R =   7.2252E-01
    99.00 deg.: X-S =     0.004478 mb/sr,
+                                         /R =   6.6433E-01
   100.00 deg.: X-S =     0.004021 mb/sr,
+                                         /R =   6.1443E-01
   101.00 deg.: X-S =     0.003632 mb/sr,
+                                         /R =   5.7133E-01
   102.00 deg.: X-S =     0.003297 mb/sr,
+                                         /R =   5.3364E-01
   103.00 deg.: X-S =     0.003005 mb/sr,
+                                         /R =   5.0015E-01
   104.00 deg.: X-S =     0.002746 mb/sr,
+                                         /R =   4.6984E-01
   105.00 deg.: X-S =     0.002514 mb/sr,
+                                         /R =   4.4184E-01
   106.00 deg.: X-S =     0.002302 mb/sr,
+                                         /R =   4.1548E-01
   107.00 deg.: X-S =     0.002106 mb/sr,
+                                         /R =   3.9027E-01
   108.00 deg.: X-S =     0.001925 mb/sr,
+                                         /R =   3.6584E-01
   109.00 deg.: X-S =     0.001754 mb/sr,
+                                         /R =   3.4199E-01
   110.00 deg.: X-S =     0.001595 mb/sr,
+                                         /R =   3.1859E-01
   111.00 deg.: X-S =     0.001444 mb/sr,
+                                         /R =   2.9564E-01
   112.00 deg.: X-S =     0.001303 mb/sr,
+                                         /R =   2.7317E-01
   113.00 deg.: X-S =     0.001171 mb/sr,
+                                         /R =   2.5130E-01
   114.00 deg.: X-S =     0.001048 mb/sr,
+                                         /R =   2.3013E-01
   115.00 deg.: X-S =     0.000934 mb/sr,
+                                         /R =   2.0980E-01
   116.00 deg.: X-S =     0.000830 mb/sr,
+                                         /R =   1.9044E-01
   117.00 deg.: X-S =     0.000734 mb/sr,
+                                         /R =   1.7216E-01
   118.00 deg.: X-S =     0.000647 mb/sr,
+                                         /R =   1.5506E-01
   119.00 deg.: X-S =     0.000569 mb/sr,
+                                         /R =   1.3921E-01
   120.00 deg.: X-S =     0.000499 mb/sr,
+                                         /R =   1.2465E-01
   121.00 deg.: X-S =     0.000437 mb/sr,
+                                         /R =   1.1139E-01
   122.00 deg.: X-S =     0.000383 mb/sr,
+                                         /R =   9.9429E-02
   123.00 deg.: X-S =     0.000335 mb/sr,
+                                         /R =   8.8719E-02
   124.00 deg.: X-S =     0.000294 mb/sr,
+                                         /R =   7.9208E-02
   125.00 deg.: X-S =     0.000258 mb/sr,
+                                         /R =   7.0823E-02
   126.00 deg.: X-S =     0.000227 mb/sr,
+                                         /R =   6.3480E-02
   127.00 deg.: X-S =     0.000201 mb/sr,
+                                         /R =   5.7082E-02
   128.00 deg.: X-S =     0.000178 mb/sr,
+                                         /R =   5.1532E-02
   129.00 deg.: X-S =     0.000159 mb/sr,
+                                         /R =   4.6730E-02
   130.00 deg.: X-S =     0.000142 mb/sr,
+                                         /R =   4.2578E-02
   131.00 deg.: X-S =     0.000128 mb/sr,
+                                         /R =   3.8981E-02
   132.00 deg.: X-S =     0.000116 mb/sr,
+                                         /R =   3.5855E-02
   133.00 deg.: X-S =     0.000106 mb/sr,
+                                         /R =   3.3119E-02
   134.00 deg.: X-S =   9.6378E-05 mb/sr,
+                                         /R =   3.0704E-02
   135.00 deg.: X-S =   8.8313E-05 mb/sr,
+                                         /R =   2.8550E-02
   136.00 deg.: X-S =   8.1125E-05 mb/sr,
+                                         /R =   2.6603E-02
   137.00 deg.: X-S =   7.4646E-05 mb/sr,
+                                         /R =   2.4822E-02
   138.00 deg.: X-S =   6.8741E-05 mb/sr,
+                                         /R =   2.3171E-02
   139.00 deg.: X-S =   6.3307E-05 mb/sr,
+                                         /R =   2.1623E-02
   140.00 deg.: X-S =   5.8264E-05 mb/sr,
+                                         /R =   2.0159E-02
   141.00 deg.: X-S =   5.3554E-05 mb/sr,
+                                         /R =   1.8763E-02
   142.00 deg.: X-S =   4.9136E-05 mb/sr,
+                                         /R =   1.7426E-02
   143.00 deg.: X-S =   4.4978E-05 mb/sr,
+                                         /R =   1.6141E-02
   144.00 deg.: X-S =   4.1060E-05 mb/sr,
+                                         /R =   1.4906E-02
   145.00 deg.: X-S =   3.7368E-05 mb/sr,
+                                         /R =   1.3718E-02
   146.00 deg.: X-S =   3.3892E-05 mb/sr,
+                                         /R =   1.2578E-02
   147.00 deg.: X-S =   3.0626E-05 mb/sr,
+                                         /R =   1.1486E-02
   148.00 deg.: X-S =   2.7566E-05 mb/sr,
+                                         /R =   1.0444E-02
   149.00 deg.: X-S =   2.4708E-05 mb/sr,
+                                         /R =   9.4534E-03
   150.00 deg.: X-S =   2.2050E-05 mb/sr,
+                                         /R =   8.5172E-03
   151.00 deg.: X-S =   1.9590E-05 mb/sr,
+                                         /R =   7.6370E-03
   152.00 deg.: X-S =   1.7327E-05 mb/sr,
+                                         /R =   6.8148E-03
   153.00 deg.: X-S =   1.5258E-05 mb/sr,
+                                         /R =   6.0527E-03
   154.00 deg.: X-S =   1.3383E-05 mb/sr,
+                                         /R =   5.3527E-03
   155.00 deg.: X-S =   1.1701E-05 mb/sr,
+                                         /R =   4.7170E-03
   156.00 deg.: X-S =   1.0211E-05 mb/sr,
+                                         /R =   4.1478E-03
   157.00 deg.: X-S =   8.9134E-06 mb/sr,
+                                         /R =   3.6470E-03
   158.00 deg.: X-S =   7.8072E-06 mb/sr,
+                                         /R =   3.2166E-03
   159.00 deg.: X-S =   6.8921E-06 mb/sr,
+                                         /R =   2.8585E-03
   160.00 deg.: X-S =   6.1670E-06 mb/sr,
+                                         /R =   2.5739E-03
   161.00 deg.: X-S =   5.6299E-06 mb/sr,
+                                         /R =   2.3639E-03
   162.00 deg.: X-S =   5.2778E-06 mb/sr,
+                                         /R =   2.2287E-03
   163.00 deg.: X-S =   5.1057E-06 mb/sr,
+                                         /R =   2.1676E-03
   164.00 deg.: X-S =   5.1066E-06 mb/sr,
+                                         /R =   2.1790E-03
   165.00 deg.: X-S =   5.2707E-06 mb/sr,
+                                         /R =   2.2597E-03
   166.00 deg.: X-S =   5.5853E-06 mb/sr,
+                                         /R =   2.4053E-03
   167.00 deg.: X-S =   6.0349E-06 mb/sr,
+                                         /R =   2.6097E-03
   168.00 deg.: X-S =   6.6010E-06 mb/sr,
+                                         /R =   2.8654E-03
   169.00 deg.: X-S =   7.2622E-06 mb/sr,
+                                         /R =   3.1635E-03
   170.00 deg.: X-S =   7.9948E-06 mb/sr,
+                                         /R =   3.4938E-03
   171.00 deg.: X-S =   8.7730E-06 mb/sr,
+                                         /R =   3.8450E-03
   172.00 deg.: X-S =   9.5692E-06 mb/sr,
+                                         /R =   4.2049E-03
   173.00 deg.: X-S =   1.0355E-05 mb/sr,
+                                         /R =   4.5607E-03
   174.00 deg.: X-S =   1.1103E-05 mb/sr,
+                                         /R =   4.8997E-03
   175.00 deg.: X-S =   1.1785E-05 mb/sr,
+                                         /R =   5.2096E-03
   176.00 deg.: X-S =   1.2379E-05 mb/sr,
+                                         /R =   5.4794E-03
   177.00 deg.: X-S =   1.2862E-05 mb/sr,
+                                         /R =   5.6996E-03
   178.00 deg.: X-S =   1.3220E-05 mb/sr,
+                                         /R =   5.8623E-03
   179.00 deg.: X-S =   1.3439E-05 mb/sr,
+                                         /R =   5.9622E-03
   179.99 deg.: X-S =   1.3513E-05 mb/sr,
+                                         /R =   5.9959E-03
                                           Integrated********** mb, over [   0.000, 180.000] at    90.0000 MeV 

 CROSS SECTIONS FOR OUTGOING 3He      & 7He      in state #   1 with spins & parities 0.5  + &  1.5  +;  0

     0.00 deg.: X-S =     1.161231 mb/sr,
+                                         REAC   1.0192E+00 mb
     1.00 deg.: X-S =     1.130613 mb/sr,
     2.00 deg.: X-S =     1.042291 mb/sr,
     3.00 deg.: X-S =     0.906364 mb/sr,
     4.00 deg.: X-S =     0.738125 mb/sr,
     5.00 deg.: X-S =     0.556012 mb/sr,
     6.00 deg.: X-S =     0.379221 mb/sr,
     7.00 deg.: X-S =     0.225344 mb/sr,
     8.00 deg.: X-S =     0.108369 mb/sr,
     9.00 deg.: X-S =     0.037303 mb/sr,
    10.00 deg.: X-S =     0.015548 mb/sr,
    11.00 deg.: X-S =     0.041056 mb/sr,
    12.00 deg.: X-S =     0.107133 mb/sr,
    13.00 deg.: X-S =     0.203722 mb/sr,
    14.00 deg.: X-S =     0.318924 mb/sr,
    15.00 deg.: X-S =     0.440525 mb/sr,
    16.00 deg.: X-S =     0.557337 mb/sr,
    17.00 deg.: X-S =     0.660211 mb/sr,
    18.00 deg.: X-S =     0.742658 mb/sr,
    19.00 deg.: X-S =     0.801060 mb/sr,
    20.00 deg.: X-S =     0.834534 mb/sr,
    21.00 deg.: X-S =     0.844524 mb/sr,
    22.00 deg.: X-S =     0.834215 mb/sr,
    23.00 deg.: X-S =     0.807886 mb/sr,
    24.00 deg.: X-S =     0.770275 mb/sr,
    25.00 deg.: X-S =     0.726024 mb/sr,
    26.00 deg.: X-S =     0.679260 mb/sr,
    27.00 deg.: X-S =     0.633312 mb/sr,
    28.00 deg.: X-S =     0.590575 mb/sr,
    29.00 deg.: X-S =     0.552497 mb/sr,
    30.00 deg.: X-S =     0.519664 mb/sr,
    31.00 deg.: X-S =     0.491955 mb/sr,
    32.00 deg.: X-S =     0.468728 mb/sr,
    33.00 deg.: X-S =     0.449014 mb/sr,
    34.00 deg.: X-S =     0.431707 mb/sr,
    35.00 deg.: X-S =     0.415707 mb/sr,
    36.00 deg.: X-S =     0.400044 mb/sr,
    37.00 deg.: X-S =     0.383952 mb/sr,
    38.00 deg.: X-S =     0.366906 mb/sr,
    39.00 deg.: X-S =     0.348628 mb/sr,
    40.00 deg.: X-S =     0.329067 mb/sr,
    41.00 deg.: X-S =     0.308360 mb/sr,
    42.00 deg.: X-S =     0.286787 mb/sr,
    43.00 deg.: X-S =     0.264715 mb/sr,
    44.00 deg.: X-S =     0.242557 mb/sr,
    45.00 deg.: X-S =     0.220723 mb/sr,
    46.00 deg.: X-S =     0.199590 mb/sr,
    47.00 deg.: X-S =     0.179477 mb/sr,
    48.00 deg.: X-S =     0.160631 mb/sr,
    49.00 deg.: X-S =     0.143224 mb/sr,
    50.00 deg.: X-S =     0.127350 mb/sr,
    51.00 deg.: X-S =     0.113034 mb/sr,
    52.00 deg.: X-S =     0.100244 mb/sr,
    53.00 deg.: X-S =     0.088903 mb/sr,
    54.00 deg.: X-S =     0.078900 mb/sr,
    55.00 deg.: X-S =     0.070105 mb/sr,
    56.00 deg.: X-S =     0.062378 mb/sr,
    57.00 deg.: X-S =     0.055581 mb/sr,
    58.00 deg.: X-S =     0.049580 mb/sr,
    59.00 deg.: X-S =     0.044258 mb/sr,
    60.00 deg.: X-S =     0.039507 mb/sr,
    61.00 deg.: X-S =     0.035241 mb/sr,
    62.00 deg.: X-S =     0.031387 mb/sr,
    63.00 deg.: X-S =     0.027887 mb/sr,
    64.00 deg.: X-S =     0.024697 mb/sr,
    65.00 deg.: X-S =     0.021784 mb/sr,
    66.00 deg.: X-S =     0.019124 mb/sr,
    67.00 deg.: X-S =     0.016698 mb/sr,
    68.00 deg.: X-S =     0.014492 mb/sr,
    69.00 deg.: X-S =     0.012497 mb/sr,
    70.00 deg.: X-S =     0.010703 mb/sr,
    71.00 deg.: X-S =     0.009101 mb/sr,
    72.00 deg.: X-S =     0.007682 mb/sr,
    73.00 deg.: X-S =     0.006435 mb/sr,
    74.00 deg.: X-S =     0.005351 mb/sr,
    75.00 deg.: X-S =     0.004417 mb/sr,
    76.00 deg.: X-S =     0.003620 mb/sr,
    77.00 deg.: X-S =     0.002949 mb/sr,
    78.00 deg.: X-S =     0.002390 mb/sr,
    79.00 deg.: X-S =     0.001930 mb/sr,
    80.00 deg.: X-S =     0.001556 mb/sr,
    81.00 deg.: X-S =     0.001256 mb/sr,
    82.00 deg.: X-S =     0.001019 mb/sr,
    83.00 deg.: X-S =     0.000835 mb/sr,
    84.00 deg.: X-S =     0.000694 mb/sr,
    85.00 deg.: X-S =     0.000587 mb/sr,
    86.00 deg.: X-S =     0.000508 mb/sr,
    87.00 deg.: X-S =     0.000450 mb/sr,
    88.00 deg.: X-S =     0.000408 mb/sr,
    89.00 deg.: X-S =     0.000377 mb/sr,
    90.00 deg.: X-S =     0.000355 mb/sr,
    91.00 deg.: X-S =     0.000338 mb/sr,
    92.00 deg.: X-S =     0.000324 mb/sr,
    93.00 deg.: X-S =     0.000311 mb/sr,
    94.00 deg.: X-S =     0.000299 mb/sr,
    95.00 deg.: X-S =     0.000287 mb/sr,
    96.00 deg.: X-S =     0.000275 mb/sr,
    97.00 deg.: X-S =     0.000261 mb/sr,
    98.00 deg.: X-S =     0.000246 mb/sr,
    99.00 deg.: X-S =     0.000231 mb/sr,
   100.00 deg.: X-S =     0.000215 mb/sr,
   101.00 deg.: X-S =     0.000198 mb/sr,
   102.00 deg.: X-S =     0.000181 mb/sr,
   103.00 deg.: X-S =     0.000164 mb/sr,
   104.00 deg.: X-S =     0.000148 mb/sr,
   105.00 deg.: X-S =     0.000131 mb/sr,
   106.00 deg.: X-S =     0.000116 mb/sr,
   107.00 deg.: X-S =     0.000101 mb/sr,
   108.00 deg.: X-S =   8.7334E-05 mb/sr,
   109.00 deg.: X-S =   7.4585E-05 mb/sr,
   110.00 deg.: X-S =   6.2931E-05 mb/sr,
   111.00 deg.: X-S =   5.2410E-05 mb/sr,
   112.00 deg.: X-S =   4.3034E-05 mb/sr,
   113.00 deg.: X-S =   3.4797E-05 mb/sr,
   114.00 deg.: X-S =   2.7670E-05 mb/sr,
   115.00 deg.: X-S =   2.1613E-05 mb/sr,
   116.00 deg.: X-S =   1.6570E-05 mb/sr,
   117.00 deg.: X-S =   1.2477E-05 mb/sr,
   118.00 deg.: X-S =   9.2613E-06 mb/sr,
   119.00 deg.: X-S =   6.8454E-06 mb/sr,
   120.00 deg.: X-S =   5.1477E-06 mb/sr,
   121.00 deg.: X-S =   4.0846E-06 mb/sr,
   122.00 deg.: X-S =   3.5722E-06 mb/sr,
   123.00 deg.: X-S =   3.5269E-06 mb/sr,
   124.00 deg.: X-S =   3.8675E-06 mb/sr,
   125.00 deg.: X-S =   4.5152E-06 mb/sr,
   126.00 deg.: X-S =   5.3958E-06 mb/sr,
   127.00 deg.: X-S =   6.4394E-06 mb/sr,
   128.00 deg.: X-S =   7.5820E-06 mb/sr,
   129.00 deg.: X-S =   8.7656E-06 mb/sr,
   130.00 deg.: X-S =   9.9390E-06 mb/sr,
   131.00 deg.: X-S =   1.1058E-05 mb/sr,
   132.00 deg.: X-S =   1.2086E-05 mb/sr,
   133.00 deg.: X-S =   1.2993E-05 mb/sr,
   134.00 deg.: X-S =   1.3758E-05 mb/sr,
   135.00 deg.: X-S =   1.4363E-05 mb/sr,
   136.00 deg.: X-S =   1.4802E-05 mb/sr,
   137.00 deg.: X-S =   1.5070E-05 mb/sr,
   138.00 deg.: X-S =   1.5171E-05 mb/sr,
   139.00 deg.: X-S =   1.5112E-05 mb/sr,
   140.00 deg.: X-S =   1.4903E-05 mb/sr,
   141.00 deg.: X-S =   1.4560E-05 mb/sr,
   142.00 deg.: X-S =   1.4097E-05 mb/sr,
   143.00 deg.: X-S =   1.3534E-05 mb/sr,
   144.00 deg.: X-S =   1.2889E-05 mb/sr,
   145.00 deg.: X-S =   1.2182E-05 mb/sr,
   146.00 deg.: X-S =   1.1429E-05 mb/sr,
   147.00 deg.: X-S =   1.0650E-05 mb/sr,
   148.00 deg.: X-S =   9.8607E-06 mb/sr,
   149.00 deg.: X-S =   9.0753E-06 mb/sr,
   150.00 deg.: X-S =   8.3070E-06 mb/sr,
   151.00 deg.: X-S =   7.5669E-06 mb/sr,
   152.00 deg.: X-S =   6.8638E-06 mb/sr,
   153.00 deg.: X-S =   6.2050E-06 mb/sr,
   154.00 deg.: X-S =   5.5958E-06 mb/sr,
   155.00 deg.: X-S =   5.0398E-06 mb/sr,
   156.00 deg.: X-S =   4.5389E-06 mb/sr,
   157.00 deg.: X-S =   4.0940E-06 mb/sr,
   158.00 deg.: X-S =   3.7044E-06 mb/sr,
   159.00 deg.: X-S =   3.3688E-06 mb/sr,
   160.00 deg.: X-S =   3.0849E-06 mb/sr,
   161.00 deg.: X-S =   2.8497E-06 mb/sr,
   162.00 deg.: X-S =   2.6599E-06 mb/sr,
   163.00 deg.: X-S =   2.5117E-06 mb/sr,
   164.00 deg.: X-S =   2.4012E-06 mb/sr,
   165.00 deg.: X-S =   2.3242E-06 mb/sr,
   166.00 deg.: X-S =   2.2767E-06 mb/sr,
   167.00 deg.: X-S =   2.2543E-06 mb/sr,
   168.00 deg.: X-S =   2.2531E-06 mb/sr,
   169.00 deg.: X-S =   2.2691E-06 mb/sr,
   170.00 deg.: X-S =   2.2983E-06 mb/sr,
   171.00 deg.: X-S =   2.3371E-06 mb/sr,
   172.00 deg.: X-S =   2.3821E-06 mb/sr,
   173.00 deg.: X-S =   2.4300E-06 mb/sr,
   174.00 deg.: X-S =   2.4778E-06 mb/sr,
   175.00 deg.: X-S =   2.5230E-06 mb/sr,
   176.00 deg.: X-S =   2.5632E-06 mb/sr,
   177.00 deg.: X-S =   2.5966E-06 mb/sr,
   178.00 deg.: X-S =   2.6215E-06 mb/sr,
   179.00 deg.: X-S =   2.6369E-06 mb/sr,
   180.00 deg.: X-S =   2.6421E-06 mb/sr,
                                           Integrated    1.0191 mb, over [   0.000, 180.000] at    90.0000 MeV 

 CROSS SECTIONS FOR OUTGOING 3He      & 7He      in state #   2 with spins & parities 0.5  + &  1.5  -;  0

     0.00 deg.: X-S =     0.126410 mb/sr,
+                                         REAC   1.2013E+00 mb
     1.00 deg.: X-S =     0.155792 mb/sr,
     2.00 deg.: X-S =     0.240329 mb/sr,
     3.00 deg.: X-S =     0.369720 mb/sr,
     4.00 deg.: X-S =     0.528463 mb/sr,
     5.00 deg.: X-S =     0.698056 mb/sr,
     6.00 deg.: X-S =     0.859541 mb/sr,
     7.00 deg.: X-S =     0.995984 mb/sr,
     8.00 deg.: X-S =     1.094511 mb/sr,
     9.00 deg.: X-S =     1.147642 mb/sr,
    10.00 deg.: X-S =     1.153769 mb/sr,
    11.00 deg.: X-S =     1.116798 mb/sr,
    12.00 deg.: X-S =     1.045106 mb/sr,
    13.00 deg.: X-S =     0.950012 mb/sr,
    14.00 deg.: X-S =     0.844077 mb/sr,
    15.00 deg.: X-S =     0.739446 mb/sr,
    16.00 deg.: X-S =     0.646485 mb/sr,
    17.00 deg.: X-S =     0.572826 mb/sr,
    18.00 deg.: X-S =     0.522886 mb/sr,
    19.00 deg.: X-S =     0.497849 mb/sr,
    20.00 deg.: X-S =     0.496027 mb/sr,
    21.00 deg.: X-S =     0.513492 mb/sr,
    22.00 deg.: X-S =     0.544859 mb/sr,
    23.00 deg.: X-S =     0.584088 mb/sr,
    24.00 deg.: X-S =     0.625221 mb/sr,
    25.00 deg.: X-S =     0.662975 mb/sr,
    26.00 deg.: X-S =     0.693152 mb/sr,
    27.00 deg.: X-S =     0.712863 mb/sr,
    28.00 deg.: X-S =     0.720574 mb/sr,
    29.00 deg.: X-S =     0.716009 mb/sr,
    30.00 deg.: X-S =     0.699946 mb/sr,
    31.00 deg.: X-S =     0.673955 mb/sr,
    32.00 deg.: X-S =     0.640108 mb/sr,
    33.00 deg.: X-S =     0.600713 mb/sr,
    34.00 deg.: X-S =     0.558064 mb/sr,
    35.00 deg.: X-S =     0.514263 mb/sr,
    36.00 deg.: X-S =     0.471084 mb/sr,
    37.00 deg.: X-S =     0.429903 mb/sr,
    38.00 deg.: X-S =     0.391675 mb/sr,
    39.00 deg.: X-S =     0.356953 mb/sr,
    40.00 deg.: X-S =     0.325937 mb/sr,
    41.00 deg.: X-S =     0.298545 mb/sr,
    42.00 deg.: X-S =     0.274486 mb/sr,
    43.00 deg.: X-S =     0.253337 mb/sr,
    44.00 deg.: X-S =     0.234610 mb/sr,
    45.00 deg.: X-S =     0.217813 mb/sr,
    46.00 deg.: X-S =     0.202488 mb/sr,
    47.00 deg.: X-S =     0.188246 mb/sr,
    48.00 deg.: X-S =     0.174778 mb/sr,
    49.00 deg.: X-S =     0.161863 mb/sr,
    50.00 deg.: X-S =     0.149363 mb/sr,
    51.00 deg.: X-S =     0.137213 mb/sr,
    52.00 deg.: X-S =     0.125405 mb/sr,
    53.00 deg.: X-S =     0.113975 mb/sr,
    54.00 deg.: X-S =     0.102985 mb/sr,
    55.00 deg.: X-S =     0.092508 mb/sr,
    56.00 deg.: X-S =     0.082619 mb/sr,
    57.00 deg.: X-S =     0.073383 mb/sr,
    58.00 deg.: X-S =     0.064849 mb/sr,
    59.00 deg.: X-S =     0.057048 mb/sr,
    60.00 deg.: X-S =     0.049992 mb/sr,
    61.00 deg.: X-S =     0.043672 mb/sr,
    62.00 deg.: X-S =     0.038062 mb/sr,
    63.00 deg.: X-S =     0.033122 mb/sr,
    64.00 deg.: X-S =     0.028802 mb/sr,
    65.00 deg.: X-S =     0.025047 mb/sr,
    66.00 deg.: X-S =     0.021795 mb/sr,
    67.00 deg.: X-S =     0.018985 mb/sr,
    68.00 deg.: X-S =     0.016560 mb/sr,
    69.00 deg.: X-S =     0.014465 mb/sr,
    70.00 deg.: X-S =     0.012650 mb/sr,
    71.00 deg.: X-S =     0.011072 mb/sr,
    72.00 deg.: X-S =     0.009694 mb/sr,
    73.00 deg.: X-S =     0.008485 mb/sr,
    74.00 deg.: X-S =     0.007419 mb/sr,
    75.00 deg.: X-S =     0.006475 mb/sr,
    76.00 deg.: X-S =     0.005636 mb/sr,
    77.00 deg.: X-S =     0.004890 mb/sr,
    78.00 deg.: X-S =     0.004226 mb/sr,
    79.00 deg.: X-S =     0.003636 mb/sr,
    80.00 deg.: X-S =     0.003113 mb/sr,
    81.00 deg.: X-S =     0.002652 mb/sr,
    82.00 deg.: X-S =     0.002247 mb/sr,
    83.00 deg.: X-S =     0.001894 mb/sr,
    84.00 deg.: X-S =     0.001588 mb/sr,
    85.00 deg.: X-S =     0.001325 mb/sr,
    86.00 deg.: X-S =     0.001101 mb/sr,
    87.00 deg.: X-S =     0.000913 mb/sr,
    88.00 deg.: X-S =     0.000755 mb/sr,
    89.00 deg.: X-S =     0.000624 mb/sr,
    90.00 deg.: X-S =     0.000517 mb/sr,
    91.00 deg.: X-S =     0.000429 mb/sr,
    92.00 deg.: X-S =     0.000359 mb/sr,
    93.00 deg.: X-S =     0.000303 mb/sr,
    94.00 deg.: X-S =     0.000258 mb/sr,
    95.00 deg.: X-S =     0.000222 mb/sr,
    96.00 deg.: X-S =     0.000194 mb/sr,
    97.00 deg.: X-S =     0.000171 mb/sr,
    98.00 deg.: X-S =     0.000153 mb/sr,
    99.00 deg.: X-S =     0.000138 mb/sr,
   100.00 deg.: X-S =     0.000125 mb/sr,
   101.00 deg.: X-S =     0.000114 mb/sr,
   102.00 deg.: X-S =     0.000104 mb/sr,
   103.00 deg.: X-S =   9.5604E-05 mb/sr,
   104.00 deg.: X-S =   8.7540E-05 mb/sr,
   105.00 deg.: X-S =   7.9999E-05 mb/sr,
   106.00 deg.: X-S =   7.2892E-05 mb/sr,
   107.00 deg.: X-S =   6.6173E-05 mb/sr,
   108.00 deg.: X-S =   5.9825E-05 mb/sr,
   109.00 deg.: X-S =   5.3851E-05 mb/sr,
   110.00 deg.: X-S =   4.8263E-05 mb/sr,
   111.00 deg.: X-S =   4.3076E-05 mb/sr,
   112.00 deg.: X-S =   3.8301E-05 mb/sr,
   113.00 deg.: X-S =   3.3949E-05 mb/sr,
   114.00 deg.: X-S =   3.0022E-05 mb/sr,
   115.00 deg.: X-S =   2.6517E-05 mb/sr,
   116.00 deg.: X-S =   2.3426E-05 mb/sr,
   117.00 deg.: X-S =   2.0736E-05 mb/sr,
   118.00 deg.: X-S =   1.8427E-05 mb/sr,
   119.00 deg.: X-S =   1.6478E-05 mb/sr,
   120.00 deg.: X-S =   1.4864E-05 mb/sr,
   121.00 deg.: X-S =   1.3557E-05 mb/sr,
   122.00 deg.: X-S =   1.2529E-05 mb/sr,
   123.00 deg.: X-S =   1.1750E-05 mb/sr,
   124.00 deg.: X-S =   1.1189E-05 mb/sr,
   125.00 deg.: X-S =   1.0815E-05 mb/sr,
   126.00 deg.: X-S =   1.0598E-05 mb/sr,
   127.00 deg.: X-S =   1.0508E-05 mb/sr,
   128.00 deg.: X-S =   1.0517E-05 mb/sr,
   129.00 deg.: X-S =   1.0597E-05 mb/sr,
   130.00 deg.: X-S =   1.0723E-05 mb/sr,
   131.00 deg.: X-S =   1.0873E-05 mb/sr,
   132.00 deg.: X-S =   1.1025E-05 mb/sr,
   133.00 deg.: X-S =   1.1162E-05 mb/sr,
   134.00 deg.: X-S =   1.1270E-05 mb/sr,
   135.00 deg.: X-S =   1.1336E-05 mb/sr,
   136.00 deg.: X-S =   1.1352E-05 mb/sr,
   137.00 deg.: X-S =   1.1313E-05 mb/sr,
   138.00 deg.: X-S =   1.1214E-05 mb/sr,
   139.00 deg.: X-S =   1.1057E-05 mb/sr,
   140.00 deg.: X-S =   1.0842E-05 mb/sr,
   141.00 deg.: X-S =   1.0573E-05 mb/sr,
   142.00 deg.: X-S =   1.0256E-05 mb/sr,
   143.00 deg.: X-S =   9.8970E-06 mb/sr,
   144.00 deg.: X-S =   9.5029E-06 mb/sr,
   145.00 deg.: X-S =   9.0815E-06 mb/sr,
   146.00 deg.: X-S =   8.6402E-06 mb/sr,
   147.00 deg.: X-S =   8.1866E-06 mb/sr,
   148.00 deg.: X-S =   7.7277E-06 mb/sr,
   149.00 deg.: X-S =   7.2698E-06 mb/sr,
   150.00 deg.: X-S =   6.8185E-06 mb/sr,
   151.00 deg.: X-S =   6.3787E-06 mb/sr,
   152.00 deg.: X-S =   5.9543E-06 mb/sr,
   153.00 deg.: X-S =   5.5485E-06 mb/sr,
   154.00 deg.: X-S =   5.1634E-06 mb/sr,
   155.00 deg.: X-S =   4.8006E-06 mb/sr,
   156.00 deg.: X-S =   4.4610E-06 mb/sr,
   157.00 deg.: X-S =   4.1448E-06 mb/sr,
   158.00 deg.: X-S =   3.8519E-06 mb/sr,
   159.00 deg.: X-S =   3.5815E-06 mb/sr,
   160.00 deg.: X-S =   3.3329E-06 mb/sr,
   161.00 deg.: X-S =   3.1050E-06 mb/sr,
   162.00 deg.: X-S =   2.8967E-06 mb/sr,
   163.00 deg.: X-S =   2.7066E-06 mb/sr,
   164.00 deg.: X-S =   2.5336E-06 mb/sr,
   165.00 deg.: X-S =   2.3765E-06 mb/sr,
   166.00 deg.: X-S =   2.2342E-06 mb/sr,
   167.00 deg.: X-S =   2.1056E-06 mb/sr,
   168.00 deg.: X-S =   1.9898E-06 mb/sr,
   169.00 deg.: X-S =   1.8859E-06 mb/sr,
   170.00 deg.: X-S =   1.7933E-06 mb/sr,
   171.00 deg.: X-S =   1.7112E-06 mb/sr,
   172.00 deg.: X-S =   1.6392E-06 mb/sr,
   173.00 deg.: X-S =   1.5767E-06 mb/sr,
   174.00 deg.: X-S =   1.5233E-06 mb/sr,
   175.00 deg.: X-S =   1.4786E-06 mb/sr,
   176.00 deg.: X-S =   1.4425E-06 mb/sr,
   177.00 deg.: X-S =   1.4146E-06 mb/sr,
   178.00 deg.: X-S =   1.3948E-06 mb/sr,
   179.00 deg.: X-S =   1.3830E-06 mb/sr,
   180.00 deg.: X-S =   1.3791E-06 mb/sr,
                                           Integrated    1.2013 mb, over [   0.000, 180.000] at    90.0000 MeV 

 CROSS SECTIONS FOR OUTGOING 3He      & 7He      in state #   3 with spins & parities 0.5  + &  1.5  +;  0

     0.00 deg.: X-S =     0.523957 mb/sr,
+                                         REAC   6.1098E-01 mb
     1.00 deg.: X-S =     0.515800 mb/sr,
     2.00 deg.: X-S =     0.492638 mb/sr,
     3.00 deg.: X-S =     0.458171 mb/sr,
     4.00 deg.: X-S =     0.417853 mb/sr,
     5.00 deg.: X-S =     0.377974 mb/sr,
     6.00 deg.: X-S =     0.344617 mb/sr,
     7.00 deg.: X-S =     0.322690 mb/sr,
     8.00 deg.: X-S =     0.315194 mb/sr,
     9.00 deg.: X-S =     0.322832 mb/sr,
    10.00 deg.: X-S =     0.344014 mb/sr,
    11.00 deg.: X-S =     0.375214 mb/sr,
    12.00 deg.: X-S =     0.411600 mb/sr,
    13.00 deg.: X-S =     0.447807 mb/sr,
    14.00 deg.: X-S =     0.478723 mb/sr,
    15.00 deg.: X-S =     0.500157 mb/sr,
    16.00 deg.: X-S =     0.509321 mb/sr,
    17.00 deg.: X-S =     0.505058 mb/sr,
    18.00 deg.: X-S =     0.487833 mb/sr,
    19.00 deg.: X-S =     0.459514 mb/sr,
    20.00 deg.: X-S =     0.422998 mb/sr,
    21.00 deg.: X-S =     0.381763 mb/sr,
    22.00 deg.: X-S =     0.339407 mb/sr,
    23.00 deg.: X-S =     0.299240 mb/sr,
    24.00 deg.: X-S =     0.263960 mb/sr,
    25.00 deg.: X-S =     0.235456 mb/sr,
    26.00 deg.: X-S =     0.214726 mb/sr,
    27.00 deg.: X-S =     0.201899 mb/sr,
    28.00 deg.: X-S =     0.196356 mb/sr,
    29.00 deg.: X-S =     0.196898 mb/sr,
    30.00 deg.: X-S =     0.201953 mb/sr,
    31.00 deg.: X-S =     0.209782 mb/sr,
    32.00 deg.: X-S =     0.218667 mb/sr,
    33.00 deg.: X-S =     0.227062 mb/sr,
    34.00 deg.: X-S =     0.233707 mb/sr,
    35.00 deg.: X-S =     0.237685 mb/sr,
    36.00 deg.: X-S =     0.238448 mb/sr,
    37.00 deg.: X-S =     0.235796 mb/sr,
    38.00 deg.: X-S =     0.229832 mb/sr,
    39.00 deg.: X-S =     0.220906 mb/sr,
    40.00 deg.: X-S =     0.209533 mb/sr,
    41.00 deg.: X-S =     0.196330 mb/sr,
    42.00 deg.: X-S =     0.181944 mb/sr,
    43.00 deg.: X-S =     0.167001 mb/sr,
    44.00 deg.: X-S =     0.152059 mb/sr,
    45.00 deg.: X-S =     0.137586 mb/sr,
    46.00 deg.: X-S =     0.123938 mb/sr,
    47.00 deg.: X-S =     0.111363 mb/sr,
    48.00 deg.: X-S =     0.100002 mb/sr,
    49.00 deg.: X-S =     0.089901 mb/sr,
    50.00 deg.: X-S =     0.081036 mb/sr,
    51.00 deg.: X-S =     0.073321 mb/sr,
    52.00 deg.: X-S =     0.066635 mb/sr,
    53.00 deg.: X-S =     0.060837 mb/sr,
    54.00 deg.: X-S =     0.055778 mb/sr,
    55.00 deg.: X-S =     0.051316 mb/sr,
    56.00 deg.: X-S =     0.047322 mb/sr,
    57.00 deg.: X-S =     0.043687 mb/sr,
    58.00 deg.: X-S =     0.040324 mb/sr,
    59.00 deg.: X-S =     0.037166 mb/sr,
    60.00 deg.: X-S =     0.034169 mb/sr,
    61.00 deg.: X-S =     0.031303 mb/sr,
    62.00 deg.: X-S =     0.028557 mb/sr,
    63.00 deg.: X-S =     0.025927 mb/sr,
    64.00 deg.: X-S =     0.023418 mb/sr,
    65.00 deg.: X-S =     0.021039 mb/sr,
    66.00 deg.: X-S =     0.018800 mb/sr,
    67.00 deg.: X-S =     0.016713 mb/sr,
    68.00 deg.: X-S =     0.014783 mb/sr,
    69.00 deg.: X-S =     0.013017 mb/sr,
    70.00 deg.: X-S =     0.011416 mb/sr,
    71.00 deg.: X-S =     0.009977 mb/sr,
    72.00 deg.: X-S =     0.008697 mb/sr,
    73.00 deg.: X-S =     0.007565 mb/sr,
    74.00 deg.: X-S =     0.006574 mb/sr,
    75.00 deg.: X-S =     0.005710 mb/sr,
    76.00 deg.: X-S =     0.004961 mb/sr,
    77.00 deg.: X-S =     0.004315 mb/sr,
    78.00 deg.: X-S =     0.003758 mb/sr,
    79.00 deg.: X-S =     0.003279 mb/sr,
    80.00 deg.: X-S =     0.002865 mb/sr,
    81.00 deg.: X-S =     0.002508 mb/sr,
    82.00 deg.: X-S =     0.002198 mb/sr,
    83.00 deg.: X-S =     0.001928 mb/sr,
    84.00 deg.: X-S =     0.001691 mb/sr,
    85.00 deg.: X-S =     0.001482 mb/sr,
    86.00 deg.: X-S =     0.001296 mb/sr,
    87.00 deg.: X-S =     0.001131 mb/sr,
    88.00 deg.: X-S =     0.000983 mb/sr,
    89.00 deg.: X-S =     0.000851 mb/sr,
    90.00 deg.: X-S =     0.000733 mb/sr,
    91.00 deg.: X-S =     0.000628 mb/sr,
    92.00 deg.: X-S =     0.000535 mb/sr,
    93.00 deg.: X-S =     0.000453 mb/sr,
    94.00 deg.: X-S =     0.000381 mb/sr,
    95.00 deg.: X-S =     0.000318 mb/sr,
    96.00 deg.: X-S =     0.000264 mb/sr,
    97.00 deg.: X-S =     0.000219 mb/sr,
    98.00 deg.: X-S =     0.000181 mb/sr,
    99.00 deg.: X-S =     0.000149 mb/sr,
   100.00 deg.: X-S =     0.000123 mb/sr,
   101.00 deg.: X-S =     0.000103 mb/sr,
   102.00 deg.: X-S =   8.6732E-05 mb/sr,
   103.00 deg.: X-S =   7.4385E-05 mb/sr,
   104.00 deg.: X-S =   6.5113E-05 mb/sr,
   105.00 deg.: X-S =   5.8313E-05 mb/sr,
   106.00 deg.: X-S =   5.3442E-05 mb/sr,
   107.00 deg.: X-S =   5.0024E-05 mb/sr,
   108.00 deg.: X-S =   4.7649E-05 mb/sr,
   109.00 deg.: X-S =   4.5977E-05 mb/sr,
   110.00 deg.: X-S =   4.4732E-05 mb/sr,
   111.00 deg.: X-S =   4.3698E-05 mb/sr,
   112.00 deg.: X-S =   4.2715E-05 mb/sr,
   113.00 deg.: X-S =   4.1672E-05 mb/sr,
   114.00 deg.: X-S =   4.0497E-05 mb/sr,
   115.00 deg.: X-S =   3.9154E-05 mb/sr,
   116.00 deg.: X-S =   3.7631E-05 mb/sr,
   117.00 deg.: X-S =   3.5938E-05 mb/sr,
   118.00 deg.: X-S =   3.4098E-05 mb/sr,
   119.00 deg.: X-S =   3.2145E-05 mb/sr,
   120.00 deg.: X-S =   3.0115E-05 mb/sr,
   121.00 deg.: X-S =   2.8048E-05 mb/sr,
   122.00 deg.: X-S =   2.5983E-05 mb/sr,
   123.00 deg.: X-S =   2.3955E-05 mb/sr,
   124.00 deg.: X-S =   2.1995E-05 mb/sr,
   125.00 deg.: X-S =   2.0130E-05 mb/sr,
   126.00 deg.: X-S =   1.8383E-05 mb/sr,
   127.00 deg.: X-S =   1.6770E-05 mb/sr,
   128.00 deg.: X-S =   1.5304E-05 mb/sr,
   129.00 deg.: X-S =   1.3993E-05 mb/sr,
   130.00 deg.: X-S =   1.2841E-05 mb/sr,
   131.00 deg.: X-S =   1.1849E-05 mb/sr,
   132.00 deg.: X-S =   1.1015E-05 mb/sr,
   133.00 deg.: X-S =   1.0333E-05 mb/sr,
   134.00 deg.: X-S =   9.7986E-06 mb/sr,
   135.00 deg.: X-S =   9.4018E-06 mb/sr,
   136.00 deg.: X-S =   9.1333E-06 mb/sr,
   137.00 deg.: X-S =   8.9824E-06 mb/sr,
   138.00 deg.: X-S =   8.9373E-06 mb/sr,
   139.00 deg.: X-S =   8.9858E-06 mb/sr,
   140.00 deg.: X-S =   9.1153E-06 mb/sr,
   141.00 deg.: X-S =   9.3128E-06 mb/sr,
   142.00 deg.: X-S =   9.5655E-06 mb/sr,
   143.00 deg.: X-S =   9.8609E-06 mb/sr,
   144.00 deg.: X-S =   1.0186E-05 mb/sr,
   145.00 deg.: X-S =   1.0531E-05 mb/sr,
   146.00 deg.: X-S =   1.0882E-05 mb/sr,
   147.00 deg.: X-S =   1.1231E-05 mb/sr,
   148.00 deg.: X-S =   1.1567E-05 mb/sr,
   149.00 deg.: X-S =   1.1883E-05 mb/sr,
   150.00 deg.: X-S =   1.2171E-05 mb/sr,
   151.00 deg.: X-S =   1.2426E-05 mb/sr,
   152.00 deg.: X-S =   1.2642E-05 mb/sr,
   153.00 deg.: X-S =   1.2815E-05 mb/sr,
   154.00 deg.: X-S =   1.2944E-05 mb/sr,
   155.00 deg.: X-S =   1.3028E-05 mb/sr,
   156.00 deg.: X-S =   1.3066E-05 mb/sr,
   157.00 deg.: X-S =   1.3058E-05 mb/sr,
   158.00 deg.: X-S =   1.3008E-05 mb/sr,
   159.00 deg.: X-S =   1.2917E-05 mb/sr,
   160.00 deg.: X-S =   1.2790E-05 mb/sr,
   161.00 deg.: X-S =   1.2629E-05 mb/sr,
   162.00 deg.: X-S =   1.2439E-05 mb/sr,
   163.00 deg.: X-S =   1.2226E-05 mb/sr,
   164.00 deg.: X-S =   1.1993E-05 mb/sr,
   165.00 deg.: X-S =   1.1746E-05 mb/sr,
   166.00 deg.: X-S =   1.1490E-05 mb/sr,
   167.00 deg.: X-S =   1.1230E-05 mb/sr,
   168.00 deg.: X-S =   1.0971E-05 mb/sr,
   169.00 deg.: X-S =   1.0716E-05 mb/sr,
   170.00 deg.: X-S =   1.0470E-05 mb/sr,
   171.00 deg.: X-S =   1.0236E-05 mb/sr,
   172.00 deg.: X-S =   1.0019E-05 mb/sr,
   173.00 deg.: X-S =   9.8198E-06 mb/sr,
   174.00 deg.: X-S =   9.6427E-06 mb/sr,
   175.00 deg.: X-S =   9.4893E-06 mb/sr,
   176.00 deg.: X-S =   9.3615E-06 mb/sr,
   177.00 deg.: X-S =   9.2607E-06 mb/sr,
   178.00 deg.: X-S =   9.1879E-06 mb/sr,
   179.00 deg.: X-S =   9.1440E-06 mb/sr,
   180.00 deg.: X-S =   9.1293E-06 mb/sr,
                                           Integrated    0.6109 mb, over [   0.000, 180.000] at    90.0000 MeV 

 CROSS SECTIONS FOR OUTGOING 3He      & 7He      in state #   4 with spins & parities 0.5  + &  1.5  +;  0

     0.00 deg.: X-S =    11.217954 mb/sr,
+                                         REAC   2.0496E+00 mb
     1.00 deg.: X-S =    11.007001 mb/sr,
     2.00 deg.: X-S =    10.394615 mb/sr,
     3.00 deg.: X-S =     9.439522 mb/sr,
     4.00 deg.: X-S =     8.231062 mb/sr,
     5.00 deg.: X-S =     6.877838 mb/sr,
     6.00 deg.: X-S =     5.494426 mb/sr,
     7.00 deg.: X-S =     4.188147 mb/sr,
     8.00 deg.: X-S =     3.047757 mb/sr,
     9.00 deg.: X-S =     2.135474 mb/sr,
    10.00 deg.: X-S =     1.483103 mb/sr,
    11.00 deg.: X-S =     1.092339 mb/sr,
    12.00 deg.: X-S =     0.938692 mb/sr,
    13.00 deg.: X-S =     0.978026 mb/sr,
    14.00 deg.: X-S =     1.154480 mb/sr,
    15.00 deg.: X-S =     1.408529 mb/sr,
    16.00 deg.: X-S =     1.684131 mb/sr,
    17.00 deg.: X-S =     1.934224 mb/sr,
    18.00 deg.: X-S =     2.124178 mb/sr,
    19.00 deg.: X-S =     2.233168 mb/sr,
    20.00 deg.: X-S =     2.253708 mb/sr,
    21.00 deg.: X-S =     2.189758 mb/sr,
    22.00 deg.: X-S =     2.053940 mb/sr,
    23.00 deg.: X-S =     1.864365 mb/sr,
    24.00 deg.: X-S =     1.641531 mb/sr,
    25.00 deg.: X-S =     1.405626 mb/sr,
    26.00 deg.: X-S =     1.174453 mb/sr,
    27.00 deg.: X-S =     0.962078 mb/sr,
    28.00 deg.: X-S =     0.778170 mb/sr,
    29.00 deg.: X-S =     0.627967 mb/sr,
    30.00 deg.: X-S =     0.512707 mb/sr,
    31.00 deg.: X-S =     0.430377 mb/sr,
    32.00 deg.: X-S =     0.376632 mb/sr,
    33.00 deg.: X-S =     0.345733 mb/sr,
    34.00 deg.: X-S =     0.331411 mb/sr,
    35.00 deg.: X-S =     0.327582 mb/sr,
    36.00 deg.: X-S =     0.328875 mb/sr,
    37.00 deg.: X-S =     0.330963 mb/sr,
    38.00 deg.: X-S =     0.330716 mb/sr,
    39.00 deg.: X-S =     0.326200 mb/sr,
    40.00 deg.: X-S =     0.316557 mb/sr,
    41.00 deg.: X-S =     0.301816 mb/sr,
    42.00 deg.: X-S =     0.282659 mb/sr,
    43.00 deg.: X-S =     0.260189 mb/sr,
    44.00 deg.: X-S =     0.235709 mb/sr,
    45.00 deg.: X-S =     0.210540 mb/sr,
    46.00 deg.: X-S =     0.185879 mb/sr,
    47.00 deg.: X-S =     0.162713 mb/sr,
    48.00 deg.: X-S =     0.141760 mb/sr,
    49.00 deg.: X-S =     0.123464 mb/sr,
    50.00 deg.: X-S =     0.108009 mb/sr,
    51.00 deg.: X-S =     0.095355 mb/sr,
    52.00 deg.: X-S =     0.085290 mb/sr,
    53.00 deg.: X-S =     0.077480 mb/sr,
    54.00 deg.: X-S =     0.071524 mb/sr,
    55.00 deg.: X-S =     0.066999 mb/sr,
    56.00 deg.: X-S =     0.063496 mb/sr,
    57.00 deg.: X-S =     0.060650 mb/sr,
    58.00 deg.: X-S =     0.058153 mb/sr,
    59.00 deg.: X-S =     0.055771 mb/sr,
    60.00 deg.: X-S =     0.053337 mb/sr,
    61.00 deg.: X-S =     0.050751 mb/sr,
    62.00 deg.: X-S =     0.047969 mb/sr,
    63.00 deg.: X-S =     0.044992 mb/sr,
    64.00 deg.: X-S =     0.041856 mb/sr,
    65.00 deg.: X-S =     0.038617 mb/sr,
    66.00 deg.: X-S =     0.035342 mb/sr,
    67.00 deg.: X-S =     0.032103 mb/sr,
    68.00 deg.: X-S =     0.028963 mb/sr,
    69.00 deg.: X-S =     0.025977 mb/sr,
    70.00 deg.: X-S =     0.023190 mb/sr,
    71.00 deg.: X-S =     0.020629 mb/sr,
    72.00 deg.: X-S =     0.018312 mb/sr,
    73.00 deg.: X-S =     0.016241 mb/sr,
    74.00 deg.: X-S =     0.014411 mb/sr,
    75.00 deg.: X-S =     0.012808 mb/sr,
    76.00 deg.: X-S =     0.011410 mb/sr,
    77.00 deg.: X-S =     0.010196 mb/sr,
    78.00 deg.: X-S =     0.009141 mb/sr,
    79.00 deg.: X-S =     0.008219 mb/sr,
    80.00 deg.: X-S =     0.007409 mb/sr,
    81.00 deg.: X-S =     0.006690 mb/sr,
    82.00 deg.: X-S =     0.006044 mb/sr,
    83.00 deg.: X-S =     0.005458 mb/sr,
    84.00 deg.: X-S =     0.004920 mb/sr,
    85.00 deg.: X-S =     0.004422 mb/sr,
    86.00 deg.: X-S =     0.003958 mb/sr,
    87.00 deg.: X-S =     0.003525 mb/sr,
    88.00 deg.: X-S =     0.003120 mb/sr,
    89.00 deg.: X-S =     0.002743 mb/sr,
    90.00 deg.: X-S =     0.002393 mb/sr,
    91.00 deg.: X-S =     0.002071 mb/sr,
    92.00 deg.: X-S =     0.001777 mb/sr,
    93.00 deg.: X-S =     0.001512 mb/sr,
    94.00 deg.: X-S =     0.001274 mb/sr,
    95.00 deg.: X-S =     0.001064 mb/sr,
    96.00 deg.: X-S =     0.000881 mb/sr,
    97.00 deg.: X-S =     0.000724 mb/sr,
    98.00 deg.: X-S =     0.000591 mb/sr,
    99.00 deg.: X-S =     0.000480 mb/sr,
   100.00 deg.: X-S =     0.000389 mb/sr,
   101.00 deg.: X-S =     0.000317 mb/sr,
   102.00 deg.: X-S =     0.000260 mb/sr,
   103.00 deg.: X-S =     0.000217 mb/sr,
   104.00 deg.: X-S =     0.000185 mb/sr,
   105.00 deg.: X-S =     0.000162 mb/sr,
   106.00 deg.: X-S =     0.000147 mb/sr,
   107.00 deg.: X-S =     0.000137 mb/sr,
   108.00 deg.: X-S =     0.000130 mb/sr,
   109.00 deg.: X-S =     0.000127 mb/sr,
   110.00 deg.: X-S =     0.000125 mb/sr,
   111.00 deg.: X-S =     0.000125 mb/sr,
   112.00 deg.: X-S =     0.000124 mb/sr,
   113.00 deg.: X-S =     0.000123 mb/sr,
   114.00 deg.: X-S =     0.000121 mb/sr,
   115.00 deg.: X-S =     0.000119 mb/sr,
   116.00 deg.: X-S =     0.000115 mb/sr,
   117.00 deg.: X-S =     0.000111 mb/sr,
   118.00 deg.: X-S =     0.000106 mb/sr,
   119.00 deg.: X-S =   9.9647E-05 mb/sr,
   120.00 deg.: X-S =   9.3170E-05 mb/sr,
   121.00 deg.: X-S =   8.6274E-05 mb/sr,
   122.00 deg.: X-S =   7.9116E-05 mb/sr,
   123.00 deg.: X-S =   7.1848E-05 mb/sr,
   124.00 deg.: X-S =   6.4609E-05 mb/sr,
   125.00 deg.: X-S =   5.7523E-05 mb/sr,
   126.00 deg.: X-S =   5.0694E-05 mb/sr,
   127.00 deg.: X-S =   4.4207E-05 mb/sr,
   128.00 deg.: X-S =   3.8132E-05 mb/sr,
   129.00 deg.: X-S =   3.2516E-05 mb/sr,
   130.00 deg.: X-S =   2.7394E-05 mb/sr,
   131.00 deg.: X-S =   2.2785E-05 mb/sr,
   132.00 deg.: X-S =   1.8697E-05 mb/sr,
   133.00 deg.: X-S =   1.5125E-05 mb/sr,
   134.00 deg.: X-S =   1.2059E-05 mb/sr,
   135.00 deg.: X-S =   9.4781E-06 mb/sr,
   136.00 deg.: X-S =   7.3582E-06 mb/sr,
   137.00 deg.: X-S =   5.6696E-06 mb/sr,
   138.00 deg.: X-S =   4.3795E-06 mb/sr,
   139.00 deg.: X-S =   3.4526E-06 mb/sr,
   140.00 deg.: X-S =   2.8516E-06 mb/sr,
   141.00 deg.: X-S =   2.5384E-06 mb/sr,
   142.00 deg.: X-S =   2.4745E-06 mb/sr,
   143.00 deg.: X-S =   2.6214E-06 mb/sr,
   144.00 deg.: X-S =   2.9411E-06 mb/sr,
   145.00 deg.: X-S =   3.3971E-06 mb/sr,
   146.00 deg.: X-S =   3.9541E-06 mb/sr,
   147.00 deg.: X-S =   4.5788E-06 mb/sr,
   148.00 deg.: X-S =   5.2404E-06 mb/sr,
   149.00 deg.: X-S =   5.9106E-06 mb/sr,
   150.00 deg.: X-S =   6.5643E-06 mb/sr,
   151.00 deg.: X-S =   7.1794E-06 mb/sr,
   152.00 deg.: X-S =   7.7376E-06 mb/sr,
   153.00 deg.: X-S =   8.2237E-06 mb/sr,
   154.00 deg.: X-S =   8.6266E-06 mb/sr,
   155.00 deg.: X-S =   8.9385E-06 mb/sr,
   156.00 deg.: X-S =   9.1552E-06 mb/sr,
   157.00 deg.: X-S =   9.2758E-06 mb/sr,
   158.00 deg.: X-S =   9.3023E-06 mb/sr,
   159.00 deg.: X-S =   9.2396E-06 mb/sr,
   160.00 deg.: X-S =   9.0948E-06 mb/sr,
   161.00 deg.: X-S =   8.8770E-06 mb/sr,
   162.00 deg.: X-S =   8.5966E-06 mb/sr,
   163.00 deg.: X-S =   8.2651E-06 mb/sr,
   164.00 deg.: X-S =   7.8943E-06 mb/sr,
   165.00 deg.: X-S =   7.4962E-06 mb/sr,
   166.00 deg.: X-S =   7.0823E-06 mb/sr,
   167.00 deg.: X-S =   6.6634E-06 mb/sr,
   168.00 deg.: X-S =   6.2495E-06 mb/sr,
   169.00 deg.: X-S =   5.8491E-06 mb/sr,
   170.00 deg.: X-S =   5.4695E-06 mb/sr,
   171.00 deg.: X-S =   5.1168E-06 mb/sr,
   172.00 deg.: X-S =   4.7953E-06 mb/sr,
   173.00 deg.: X-S =   4.5085E-06 mb/sr,
   174.00 deg.: X-S =   4.2586E-06 mb/sr,
   175.00 deg.: X-S =   4.0468E-06 mb/sr,
   176.00 deg.: X-S =   3.8737E-06 mb/sr,
   177.00 deg.: X-S =   3.7395E-06 mb/sr,
   178.00 deg.: X-S =   3.6439E-06 mb/sr,
   179.00 deg.: X-S =   3.5867E-06 mb/sr,
   180.00 deg.: X-S =   3.5676E-06 mb/sr,
                                           Integrated    2.0478 mb, over [   0.000, 180.000] at    90.0000 MeV 

 CROSS SECTIONS FOR OUTGOING 3He      & 7He      in state #   5 with spins & parities 0.5  + &  2.5  +;  0

     0.00 deg.: X-S =     1.160483 mb/sr,
+                                         REAC   1.0182E+00 mb
     1.00 deg.: X-S =     1.129880 mb/sr,
     2.00 deg.: X-S =     1.041601 mb/sr,
     3.00 deg.: X-S =     0.905741 mb/sr,
     4.00 deg.: X-S =     0.737591 mb/sr,
     5.00 deg.: X-S =     0.555583 mb/sr,
     6.00 deg.: X-S =     0.378908 mb/sr,
     7.00 deg.: X-S =     0.225151 mb/sr,
     8.00 deg.: X-S =     0.108292 mb/sr,
     9.00 deg.: X-S =     0.037331 mb/sr,
    10.00 deg.: X-S =     0.015667 mb/sr,
    11.00 deg.: X-S =     0.041244 mb/sr,
    12.00 deg.: X-S =     0.107365 mb/sr,
    13.00 deg.: X-S =     0.203971 mb/sr,
    14.00 deg.: X-S =     0.319161 mb/sr,
    15.00 deg.: X-S =     0.440721 mb/sr,
    16.00 deg.: X-S =     0.557464 mb/sr,
    17.00 deg.: X-S =     0.660244 mb/sr,
    18.00 deg.: X-S =     0.742575 mb/sr,
    19.00 deg.: X-S =     0.800842 mb/sr,
    20.00 deg.: X-S =     0.834170 mb/sr,
    21.00 deg.: X-S =     0.844004 mb/sr,
    22.00 deg.: X-S =     0.833537 mb/sr,
    23.00 deg.: X-S =     0.807053 mb/sr,
    24.00 deg.: X-S =     0.769292 mb/sr,
    25.00 deg.: X-S =     0.724903 mb/sr,
    26.00 deg.: X-S =     0.678015 mb/sr,
    27.00 deg.: X-S =     0.631962 mb/sr,
    28.00 deg.: X-S =     0.589140 mb/sr,
    29.00 deg.: X-S =     0.550999 mb/sr,
    30.00 deg.: X-S =     0.518126 mb/sr,
    31.00 deg.: X-S =     0.490399 mb/sr,
    32.00 deg.: X-S =     0.467177 mb/sr,
    33.00 deg.: X-S =     0.447491 mb/sr,
    34.00 deg.: X-S =     0.430231 mb/sr,
    35.00 deg.: X-S =     0.414297 mb/sr,
    36.00 deg.: X-S =     0.398717 mb/sr,
    37.00 deg.: X-S =     0.382721 mb/sr,
    38.00 deg.: X-S =     0.365782 mb/sr,
    39.00 deg.: X-S =     0.347620 mb/sr,
    40.00 deg.: X-S =     0.328181 mb/sr,
    41.00 deg.: X-S =     0.307599 mb/sr,
    42.00 deg.: X-S =     0.286151 mb/sr,
    43.00 deg.: X-S =     0.264204 mb/sr,
    44.00 deg.: X-S =     0.242167 mb/sr,
    45.00 deg.: X-S =     0.220448 mb/sr,
    46.00 deg.: X-S =     0.199423 mb/sr,
    47.00 deg.: X-S =     0.179411 mb/sr,
    48.00 deg.: X-S =     0.160657 mb/sr,
    49.00 deg.: X-S =     0.143331 mb/sr,
    50.00 deg.: X-S =     0.127528 mb/sr,
    51.00 deg.: X-S =     0.113272 mb/sr,
    52.00 deg.: X-S =     0.100533 mb/sr,
    53.00 deg.: X-S =     0.089231 mb/sr,
    54.00 deg.: X-S =     0.079258 mb/sr,
    55.00 deg.: X-S =     0.070483 mb/sr,
    56.00 deg.: X-S =     0.062768 mb/sr,
    57.00 deg.: X-S =     0.055974 mb/sr,
    58.00 deg.: X-S =     0.049970 mb/sr,
    59.00 deg.: X-S =     0.044638 mb/sr,
    60.00 deg.: X-S =     0.039873 mb/sr,
    61.00 deg.: X-S =     0.035588 mb/sr,
    62.00 deg.: X-S =     0.031710 mb/sr,
    63.00 deg.: X-S =     0.028185 mb/sr,
    64.00 deg.: X-S =     0.024968 mb/sr,
    65.00 deg.: X-S =     0.022027 mb/sr,
    66.00 deg.: X-S =     0.019337 mb/sr,
    67.00 deg.: X-S =     0.016882 mb/sr,
    68.00 deg.: X-S =     0.014649 mb/sr,
    69.00 deg.: X-S =     0.012628 mb/sr,
    70.00 deg.: X-S =     0.010808 mb/sr,
    71.00 deg.: X-S =     0.009183 mb/sr,
    72.00 deg.: X-S =     0.007742 mb/sr,
    73.00 deg.: X-S =     0.006477 mb/sr,
    74.00 deg.: X-S =     0.005375 mb/sr,
    75.00 deg.: X-S =     0.004427 mb/sr,
    76.00 deg.: X-S =     0.003618 mb/sr,
    77.00 deg.: X-S =     0.002937 mb/sr,
    78.00 deg.: X-S =     0.002370 mb/sr,
    79.00 deg.: X-S =     0.001904 mb/sr,
    80.00 deg.: X-S =     0.001526 mb/sr,
    81.00 deg.: X-S =     0.001224 mb/sr,
    82.00 deg.: X-S =     0.000986 mb/sr,
    83.00 deg.: X-S =     0.000802 mb/sr,
    84.00 deg.: X-S =     0.000662 mb/sr,
    85.00 deg.: X-S =     0.000557 mb/sr,
    86.00 deg.: X-S =     0.000481 mb/sr,
    87.00 deg.: X-S =     0.000427 mb/sr,
    88.00 deg.: X-S =     0.000388 mb/sr,
    89.00 deg.: X-S =     0.000362 mb/sr,
    90.00 deg.: X-S =     0.000343 mb/sr,
    91.00 deg.: X-S =     0.000330 mb/sr,
    92.00 deg.: X-S =     0.000320 mb/sr,
    93.00 deg.: X-S =     0.000311 mb/sr,
    94.00 deg.: X-S =     0.000302 mb/sr,
    95.00 deg.: X-S =     0.000293 mb/sr,
    96.00 deg.: X-S =     0.000283 mb/sr,
    97.00 deg.: X-S =     0.000271 mb/sr,
    98.00 deg.: X-S =     0.000258 mb/sr,
    99.00 deg.: X-S =     0.000244 mb/sr,
   100.00 deg.: X-S =     0.000229 mb/sr,
   101.00 deg.: X-S =     0.000213 mb/sr,
   102.00 deg.: X-S =     0.000196 mb/sr,
   103.00 deg.: X-S =     0.000179 mb/sr,
   104.00 deg.: X-S =     0.000162 mb/sr,
   105.00 deg.: X-S =     0.000146 mb/sr,
   106.00 deg.: X-S =     0.000130 mb/sr,
   107.00 deg.: X-S =     0.000114 mb/sr,
   108.00 deg.: X-S =   9.9249E-05 mb/sr,
   109.00 deg.: X-S =   8.5483E-05 mb/sr,
   110.00 deg.: X-S =   7.2774E-05 mb/sr,
   111.00 deg.: X-S =   6.1191E-05 mb/sr,
   112.00 deg.: X-S =   5.0773E-05 mb/sr,
   113.00 deg.: X-S =   4.1534E-05 mb/sr,
   114.00 deg.: X-S =   3.3467E-05 mb/sr,
   115.00 deg.: X-S =   2.6544E-05 mb/sr,
   116.00 deg.: X-S =   2.0720E-05 mb/sr,
   117.00 deg.: X-S =   1.5940E-05 mb/sr,
   118.00 deg.: X-S =   1.2134E-05 mb/sr,
   119.00 deg.: X-S =   9.2259E-06 mb/sr,
   120.00 deg.: X-S =   7.1325E-06 mb/sr,
   121.00 deg.: X-S =   5.7663E-06 mb/sr,
   122.00 deg.: X-S =   5.0373E-06 mb/sr,
   123.00 deg.: X-S =   4.8549E-06 mb/sr,
   124.00 deg.: X-S =   5.1290E-06 mb/sr,
   125.00 deg.: X-S =   5.7719E-06 mb/sr,
   126.00 deg.: X-S =   6.6994E-06 mb/sr,
   127.00 deg.: X-S =   7.8321E-06 mb/sr,
   128.00 deg.: X-S =   9.0960E-06 mb/sr,
   129.00 deg.: X-S =   1.0424E-05 mb/sr,
   130.00 deg.: X-S =   1.1756E-05 mb/sr,
   131.00 deg.: X-S =   1.3040E-05 mb/sr,
   132.00 deg.: X-S =   1.4232E-05 mb/sr,
   133.00 deg.: X-S =   1.5295E-05 mb/sr,
   134.00 deg.: X-S =   1.6203E-05 mb/sr,
   135.00 deg.: X-S =   1.6936E-05 mb/sr,
   136.00 deg.: X-S =   1.7481E-05 mb/sr,
   137.00 deg.: X-S =   1.7832E-05 mb/sr,
   138.00 deg.: X-S =   1.7992E-05 mb/sr,
   139.00 deg.: X-S =   1.7966E-05 mb/sr,
   140.00 deg.: X-S =   1.7766E-05 mb/sr,
   141.00 deg.: X-S =   1.7406E-05 mb/sr,
   142.00 deg.: X-S =   1.6904E-05 mb/sr,
   143.00 deg.: X-S =   1.6280E-05 mb/sr,
   144.00 deg.: X-S =   1.5554E-05 mb/sr,
   145.00 deg.: X-S =   1.4748E-05 mb/sr,
   146.00 deg.: X-S =   1.3882E-05 mb/sr,
   147.00 deg.: X-S =   1.2977E-05 mb/sr,
   148.00 deg.: X-S =   1.2053E-05 mb/sr,
   149.00 deg.: X-S =   1.1125E-05 mb/sr,
   150.00 deg.: X-S =   1.0210E-05 mb/sr,
   151.00 deg.: X-S =   9.3209E-06 mb/sr,
   152.00 deg.: X-S =   8.4692E-06 mb/sr,
   153.00 deg.: X-S =   7.6640E-06 mb/sr,
   154.00 deg.: X-S =   6.9124E-06 mb/sr,
   155.00 deg.: X-S =   6.2195E-06 mb/sr,
   156.00 deg.: X-S =   5.5887E-06 mb/sr,
   157.00 deg.: X-S =   5.0218E-06 mb/sr,
   158.00 deg.: X-S =   4.5190E-06 mb/sr,
   159.00 deg.: X-S =   4.0796E-06 mb/sr,
   160.00 deg.: X-S =   3.7015E-06 mb/sr,
   161.00 deg.: X-S =   3.3820E-06 mb/sr,
   162.00 deg.: X-S =   3.1176E-06 mb/sr,
   163.00 deg.: X-S =   2.9045E-06 mb/sr,
   164.00 deg.: X-S =   2.7382E-06 mb/sr,
   165.00 deg.: X-S =   2.6141E-06 mb/sr,
   166.00 deg.: X-S =   2.5275E-06 mb/sr,
   167.00 deg.: X-S =   2.4734E-06 mb/sr,
   168.00 deg.: X-S =   2.4472E-06 mb/sr,
   169.00 deg.: X-S =   2.4439E-06 mb/sr,
   170.00 deg.: X-S =   2.4590E-06 mb/sr,
   171.00 deg.: X-S =   2.4878E-06 mb/sr,
   172.00 deg.: X-S =   2.5263E-06 mb/sr,
   173.00 deg.: X-S =   2.5704E-06 mb/sr,
   174.00 deg.: X-S =   2.6165E-06 mb/sr,
   175.00 deg.: X-S =   2.6613E-06 mb/sr,
   176.00 deg.: X-S =   2.7020E-06 mb/sr,
   177.00 deg.: X-S =   2.7363E-06 mb/sr,
   178.00 deg.: X-S =   2.7621E-06 mb/sr,
   179.00 deg.: X-S =   2.7782E-06 mb/sr,
   180.00 deg.: X-S =   2.7836E-06 mb/sr,
                                           Integrated    1.0181 mb, over [   0.000, 180.000] at    90.0000 MeV 
 Finished all xsecs @   0.987671018    

  The following files have been created:
   3:local copy of User input.            6:standard output.                   
   7:elastic  S-matrix elements.         12:transfer kernels.                  
  13:total cross sections/state.         16:tables of cross sections.          
  35:Astrophysics S-factors  / Ecm.      38:cross sections for each J/pi.      
  39:cross sections for each Ecm.        40:all cross sectns. for each Elab.   
  45:scat phase shift as E functions.    46:bs wave functions & ANC ratios.    
  56:Fusion for each Jtotal.             75:S-factors for lab energies.        
 201:Separate cross sections.           202:Separate cross sections.           
 203:Separate cross sections.           204:Separate cross sections.           
 205:Separate cross sections.           206:Separate cross sections.           

 PARAMETERS : MAXQRN   MFNL   MLOC  LMAX1 MCLIST
    ALLOWED :     15    900     13     60      6
    REQUIRED:      5     70     13     44      4


 ACCURACY ANALYSIS at    90.000 MeV :

  Elastic h*k = 0.118 so OK       compared with 0.200

   Real(S-el) > 0.01 first at J =       1.0
   Real(S-el) > 0.10 first at J =       4.0
   Real(S-el) > 0.50 first at J =       6.0
   Real(S-el) > 0.90 first at J =       9.0
   Real(S-el) > 0.99 first at J =      12.0
   R-turn =    17.24 fm    at J =      40.0

 Forward-angle excitation cut off below   0.200 deg by max JT =      40.0
                              and below   0.138 deg by max R.


 1: Recommended RNL: non-local width >   2.80 cf:   5.00 fm: OK      
    Recommended CENTRE: centration   ~   0.00 cf:   0.80 fm

 Total CPU  0 time =       0.99 seconds
